preset_id,family,signal_day,entry_day,exit_day,side,entry,exit,pnl_pts,mae,mfe,bars,reason
C<wvwapxsd_1,C<wvwap#sd,2016-08-15,2016-08-15,2016-08-17,1,3010.50,3002.75,-7.75,-21.50,0.00,3,signal
C<wvwapxsd_3,C<wvwap#sd,2016-08-16,2016-08-16,2016-08-17,1,2998.75,2991.46,-7.29,-9.75,5.75,2,sl
D01_2,D01,2016-08-16,2016-08-16,2016-08-17,1,2998.75,3002.75,4.00,-9.75,5.75,2,signal
RSIx<x_1,RSI#<#,2016-08-16,2016-08-16,2016-08-17,1,2998.75,3002.75,4.00,-9.75,5.75,2,signal
P_HixDD>x&IBS<_1,P_Hi#DD>#&IBS<#,2016-08-16,2016-08-16,2016-08-17,1,2998.75,3002.75,4.00,-9.75,5.75,2,signal
C<wvwapxsd_1,C<wvwap#sd,2016-08-17,2016-08-17,2016-08-18,1,3002.75,3007.75,5.00,-3.00,5.25,2,signal
C<wvwapxsd_4,C<wvwap#sd,2016-08-15,2016-08-15,2016-08-18,1,3010.50,3007.75,-2.75,-21.50,0.00,4,signal
IBS<x_2,IBS<#,2016-08-16,2016-08-16,2016-08-18,1,2998.75,3007.75,9.00,-9.75,9.25,3,signal
IBS<x_3,IBS<#,2016-08-16,2016-08-16,2016-08-18,1,2998.75,3007.75,9.00,-9.75,9.25,3,signal
P_HixDD>x&IBS<_3,P_Hi#DD>#&IBS<#,2016-08-16,2016-08-16,2016-08-18,1,2998.75,3007.75,9.00,-9.75,9.25,3,signal
P_HixDD>x&IBS<_4,P_Hi#DD>#&IBS<#,2016-08-16,2016-08-16,2016-08-18,1,2998.75,3007.75,9.00,-9.75,9.25,3,signal
IBS<x_4,IBS<#,2016-08-16,2016-08-16,2016-08-24,1,2998.75,2998.75,0.00,-9.75,16.25,7,breakeven
LMT_RSIx<x_xAT_2,LMT_RSI#<#_#ATR,2016-08-24,2016-08-25,2016-08-25,1,2992.75,2995.25,2.50,-1.75,8.00,1,time
LMT_RSIx<x_xAT_2,LMT_RSI#<#_#ATR,2016-08-25,2016-08-26,2016-08-26,1,2991.85,2991.25,-0.60,-10.85,18.40,1,time
IBS<x_1,IBS<#,2016-08-16,2016-08-16,2016-08-26,1,2998.75,2984.16,-14.59,-17.75,16.25,9,sl
LMT_RSIx<x_xAT_4,LMT_RSI#<#_#ATR,2016-08-25,2016-08-26,2016-08-29,1,2985.06,2993.25,8.19,-4.06,25.19,2,trail
P_HixDD>x&RSIx_1,P_Hi#DD>#&RSI#<#,2016-08-24,2016-08-24,2016-08-29,1,2997.75,3002.75,5.00,-16.75,12.50,4,signal
IBS<x_3,IBS<#,2016-08-23,2016-08-23,2016-08-29,1,3008.50,3002.75,-5.75,-27.50,2.75,5,signal
D01_2,D01,2016-08-24,2016-08-24,2016-08-29,1,2997.75,3002.75,5.00,-16.75,12.50,4,signal
CloseAtxdLow_3,CloseAt#dLow,2016-08-24,2016-08-24,2016-08-29,1,2997.75,3002.75,5.00,-16.75,12.50,4,signal
CloseAtxdLow_4,CloseAt#dLow,2016-08-24,2016-08-24,2016-08-29,1,2997.75,3002.75,5.00,-16.75,12.50,4,signal
RSIx<x_1,RSI#<#,2016-08-24,2016-08-24,2016-08-29,1,2997.75,3002.75,5.00,-16.75,12.50,4,signal
RSIx<x_3,RSI#<#,2016-08-26,2016-08-26,2016-08-29,1,2991.25,3002.00,10.75,-3.25,14.50,2,tp
LMT_RSIx<x_xAT_2,LMT_RSI#<#_#ATR,2016-08-31,2016-09-01,2016-09-01,1,2988.82,2992.50,3.68,-10.57,11.93,1,time
C<wvwapxsd_1,C<wvwap#sd,2016-08-24,2016-08-24,2016-09-01,1,2997.75,2992.50,-5.25,-19.50,12.50,7,signal
P_HixDD>x&RSIx_2,P_Hi#DD>#&RSI#<#,2016-08-24,2016-08-24,2016-09-01,1,2997.75,2992.50,-5.25,-19.50,12.50,7,signal
C<wvwapxsd_4,C<wvwap#sd,2016-08-24,2016-08-24,2016-09-02,1,2997.75,3002.00,4.25,-19.50,12.50,8,signal
P_HixDD>x&RSIx_1,P_Hi#DD>#&RSI#<#,2016-08-31,2016-08-31,2016-09-02,1,2992.25,3002.00,9.75,-14.00,15.00,3,signal
IBS<x_2,IBS<#,2016-08-23,2016-08-23,2016-09-02,1,3008.50,3002.00,-6.50,-30.25,2.75,9,signal
RSIx<x_1,RSI#<#,2016-08-31,2016-08-31,2016-09-02,1,2992.25,3002.00,9.75,-14.00,15.00,3,signal
C<wvwapxsd_1,C<wvwap#sd,2016-09-01,2016-09-01,2016-09-05,1,2992.50,3002.25,9.75,-4.75,14.75,3,signal
C<wvwapxsd_1,C<wvwap#sd,2016-09-05,2016-09-05,2016-09-06,1,3002.25,3009.00,6.75,-5.75,7.00,2,signal
C<wvwapxsd_4,C<wvwap#sd,2016-09-05,2016-09-05,2016-09-06,1,3002.25,3009.00,6.75,-5.75,7.00,2,signal
LMT_RSIx<x_xAT_4,LMT_RSI#<#_#ATR,2016-08-31,2016-09-01,2016-09-09,1,2981.97,2987.50,5.53,-31.97,30.78,7,trail
C<dvwapxsd_1,C<dvwap#sd,2016-08-16,2016-08-16,2016-09-09,1,2998.75,2976.87,-21.88,-48.75,16.25,19,sl
C<dvwapxsd_3,C<dvwap#sd,2016-08-16,2016-08-16,2016-09-09,1,2998.75,2954.99,-43.76,-48.75,16.25,19,sl
C<wvwapxsd_2,C<wvwap#sd,2016-08-15,2016-08-15,2016-09-09,1,3010.50,2967.04,-43.46,-60.50,4.50,20,sl
CloseAtxdLow_2,CloseAt#dLow,2016-08-24,2016-08-24,2016-09-09,1,2997.75,2970.05,-27.70,-47.75,15.00,13,sl
RSIx<x_1,RSI#<#,2016-09-08,2016-09-08,2016-09-09,1,3003.25,2975.20,-28.05,-53.25,1.00,2,sl
ConnorsRSI<x_2,ConnorsRSI<#,2016-08-26,2016-08-26,2016-09-09,1,2991.25,2969.74,-21.51,-41.25,21.50,11,sl
ConnorsRSI<x_4,ConnorsRSI<#,2016-08-26,2016-08-26,2016-09-09,1,2991.25,2969.74,-21.51,-41.25,21.50,11,sl
C<wvwapxsd_1,C<wvwap#sd,2016-09-08,2016-09-08,2016-09-12,1,3003.25,2981.25,-22.00,-72.75,1.00,3,signal
P_HixDD>x&RSIx_3,P_Hi#DD>#&RSI#<#,2016-09-09,2016-09-09,2016-09-12,1,2950.25,2981.25,31.00,-19.75,36.00,2,signal
IBS<x_1,IBS<#,2016-09-09,2016-09-09,2016-09-12,1,2950.25,2933.94,-16.31,-19.75,36.00,2,sl
IBS<x_4,IBS<#,2016-09-09,2016-09-09,2016-09-12,1,2950.25,2933.94,-16.31,-19.75,36.00,2,sl
WRx<x_1,WR#<#,2016-09-09,2016-09-09,2016-09-12,1,2950.25,2933.94,-16.31,-19.75,36.00,2,sl
WRx<x_2,WR#<#,2016-09-09,2016-09-09,2016-09-12,1,2950.25,2933.94,-16.31,-19.75,36.00,2,sl
WRx<x_3,WR#<#,2016-09-09,2016-09-09,2016-09-12,1,2950.25,2981.25,31.00,-19.75,36.00,2,signal
WRx<x_4,WR#<#,2016-09-09,2016-09-09,2016-09-12,1,2950.25,2981.25,31.00,-19.75,36.00,2,signal
CloseAtxdLow_1,CloseAt#dLow,2016-09-09,2016-09-09,2016-09-12,1,2950.25,2981.25,31.00,-19.75,36.00,2,signal
CloseAtxdLow_2,CloseAt#dLow,2016-09-09,2016-09-09,2016-09-12,1,2950.25,2982.88,32.62,-19.75,36.00,2,tp
RSIx<x_3,RSI#<#,2016-09-09,2016-09-09,2016-09-12,1,2950.25,2962.48,12.23,-19.75,36.00,2,tp
RSIx<x_4,RSI#<#,2016-09-09,2016-09-09,2016-09-12,1,2950.25,2941.50,-8.75,-19.75,36.00,2,sl
P_HixDD>x&IBS<_1,P_Hi#DD>#&IBS<#,2016-09-09,2016-09-09,2016-09-12,1,2950.25,2981.25,31.00,-19.75,36.00,2,signal
P_HixDD>x&IBS<_4,P_Hi#DD>#&IBS<#,2016-09-09,2016-09-09,2016-09-12,1,2950.25,2981.25,31.00,-19.75,36.00,2,signal
ConnorsRSI<x_1,ConnorsRSI<#,2016-08-26,2016-08-26,2016-09-12,1,2991.25,2941.50,-49.75,-60.75,21.50,12,sl
ConnorsRSI<x_3,ConnorsRSI<#,2016-09-09,2016-09-09,2016-09-12,1,2950.25,2933.94,-16.31,-19.75,36.00,2,sl
LMT_RSIx<x_xAT_4,LMT_RSI#<#_#ATR,2016-09-09,2016-09-12,2016-09-13,1,2938.02,2966.00,27.98,-7.52,48.23,2,trail
D01_3,D01,2016-09-12,2016-09-12,2016-09-13,1,2981.25,2953.41,-27.84,-38.75,3.00,2,sl
C<wvwapxsd_1,C<wvwap#sd,2016-09-13,2016-09-13,2016-09-15,1,2949.75,2970.25,20.50,-11.75,25.00,3,signal
C<wvwapxsd_4,C<wvwap#sd,2016-09-08,2016-09-08,2016-09-15,1,3003.25,2970.25,-33.00,-72.75,1.00,6,signal
P_HixDD>x&RSIx_1,P_Hi#DD>#&RSI#<#,2016-09-09,2016-09-09,2016-09-15,1,2950.25,2970.25,20.00,-19.75,36.00,5,signal
P_HixDD>x&RSIx_3,P_Hi#DD>#&RSI#<#,2016-09-14,2016-09-14,2016-09-15,1,2948.75,2970.25,21.50,-10.75,26.00,2,signal
IBS<x_2,IBS<#,2016-09-09,2016-09-09,2016-09-15,1,2950.25,2970.25,20.00,-19.75,36.00,5,signal
D01_1,D01,2016-09-12,2016-09-12,2016-09-15,1,2981.25,2970.25,-11.00,-43.25,3.00,4,signal
CloseAtxdLow_1,CloseAt#dLow,2016-09-13,2016-09-13,2016-09-15,1,2949.75,2970.25,20.50,-11.75,25.00,3,signal
RSIx<x_3,RSI#<#,2016-09-14,2016-09-14,2016-09-15,1,2948.75,2964.06,15.31,-10.75,26.00,2,tp
RSIx<x_2,RSI#<#,2016-09-09,2016-09-09,2016-09-16,1,2950.25,2961.50,11.25,-19.75,36.00,6,signal
LMT_RSIx<x_xAT_1,LMT_RSI#<#_#ATR,2016-09-09,2016-09-12,2016-09-21,1,2938.02,2985.50,47.48,-7.52,49.73,8,signal
LMT_RSIx<x_xAT_3,LMT_RSI#<#_#ATR,2016-09-09,2016-09-12,2016-09-21,1,2941.50,2985.50,44.00,-11.00,46.25,8,signal
C<wvwapxsd_1,C<wvwap#sd,2016-09-19,2016-09-19,2016-09-21,1,2961.50,2985.50,24.00,-5.00,26.25,3,signal
C<wvwapxsd_4,C<wvwap#sd,2016-09-19,2016-09-19,2016-09-21,1,2961.50,2985.50,24.00,-5.00,26.25,3,signal
IBS<x_2,IBS<#,2016-09-19,2016-09-19,2016-09-21,1,2961.50,2985.50,24.00,-5.00,26.25,3,signal
D01_2,D01,2016-09-09,2016-09-09,2016-09-21,1,2950.25,2985.50,35.25,-19.75,37.50,9,signal
RSIx<x_1,RSI#<#,2016-09-09,2016-09-09,2016-09-21,1,2950.25,2985.50,35.25,-19.75,37.50,9,signal
P_HixDD>x&IBS<_1,P_Hi#DD>#&IBS<#,2016-09-19,2016-09-19,2016-09-21,1,2961.50,2985.50,24.00,-5.00,26.25,3,signal
P_HixDD>x&IBS<_3,P_Hi#DD>#&IBS<#,2016-09-09,2016-09-09,2016-09-21,1,2950.25,2985.50,35.25,-19.75,37.50,9,signal
P_HixDD>x&IBS<_4,P_Hi#DD>#&IBS<#,2016-09-19,2016-09-19,2016-09-21,1,2961.50,2985.50,24.00,-5.00,26.25,3,signal
ConnorsRSI<x_4,ConnorsRSI<#,2016-09-09,2016-09-09,2016-09-21,1,2950.25,2986.95,36.70,-19.75,37.50,9,tp
C<dvwapxsd_1,C<dvwap#sd,2016-09-09,2016-09-09,2016-09-22,1,2950.25,2999.19,48.94,-19.75,52.75,10,tp
IBS<x_1,IBS<#,2016-09-13,2016-09-13,2016-09-22,1,2949.75,2997.75,48.00,-11.75,53.25,8,tp
CloseAtxdLow_2,CloseAt#dLow,2016-09-13,2016-09-13,2016-09-22,1,2949.75,2997.75,48.00,-11.75,53.25,8,tp
C<wvwapxsd_1,C<wvwap#sd,2016-09-26,2016-09-26,2016-09-27,1,2969.25,2982.75,13.50,-6.25,15.00,2,signal
C<wvwapxsd_4,C<wvwap#sd,2016-09-26,2016-09-26,2016-09-27,1,2969.25,2982.75,13.50,-6.25,15.00,2,signal
IBS<x_1,IBS<#,2016-09-23,2016-09-23,2016-09-27,1,2987.50,2964.65,-22.85,-24.50,2.25,3,sl
IBS<x_2,IBS<#,2016-09-23,2016-09-23,2016-09-27,1,2987.50,2982.75,-4.75,-24.50,2.25,3,signal
D01_2,D01,2016-09-26,2016-09-26,2016-09-27,1,2969.25,2982.75,13.50,-6.25,15.00,2,signal
RSIx<x_1,RSI#<#,2016-09-26,2016-09-26,2016-09-27,1,2969.25,2982.75,13.50,-6.25,15.00,2,signal
P_HixDD>x&IBS<_1,P_Hi#DD>#&IBS<#,2016-09-26,2016-09-26,2016-09-27,1,2969.25,2982.75,13.50,-6.25,15.00,2,signal
P_HixDD>x&IBS<_4,P_Hi#DD>#&IBS<#,2016-09-23,2016-09-23,2016-09-27,1,2987.50,2982.75,-4.75,-24.50,2.25,3,signal
P_HixDD>x&RSIx_1,P_Hi#DD>#&RSI#<#,2016-09-26,2016-09-26,2016-09-28,1,2969.25,2994.00,24.75,-6.25,26.25,3,signal
P_HixDD>x&IBS<_3,P_Hi#DD>#&IBS<#,2016-09-23,2016-09-23,2016-09-28,1,2987.50,2994.00,6.50,-24.50,8.00,4,signal
RSIx<x_1,RSI#<#,2016-09-29,2016-09-29,2016-09-30,1,2974.00,2990.75,16.75,-8.00,24.50,2,signal
P_HixDD>x&IBS<_4,P_Hi#DD>#&IBS<#,2016-09-29,2016-09-29,2016-09-30,1,2974.00,2990.75,16.75,-8.00,24.50,2,signal
P_HixDD>x&RSIx_1,P_Hi#DD>#&RSI#<#,2016-10-04,2016-10-04,2016-10-05,1,2973.75,2983.25,9.50,-2.50,14.50,2,signal
C<wvwapxsd_1,C<wvwap#sd,2016-09-29,2016-09-29,2016-10-06,1,2974.00,2984.75,10.75,-8.00,24.50,6,signal
D01_2,D01,2016-10-04,2016-10-04,2016-10-06,1,2973.75,2984.75,11.00,-2.50,14.50,3,signal
RSIx<x_1,RSI#<#,2016-10-04,2016-10-04,2016-10-06,1,2973.75,2984.75,11.00,-2.50,14.50,3,signal
P_HixDD>x&IBS<_1,P_Hi#DD>#&IBS<#,2016-09-29,2016-09-29,2016-10-06,1,2974.00,2984.75,10.75,-8.00,24.50,6,signal
C<wvwapxsd_2,C<wvwap#sd,2016-09-09,2016-09-09,2016-10-07,1,2950.25,2977.00,26.75,-19.75,52.75,21,time
RSIx<x_1,RSI#<#,2016-10-07,2016-10-07,2016-10-10,1,2977.00,2987.75,10.75,-1.25,16.75,2,signal
P_HixDD>x&IBS<_3,P_Hi#DD>#&IBS<#,2016-09-29,2016-09-29,2016-10-10,1,2974.00,2987.75,13.75,-8.00,24.50,8,signal
C<dvwapxsd_1,C<dvwap#sd,2016-09-23,2016-09-23,2016-10-11,1,2987.50,2953.22,-34.28,-35.50,11.00,13,sl
IBS<x_4,IBS<#,2016-09-20,2016-09-20,2016-10-11,1,2962.00,2962.00,0.00,-10.00,41.00,16,breakeven
IBS<x_1,IBS<#,2016-09-29,2016-09-29,2016-10-13,1,2974.00,2948.00,-26.00,-36.00,24.50,11,sl
D01_3,D01,2016-09-15,2016-09-15,2016-10-13,1,2970.25,2956.50,-13.75,-32.25,32.75,21,time
P_HixDD>x&IBS<_3,P_Hi#DD>#&IBS<#,2016-10-10,2016-10-10,2016-10-13,1,2987.75,2942.25,-45.50,-49.75,3.25,4,sl
P_HixDD>x&IBS<_4,P_Hi#DD>#&IBS<#,2016-10-10,2016-10-10,2016-10-13,1,2987.75,2942.25,-45.50,-49.75,3.25,4,sl
C<wvwapxsd_4,C<wvwap#sd,2016-09-29,2016-09-29,2016-10-18,1,2974.00,2963.25,-10.75,-36.00,24.50,14,signal
P_HixDD>x&RSIx_1,P_Hi#DD>#&RSI#<#,2016-10-11,2016-10-11,2016-10-18,1,2961.00,2963.25,2.25,-23.00,12.50,6,signal
IBS<x_2,IBS<#,2016-10-10,2016-10-10,2016-10-18,1,2987.75,2963.25,-24.50,-49.75,3.25,7,signal
IBS<x_3,IBS<#,2016-10-10,2016-10-10,2016-10-18,1,2987.75,2963.25,-24.50,-49.75,3.25,7,signal
CloseAtxdLow_1,CloseAt#dLow,2016-10-13,2016-10-13,2016-10-18,1,2956.50,2963.25,6.75,-9.50,17.00,4,signal
RSIx<x_3,RSI#<#,2016-10-17,2016-10-17,2016-10-18,1,2950.50,2969.25,18.75,-0.25,19.50,2,tp
P_HixDD>x&IBS<_3,P_Hi#DD>#&IBS<#,2016-10-14,2016-10-14,2016-10-18,1,2957.25,2963.25,6.00,-10.25,12.75,3,signal
P_HixDD>x&IBS<_4,P_Hi#DD>#&IBS<#,2016-10-14,2016-10-14,2016-10-18,1,2957.25,2963.25,6.00,-10.25,12.75,3,signal
D01_2,D01,2016-10-11,2016-10-11,2016-10-19,1,2961.00,2969.00,8.00,-23.00,12.50,7,signal
RSIx<x_1,RSI#<#,2016-10-11,2016-10-11,2016-10-19,1,2961.00,2969.00,8.00,-23.00,12.50,7,signal
C<wvwapxsd_1,C<wvwap#sd,2016-10-07,2016-10-07,2016-10-21,1,2977.00,2965.75,-11.25,-39.00,16.75,11,signal
P_HixDD>x&RSIx_3,P_Hi#DD>#&RSI#<#,2016-10-11,2016-10-11,2016-10-21,1,2961.00,2965.75,4.75,-23.00,13.75,9,signal
P_HixDD>x&IBS<_1,P_Hi#DD>#&IBS<#,2016-10-14,2016-10-14,2016-10-21,1,2957.25,2965.75,8.50,-10.25,17.50,6,signal
ConnorsRSI<x_4,ConnorsRSI<#,2016-09-26,2016-09-26,2016-10-24,1,2969.25,2974.75,5.50,-31.25,29.25,21,time
D01_2,D01,2016-10-25,2016-10-25,2016-10-26,1,2968.00,2963.50,-4.50,-13.00,2.25,2,signal
LMT_RSIx<x_xAT_4,LMT_RSI#<#_#ATR,2016-10-27,2016-10-28,2016-10-31,1,2943.39,2946.51,3.12,-0.64,22.11,2,trail
C<dvwapxsd_1,C<dvwap#sd,2016-10-11,2016-10-11,2016-11-01,1,2961.00,2927.08,-33.92,-39.75,19.00,16,sl
P_HixDD>x&RSIx_1,P_Hi#DD>#&RSI#<#,2016-10-26,2016-10-26,2016-11-01,1,2963.50,2923.28,-40.22,-42.25,10.50,5,sl
P_HixDD>x&RSIx_3,P_Hi#DD>#&RSI#<#,2016-10-26,2016-10-26,2016-11-01,1,2963.50,2923.28,-40.22,-42.25,10.50,5,sl
IBS<x_1,IBS<#,2016-10-14,2016-10-14,2016-11-01,1,2957.25,2935.38,-21.88,-36.00,22.75,13,sl
D01_3,D01,2016-10-18,2016-10-18,2016-11-01,1,2963.25,2930.34,-32.91,-42.00,16.75,11,sl
RSIx<x_3,RSI#<#,2016-10-28,2016-10-28,2016-11-01,1,2951.50,2923.02,-28.48,-30.25,9.25,3,sl
P_HixDD>x&IBS<_3,P_Hi#DD>#&IBS<#,2016-10-25,2016-10-25,2016-11-01,1,2968.00,2927.18,-40.82,-46.75,6.00,6,sl
P_HixDD>x&IBS<_4,P_Hi#DD>#&IBS<#,2016-10-25,2016-10-25,2016-11-01,1,2968.00,2927.18,-40.82,-46.75,6.00,6,sl
ConnorsRSI<x_4,ConnorsRSI<#,2016-10-27,2016-10-27,2016-11-01,1,2958.00,2928.79,-29.21,-36.75,7.50,4,sl
LMT_RSIx<x_xAT_4,LMT_RSI#<#_#ATR,2016-10-31,2016-11-01,2016-11-02,1,2936.82,2932.00,-4.82,-19.32,22.93,2,trail
RSIx<x_4,RSI#<#,2016-11-01,2016-11-01,2016-11-02,1,2935.50,2925.68,-9.82,-18.00,3.25,2,sl
CloseAtxdLow_2,CloseAt#dLow,2016-10-11,2016-10-11,2016-11-03,1,2961.00,2915.78,-45.22,-51.00,19.00,18,sl
RSIx<x_4,RSI#<#,2016-11-02,2016-11-02,2016-11-03,1,2922.25,2912.32,-9.93,-12.25,6.75,2,sl
ConnorsRSI<x_3,ConnorsRSI<#,2016-11-01,2016-11-01,2016-11-03,1,2935.50,2915.85,-19.65,-25.50,3.25,3,sl
C<wvwapxsd_2,C<wvwap#sd,2016-10-07,2016-10-07,2016-11-04,1,2977.00,2910.50,-66.50,-67.75,16.75,21,time
LMT_RSIx<x_xAT_1,LMT_RSI#<#_#ATR,2016-10-31,2016-11-01,2016-11-07,1,2936.82,2957.00,20.18,-27.82,22.93,5,signal
C<wvwapxsd_1,C<wvwap#sd,2016-10-25,2016-10-25,2016-11-07,1,2968.00,2957.00,-11.00,-59.00,6.00,10,signal
C<wvwapxsd_4,C<wvwap#sd,2016-10-25,2016-10-25,2016-11-07,1,2968.00,2957.00,-11.00,-59.00,6.00,10,signal
P_HixDD>x&RSIx_1,P_Hi#DD>#&RSI#<#,2016-11-01,2016-11-01,2016-11-07,1,2935.50,2957.00,21.50,-26.50,22.25,5,signal
P_HixDD>x&RSIx_3,P_Hi#DD>#&RSI#<#,2016-11-01,2016-11-01,2016-11-07,1,2935.50,2957.00,21.50,-26.50,22.25,5,signal
IBS<x_2,IBS<#,2016-10-27,2016-10-27,2016-11-07,1,2958.00,2957.00,-1.00,-49.00,7.50,8,signal
WRx<x_3,WR#<#,2016-11-02,2016-11-02,2016-11-07,1,2922.25,2957.00,34.75,-13.25,35.50,4,signal
WRx<x_4,WR#<#,2016-11-04,2016-11-04,2016-11-07,1,2910.50,2957.00,46.50,-1.50,47.25,2,signal
D01_2,D01,2016-10-27,2016-10-27,2016-11-07,1,2958.00,2957.00,-1.00,-49.00,7.50,8,signal
CloseAtxdLow_1,CloseAt#dLow,2016-11-01,2016-11-01,2016-11-07,1,2935.50,2957.00,21.50,-26.50,22.25,5,signal
RSIx<x_3,RSI#<#,2016-11-01,2016-11-01,2016-11-07,1,2935.50,2950.24,14.74,-26.50,22.25,5,tp
RSIx<x_4,RSI#<#,2016-11-03,2016-11-03,2016-11-07,1,2913.75,2943.96,30.21,-4.75,44.00,3,tp
P_HixDD>x&IBS<_1,P_Hi#DD>#&IBS<#,2016-10-25,2016-10-25,2016-11-07,1,2968.00,2957.00,-11.00,-59.00,6.00,10,signal
P_HixDD>x&IBS<_3,P_Hi#DD>#&IBS<#,2016-11-02,2016-11-02,2016-11-07,1,2922.25,2957.00,34.75,-13.25,35.50,4,signal
P_HixDD>x&IBS<_4,P_Hi#DD>#&IBS<#,2016-11-02,2016-11-02,2016-11-07,1,2922.25,2957.00,34.75,-13.25,35.50,4,signal
IBS<x_1,IBS<#,2016-11-02,2016-11-02,2016-11-08,1,2922.25,2961.97,39.72,-13.25,51.25,5,tp
WRx<x_1,WR#<#,2016-11-02,2016-11-02,2016-11-08,1,2922.25,2961.97,39.72,-13.25,51.25,5,tp
RSIx<x_2,RSI#<#,2016-11-01,2016-11-01,2016-11-08,1,2935.50,2952.75,17.25,-26.50,22.25,6,signal
C<dvwapxsd_1,C<dvwap#sd,2016-11-02,2016-11-02,2016-11-09,1,2922.25,2892.46,-29.79,-63.50,74.75,6,sl
D01_3,D01,2016-11-01,2016-11-01,2016-11-09,1,2935.50,2935.50,0.00,-76.75,61.50,7,breakeven
ConnorsRSI<x_3,ConnorsRSI<#,2016-11-03,2016-11-03,2016-11-09,1,2913.75,2893.61,-20.14,-55.00,83.25,5,sl
ConnorsRSI<x_4,ConnorsRSI<#,2016-11-01,2016-11-01,2016-11-09,1,2935.50,2906.03,-29.47,-76.75,61.50,7,sl
C<wvwapxsd_1,C<wvwap#sd,2016-11-14,2016-11-14,2016-11-15,1,2990.50,3007.75,17.25,-1.75,17.75,2,signal
C<wvwapxsd_4,C<wvwap#sd,2016-11-14,2016-11-14,2016-11-15,1,2990.50,3007.75,17.25,-1.75,17.75,2,signal
IBS<x_3,IBS<#,2016-11-18,2016-11-18,2016-11-21,1,3010.00,3026.00,16.00,-1.25,16.75,2,signal
D01_2,D01,2016-11-28,2016-11-28,2016-11-29,1,3030.25,3034.00,3.75,-3.75,9.50,2,signal
RSIx<x_1,RSI#<#,2016-11-28,2016-11-28,2016-11-29,1,3030.25,3034.00,3.75,-3.75,9.50,2,signal
C<wvwapxsd_3,C<wvwap#sd,2016-11-28,2016-11-28,2016-12-01,1,3030.25,3017.36,-12.89,-14.00,13.75,4,sl
C<wvwapxsd_2,C<wvwap#sd,2016-11-04,2016-11-04,2016-12-02,1,2910.50,3021.50,111.00,-51.75,133.50,21,time
C<wvwapxsd_4,C<wvwap#sd,2016-11-28,2016-11-28,2016-12-05,1,3030.25,3033.75,3.50,-21.00,13.75,6,signal
IBS<x_2,IBS<#,2016-11-28,2016-11-28,2016-12-05,1,3030.25,3033.75,3.50,-21.00,13.75,6,signal
IBS<x_3,IBS<#,2016-11-28,2016-11-28,2016-12-05,1,3030.25,3033.75,3.50,-21.00,13.75,6,signal
D01_2,D01,2016-11-30,2016-11-30,2016-12-05,1,3028.25,3033.75,5.50,-19.00,10.75,4,signal
CloseAtxdLow_3,CloseAt#dLow,2016-11-30,2016-11-30,2016-12-05,1,3028.25,3033.75,5.50,-19.00,10.75,4,signal
RSIx<x_1,RSI#<#,2016-11-30,2016-11-30,2016-12-05,1,3028.25,3033.75,5.50,-19.00,10.75,4,signal
C<wvwapxsd_1,C<wvwap#sd,2016-11-28,2016-11-28,2016-12-06,1,3030.25,3041.50,11.25,-21.00,13.75,7,signal
C<wvwapxsd_3,C<wvwap#sd,2016-12-01,2016-12-01,2016-12-07,1,3020.00,3056.22,36.22,-10.75,51.50,5,tp
IBS<x_1,IBS<#,2016-11-18,2016-11-18,2016-12-07,1,3010.00,3064.28,54.28,-1.25,61.50,14,tp
CloseAtxdLow_2,CloseAt#dLow,2016-11-30,2016-11-30,2016-12-08,1,3028.25,3076.75,48.50,-19.00,53.50,7,tp
ConnorsRSI<x_2,ConnorsRSI<#,2016-12-01,2016-12-01,2016-12-08,1,3020.00,3074.34,54.34,-10.75,61.75,6,tp
ConnorsRSI<x_4,ConnorsRSI<#,2016-11-28,2016-11-28,2016-12-09,1,3030.25,3088.24,57.99,-21.00,59.75,10,tp
C<dvwapxsd_1,C<dvwap#sd,2016-11-18,2016-11-18,2016-12-12,1,3010.00,3091.41,81.41,-1.25,90.25,17,tp
D01_3,D01,2016-12-02,2016-12-02,2016-12-12,1,3021.50,3093.61,72.11,-12.25,78.75,7,tp
C<wvwapxsd_4,C<wvwap#sd,2016-12-12,2016-12-12,2016-12-13,1,3086.75,3102.00,15.25,-3.50,21.75,2,signal
IBS<x_4,IBS<#,2016-11-30,2016-11-30,2016-12-13,1,3028.25,3101.00,72.75,-19.00,80.25,10,tp
IBS<x_3,IBS<#,2016-12-14,2016-12-14,2016-12-15,1,3084.25,3092.75,8.50,-1.50,19.00,2,signal
D01_2,D01,2016-12-14,2016-12-14,2016-12-15,1,3084.25,3092.75,8.50,-1.50,19.00,2,signal
P_HixDD>x&IBS<_4,P_Hi#DD>#&IBS<#,2016-12-14,2016-12-14,2016-12-19,1,3084.25,3094.00,9.75,-1.50,19.00,4,signal
C<wvwapxsd_4,C<wvwap#sd,2016-12-14,2016-12-14,2016-12-20,1,3084.25,3102.50,18.25,-1.50,20.75,5,signal
IBS<x_2,IBS<#,2016-12-14,2016-12-14,2016-12-20,1,3084.25,3102.50,18.25,-1.50,20.75,5,signal
P_HixDD>x&IBS<_3,P_Hi#DD>#&IBS<#,2016-12-14,2016-12-14,2016-12-20,1,3084.25,3102.50,18.25,-1.50,20.75,5,signal
C<dvwapxsd_4,C<dvwap#sd,2016-12-21,2016-12-21,2016-12-22,1,3096.50,3088.03,-8.47,-9.50,0.75,2,sl
C<dvwapxsd_2,C<dvwap#sd,2016-12-21,2016-12-21,2016-12-23,1,3096.50,3094.50,-2.00,-9.50,0.75,3,signal
C<wvwapxsd_1,C<wvwap#sd,2016-12-12,2016-12-12,2016-12-23,1,3086.75,3094.50,7.75,-8.25,21.75,10,signal
RSIx<x_1,RSI#<#,2016-12-22,2016-12-22,2016-12-23,1,3092.50,3094.50,2.00,-2.75,4.00,2,signal
P_HixDD>x&IBS<_1,P_Hi#DD>#&IBS<#,2016-12-14,2016-12-14,2016-12-23,1,3084.25,3094.50,10.25,-1.50,20.75,8,signal
C<dvwapxsd_3,C<dvwap#sd,2016-11-28,2016-11-28,2016-12-27,1,3030.25,3099.50,69.25,-21.00,78.25,21,time
C<wvwapxsd_4,C<wvwap#sd,2016-12-21,2016-12-21,2016-12-27,1,3096.50,3099.50,3.00,-9.50,8.50,4,signal
IBS<x_2,IBS<#,2016-12-21,2016-12-21,2016-12-27,1,3096.50,3099.50,3.00,-9.50,8.50,4,signal
IBS<x_3,IBS<#,2016-12-21,2016-12-21,2016-12-27,1,3096.50,3099.50,3.00,-9.50,8.50,4,signal
ConnorsRSI<x_1,ConnorsRSI<#,2016-11-28,2016-11-28,2016-12-27,1,3030.25,3099.50,69.25,-21.00,78.25,21,time
IBS<x_4,IBS<#,2016-12-21,2016-12-21,2016-12-28,1,3096.50,3079.56,-16.94,-17.50,8.50,5,sl
LMT_RSIx<x_xAT_2,LMT_RSI#<#_#ATR,2016-12-28,2016-12-29,2016-12-29,1,3076.42,3080.75,4.33,-1.42,9.08,1,time
LMT_RSIx<x_xAT_2,LMT_RSI#<#_#ATR,2016-12-29,2016-12-30,2016-12-30,1,3076.49,3072.25,-4.24,-12.99,11.76,1,time
IBS<x_1,IBS<#,2016-12-14,2016-12-14,2016-12-30,1,3084.25,3067.29,-16.96,-20.75,20.75,12,sl
WRx<x_2,WR#<#,2016-12-28,2016-12-28,2016-12-30,1,3080.75,3068.19,-12.56,-17.25,7.50,3,trail
LMT_RSIx<x_xAT_4,LMT_RSI#<#_#ATR,2016-12-29,2016-12-30,2017-01-03,1,3067.97,3070.82,2.85,-4.47,27.03,2,trail
C<wvwapxsd_2,C<wvwap#sd,2016-12-02,2016-12-02,2017-01-03,1,3021.50,3088.00,66.50,-12.25,87.00,21,time
C<wvwapxsd_4,C<wvwap#sd,2016-12-27,2016-12-27,2017-01-03,1,3099.50,3088.00,-11.50,-36.00,3.50,5,signal
P_HixDD>x&RSIx_1,P_Hi#DD>#&RSI#<#,2016-12-28,2016-12-28,2017-01-03,1,3080.75,3088.00,7.25,-17.25,14.25,4,signal
IBS<x_2,IBS<#,2016-12-28,2016-12-28,2017-01-03,1,3080.75,3088.00,7.25,-17.25,14.25,4,signal
IBS<x_3,IBS<#,2016-12-27,2016-12-27,2017-01-03,1,3099.50,3088.00,-11.50,-36.00,3.50,5,signal
WRx<x_3,WR#<#,2016-12-28,2016-12-28,2017-01-03,1,3080.75,3088.00,7.25,-17.25,14.25,4,signal
CloseAtxdLow_3,CloseAt#dLow,2016-12-28,2016-12-28,2017-01-03,1,3080.75,3088.00,7.25,-17.25,14.25,4,signal
CloseAtxdLow_4,CloseAt#dLow,2016-12-28,2016-12-28,2017-01-03,1,3080.75,3088.00,7.25,-17.25,14.25,4,signal
RSIx<x_3,RSI#<#,2016-12-30,2016-12-30,2017-01-03,1,3072.25,3087.50,15.25,-3.75,22.75,2,tp
P_HixDD>x&IBS<_3,P_Hi#DD>#&IBS<#,2016-12-28,2016-12-28,2017-01-03,1,3080.75,3088.00,7.25,-17.25,14.25,4,signal
P_HixDD>x&IBS<_4,P_Hi#DD>#&IBS<#,2016-12-28,2016-12-28,2017-01-03,1,3080.75,3088.00,7.25,-17.25,14.25,4,signal
D01_2,D01,2016-12-28,2016-12-28,2017-01-04,1,3080.75,3100.50,19.75,-17.25,22.00,5,signal
RSIx<x_1,RSI#<#,2016-12-28,2016-12-28,2017-01-04,1,3080.75,3100.50,19.75,-17.25,22.00,5,signal
RSIx<x_4,RSI#<#,2016-12-30,2016-12-30,2017-01-04,1,3072.25,3098.39,26.14,-3.75,30.50,3,tp
C<wvwapxsd_1,C<wvwap#sd,2016-12-23,2016-12-23,2017-01-05,1,3094.50,3099.00,4.50,-31.00,10.50,8,signal
P_HixDD>x&RSIx_2,P_Hi#DD>#&RSI#<#,2016-12-28,2016-12-28,2017-01-05,1,3080.75,3099.00,18.25,-17.25,22.00,6,signal
P_HixDD>x&RSIx_3,P_Hi#DD>#&RSI#<#,2016-12-30,2016-12-30,2017-01-05,1,3072.25,3099.00,26.75,-3.75,30.50,4,signal
P_HixDD>x&IBS<_1,P_Hi#DD>#&IBS<#,2016-12-28,2016-12-28,2017-01-05,1,3080.75,3099.00,18.25,-17.25,22.00,6,signal
P_HixDD>x&RSIx_4,P_Hi#DD>#&RSI#<#,2016-12-30,2016-12-30,2017-01-06,1,3072.25,3107.10,34.85,-3.75,40.25,5,tp
D01_2,D01,2017-01-09,2017-01-09,2017-01-10,1,3100.25,3099.25,-1.00,-5.25,9.25,2,signal
C<wvwapxsd_1,C<wvwap#sd,2017-01-09,2017-01-09,2017-01-11,1,3100.25,3105.75,5.50,-9.75,9.25,3,signal
IBS<x_3,IBS<#,2017-01-09,2017-01-09,2017-01-11,1,3100.25,3105.75,5.50,-9.75,9.25,3,signal
C<dvwapxsd_1,C<dvwap#sd,2016-12-14,2016-12-14,2017-01-13,1,3084.25,3105.25,21.00,-20.75,28.25,21,time
C<wvwapxsd_4,C<wvwap#sd,2017-01-09,2017-01-09,2017-01-13,1,3100.25,3105.25,5.00,-16.25,9.25,5,signal
IBS<x_2,IBS<#,2017-01-09,2017-01-09,2017-01-13,1,3100.25,3105.25,5.00,-16.25,9.25,5,signal
LMT_RSIx<x_xAT_2,LMT_RSI#<#_#ATR,2017-01-17,2017-01-18,2017-01-18,1,3094.18,3102.00,7.82,-0.43,9.82,1,time
C<wvwapxsd_1,C<wvwap#sd,2017-01-16,2017-01-16,2017-01-18,1,3101.50,3102.00,0.50,-8.75,2.50,3,signal
P_HixDD>x&RSIx_1,P_Hi#DD>#&RSI#<#,2017-01-17,2017-01-17,2017-01-18,1,3097.75,3102.00,4.25,-4.00,6.25,2,signal
P_HixDD>x&RSIx_2,P_Hi#DD>#&RSI#<#,2017-01-17,2017-01-17,2017-01-18,1,3097.75,3102.00,4.25,-4.00,6.25,2,signal
D01_2,D01,2017-01-16,2017-01-16,2017-01-18,1,3101.50,3102.00,0.50,-8.75,2.50,3,signal
CloseAtxdLow_4,CloseAt#dLow,2017-01-17,2017-01-17,2017-01-18,1,3097.75,3102.00,4.25,-4.00,6.25,2,signal
RSIx<x_1,RSI#<#,2017-01-17,2017-01-17,2017-01-18,1,3097.75,3102.00,4.25,-4.00,6.25,2,signal
P_HixDD>x&RSIx_1,P_Hi#DD>#&RSI#<#,2017-01-19,2017-01-19,2017-01-20,1,3094.25,3101.75,7.50,0.00,14.00,2,signal
D01_2,D01,2017-01-19,2017-01-19,2017-01-20,1,3094.25,3101.75,7.50,0.00,14.00,2,signal
RSIx<x_1,RSI#<#,2017-01-19,2017-01-19,2017-01-20,1,3094.25,3101.75,7.50,0.00,14.00,2,signal
C<wvwapxsd_4,C<wvwap#sd,2017-01-16,2017-01-16,2017-01-24,1,3101.50,3111.00,9.50,-14.25,14.50,7,signal
WRx<x_1,WR#<#,2016-12-28,2016-12-28,2017-01-24,1,3080.75,3115.38,34.62,-17.25,35.25,19,tp
CloseAtxdLow_2,CloseAt#dLow,2016-12-28,2016-12-28,2017-01-24,1,3080.75,3115.38,34.62,-17.25,35.25,19,tp
CloseAtxdLow_3,CloseAt#dLow,2017-01-17,2017-01-17,2017-01-24,1,3097.75,3111.00,13.25,-10.50,18.25,6,signal
C<wvwapxsd_1,C<wvwap#sd,2017-01-19,2017-01-19,2017-01-25,1,3094.25,3130.00,35.75,-7.00,36.50,5,signal
P_HixDD>x&RSIx_2,P_Hi#DD>#&RSI#<#,2017-01-19,2017-01-19,2017-01-25,1,3094.25,3130.00,35.75,-7.00,36.50,5,signal
ConnorsRSI<x_2,ConnorsRSI<#,2016-12-28,2016-12-28,2017-01-25,1,3080.75,3122.00,41.25,-17.25,50.00,20,tp
ConnorsRSI<x_4,ConnorsRSI<#,2016-12-28,2016-12-28,2017-01-25,1,3080.75,3122.00,41.25,-17.25,50.00,20,tp
C<dvwapxsd_3,C<dvwap#sd,2016-12-28,2016-12-28,2017-01-26,1,3080.75,3128.00,47.25,-17.25,54.25,21,time
IBS<x_1,IBS<#,2017-01-09,2017-01-09,2017-01-26,1,3100.25,3132.82,32.57,-16.25,34.75,14,tp
IBS<x_4,IBS<#,2016-12-28,2016-12-28,2017-01-26,1,3080.75,3132.69,51.94,-17.25,54.25,21,tp
ConnorsRSI<x_1,ConnorsRSI<#,2016-12-28,2016-12-28,2017-01-26,1,3080.75,3128.00,47.25,-17.25,54.25,21,time
IBS<x_1,IBS<#,2017-01-27,2017-01-27,2017-01-30,1,3124.75,3109.24,-15.51,-26.00,0.50,2,sl
LMT_RSIx<x_xAT_2,LMT_RSI#<#_#ATR,2017-01-30,2017-01-31,2017-01-31,1,3104.25,3110.50,6.25,-6.50,8.00,1,time
P_HixDD>x&RSIx_2,P_Hi#DD>#&RSI#<#,2017-01-30,2017-01-30,2017-01-31,1,3110.75,3110.50,-0.25,-13.00,1.50,2,signal
LMT_RSIx<x_xAT_2,LMT_RSI#<#_#ATR,2017-01-31,2017-02-01,2017-02-01,1,3106.75,3110.50,3.75,-3.00,13.75,1,time
LMT_RSIx<x_xAT_2,LMT_RSI#<#_#ATR,2017-02-01,2017-02-02,2017-02-02,1,3106.25,3111.75,5.50,-6.25,9.00,1,time
LMT_RSIx<x_xAT_4,LMT_RSI#<#_#ATR,2017-01-30,2017-01-31,2017-02-02,1,3099.05,3105.50,6.45,-1.30,21.45,3,trail
P_HixDD>x&RSIx_1,P_Hi#DD>#&RSI#<#,2017-01-30,2017-01-30,2017-02-03,1,3110.75,3127.50,16.75,-13.00,18.75,5,signal
P_HixDD>x&RSIx_2,P_Hi#DD>#&RSI#<#,2017-01-31,2017-01-31,2017-02-03,1,3110.50,3127.50,17.00,-10.50,19.00,4,signal
IBS<x_3,IBS<#,2017-01-27,2017-01-27,2017-02-03,1,3124.75,3127.50,2.75,-27.00,4.75,6,signal
CloseAtxdLow_3,CloseAt#dLow,2017-02-01,2017-02-01,2017-02-03,1,3110.50,3127.50,17.00,-10.50,19.00,3,signal
RSIx<x_1,RSI#<#,2017-01-30,2017-01-30,2017-02-03,1,3110.75,3127.50,16.75,-13.00,18.75,5,signal
C<wvwapxsd_2,C<wvwap#sd,2017-01-09,2017-01-09,2017-02-06,1,3100.25,3123.50,23.25,-16.25,34.75,21,time
C<wvwapxsd_1,C<wvwap#sd,2017-02-06,2017-02-06,2017-02-08,1,3123.50,3126.00,2.50,-7.00,7.00,3,signal
IBS<x_3,IBS<#,2017-02-07,2017-02-07,2017-02-08,1,3123.25,3126.00,2.75,-6.75,4.25,2,signal
C<wvwapxsd_4,C<wvwap#sd,2017-02-06,2017-02-06,2017-02-09,1,3123.50,3139.50,16.00,-7.00,19.75,4,signal
CloseAtxdLow_2,CloseAt#dLow,2017-02-01,2017-02-01,2017-02-09,1,3110.50,3140.55,30.05,-10.50,32.75,7,tp
C<dvwapxsd_1,C<dvwap#sd,2017-01-16,2017-01-16,2017-02-10,1,3101.50,3144.93,43.43,-14.25,49.75,20,tp
ConnorsRSI<x_2,ConnorsRSI<#,2017-01-30,2017-01-30,2017-02-10,1,3110.75,3145.85,35.10,-13.00,40.50,10,tp
ConnorsRSI<x_4,ConnorsRSI<#,2017-01-30,2017-01-30,2017-02-10,1,3110.75,3145.85,35.10,-13.00,40.50,10,tp
IBS<x_1,IBS<#,2017-02-07,2017-02-07,2017-02-13,1,3123.25,3154.50,31.25,-6.75,41.25,5,tp
ConnorsRSI<x_1,ConnorsRSI<#,2017-01-30,2017-01-30,2017-02-27,1,3110.75,3204.35,93.60,-13.00,95.50,21,tp
C<wvwapxsd_4,C<wvwap#sd,2017-02-28,2017-02-28,2017-03-01,1,3198.00,3230.25,32.25,-1.75,38.50,2,signal
C<wvwapxsd_1,C<wvwap#sd,2017-02-28,2017-02-28,2017-03-03,1,3198.00,3217.25,19.25,-1.75,38.50,4,signal
IBS<x_3,IBS<#,2017-03-02,2017-03-02,2017-03-03,1,3216.00,3217.25,1.25,-6.75,2.75,2,signal
P_HixDD>x&IBS<_1,P_Hi#DD>#&IBS<#,2017-03-02,2017-03-02,2017-03-03,1,3216.00,3217.25,1.25,-6.75,2.75,2,signal
P_HixDD>x&IBS<_4,P_Hi#DD>#&IBS<#,2017-03-02,2017-03-02,2017-03-03,1,3216.00,3217.25,1.25,-6.75,2.75,2,signal
C<wvwapxsd_2,C<wvwap#sd,2017-02-06,2017-02-06,2017-03-06,1,3123.50,3210.25,86.75,-7.00,113.00,21,time
IBS<x_1,IBS<#,2017-03-02,2017-03-02,2017-03-07,1,3216.00,3200.44,-15.56,-16.00,2.75,4,sl
IBS<x_4,IBS<#,2017-03-02,2017-03-02,2017-03-07,1,3216.00,3200.44,-15.56,-16.00,2.75,4,sl
LMT_RSIx<x_xAT_2,LMT_RSI#<#_#ATR,2017-03-07,2017-03-08,2017-03-08,1,3198.98,3198.00,-0.98,-3.98,9.52,1,time
LMT_RSIx<x_xAT_2,LMT_RSI#<#_#ATR,2017-03-08,2017-03-09,2017-03-09,1,3194.20,3200.25,6.05,-4.70,10.55,1,time
C<wvwapxsd_3,C<wvwap#sd,2017-03-08,2017-03-08,2017-03-09,1,3198.00,3190.40,-7.60,-8.50,6.75,2,sl
C<wvwapxsd_4,C<wvwap#sd,2017-03-07,2017-03-07,2017-03-10,1,3202.75,3208.50,5.75,-13.25,12.50,4,signal
P_HixDD>x&RSIx_1,P_Hi#DD>#&RSI#<#,2017-03-07,2017-03-07,2017-03-10,1,3202.75,3208.50,5.75,-13.25,12.50,4,signal
IBS<x_2,IBS<#,2017-03-02,2017-03-02,2017-03-10,1,3216.00,3208.50,-7.50,-26.50,2.75,7,signal
IBS<x_3,IBS<#,2017-03-07,2017-03-07,2017-03-10,1,3202.75,3208.50,5.75,-13.25,12.50,4,signal
CloseAtxdLow_3,CloseAt#dLow,2017-03-08,2017-03-08,2017-03-10,1,3198.00,3208.50,10.50,-8.50,17.25,3,signal
P_HixDD>x&IBS<_3,P_Hi#DD>#&IBS<#,2017-03-02,2017-03-02,2017-03-10,1,3216.00,3208.50,-7.50,-26.50,2.75,7,signal
P_HixDD>x&IBS<_4,P_Hi#DD>#&IBS<#,2017-03-08,2017-03-08,2017-03-10,1,3198.00,3208.50,10.50,-8.50,17.25,3,signal
C<wvwapxsd_1,C<wvwap#sd,2017-03-07,2017-03-07,2017-03-13,1,3202.75,3209.75,7.00,-13.25,12.50,5,signal
P_HixDD>x&RSIx_2,P_Hi#DD>#&RSI#<#,2017-03-07,2017-03-07,2017-03-13,1,3202.75,3209.75,7.00,-13.25,12.50,5,signal
P_HixDD>x&RSIx_3,P_Hi#DD>#&RSI#<#,2017-03-07,2017-03-07,2017-03-13,1,3202.75,3209.75,7.00,-13.25,12.50,5,signal
D01_2,D01,2017-03-07,2017-03-07,2017-03-13,1,3202.75,3209.75,7.00,-13.25,12.50,5,signal
RSIx<x_1,RSI#<#,2017-03-07,2017-03-07,2017-03-13,1,3202.75,3209.75,7.00,-13.25,12.50,5,signal
P_HixDD>x&IBS<_1,P_Hi#DD>#&IBS<#,2017-03-08,2017-03-08,2017-03-13,1,3198.00,3209.75,11.75,-8.50,17.25,4,signal
P_HixDD>x&IBS<_2,P_Hi#DD>#&IBS<#,2017-03-08,2017-03-08,2017-03-13,1,3198.00,3209.75,11.75,-8.50,17.25,4,signal
P_HixDD>x&RSIx_4,P_Hi#DD>#&RSI#<#,2017-03-08,2017-03-08,2017-03-14,1,3198.00,3198.00,0.00,-8.50,17.25,5,breakeven
C<wvwapxsd_4,C<wvwap#sd,2017-03-14,2017-03-14,2017-03-15,1,3201.25,3220.75,19.50,-1.00,25.25,2,signal
P_HixDD>x&RSIx_1,P_Hi#DD>#&RSI#<#,2017-03-14,2017-03-14,2017-03-15,1,3201.25,3220.75,19.50,-1.00,25.25,2,signal
RSIx<x_1,RSI#<#,2017-03-14,2017-03-14,2017-03-15,1,3201.25,3220.75,19.50,-1.00,25.25,2,signal
C<dvwapxsd_4,C<dvwap#sd,2017-03-17,2017-03-17,2017-03-21,1,3211.75,3204.22,-7.53,-35.00,5.75,3,sl
IBS<x_1,IBS<#,2017-03-07,2017-03-07,2017-03-21,1,3202.75,3202.75,0.00,-26.00,24.75,11,breakeven
IBS<x_4,IBS<#,2017-03-17,2017-03-17,2017-03-21,1,3211.75,3196.70,-15.05,-35.00,5.75,3,sl
D01_3,D01,2017-03-10,2017-03-10,2017-03-21,1,3208.50,3185.70,-22.80,-31.75,19.00,8,sl
RSIx<x_1,RSI#<#,2017-03-20,2017-03-20,2017-03-21,1,3208.75,3178.60,-30.15,-32.00,8.75,2,sl
P_HixDD>x&IBS<_3,P_Hi#DD>#&IBS<#,2017-03-17,2017-03-17,2017-03-21,1,3211.75,3181.65,-30.10,-35.00,5.75,3,sl
P_HixDD>x&IBS<_4,P_Hi#DD>#&IBS<#,2017-03-17,2017-03-17,2017-03-21,1,3211.75,3181.65,-30.10,-35.00,5.75,3,sl
ConnorsRSI<x_4,ConnorsRSI<#,2017-03-07,2017-03-07,2017-03-21,1,3202.75,3180.14,-22.61,-26.00,24.75,11,sl
LMT_RSIx<x_xAT_2,LMT_RSI#<#_#ATR,2017-03-21,2017-03-22,2017-03-22,1,3174.67,3184.00,9.33,-3.67,12.83,1,time
C<dvwapxsd_1,C<dvwap#sd,2017-02-28,2017-02-28,2017-03-22,1,3198.00,3176.47,-21.53,-27.00,38.50,17,sl
C<dvwapxsd_2,C<dvwap#sd,2017-03-17,2017-03-17,2017-03-22,1,3211.75,3184.00,-27.75,-40.75,5.75,4,signal
P_HixDD>x&RSIx_3,P_Hi#DD>#&RSI#<#,2017-03-14,2017-03-14,2017-03-22,1,3201.25,3171.70,-29.55,-30.25,26.25,7,sl
RSIx<x_3,RSI#<#,2017-03-21,2017-03-21,2017-03-23,1,3178.75,3190.98,12.23,-7.75,16.00,3,tp
LMT_RSIx<x_xAT_2,LMT_RSI#<#_#ATR,2017-03-23,2017-03-24,2017-03-24,1,3177.03,3180.50,3.47,-6.53,14.47,1,time
C<wvwapxsd_3,C<wvwap#sd,2017-03-21,2017-03-21,2017-03-24,1,3178.75,3170.59,-8.16,-8.25,16.00,4,sl
WRx<x_2,WR#<#,2017-03-21,2017-03-21,2017-03-24,1,3178.75,3178.44,-0.31,-8.25,16.00,4,trail
RSIx<x_4,RSI#<#,2017-03-21,2017-03-21,2017-03-24,1,3178.75,3170.59,-8.16,-8.25,16.00,4,sl
LMT_RSIx<x_xAT_2,LMT_RSI#<#_#ATR,2017-03-24,2017-03-27,2017-03-27,1,3159.75,3176.50,16.75,-3.25,24.50,1,time
C<dvwapxsd_3,C<dvwap#sd,2017-03-02,2017-03-02,2017-03-27,1,3216.00,3159.75,-56.25,-59.50,11.50,18,sl
C<wvwapxsd_1,C<wvwap#sd,2017-03-14,2017-03-14,2017-03-27,1,3201.25,3176.50,-24.75,-44.75,26.25,10,signal
C<wvwapxsd_2,C<wvwap#sd,2017-03-07,2017-03-07,2017-03-27,1,3202.75,3157.53,-45.22,-46.25,24.75,15,sl
P_HixDD>x&RSIx_2,P_Hi#DD>#&RSI#<#,2017-03-14,2017-03-14,2017-03-27,1,3201.25,3176.50,-24.75,-44.75,26.25,10,signal
P_HixDD>x&RSIx_3,P_Hi#DD>#&RSI#<#,2017-03-23,2017-03-23,2017-03-27,1,3181.25,3176.50,-4.75,-24.75,10.25,3,signal
P_HixDD>x&RSIx_4,P_Hi#DD>#&RSI#<#,2017-03-21,2017-03-21,2017-03-27,1,3178.75,3159.75,-19.00,-22.25,16.00,5,sl
IBS<x_1,IBS<#,2017-03-21,2017-03-21,2017-03-27,1,3178.75,3159.75,-19.00,-22.25,16.00,5,sl
IBS<x_4,IBS<#,2017-03-21,2017-03-21,2017-03-27,1,3178.75,3159.75,-19.00,-22.25,16.00,5,sl
WRx<x_1,WR#<#,2017-03-21,2017-03-21,2017-03-27,1,3178.75,3159.75,-19.00,-22.25,16.00,5,sl
WRx<x_3,WR#<#,2017-03-21,2017-03-21,2017-03-27,1,3178.75,3176.50,-2.25,-22.25,16.00,5,signal
CloseAtxdLow_2,CloseAt#dLow,2017-03-08,2017-03-08,2017-03-27,1,3198.00,3159.75,-38.25,-41.50,29.50,14,sl
P_HixDD>x&IBS<_1,P_Hi#DD>#&IBS<#,2017-03-17,2017-03-17,2017-03-27,1,3211.75,3159.75,-52.00,-55.25,5.75,7,sl
P_HixDD>x&IBS<_2,P_Hi#DD>#&IBS<#,2017-03-21,2017-03-21,2017-03-27,1,3178.75,3176.50,-2.25,-22.25,16.00,5,signal
P_HixDD>x&IBS<_4,P_Hi#DD>#&IBS<#,2017-03-21,2017-03-21,2017-03-27,1,3178.75,3176.50,-2.25,-22.25,16.00,5,signal
ConnorsRSI<x_1,ConnorsRSI<#,2017-03-07,2017-03-07,2017-03-27,1,3202.75,3157.53,-45.22,-46.25,24.75,15,sl
ConnorsRSI<x_3,ConnorsRSI<#,2017-03-21,2017-03-21,2017-03-27,1,3178.75,3159.75,-19.00,-22.25,16.00,5,sl
C<wvwapxsd_4,C<wvwap#sd,2017-03-20,2017-03-20,2017-03-28,1,3208.75,3193.25,-15.50,-52.25,8.75,7,signal
P_HixDD>x&RSIx_1,P_Hi#DD>#&RSI#<#,2017-03-21,2017-03-21,2017-03-28,1,3178.75,3193.25,14.50,-22.25,20.50,6,signal
IBS<x_2,IBS<#,2017-03-17,2017-03-17,2017-03-28,1,3211.75,3193.25,-18.50,-55.25,5.75,8,signal
IBS<x_3,IBS<#,2017-03-17,2017-03-17,2017-03-28,1,3211.75,3193.25,-18.50,-55.25,5.75,8,signal
WRx<x_4,WR#<#,2017-03-21,2017-03-21,2017-03-28,1,3178.75,3193.25,14.50,-22.25,20.50,6,signal
CloseAtxdLow_1,CloseAt#dLow,2017-03-21,2017-03-21,2017-03-28,1,3178.75,3193.25,14.50,-22.25,20.50,6,signal
CloseAtxdLow_3,CloseAt#dLow,2017-03-21,2017-03-21,2017-03-28,1,3178.75,3193.25,14.50,-22.25,20.50,6,signal
CloseAtxdLow_4,CloseAt#dLow,2017-03-21,2017-03-21,2017-03-28,1,3178.75,3193.25,14.50,-22.25,20.50,6,signal
RSIx<x_3,RSI#<#,2017-03-23,2017-03-23,2017-03-28,1,3181.25,3193.91,12.66,-24.75,18.00,4,tp
P_HixDD>x&IBS<_3,P_Hi#DD>#&IBS<#,2017-03-21,2017-03-21,2017-03-28,1,3178.75,3193.25,14.50,-22.25,20.50,6,signal
D01_2,D01,2017-03-21,2017-03-21,2017-03-29,1,3178.75,3196.25,17.50,-22.25,20.50,7,signal
RSIx<x_1,RSI#<#,2017-03-21,2017-03-21,2017-03-29,1,3178.75,3196.25,17.50,-22.25,20.50,7,signal
LMT_RSIx<x_xAT_3,LMT_RSI#<#_#ATR,2017-03-21,2017-03-22,2017-03-30,1,3174.67,3203.25,28.58,-18.17,30.83,7,signal
P_HixDD>x&RSIx_2,P_Hi#DD>#&RSI#<#,2017-03-27,2017-03-27,2017-03-30,1,3176.50,3203.25,26.75,-4.25,29.00,4,signal
P_HixDD>x&RSIx_3,P_Hi#DD>#&RSI#<#,2017-03-27,2017-03-27,2017-03-30,1,3176.50,3203.25,26.75,-4.25,29.00,4,signal
LMT_RSIx<x_xAT_4,LMT_RSI#<#_#ATR,2017-03-24,2017-03-27,2017-04-03,1,3159.75,3187.49,27.74,-3.25,45.75,6,trail
IBS<x_1,IBS<#,2017-03-31,2017-03-31,2017-04-03,1,3197.25,3180.04,-17.21,-18.50,4.75,2,sl
IBS<x_4,IBS<#,2017-03-31,2017-03-31,2017-04-03,1,3197.25,3180.04,-17.21,-18.50,4.75,2,sl
P_HixDD>x&IBS<_4,P_Hi#DD>#&IBS<#,2017-03-31,2017-03-31,2017-04-03,1,3197.25,3193.50,-3.75,-18.50,4.75,2,signal
P_HixDD>x&IBS<_1,P_Hi#DD>#&IBS<#,2017-03-31,2017-03-31,2017-04-04,1,3197.25,3195.00,-2.25,-18.50,4.75,3,signal
P_HixDD>x&IBS<_2,P_Hi#DD>#&IBS<#,2017-03-31,2017-03-31,2017-04-04,1,3197.25,3195.00,-2.25,-18.50,4.75,3,signal
P_HixDD>x&RSIx_4,P_Hi#DD>#&RSI#<#,2017-03-27,2017-03-27,2017-04-05,1,3176.50,3212.53,36.03,-4.25,37.25,8,tp
CloseAtxdLow_2,CloseAt#dLow,2017-03-27,2017-03-27,2017-04-05,1,3176.50,3212.53,36.03,-4.25,37.25,8,tp
LMT_RSIx<x_xAT_2,LMT_RSI#<#_#ATR,2017-04-05,2017-04-06,2017-04-06,1,3182.38,3193.25,10.87,-5.63,17.62,1,time
P_HixDD>x&RSIx_1,P_Hi#DD>#&RSI#<#,2017-04-05,2017-04-05,2017-04-06,1,3187.00,3193.25,6.25,-10.25,13.00,2,signal
IBS<x_3,IBS<#,2017-03-31,2017-03-31,2017-04-06,1,3197.25,3193.25,-4.00,-20.50,16.50,5,signal
D01_2,D01,2017-04-05,2017-04-05,2017-04-06,1,3187.00,3193.25,6.25,-10.25,13.00,2,signal
RSIx<x_1,RSI#<#,2017-04-05,2017-04-05,2017-04-06,1,3187.00,3193.25,6.25,-10.25,13.00,2,signal
C<wvwapxsd_1,C<wvwap#sd,2017-04-05,2017-04-05,2017-04-11,1,3187.00,3189.00,2.00,-15.00,15.00,5,signal
P_HixDD>x&RSIx_3,P_Hi#DD>#&RSI#<#,2017-04-05,2017-04-05,2017-04-11,1,3187.00,3189.00,2.00,-15.00,15.00,5,signal
P_HixDD>x&IBS<_1,P_Hi#DD>#&IBS<#,2017-04-05,2017-04-05,2017-04-11,1,3187.00,3189.00,2.00,-15.00,15.00,5,signal
P_HixDD>x&IBS<_4,P_Hi#DD>#&IBS<#,2017-04-05,2017-04-05,2017-04-11,1,3187.00,3189.00,2.00,-15.00,15.00,5,signal
LMT_RSIx<x_xAT_2,LMT_RSI#<#_#ATR,2017-04-11,2017-04-12,2017-04-12,1,3184.03,3180.00,-4.03,-7.78,11.22,1,time
IBS<x_1,IBS<#,2017-04-05,2017-04-05,2017-04-13,1,3187.00,3168.53,-18.47,-23.00,15.00,7,sl
IBS<x_4,IBS<#,2017-04-05,2017-04-05,2017-04-13,1,3187.00,3168.53,-18.47,-23.00,15.00,7,sl
D01_3,D01,2017-03-28,2017-03-28,2017-04-13,1,3193.25,3165.09,-28.16,-29.25,20.50,13,sl
RSIx<x_4,RSI#<#,2017-04-12,2017-04-12,2017-04-13,1,3180.00,3170.24,-9.76,-16.00,3.75,2,sl
C<dvwapxsd_4,C<dvwap#sd,2017-04-13,2017-04-13,2017-04-17,1,3164.25,3174.12,9.88,-2.75,20.00,2,tp
C<wvwapxsd_1,C<wvwap#sd,2017-04-12,2017-04-12,2017-04-17,1,3180.00,3184.25,4.25,-18.50,4.25,3,signal
C<wvwapxsd_4,C<wvwap#sd,2017-04-05,2017-04-05,2017-04-17,1,3187.00,3184.25,-2.75,-25.50,15.00,8,signal
P_HixDD>x&RSIx_1,P_Hi#DD>#&RSI#<#,2017-04-11,2017-04-11,2017-04-17,1,3189.00,3184.25,-4.75,-27.50,6.25,4,signal
P_HixDD>x&RSIx_3,P_Hi#DD>#&RSI#<#,2017-04-11,2017-04-11,2017-04-17,1,3189.00,3184.25,-4.75,-27.50,6.25,4,signal
IBS<x_2,IBS<#,2017-03-31,2017-03-31,2017-04-17,1,3197.25,3184.25,-13.00,-35.75,16.50,11,signal
WRx<x_3,WR#<#,2017-04-13,2017-04-13,2017-04-17,1,3164.25,3184.25,20.00,-2.75,20.00,2,signal
WRx<x_4,WR#<#,2017-04-13,2017-04-13,2017-04-17,1,3164.25,3184.25,20.00,-2.75,20.00,2,signal
CloseAtxdLow_1,CloseAt#dLow,2017-04-13,2017-04-13,2017-04-17,1,3164.25,3184.25,20.00,-2.75,20.00,2,signal
P_HixDD>x&IBS<_1,P_Hi#DD>#&IBS<#,2017-04-13,2017-04-13,2017-04-17,1,3164.25,3184.25,20.00,-2.75,20.00,2,signal
P_HixDD>x&IBS<_3,P_Hi#DD>#&IBS<#,2017-03-31,2017-03-31,2017-04-17,1,3197.25,3162.82,-34.43,-35.75,16.50,11,sl
P_HixDD>x&IBS<_4,P_Hi#DD>#&IBS<#,2017-04-13,2017-04-13,2017-04-17,1,3164.25,3184.25,20.00,-2.75,20.00,2,signal
RSIx<x_2,RSI#<#,2017-04-13,2017-04-13,2017-04-18,1,3164.25,3175.50,11.25,-2.75,20.00,3,signal
ConnorsRSI<x_2,ConnorsRSI<#,2017-03-21,2017-03-21,2017-04-19,1,3178.75,3173.25,-5.50,-22.25,35.00,21,time
ConnorsRSI<x_4,ConnorsRSI<#,2017-03-21,2017-03-21,2017-04-19,1,3178.75,3173.25,-5.50,-22.25,35.00,21,time
LMT_RSIx<x_xAT_1,LMT_RSI#<#_#ATR,2017-04-12,2017-04-13,2017-04-20,1,3165.36,3191.25,25.89,-3.86,31.64,5,signal
C<wvwapxsd_4,C<wvwap#sd,2017-04-19,2017-04-19,2017-04-20,1,3173.25,3191.25,18.00,-2.25,23.75,2,signal
IBS<x_2,IBS<#,2017-04-19,2017-04-19,2017-04-20,1,3173.25,3191.25,18.00,-2.25,23.75,2,signal
D01_2,D01,2017-04-13,2017-04-13,2017-04-20,1,3164.25,3191.25,27.00,-2.75,32.75,5,signal
RSIx<x_1,RSI#<#,2017-04-11,2017-04-11,2017-04-20,1,3189.00,3191.25,2.25,-27.50,8.00,7,signal
RSIx<x_3,RSI#<#,2017-04-12,2017-04-12,2017-04-20,1,3180.00,3194.64,14.64,-18.50,17.00,6,tp
RSIx<x_4,RSI#<#,2017-04-13,2017-04-13,2017-04-20,1,3164.25,3193.88,29.62,-2.75,32.75,5,tp
P_HixDD>x&IBS<_3,P_Hi#DD>#&IBS<#,2017-04-19,2017-04-19,2017-04-20,1,3173.25,3191.25,18.00,-2.25,23.75,2,signal
P_HixDD>x&IBS<_4,P_Hi#DD>#&IBS<#,2017-04-19,2017-04-19,2017-04-20,1,3173.25,3191.25,18.00,-2.25,23.75,2,signal
C<dvwapxsd_1,C<dvwap#sd,2017-03-23,2017-03-23,2017-04-21,1,3181.25,3184.00,2.75,-24.75,32.50,21,time
IBS<x_1,IBS<#,2017-04-13,2017-04-13,2017-04-24,1,3164.25,3210.25,46.00,-2.75,51.25,7,tp
WRx<x_1,WR#<#,2017-04-13,2017-04-13,2017-04-24,1,3164.25,3210.25,46.00,-2.75,51.25,7,tp
LMT_RSIx<x_xAT_3,LMT_RSI#<#_#ATR,2017-04-12,2017-04-13,2017-04-25,1,3175.00,3223.75,48.75,-13.50,53.00,8,signal
IBS<x_4,IBS<#,2017-04-13,2017-04-13,2017-04-25,1,3164.25,3223.50,59.25,-2.75,63.75,8,tp
CloseAtxdLow_2,CloseAt#dLow,2017-04-05,2017-04-05,2017-04-25,1,3187.00,3223.95,36.95,-25.50,41.00,14,tp
ConnorsRSI<x_1,ConnorsRSI<#,2017-03-27,2017-03-27,2017-04-25,1,3176.50,3223.75,47.25,-15.00,51.50,21,time
ConnorsRSI<x_3,ConnorsRSI<#,2017-04-13,2017-04-13,2017-04-25,1,3164.25,3223.50,59.25,-2.75,63.75,8,tp
IBS<x_3,IBS<#,2017-04-26,2017-04-26,2017-04-27,1,3222.25,3224.00,1.75,-4.75,5.25,2,signal
C<dvwapxsd_3,C<dvwap#sd,2017-03-31,2017-03-31,2017-05-01,1,3197.25,3224.25,27.00,-35.75,36.25,21,time
IBS<x_3,IBS<#,2017-04-28,2017-04-28,2017-05-01,1,3219.00,3224.25,5.25,-3.25,10.50,2,signal
P_HixDD>x&IBS<_1,P_Hi#DD>#&IBS<#,2017-04-19,2017-04-19,2017-05-03,1,3173.25,3222.25,49.00,-2.25,60.25,11,time
C<wvwapxsd_1,C<wvwap#sd,2017-04-19,2017-04-19,2017-05-04,1,3173.25,3224.75,51.50,-2.25,60.25,12,signal
C<wvwapxsd_2,C<wvwap#sd,2017-04-05,2017-04-05,2017-05-04,1,3187.00,3224.75,37.75,-25.50,46.50,21,time
C<wvwapxsd_4,C<wvwap#sd,2017-04-28,2017-04-28,2017-05-05,1,3219.00,3234.50,15.50,-4.75,15.50,6,signal
IBS<x_2,IBS<#,2017-04-26,2017-04-26,2017-05-05,1,3222.25,3234.50,12.25,-8.00,12.25,8,signal
C<wvwapxsd_1,C<wvwap#sd,2017-05-09,2017-05-09,2017-05-10,1,3231.75,3235.25,3.50,-5.50,3.75,2,signal
LMT_RSIx<x_xAT_4,LMT_RSI#<#_#ATR,2017-04-12,2017-04-13,2017-05-11,1,3165.36,3222.75,57.39,-3.86,77.14,20,trail
IBS<x_4,IBS<#,2017-04-26,2017-04-26,2017-05-11,1,3222.25,3222.25,0.00,-8.00,20.25,12,breakeven
WRx<x_2,WR#<#,2017-04-13,2017-04-13,2017-05-11,1,3164.25,3222.75,58.50,-2.75,78.25,20,trail
C<wvwapxsd_4,C<wvwap#sd,2017-05-09,2017-05-09,2017-05-15,1,3231.75,3239.00,7.25,-14.00,9.25,5,signal
D01_3,D01,2017-04-17,2017-04-17,2017-05-15,1,3184.25,3239.00,54.75,-15.25,58.25,21,time
RSIx<x_1,RSI#<#,2017-05-12,2017-05-12,2017-05-15,1,3226.50,3239.00,12.50,-0.25,14.50,2,signal
IBS<x_1,IBS<#,2017-04-26,2017-04-26,2017-05-17,1,3222.25,3202.85,-19.40,-28.75,21.00,16,sl
RSIx<x_3,RSI#<#,2017-05-17,2017-05-17,2017-05-18,1,3194.75,3206.83,12.08,-11.50,19.00,2,tp
RSIx<x_4,RSI#<#,2017-05-17,2017-05-17,2017-05-18,1,3194.75,3186.69,-8.06,-11.50,19.00,2,sl
C<dvwapxsd_1,C<dvwap#sd,2017-04-21,2017-04-21,2017-05-19,1,3184.00,3218.75,34.75,-0.75,59.25,21,time
C<wvwapxsd_4,C<wvwap#sd,2017-05-17,2017-05-17,2017-05-19,1,3194.75,3218.75,24.00,-11.50,32.00,3,signal
P_HixDD>x&RSIx_1,P_Hi#DD>#&RSI#<#,2017-05-17,2017-05-17,2017-05-19,1,3194.75,3218.75,24.00,-11.50,32.00,3,signal
IBS<x_2,IBS<#,2017-05-17,2017-05-17,2017-05-19,1,3194.75,3218.75,24.00,-11.50,32.00,3,signal
IBS<x_3,IBS<#,2017-05-17,2017-05-17,2017-05-19,1,3194.75,3218.75,24.00,-11.50,32.00,3,signal
WRx<x_3,WR#<#,2017-05-17,2017-05-17,2017-05-19,1,3194.75,3218.75,24.00,-11.50,32.00,3,signal
WRx<x_4,WR#<#,2017-05-17,2017-05-17,2017-05-19,1,3194.75,3218.75,24.00,-11.50,32.00,3,signal
P_HixDD>x&IBS<_4,P_Hi#DD>#&IBS<#,2017-05-17,2017-05-17,2017-05-19,1,3194.75,3218.75,24.00,-11.50,32.00,3,signal
IBS<x_1,IBS<#,2017-05-17,2017-05-17,2017-05-22,1,3194.75,3226.97,32.22,-11.50,38.25,4,tp
WRx<x_1,WR#<#,2017-05-17,2017-05-17,2017-05-22,1,3194.75,3226.97,32.22,-11.50,38.25,4,tp
D01_2,D01,2017-05-17,2017-05-17,2017-05-22,1,3194.75,3231.00,36.25,-11.50,38.25,4,signal
CloseAtxdLow_2,CloseAt#dLow,2017-05-17,2017-05-17,2017-05-22,1,3194.75,3226.97,32.22,-11.50,38.25,4,tp
CloseAtxdLow_3,CloseAt#dLow,2017-05-17,2017-05-17,2017-05-22,1,3194.75,3231.00,36.25,-11.50,38.25,4,signal
RSIx<x_1,RSI#<#,2017-05-17,2017-05-17,2017-05-22,1,3194.75,3231.00,36.25,-11.50,38.25,4,signal
P_HixDD>x&IBS<_3,P_Hi#DD>#&IBS<#,2017-05-17,2017-05-17,2017-05-22,1,3194.75,3231.00,36.25,-11.50,38.25,4,signal
ConnorsRSI<x_4,ConnorsRSI<#,2017-05-17,2017-05-17,2017-05-22,1,3194.75,3231.00,36.25,-11.50,38.25,4,tp
LMT_RSIx<x_xAT_3,LMT_RSI#<#_#ATR,2017-05-17,2017-05-18,2017-05-24,1,3190.72,3241.25,50.53,-7.47,52.03,5,signal
C<wvwapxsd_1,C<wvwap#sd,2017-05-11,2017-05-11,2017-05-24,1,3230.50,3241.25,10.75,-47.25,12.75,10,signal
P_HixDD>x&RSIx_2,P_Hi#DD>#&RSI#<#,2017-05-17,2017-05-17,2017-05-24,1,3194.75,3241.25,46.50,-11.50,48.00,6,signal
P_HixDD>x&RSIx_3,P_Hi#DD>#&RSI#<#,2017-05-17,2017-05-17,2017-05-24,1,3194.75,3241.25,46.50,-11.50,48.00,6,signal
P_HixDD>x&IBS<_1,P_Hi#DD>#&IBS<#,2017-05-17,2017-05-17,2017-05-24,1,3194.75,3241.25,46.50,-11.50,48.00,6,signal
P_HixDD>x&IBS<_2,P_Hi#DD>#&IBS<#,2017-05-17,2017-05-17,2017-05-24,1,3194.75,3241.25,46.50,-11.50,48.00,6,signal
IBS<x_4,IBS<#,2017-05-17,2017-05-17,2017-05-25,1,3194.75,3247.25,52.50,-11.50,61.75,7,tp
IBS<x_3,IBS<#,2017-05-29,2017-05-29,2017-05-30,1,3253.00,3250.50,-2.50,-6.50,0.50,2,signal
C<wvwapxsd_1,C<wvwap#sd,2017-05-29,2017-05-29,2017-06-01,1,3253.00,3268.50,15.50,-11.50,15.50,4,signal
C<wvwapxsd_4,C<wvwap#sd,2017-05-29,2017-05-29,2017-06-01,1,3253.00,3268.50,15.50,-11.50,15.50,4,signal
IBS<x_2,IBS<#,2017-05-29,2017-05-29,2017-06-01,1,3253.00,3268.50,15.50,-11.50,15.50,4,signal
D01_3,D01,2017-05-19,2017-05-19,2017-06-02,1,3218.75,3269.49,50.74,-1.75,59.75,11,tp
C<wvwapxsd_2,C<wvwap#sd,2017-05-09,2017-05-09,2017-06-06,1,3231.75,3267.50,35.75,-48.50,46.75,21,time
D01_2,D01,2017-06-06,2017-06-06,2017-06-07,1,3267.50,3271.00,3.50,-4.75,6.25,2,signal
C<wvwapxsd_3,C<wvwap#sd,2017-06-06,2017-06-06,2017-06-09,1,3267.50,3260.05,-7.45,-14.00,17.00,4,sl
IBS<x_1,IBS<#,2017-05-29,2017-05-29,2017-06-09,1,3253.00,3283.47,30.47,-11.50,31.50,10,tp
WRx<x_2,WR#<#,2017-05-17,2017-05-17,2017-06-09,1,3194.75,3262.39,67.64,-11.50,89.75,18,trail
C<wvwapxsd_1,C<wvwap#sd,2017-06-05,2017-06-05,2017-06-12,1,3274.50,3267.75,-6.75,-21.00,10.00,6,signal
C<wvwapxsd_4,C<wvwap#sd,2017-06-05,2017-06-05,2017-06-13,1,3274.50,3279.50,5.00,-21.00,10.00,7,signal
P_HixDD>x&RSIx_1,P_Hi#DD>#&RSI#<#,2017-06-12,2017-06-12,2017-06-13,1,3267.75,3279.50,11.75,-1.50,12.50,2,signal
P_HixDD>x&RSIx_2,P_Hi#DD>#&RSI#<#,2017-06-12,2017-06-12,2017-06-13,1,3267.75,3279.50,11.75,-1.50,12.50,2,signal
IBS<x_3,IBS<#,2017-06-06,2017-06-06,2017-06-13,1,3267.50,3279.50,12.00,-14.00,17.00,6,signal
RSIx<x_1,RSI#<#,2017-06-12,2017-06-12,2017-06-13,1,3267.75,3279.50,11.75,-1.50,12.50,2,signal
ConnorsRSI<x_1,ConnorsRSI<#,2017-05-17,2017-05-17,2017-06-14,1,3194.75,3276.50,81.75,-11.50,89.75,21,time
RSIx<x_1,RSI#<#,2017-06-16,2017-06-16,2017-06-19,1,3271.50,3291.50,20.00,-0.75,21.00,2,signal
D01_2,D01,2017-06-20,2017-06-20,2017-06-23,1,3275.75,3276.50,0.75,-6.75,5.25,4,signal
RSIx<x_1,RSI#<#,2017-06-22,2017-06-22,2017-06-23,1,3273.00,3276.50,3.50,-3.75,6.75,2,signal
IBS<x_3,IBS<#,2017-06-20,2017-06-20,2017-06-26,1,3275.75,3277.25,1.50,-6.75,12.75,5,signal
IBS<x_4,IBS<#,2017-05-29,2017-05-29,2017-06-26,1,3253.00,3277.25,24.25,-11.50,39.50,21,time
C<wvwapxsd_3,C<wvwap#sd,2017-06-20,2017-06-20,2017-06-27,1,3275.75,3268.75,-7.00,-18.25,12.75,6,sl
IBS<x_1,IBS<#,2017-06-20,2017-06-20,2017-06-27,1,3275.75,3261.75,-14.00,-18.25,12.75,6,sl
C<wvwapxsd_1,C<wvwap#sd,2017-06-20,2017-06-20,2017-06-28,1,3275.75,3278.75,3.00,-21.00,12.75,7,signal
C<wvwapxsd_3,C<wvwap#sd,2017-06-27,2017-06-27,2017-06-28,1,3258.25,3281.29,23.04,-3.50,23.25,2,tp
C<wvwapxsd_4,C<wvwap#sd,2017-06-20,2017-06-20,2017-06-28,1,3275.75,3278.75,3.00,-21.00,12.75,7,signal
P_HixDD>x&RSIx_1,P_Hi#DD>#&RSI#<#,2017-06-27,2017-06-27,2017-06-28,1,3258.25,3278.75,20.50,-3.50,23.25,2,signal
P_HixDD>x&RSIx_2,P_Hi#DD>#&RSI#<#,2017-06-27,2017-06-27,2017-06-28,1,3258.25,3278.75,20.50,-3.50,23.25,2,signal
P_HixDD>x&RSIx_3,P_Hi#DD>#&RSI#<#,2017-06-27,2017-06-27,2017-06-28,1,3258.25,3278.75,20.50,-3.50,23.25,2,signal
IBS<x_2,IBS<#,2017-06-20,2017-06-20,2017-06-28,1,3275.75,3278.75,3.00,-21.00,12.75,7,signal
IBS<x_3,IBS<#,2017-06-26,2017-06-26,2017-06-28,1,3277.25,3278.75,1.50,-22.50,4.25,3,signal
WRx<x_3,WR#<#,2017-06-27,2017-06-27,2017-06-28,1,3258.25,3278.75,20.50,-3.50,23.25,2,signal
WRx<x_4,WR#<#,2017-06-27,2017-06-27,2017-06-28,1,3258.25,3278.75,20.50,-3.50,23.25,2,signal
D01_2,D01,2017-06-27,2017-06-27,2017-06-28,1,3258.25,3278.75,20.50,-3.50,23.25,2,signal
CloseAtxdLow_4,CloseAt#dLow,2017-06-27,2017-06-27,2017-06-28,1,3258.25,3278.75,20.50,-3.50,23.25,2,signal
RSIx<x_1,RSI#<#,2017-06-27,2017-06-27,2017-06-28,1,3258.25,3278.75,20.50,-3.50,23.25,2,signal
RSIx<x_3,RSI#<#,2017-06-27,2017-06-27,2017-06-28,1,3258.25,3269.77,11.52,-3.50,23.25,2,tp
P_HixDD>x&IBS<_1,P_Hi#DD>#&IBS<#,2017-06-20,2017-06-20,2017-06-28,1,3275.75,3278.75,3.00,-21.00,12.75,7,signal
P_HixDD>x&IBS<_2,P_Hi#DD>#&IBS<#,2017-06-27,2017-06-27,2017-06-28,1,3258.25,3278.75,20.50,-3.50,23.25,2,signal
P_HixDD>x&IBS<_4,P_Hi#DD>#&IBS<#,2017-06-20,2017-06-20,2017-06-28,1,3275.75,3278.75,3.00,-21.00,12.75,7,signal
C<dvwapxsd_1,C<dvwap#sd,2017-06-05,2017-06-05,2017-06-29,1,3274.50,3252.02,-22.48,-31.25,18.00,19,sl
P_HixDD>x&RSIx_4,P_Hi#DD>#&RSI#<#,2017-06-27,2017-06-27,2017-06-29,1,3258.25,3258.25,0.00,-15.00,27.75,3,breakeven
IBS<x_1,IBS<#,2017-06-27,2017-06-27,2017-06-29,1,3258.25,3258.25,0.00,-15.00,27.75,3,breakeven
IBS<x_4,IBS<#,2017-06-27,2017-06-27,2017-06-29,1,3258.25,3258.25,0.00,-15.00,27.75,3,breakeven
WRx<x_1,WR#<#,2017-06-27,2017-06-27,2017-06-29,1,3258.25,3258.25,0.00,-15.00,27.75,3,breakeven
WRx<x_2,WR#<#,2017-06-27,2017-06-27,2017-06-29,1,3258.25,3266.14,7.89,-15.00,27.75,3,trail
D01_3,D01,2017-06-28,2017-06-28,2017-06-29,1,3278.75,3254.75,-24.00,-35.50,7.25,2,sl
P_HixDD>x&IBS<_3,P_Hi#DD>#&IBS<#,2017-06-20,2017-06-20,2017-06-29,1,3275.75,3247.75,-28.00,-32.50,12.75,8,sl
IBS<x_3,IBS<#,2017-06-30,2017-06-30,2017-07-03,1,3261.50,3264.75,3.25,-2.00,16.00,2,signal
D01_1,D01,2017-06-28,2017-06-28,2017-07-03,1,3278.75,3264.75,-14.00,-35.50,7.25,4,signal
CloseAtxdLow_1,CloseAt#dLow,2017-06-29,2017-06-29,2017-07-03,1,3257.75,3264.75,7.00,-1.75,19.75,3,signal
CloseAtxdLow_4,CloseAt#dLow,2017-06-29,2017-06-29,2017-07-03,1,3257.75,3264.75,7.00,-1.75,19.75,3,signal
C<dvwapxsd_3,C<dvwap#sd,2017-06-06,2017-06-06,2017-07-04,1,3267.50,3266.25,-1.25,-24.25,25.00,21,time
C<wvwapxsd_2,C<wvwap#sd,2017-06-06,2017-06-06,2017-07-04,1,3267.50,3266.25,-1.25,-24.25,25.00,21,time
D01_2,D01,2017-06-29,2017-06-29,2017-07-05,1,3257.75,3270.50,12.75,-1.75,19.75,5,signal
D01_4,D01,2017-06-27,2017-06-27,2017-07-05,1,3258.25,3270.50,12.25,-15.00,27.75,7,signal
CloseAtxdLow_3,CloseAt#dLow,2017-06-27,2017-06-27,2017-07-05,1,3258.25,3270.50,12.25,-15.00,27.75,7,signal
RSIx<x_1,RSI#<#,2017-06-29,2017-06-29,2017-07-05,1,3257.75,3270.50,12.75,-1.75,19.75,5,signal
P_HixDD>x&IBS<_3,P_Hi#DD>#&IBS<#,2017-06-30,2017-06-30,2017-07-05,1,3261.50,3270.50,9.00,-2.00,16.00,4,signal
P_HixDD>x&IBS<_4,P_Hi#DD>#&IBS<#,2017-06-30,2017-06-30,2017-07-05,1,3261.50,3270.50,9.00,-2.00,16.00,4,signal
C<wvwapxsd_1,C<wvwap#sd,2017-06-29,2017-06-29,2017-07-07,1,3257.75,3263.75,6.00,-11.50,19.75,7,signal
C<wvwapxsd_4,C<wvwap#sd,2017-06-29,2017-06-29,2017-07-07,1,3257.75,3263.75,6.00,-11.50,19.75,7,signal
P_HixDD>x&RSIx_1,P_Hi#DD>#&RSI#<#,2017-07-06,2017-07-06,2017-07-07,1,3249.00,3263.75,14.75,-0.50,17.00,2,signal
P_HixDD>x&RSIx_3,P_Hi#DD>#&RSI#<#,2017-07-06,2017-07-06,2017-07-07,1,3249.00,3263.75,14.75,-0.50,17.00,2,signal
IBS<x_2,IBS<#,2017-06-30,2017-06-30,2017-07-07,1,3261.50,3263.75,2.25,-15.25,16.00,6,signal
CloseAtxdLow_1,CloseAt#dLow,2017-07-06,2017-07-06,2017-07-07,1,3249.00,3263.75,14.75,-0.50,17.00,2,signal
P_HixDD>x&IBS<_1,P_Hi#DD>#&IBS<#,2017-06-30,2017-06-30,2017-07-07,1,3261.50,3263.75,2.25,-15.25,16.00,6,signal
P_HixDD>x&IBS<_4,P_Hi#DD>#&IBS<#,2017-07-06,2017-07-06,2017-07-07,1,3249.00,3263.75,14.75,-0.50,17.00,2,signal
D01_2,D01,2017-07-06,2017-07-06,2017-07-10,1,3249.00,3266.50,17.50,-0.50,22.00,3,signal
RSIx<x_1,RSI#<#,2017-07-06,2017-07-06,2017-07-10,1,3249.00,3266.50,17.50,-0.50,22.00,3,signal
P_HixDD>x&IBS<_3,P_Hi#DD>#&IBS<#,2017-07-06,2017-07-06,2017-07-12,1,3249.00,3282.25,33.25,-0.50,35.75,5,signal
IBS<x_1,IBS<#,2017-06-30,2017-06-30,2017-07-14,1,3261.50,3296.03,34.53,-15.25,40.75,11,tp
CloseAtxdLow_2,CloseAt#dLow,2017-06-27,2017-06-27,2017-07-14,1,3258.25,3288.97,30.72,-15.00,44.00,14,tp
ConnorsRSI<x_2,ConnorsRSI<#,2017-06-27,2017-06-27,2017-07-14,1,3258.25,3292.82,34.57,-15.00,44.00,14,tp
ConnorsRSI<x_4,ConnorsRSI<#,2017-06-27,2017-06-27,2017-07-14,1,3258.25,3292.82,34.57,-15.00,44.00,14,tp
C<wvwapxsd_1,C<wvwap#sd,2017-07-17,2017-07-17,2017-07-18,1,3297.50,3299.00,1.50,-8.50,4.00,2,signal
C<dvwapxsd_1,C<dvwap#sd,2017-06-29,2017-06-29,2017-07-19,1,3257.75,3309.24,51.49,-11.50,54.25,15,tp
C<wvwapxsd_4,C<wvwap#sd,2017-07-17,2017-07-17,2017-07-19,1,3297.50,3311.75,14.25,-8.50,14.50,3,signal
ConnorsRSI<x_1,ConnorsRSI<#,2017-06-27,2017-06-27,2017-07-25,1,3258.25,3315.50,57.25,-15.00,61.50,21,time
D01_3,D01,2017-07-04,2017-07-04,2017-07-26,1,3266.25,3319.91,53.66,-20.00,54.50,17,tp
LMT_RSIx<x_xAT_2,LMT_RSI#<#_#ATR,2017-07-28,2017-07-31,2017-07-31,1,3306.50,3308.50,2.00,-0.25,9.50,1,time
C<wvwapxsd_2,C<wvwap#sd,2017-07-04,2017-07-04,2017-08-01,1,3266.25,3314.00,47.75,-20.00,55.25,21,time
IBS<x_3,IBS<#,2017-07-31,2017-07-31,2017-08-01,1,3308.50,3314.00,5.50,-1.25,9.75,2,signal
D01_2,D01,2017-07-31,2017-07-31,2017-08-01,1,3308.50,3314.00,5.50,-1.25,9.75,2,signal
CloseAtxdLow_3,CloseAt#dLow,2017-07-28,2017-07-28,2017-08-01,1,3310.00,3314.00,4.00,-3.75,8.25,3,signal
RSIx<x_1,RSI#<#,2017-07-28,2017-07-28,2017-08-01,1,3310.00,3314.00,4.00,-3.75,8.25,3,signal
C<wvwapxsd_1,C<wvwap#sd,2017-07-28,2017-07-28,2017-08-02,1,3310.00,3315.00,5.00,-5.75,8.25,4,signal
C<wvwapxsd_4,C<wvwap#sd,2017-07-28,2017-07-28,2017-08-04,1,3310.00,3314.75,4.75,-5.75,8.75,6,signal
RSIx<x_1,RSI#<#,2017-08-03,2017-08-03,2017-08-04,1,3310.75,3314.75,4.00,-2.00,8.00,2,signal
C<wvwapxsd_1,C<wvwap#sd,2017-08-03,2017-08-03,2017-08-07,1,3310.75,3318.75,8.00,-2.00,8.50,3,signal
C<wvwapxsd_1,C<wvwap#sd,2017-08-08,2017-08-08,2017-08-09,1,3313.00,3312.25,-0.75,-13.00,1.25,2,signal
IBS<x_1,IBS<#,2017-07-31,2017-07-31,2017-08-09,1,3308.50,3304.50,-4.00,-8.50,21.00,8,breakeven
P_HixDD>x&IBS<_1,P_Hi#DD>#&IBS<#,2017-08-08,2017-08-08,2017-08-09,1,3313.00,3312.25,-0.75,-13.00,1.25,2,signal
C<dvwapxsd_1,C<dvwap#sd,2017-07-26,2017-07-26,2017-08-10,1,3315.75,3293.06,-22.69,-39.00,13.75,12,sl
CloseAtxdLow_2,CloseAt#dLow,2017-07-28,2017-07-28,2017-08-10,1,3310.00,3282.03,-27.97,-33.25,19.50,10,sl
RSIx<x_1,RSI#<#,2017-08-09,2017-08-09,2017-08-10,1,3312.25,3288.18,-24.07,-35.50,3.25,2,sl
P_HixDD>x&IBS<_3,P_Hi#DD>#&IBS<#,2017-08-08,2017-08-08,2017-08-10,1,3313.00,3288.22,-24.78,-36.25,2.50,3,sl
P_HixDD>x&IBS<_4,P_Hi#DD>#&IBS<#,2017-08-08,2017-08-08,2017-08-10,1,3313.00,3288.22,-24.78,-36.25,2.50,3,sl
C<wvwapxsd_2,C<wvwap#sd,2017-08-03,2017-08-03,2017-08-11,1,3310.75,3272.39,-38.36,-39.50,18.75,7,sl
C<wvwapxsd_4,C<wvwap#sd,2017-08-08,2017-08-08,2017-08-14,1,3313.00,3304.50,-8.50,-41.75,2.50,5,signal
P_HixDD>x&RSIx_1,P_Hi#DD>#&RSI#<#,2017-08-10,2017-08-10,2017-08-14,1,3277.50,3304.50,27.00,-6.25,30.00,3,signal
IBS<x_1,IBS<#,2017-08-10,2017-08-10,2017-08-14,1,3277.50,3304.65,27.15,-6.25,30.00,3,tp
IBS<x_2,IBS<#,2017-08-10,2017-08-10,2017-08-14,1,3277.50,3304.50,27.00,-6.25,30.00,3,signal
IBS<x_3,IBS<#,2017-08-08,2017-08-08,2017-08-14,1,3313.00,3304.50,-8.50,-41.75,2.50,5,signal
WRx<x_1,WR#<#,2017-08-10,2017-08-10,2017-08-14,1,3277.50,3304.65,27.15,-6.25,30.00,3,tp
WRx<x_3,WR#<#,2017-08-10,2017-08-10,2017-08-14,1,3277.50,3304.50,27.00,-6.25,30.00,3,signal
WRx<x_4,WR#<#,2017-08-10,2017-08-10,2017-08-14,1,3277.50,3304.50,27.00,-6.25,30.00,3,signal
CloseAtxdLow_1,CloseAt#dLow,2017-08-10,2017-08-10,2017-08-14,1,3277.50,3304.50,27.00,-6.25,30.00,3,signal
CloseAtxdLow_2,CloseAt#dLow,2017-08-10,2017-08-10,2017-08-14,1,3277.50,3304.65,27.15,-6.25,30.00,3,tp
RSIx<x_3,RSI#<#,2017-08-10,2017-08-10,2017-08-14,1,3277.50,3295.25,17.75,-6.25,30.00,3,tp
RSIx<x_4,RSI#<#,2017-08-10,2017-08-10,2017-08-14,1,3277.50,3297.86,20.36,-6.25,30.00,3,tp
P_HixDD>x&IBS<_3,P_Hi#DD>#&IBS<#,2017-08-10,2017-08-10,2017-08-14,1,3277.50,3304.50,27.00,-6.25,30.00,3,signal
P_HixDD>x&IBS<_4,P_Hi#DD>#&IBS<#,2017-08-10,2017-08-10,2017-08-14,1,3277.50,3304.50,27.00,-6.25,30.00,3,signal
RSIx<x_2,RSI#<#,2017-08-10,2017-08-10,2017-08-15,1,3277.50,3309.25,31.75,-6.25,30.00,4,signal
ConnorsRSI<x_4,ConnorsRSI<#,2017-08-10,2017-08-10,2017-08-15,1,3277.50,3309.25,31.75,-6.25,36.75,4,tp
D01_2,D01,2017-08-08,2017-08-08,2017-08-16,1,3313.00,3308.25,-4.75,-41.75,2.50,7,signal
RSIx<x_1,RSI#<#,2017-08-10,2017-08-10,2017-08-16,1,3277.50,3308.25,30.75,-6.25,37.50,5,signal
IBS<x_4,IBS<#,2017-08-10,2017-08-10,2017-08-17,1,3277.50,3277.50,0.00,-7.75,37.50,6,breakeven
WRx<x_2,WR#<#,2017-08-10,2017-08-10,2017-08-17,1,3277.50,3301.43,23.93,-7.75,37.50,6,trail
D01_3,D01,2017-08-14,2017-08-14,2017-08-17,1,3304.50,3282.77,-21.73,-34.75,10.50,4,sl
C<dvwapxsd_3,C<dvwap#sd,2017-07-31,2017-07-31,2017-08-18,1,3308.50,3267.50,-41.00,-48.00,21.00,15,sl
ConnorsRSI<x_3,ConnorsRSI<#,2017-08-10,2017-08-10,2017-08-18,1,3277.50,3263.93,-13.57,-17.00,37.50,7,sl
C<dvwapxsd_1,C<dvwap#sd,2017-08-10,2017-08-10,2017-08-21,1,3277.50,3257.14,-20.36,-20.75,37.50,8,sl
WRx<x_2,WR#<#,2017-08-17,2017-08-17,2017-08-21,1,3270.00,3264.62,-5.38,-13.25,10.50,3,trail
WRx<x_3,WR#<#,2017-08-17,2017-08-17,2017-08-21,1,3270.00,3267.75,-2.25,-13.25,10.50,3,signal
P_HixDD>x&IBS<_4,P_Hi#DD>#&IBS<#,2017-08-17,2017-08-17,2017-08-21,1,3270.00,3267.75,-2.25,-13.25,10.50,3,signal
C<wvwapxsd_1,C<wvwap#sd,2017-08-09,2017-08-09,2017-08-22,1,3312.25,3292.25,-20.00,-55.50,3.25,10,signal
C<wvwapxsd_4,C<wvwap#sd,2017-08-17,2017-08-17,2017-08-22,1,3270.00,3292.25,22.25,-13.25,25.00,4,signal
P_HixDD>x&RSIx_1,P_Hi#DD>#&RSI#<#,2017-08-17,2017-08-17,2017-08-22,1,3270.00,3292.25,22.25,-13.25,25.00,4,signal
P_HixDD>x&RSIx_3,P_Hi#DD>#&RSI#<#,2017-08-10,2017-08-10,2017-08-22,1,3277.50,3292.25,14.75,-20.75,37.50,9,signal
IBS<x_2,IBS<#,2017-08-17,2017-08-17,2017-08-22,1,3270.00,3292.25,22.25,-13.25,25.00,4,signal
WRx<x_4,WR#<#,2017-08-17,2017-08-17,2017-08-22,1,3270.00,3292.25,22.25,-13.25,25.00,4,signal
D01_2,D01,2017-08-17,2017-08-17,2017-08-22,1,3270.00,3292.25,22.25,-13.25,25.00,4,signal
CloseAtxdLow_1,CloseAt#dLow,2017-08-17,2017-08-17,2017-08-22,1,3270.00,3292.25,22.25,-13.25,25.00,4,signal
RSIx<x_1,RSI#<#,2017-08-17,2017-08-17,2017-08-22,1,3270.00,3292.25,22.25,-13.25,25.00,4,signal
RSIx<x_3,RSI#<#,2017-08-17,2017-08-17,2017-08-22,1,3270.00,3281.91,11.91,-13.25,25.00,4,tp
P_HixDD>x&IBS<_1,P_Hi#DD>#&IBS<#,2017-08-10,2017-08-10,2017-08-22,1,3277.50,3292.25,14.75,-20.75,37.50,9,signal
P_HixDD>x&IBS<_3,P_Hi#DD>#&IBS<#,2017-08-17,2017-08-17,2017-08-22,1,3270.00,3292.25,22.25,-13.25,25.00,4,signal
P_HixDD>x&IBS<_4,P_Hi#DD>#&IBS<#,2017-08-24,2017-08-24,2017-08-25,1,3278.50,3283.50,5.00,-0.25,16.00,2,signal
P_HixDD>x&IBS<_4,P_Hi#DD>#&IBS<#,2017-08-25,2017-08-25,2017-08-28,1,3283.50,3284.25,0.75,-6.25,6.75,2,signal
C<wvwapxsd_1,C<wvwap#sd,2017-08-24,2017-08-24,2017-08-29,1,3278.50,3286.25,7.75,-16.50,16.00,4,signal
IBS<x_1,IBS<#,2017-08-17,2017-08-17,2017-08-29,1,3270.00,3269.25,-0.75,-13.25,25.75,9,breakeven
IBS<x_4,IBS<#,2017-08-17,2017-08-17,2017-08-29,1,3270.00,3269.25,-0.75,-13.25,25.75,9,breakeven
WRx<x_1,WR#<#,2017-08-17,2017-08-17,2017-08-29,1,3270.00,3269.25,-0.75,-13.25,25.75,9,breakeven
D01_3,D01,2017-08-22,2017-08-22,2017-08-29,1,3292.25,3266.09,-26.16,-30.25,3.50,6,sl
P_HixDD>x&IBS<_1,P_Hi#DD>#&IBS<#,2017-08-24,2017-08-24,2017-08-29,1,3278.50,3286.25,7.75,-16.50,16.00,4,signal
P_HixDD>x&IBS<_3,P_Hi#DD>#&IBS<#,2017-08-24,2017-08-24,2017-08-29,1,3278.50,3286.25,7.75,-16.50,16.00,4,signal
LMT_RSIx<x_xAT_3,LMT_RSI#<#_#ATR,2017-08-10,2017-08-11,2017-08-30,1,3274.11,3297.75,23.64,-17.36,40.89,14,signal
C<wvwapxsd_4,C<wvwap#sd,2017-08-24,2017-08-24,2017-08-30,1,3278.50,3297.75,19.25,-16.50,22.25,5,signal
IBS<x_2,IBS<#,2017-08-25,2017-08-25,2017-08-30,1,3283.50,3297.75,14.25,-21.50,17.25,4,signal
CloseAtxdLow_2,CloseAt#dLow,2017-08-17,2017-08-17,2017-08-31,1,3270.00,3304.75,34.75,-13.25,45.25,11,tp
ConnorsRSI<x_4,ConnorsRSI<#,2017-08-17,2017-08-17,2017-08-31,1,3270.00,3305.72,35.72,-13.25,45.25,11,tp
IBS<x_3,IBS<#,2017-09-01,2017-09-01,2017-09-04,1,3316.00,3309.00,-7.00,-14.75,0.50,2,signal
IBS<x_1,IBS<#,2017-09-01,2017-09-01,2017-09-05,1,3316.00,3296.56,-19.44,-29.50,0.50,3,sl
RSIx<x_1,RSI#<#,2017-09-05,2017-09-05,2017-09-06,1,3298.00,3306.25,8.25,-0.50,12.00,2,signal
C<wvwapxsd_2,C<wvwap#sd,2017-08-11,2017-08-11,2017-09-08,1,3280.75,3302.00,21.25,-24.00,40.00,21,time
C<wvwapxsd_1,C<wvwap#sd,2017-09-05,2017-09-05,2017-09-11,1,3298.00,3328.00,30.00,-0.50,31.50,5,signal
C<wvwapxsd_4,C<wvwap#sd,2017-09-05,2017-09-05,2017-09-11,1,3298.00,3328.00,30.00,-0.50,31.50,5,signal
P_HixDD>x&RSIx_1,P_Hi#DD>#&RSI#<#,2017-09-05,2017-09-05,2017-09-11,1,3298.00,3328.00,30.00,-0.50,31.50,5,signal
P_HixDD>x&RSIx_2,P_Hi#DD>#&RSI#<#,2017-09-05,2017-09-05,2017-09-11,1,3298.00,3328.00,30.00,-0.50,31.50,5,signal
C<dvwapxsd_1,C<dvwap#sd,2017-08-23,2017-08-23,2017-09-12,1,3283.50,3336.97,53.47,-21.50,53.50,15,tp
ConnorsRSI<x_2,ConnorsRSI<#,2017-09-05,2017-09-05,2017-09-18,1,3298.00,3343.50,45.50,-0.50,50.50,10,tp
ConnorsRSI<x_4,ConnorsRSI<#,2017-09-05,2017-09-05,2017-09-18,1,3298.00,3343.50,45.50,-0.50,50.50,10,tp
LMT_RSIx<x_xAT_2,LMT_RSI#<#_#ATR,2017-09-21,2017-09-22,2017-09-22,1,3337.75,3341.50,3.75,-3.25,6.50,1,time
D01_2,D01,2017-09-21,2017-09-21,2017-09-22,1,3341.50,3341.50,0.00,-7.00,2.75,2,signal
RSIx<x_1,RSI#<#,2017-09-21,2017-09-21,2017-09-22,1,3341.50,3341.50,0.00,-7.00,2.75,2,signal
LMT_RSIx<x_xAT_2,LMT_RSI#<#_#ATR,2017-09-22,2017-09-25,2017-09-25,1,3338.06,3336.75,-1.31,-10.56,8.94,1,time
C<wvwapxsd_4,C<wvwap#sd,2017-09-21,2017-09-21,2017-09-27,1,3341.50,3347.25,5.75,-14.00,10.25,5,signal
CloseAtxdLow_3,CloseAt#dLow,2017-09-25,2017-09-25,2017-09-27,1,3336.75,3347.25,10.50,-2.00,15.00,3,signal
CloseAtxdLow_4,CloseAt#dLow,2017-09-25,2017-09-25,2017-09-27,1,3336.75,3347.25,10.50,-2.00,15.00,3,signal
RSIx<x_1,RSI#<#,2017-09-22,2017-09-22,2017-09-27,1,3341.50,3347.25,5.75,-14.00,10.25,4,signal
C<wvwapxsd_1,C<wvwap#sd,2017-09-21,2017-09-21,2017-09-28,1,3341.50,3349.50,8.00,-14.00,10.25,6,signal
D01_3,D01,2017-09-05,2017-09-05,2017-09-29,1,3298.00,3358.30,60.30,-0.50,61.50,19,tp
CloseAtxdLow_2,CloseAt#dLow,2017-09-25,2017-09-25,2017-10-02,1,3336.75,3364.95,28.20,-2.00,32.50,6,tp
ConnorsRSI<x_1,ConnorsRSI<#,2017-09-05,2017-09-05,2017-10-03,1,3298.00,3374.50,76.50,-0.50,77.00,21,time
ConnorsRSI<x_4,ConnorsRSI<#,2017-09-21,2017-09-21,2017-10-03,1,3341.50,3373.22,31.72,-14.00,33.50,9,tp
C<dvwapxsd_1,C<dvwap#sd,2017-09-21,2017-09-21,2017-10-05,1,3341.50,3383.80,42.30,-14.00,51.00,11,tp
C<wvwapxsd_2,C<wvwap#sd,2017-09-08,2017-09-08,2017-10-06,1,3302.00,3389.25,87.25,-0.25,91.25,21,time
C<wvwapxsd_1,C<wvwap#sd,2017-10-09,2017-10-09,2017-10-11,1,3385.25,3395.75,10.50,-0.25,10.50,3,signal
IBS<x_3,IBS<#,2017-10-13,2017-10-13,2017-10-16,1,3394.25,3398.00,3.75,-1.00,6.00,2,signal
C<wvwapxsd_4,C<wvwap#sd,2017-10-09,2017-10-09,2017-10-18,1,3385.25,3401.75,16.50,-0.25,19.50,8,signal
LMT_RSIx<x_xAT_4,LMT_RSI#<#_#ATR,2017-09-22,2017-09-25,2017-10-19,1,3331.17,3390.65,59.48,-3.67,73.58,19,trail
C<dvwapxsd_3,C<dvwap#sd,2017-09-21,2017-09-21,2017-10-19,1,3341.50,3402.75,61.25,-14.00,63.25,21,time
IBS<x_1,IBS<#,2017-10-13,2017-10-13,2017-10-20,1,3394.25,3415.55,21.30,-9.25,21.50,6,tp
C<dvwapxsd_1,C<dvwap#sd,2017-10-09,2017-10-09,2017-10-23,1,3385.25,3419.25,34.00,-0.25,34.50,11,tp
IBS<x_3,IBS<#,2017-10-23,2017-10-23,2017-10-24,1,3406.00,3410.00,4.00,-2.00,6.75,2,signal
D01_2,D01,2017-10-23,2017-10-23,2017-10-24,1,3406.00,3410.00,4.00,-2.00,6.75,2,signal
C<dvwapxsd_1,C<dvwap#sd,2017-10-23,2017-10-23,2017-10-25,1,3406.00,3390.10,-15.90,-22.00,6.75,3,sl
C<wvwapxsd_3,C<wvwap#sd,2017-10-23,2017-10-23,2017-10-25,1,3406.00,3400.70,-5.30,-22.00,6.75,3,sl
IBS<x_1,IBS<#,2017-10-23,2017-10-23,2017-10-25,1,3406.00,3395.40,-10.60,-22.00,6.75,3,sl
P_HixDD>x&IBS<_3,P_Hi#DD>#&IBS<#,2017-10-23,2017-10-23,2017-10-25,1,3406.00,3384.80,-21.20,-22.00,6.75,3,sl
P_HixDD>x&IBS<_4,P_Hi#DD>#&IBS<#,2017-10-23,2017-10-23,2017-10-25,1,3406.00,3384.80,-21.20,-22.00,6.75,3,sl
ConnorsRSI<x_4,ConnorsRSI<#,2017-10-23,2017-10-23,2017-10-25,1,3406.00,3390.10,-15.90,-22.00,6.75,3,sl
C<wvwapxsd_1,C<wvwap#sd,2017-10-23,2017-10-23,2017-10-27,1,3406.00,3421.25,15.25,-22.00,17.25,5,signal
C<wvwapxsd_4,C<wvwap#sd,2017-10-23,2017-10-23,2017-10-27,1,3406.00,3421.25,15.25,-22.00,17.25,5,signal
P_HixDD>x&RSIx_1,P_Hi#DD>#&RSI#<#,2017-10-25,2017-10-25,2017-10-27,1,3397.50,3421.25,23.75,-0.25,25.75,3,signal
P_HixDD>x&RSIx_2,P_Hi#DD>#&RSI#<#,2017-10-25,2017-10-25,2017-10-27,1,3397.50,3421.25,23.75,-0.25,25.75,3,signal
IBS<x_1,IBS<#,2017-10-26,2017-10-26,2017-10-27,1,3400.25,3422.53,22.28,-2.25,23.00,2,tp
IBS<x_2,IBS<#,2017-10-23,2017-10-23,2017-10-27,1,3406.00,3421.25,15.25,-22.00,17.25,5,signal
IBS<x_3,IBS<#,2017-10-26,2017-10-26,2017-10-27,1,3400.25,3421.25,21.00,-2.25,23.00,2,signal
CloseAtxdLow_2,CloseAt#dLow,2017-10-25,2017-10-25,2017-10-27,1,3397.50,3419.68,22.18,-0.25,25.75,3,tp
CloseAtxdLow_3,CloseAt#dLow,2017-10-25,2017-10-25,2017-10-27,1,3397.50,3421.25,23.75,-0.25,25.75,3,signal
RSIx<x_1,RSI#<#,2017-10-25,2017-10-25,2017-10-27,1,3397.50,3421.25,23.75,-0.25,25.75,3,signal
P_HixDD>x&IBS<_1,P_Hi#DD>#&IBS<#,2017-10-23,2017-10-23,2017-10-27,1,3406.00,3421.25,15.25,-22.00,17.25,5,signal
P_HixDD>x&IBS<_3,P_Hi#DD>#&IBS<#,2017-10-26,2017-10-26,2017-10-27,1,3400.25,3421.25,21.00,-2.25,23.00,2,signal
P_HixDD>x&IBS<_4,P_Hi#DD>#&IBS<#,2017-10-26,2017-10-26,2017-10-27,1,3400.25,3421.25,21.00,-2.25,23.00,2,signal
ConnorsRSI<x_4,ConnorsRSI<#,2017-10-25,2017-10-25,2017-10-27,1,3397.50,3422.45,24.95,-0.25,25.75,3,tp
IBS<x_3,IBS<#,2017-10-30,2017-10-30,2017-10-31,1,3411.50,3414.50,3.00,-2.25,6.50,2,signal
C<wvwapxsd_4,C<wvwap#sd,2017-10-30,2017-10-30,2017-11-01,1,3411.50,3418.50,7.00,-2.25,16.50,3,signal
C<wvwapxsd_1,C<wvwap#sd,2017-10-30,2017-10-30,2017-11-02,1,3411.50,3419.25,7.75,-6.75,16.50,4,signal
C<wvwapxsd_2,C<wvwap#sd,2017-10-09,2017-10-09,2017-11-06,1,3385.25,3430.50,45.25,-1.25,47.25,21,time
C<dvwapxsd_1,C<dvwap#sd,2017-10-26,2017-10-26,2017-11-07,1,3400.25,3433.66,33.41,-2.25,35.75,9,tp
IBS<x_1,IBS<#,2017-10-30,2017-10-30,2017-11-07,1,3411.50,3435.22,23.72,-6.75,24.50,7,tp
IBS<x_4,IBS<#,2017-10-26,2017-10-26,2017-11-07,1,3400.25,3433.66,33.41,-2.25,35.75,9,tp
LMT_RSIx<x_xAT_2,LMT_RSI#<#_#ATR,2017-11-09,2017-11-10,2017-11-10,1,3419.50,3423.00,3.50,-5.50,8.75,1,time
C<wvwapxsd_1,C<wvwap#sd,2017-11-09,2017-11-09,2017-11-10,1,3424.50,3423.00,-1.50,-10.50,3.75,2,signal
LMT_RSIx<x_xAT_2,LMT_RSI#<#_#ATR,2017-11-10,2017-11-13,2017-11-13,1,3415.00,3425.50,10.50,-2.25,13.00,1,time
C<wvwapxsd_1,C<wvwap#sd,2017-11-10,2017-11-10,2017-11-13,1,3423.00,3425.50,2.50,-10.25,5.00,2,signal
C<wvwapxsd_4,C<wvwap#sd,2017-11-09,2017-11-09,2017-11-13,1,3424.50,3425.50,1.00,-11.75,3.75,3,signal
RSIx<x_1,RSI#<#,2017-11-09,2017-11-09,2017-11-13,1,3424.50,3425.50,1.00,-11.75,3.75,3,signal
LMT_RSIx<x_xAT_2,LMT_RSI#<#_#ATR,2017-11-14,2017-11-15,2017-11-15,1,3408.75,3406.25,-2.50,-10.75,12.00,1,time
ConnorsRSI<x_4,ConnorsRSI<#,2017-11-09,2017-11-09,2017-11-15,1,3424.50,3403.44,-21.06,-26.50,3.75,5,sl
C<wvwapxsd_4,C<wvwap#sd,2017-11-15,2017-11-15,2017-11-16,1,3406.25,3427.25,21.00,-1.50,25.75,2,signal
P_HixDD>x&RSIx_1,P_Hi#DD>#&RSI#<#,2017-11-14,2017-11-14,2017-11-16,1,3419.50,3427.25,7.75,-21.50,12.50,3,signal
D01_2,D01,2017-11-15,2017-11-15,2017-11-16,1,3406.25,3427.25,21.00,-1.50,25.75,2,signal
CloseAtxdLow_3,CloseAt#dLow,2017-11-14,2017-11-14,2017-11-16,1,3419.50,3427.25,7.75,-21.50,12.50,3,signal
CloseAtxdLow_4,CloseAt#dLow,2017-11-15,2017-11-15,2017-11-16,1,3406.25,3427.25,21.00,-1.50,25.75,2,signal
RSIx<x_1,RSI#<#,2017-11-14,2017-11-14,2017-11-16,1,3419.50,3427.25,7.75,-21.50,12.50,3,signal
RSIx<x_3,RSI#<#,2017-11-15,2017-11-15,2017-11-16,1,3406.25,3418.44,12.19,-1.50,25.75,2,tp
RSIx<x_4,RSI#<#,2017-11-15,2017-11-15,2017-11-16,1,3406.25,3430.62,24.38,-1.50,25.75,2,tp
LMT_RSIx<x_xAT_4,LMT_RSI#<#_#ATR,2017-11-14,2017-11-15,2017-11-20,1,3407.94,3415.75,7.81,-9.94,24.06,4,trail
C<dvwapxsd_3,C<dvwap#sd,2017-10-23,2017-10-23,2017-11-20,1,3406.00,3424.00,18.00,-22.00,31.00,21,time
IBS<x_3,IBS<#,2017-11-17,2017-11-17,2017-11-20,1,3420.25,3424.00,3.75,-10.00,6.25,2,signal
ConnorsRSI<x_1,ConnorsRSI<#,2017-10-23,2017-10-23,2017-11-20,1,3406.00,3424.00,18.00,-22.00,31.00,21,time
ConnorsRSI<x_2,ConnorsRSI<#,2017-11-15,2017-11-15,2017-11-21,1,3406.25,3442.81,36.56,-1.50,36.75,5,tp
ConnorsRSI<x_4,ConnorsRSI<#,2017-11-15,2017-11-15,2017-11-21,1,3406.25,3442.81,36.56,-1.50,36.75,5,tp
C<wvwapxsd_1,C<wvwap#sd,2017-11-15,2017-11-15,2017-11-23,1,3406.25,3439.50,33.25,-1.50,36.75,7,signal
P_HixDD>x&RSIx_2,P_Hi#DD>#&RSI#<#,2017-11-14,2017-11-14,2017-11-23,1,3419.50,3439.50,20.00,-21.50,23.50,8,signal
IBS<x_3,IBS<#,2017-11-22,2017-11-22,2017-11-23,1,3438.00,3439.50,1.50,-6.00,2.50,2,signal
C<wvwapxsd_1,C<wvwap#sd,2017-11-27,2017-11-27,2017-11-28,1,3443.00,3469.25,26.25,-3.00,26.50,2,signal
C<wvwapxsd_4,C<wvwap#sd,2017-11-27,2017-11-27,2017-11-28,1,3443.00,3469.25,26.25,-3.00,26.50,2,signal
IBS<x_1,IBS<#,2017-11-17,2017-11-17,2017-11-28,1,3420.25,3453.25,33.00,-10.00,49.25,8,tp
CloseAtxdLow_2,CloseAt#dLow,2017-11-14,2017-11-14,2017-11-28,1,3419.50,3450.32,30.82,-21.50,50.00,11,tp
C<dvwapxsd_1,C<dvwap#sd,2017-11-17,2017-11-17,2017-11-29,1,3420.25,3470.50,50.25,-10.00,56.50,9,tp
D01_3,D01,2017-11-16,2017-11-16,2017-11-30,1,3427.25,3477.75,50.50,-17.00,73.75,11,tp
C<dvwapxsd_4,C<dvwap#sd,2017-12-04,2017-12-04,2017-12-05,1,3481.00,3471.29,-9.71,-11.00,10.25,2,sl
C<wvwapxsd_3,C<wvwap#sd,2017-12-04,2017-12-04,2017-12-05,1,3481.00,3471.29,-9.71,-11.00,10.25,2,sl
D01_2,D01,2017-12-04,2017-12-04,2017-12-05,1,3481.00,3471.50,-9.50,-11.00,10.25,2,signal
LMT_RSIx<x_xAT_2,LMT_RSI#<#_#ATR,2017-12-05,2017-12-06,2017-12-06,1,3466.54,3471.50,4.96,-4.04,10.46,1,time
D01_2,D01,2017-12-05,2017-12-05,2017-12-06,1,3471.50,3471.50,0.00,-9.00,5.50,2,signal
RSIx<x_1,RSI#<#,2017-12-05,2017-12-05,2017-12-06,1,3471.50,3471.50,0.00,-9.00,5.50,2,signal
C<dvwapxsd_2,C<dvwap#sd,2017-12-04,2017-12-04,2017-12-07,1,3481.00,3480.00,-1.00,-18.50,10.25,4,signal
C<dvwapxsd_4,C<dvwap#sd,2017-12-05,2017-12-05,2017-12-07,1,3471.50,3481.43,9.93,-9.00,12.25,3,tp
C<wvwapxsd_2,C<wvwap#sd,2017-11-09,2017-11-09,2017-12-07,1,3424.50,3480.00,55.50,-26.50,83.25,21,time
C<wvwapxsd_4,C<wvwap#sd,2017-12-04,2017-12-04,2017-12-07,1,3481.00,3480.00,-1.00,-18.50,10.25,4,signal
P_HixDD>x&RSIx_1,P_Hi#DD>#&RSI#<#,2017-12-05,2017-12-05,2017-12-07,1,3471.50,3480.00,8.50,-9.00,12.25,3,signal
IBS<x_2,IBS<#,2017-12-04,2017-12-04,2017-12-07,1,3481.00,3480.00,-1.00,-18.50,10.25,4,signal
IBS<x_3,IBS<#,2017-12-04,2017-12-04,2017-12-07,1,3481.00,3480.00,-1.00,-18.50,10.25,4,signal
D01_1,D01,2017-12-05,2017-12-05,2017-12-07,1,3471.50,3480.00,8.50,-9.00,12.25,3,signal
D01_2,D01,2017-12-06,2017-12-06,2017-12-07,1,3471.50,3480.00,8.50,-2.75,12.25,2,signal
D01_4,D01,2017-12-04,2017-12-04,2017-12-07,1,3481.00,3480.00,-1.00,-18.50,10.25,4,signal
RSIx<x_1,RSI#<#,2017-12-06,2017-12-06,2017-12-07,1,3471.50,3480.00,8.50,-2.75,12.25,2,signal
P_HixDD>x&IBS<_3,P_Hi#DD>#&IBS<#,2017-12-04,2017-12-04,2017-12-07,1,3481.00,3480.00,-1.00,-18.50,10.25,4,signal
C<wvwapxsd_1,C<wvwap#sd,2017-12-04,2017-12-04,2017-12-08,1,3481.00,3494.25,13.25,-18.50,13.75,5,signal
C<wvwapxsd_4,C<wvwap#sd,2017-12-07,2017-12-07,2017-12-08,1,3480.00,3494.25,14.25,-0.50,14.75,2,signal
P_HixDD>x&RSIx_2,P_Hi#DD>#&RSI#<#,2017-12-05,2017-12-05,2017-12-08,1,3471.50,3494.25,22.75,-9.00,23.25,4,signal
P_HixDD>x&IBS<_1,P_Hi#DD>#&IBS<#,2017-12-04,2017-12-04,2017-12-08,1,3481.00,3494.25,13.25,-18.50,13.75,5,signal
P_HixDD>x&IBS<_4,P_Hi#DD>#&IBS<#,2017-12-04,2017-12-04,2017-12-08,1,3481.00,3494.25,13.25,-18.50,13.75,5,signal
C<wvwapxsd_3,C<wvwap#sd,2017-12-05,2017-12-05,2017-12-11,1,3471.50,3501.28,29.78,-9.00,32.00,5,tp
C<wvwapxsd_3,C<wvwap#sd,2017-12-14,2017-12-14,2017-12-15,1,3495.00,3521.72,26.72,-3.75,27.25,2,tp
C<wvwapxsd_4,C<wvwap#sd,2017-12-14,2017-12-14,2017-12-15,1,3495.00,3516.75,21.75,-3.75,27.25,2,signal
P_HixDD>x&RSIx_1,P_Hi#DD>#&RSI#<#,2017-12-14,2017-12-14,2017-12-15,1,3495.00,3516.75,21.75,-3.75,27.25,2,signal
IBS<x_1,IBS<#,2017-12-04,2017-12-04,2017-12-15,1,3481.00,3519.85,38.85,-18.50,41.25,10,tp
IBS<x_2,IBS<#,2017-12-13,2017-12-13,2017-12-15,1,3506.50,3516.75,10.25,-15.25,15.75,3,signal
IBS<x_3,IBS<#,2017-12-13,2017-12-13,2017-12-15,1,3506.50,3516.75,10.25,-15.25,15.75,3,signal
D01_2,D01,2017-12-14,2017-12-14,2017-12-15,1,3495.00,3516.75,21.75,-3.75,27.25,2,signal
RSIx<x_1,RSI#<#,2017-12-14,2017-12-14,2017-12-15,1,3495.00,3516.75,21.75,-3.75,27.25,2,signal
P_HixDD>x&IBS<_3,P_Hi#DD>#&IBS<#,2017-12-14,2017-12-14,2017-12-15,1,3495.00,3516.75,21.75,-3.75,27.25,2,signal
P_HixDD>x&IBS<_4,P_Hi#DD>#&IBS<#,2017-12-14,2017-12-14,2017-12-15,1,3495.00,3516.75,21.75,-3.75,27.25,2,signal
ConnorsRSI<x_4,ConnorsRSI<#,2017-12-05,2017-12-05,2017-12-15,1,3471.50,3516.16,44.66,-9.00,50.75,9,tp
C<dvwapxsd_3,C<dvwap#sd,2017-11-22,2017-11-22,2017-12-18,1,3438.00,3535.05,97.05,-6.00,99.50,19,tp
D01_3,D01,2017-12-06,2017-12-06,2017-12-18,1,3471.50,3532.00,60.50,-2.75,66.00,9,tp
IBS<x_3,IBS<#,2017-12-19,2017-12-19,2017-12-20,1,3524.00,3522.25,-1.75,-5.50,11.00,2,signal
D01_2,D01,2017-12-19,2017-12-19,2017-12-20,1,3524.00,3522.25,-1.75,-5.50,11.00,2,signal
IBS<x_3,IBS<#,2017-12-20,2017-12-20,2017-12-21,1,3522.25,3527.75,5.50,-2.00,13.25,2,signal
D01_2,D01,2017-12-20,2017-12-20,2017-12-21,1,3522.25,3527.75,5.50,-2.00,13.25,2,signal
C<wvwapxsd_1,C<wvwap#sd,2017-12-14,2017-12-14,2017-12-22,1,3495.00,3528.25,33.25,-3.75,42.50,7,signal
P_HixDD>x&RSIx_2,P_Hi#DD>#&RSI#<#,2017-12-14,2017-12-14,2017-12-22,1,3495.00,3528.25,33.25,-3.75,42.50,7,signal
P_HixDD>x&IBS<_1,P_Hi#DD>#&IBS<#,2017-12-14,2017-12-14,2017-12-22,1,3495.00,3528.25,33.25,-3.75,42.50,7,signal
RSIx<x_1,RSI#<#,2017-12-27,2017-12-27,2017-12-28,1,3524.50,3526.50,2.00,-2.00,4.00,2,signal
LMT_RSIx<x_xAT_2,LMT_RSI#<#_#ATR,2017-12-29,2018-01-02,2018-01-02,1,3512.63,3535.25,22.62,-5.38,22.87,1,time
C<wvwapxsd_1,C<wvwap#sd,2017-12-22,2017-12-22,2018-01-02,1,3528.25,3535.25,7.00,-21.00,9.50,6,signal
C<wvwapxsd_3,C<wvwap#sd,2017-12-29,2017-12-29,2018-01-02,1,3517.00,3508.26,-8.74,-9.75,18.50,2,sl
C<wvwapxsd_4,C<wvwap#sd,2017-12-19,2017-12-19,2018-01-02,1,3524.00,3535.25,11.25,-16.75,13.75,9,signal
P_HixDD>x&RSIx_1,P_Hi#DD>#&RSI#<#,2017-12-29,2017-12-29,2018-01-02,1,3517.00,3535.25,18.25,-9.75,18.50,2,signal
P_HixDD>x&RSIx_2,P_Hi#DD>#&RSI#<#,2017-12-29,2017-12-29,2018-01-02,1,3517.00,3535.25,18.25,-9.75,18.50,2,signal
IBS<x_2,IBS<#,2017-12-19,2017-12-19,2018-01-02,1,3524.00,3535.25,11.25,-16.75,13.75,9,signal
IBS<x_3,IBS<#,2017-12-29,2017-12-29,2018-01-02,1,3517.00,3535.25,18.25,-9.75,18.50,2,signal
D01_2,D01,2017-12-29,2017-12-29,2018-01-02,1,3517.00,3535.25,18.25,-9.75,18.50,2,signal
D01_4,D01,2017-12-29,2017-12-29,2018-01-02,1,3517.00,3535.25,18.25,-9.75,18.50,2,signal
CloseAtxdLow_3,CloseAt#dLow,2017-12-29,2017-12-29,2018-01-02,1,3517.00,3535.25,18.25,-9.75,18.50,2,signal
RSIx<x_1,RSI#<#,2017-12-29,2017-12-29,2018-01-02,1,3517.00,3535.25,18.25,-9.75,18.50,2,signal
P_HixDD>x&IBS<_1,P_Hi#DD>#&IBS<#,2017-12-29,2017-12-29,2018-01-02,1,3517.00,3535.25,18.25,-9.75,18.50,2,signal
P_HixDD>x&IBS<_3,P_Hi#DD>#&IBS<#,2017-12-29,2017-12-29,2018-01-02,1,3517.00,3535.25,18.25,-9.75,18.50,2,signal
P_HixDD>x&IBS<_4,P_Hi#DD>#&IBS<#,2017-12-29,2017-12-29,2018-01-02,1,3517.00,3535.25,18.25,-9.75,18.50,2,signal
C<dvwapxsd_1,C<dvwap#sd,2017-12-04,2017-12-04,2018-01-03,1,3481.00,3539.28,58.28,-18.50,72.75,21,tp
IBS<x_4,IBS<#,2017-12-04,2017-12-04,2018-01-03,1,3481.00,3539.28,58.28,-18.50,72.75,21,tp
D01_1,D01,2018-01-02,2018-01-02,2018-01-03,1,3535.25,3552.00,16.75,-3.75,18.50,2,signal
CloseAtxdLow_2,CloseAt#dLow,2017-12-29,2017-12-29,2018-01-03,1,3517.00,3551.95,34.95,-9.75,36.75,3,tp
IBS<x_1,IBS<#,2017-12-19,2017-12-19,2018-01-04,1,3524.00,3561.62,37.62,-16.75,44.50,11,tp
ConnorsRSI<x_1,ConnorsRSI<#,2017-12-05,2017-12-05,2018-01-04,1,3471.50,3563.50,92.00,-9.00,97.00,21,time
ConnorsRSI<x_4,ConnorsRSI<#,2017-12-29,2017-12-29,2018-01-04,1,3517.00,3558.75,41.75,-9.75,51.50,4,tp
C<wvwapxsd_2,C<wvwap#sd,2017-12-07,2017-12-07,2018-01-08,1,3480.00,3586.00,106.00,-0.50,108.00,21,time
C<dvwapxsd_3,C<dvwap#sd,2017-12-19,2017-12-19,2018-01-15,1,3524.00,3636.88,112.88,-16.75,113.00,18,tp
C<wvwapxsd_1,C<wvwap#sd,2018-01-16,2018-01-16,2018-01-17,1,3617.25,3644.25,27.00,-0.75,31.75,2,signal
IBS<x_3,IBS<#,2018-01-16,2018-01-16,2018-01-17,1,3617.25,3644.25,27.00,-0.75,31.75,2,signal
D01_2,D01,2018-01-16,2018-01-16,2018-01-17,1,3617.25,3644.25,27.00,-0.75,31.75,2,signal
P_HixDD>x&IBS<_1,P_Hi#DD>#&IBS<#,2018-01-16,2018-01-16,2018-01-17,1,3617.25,3644.25,27.00,-0.75,31.75,2,signal
P_HixDD>x&IBS<_3,P_Hi#DD>#&IBS<#,2018-01-16,2018-01-16,2018-01-17,1,3617.25,3644.25,27.00,-0.75,31.75,2,signal
P_HixDD>x&IBS<_4,P_Hi#DD>#&IBS<#,2018-01-16,2018-01-16,2018-01-17,1,3617.25,3644.25,27.00,-0.75,31.75,2,signal
C<wvwapxsd_4,C<wvwap#sd,2018-01-16,2018-01-16,2018-01-19,1,3617.25,3652.00,34.75,-0.75,35.00,4,signal
C<dvwapxsd_1,C<dvwap#sd,2018-01-16,2018-01-16,2018-01-22,1,3617.25,3670.43,53.18,-0.75,57.75,5,tp
IBS<x_1,IBS<#,2018-01-16,2018-01-16,2018-01-22,1,3617.25,3652.70,35.45,-0.75,57.75,5,tp
C<wvwapxsd_3,C<wvwap#sd,2018-01-29,2018-01-29,2018-01-30,1,3692.50,3671.25,-21.25,-34.50,5.00,2,sl
IBS<x_1,IBS<#,2018-01-29,2018-01-29,2018-01-30,1,3692.50,3669.38,-23.12,-34.50,5.00,2,sl
IBS<x_4,IBS<#,2018-01-29,2018-01-29,2018-01-30,1,3692.50,3669.38,-23.12,-34.50,5.00,2,sl
LMT_RSIx<x_xAT_2,LMT_RSI#<#_#ATR,2018-01-30,2018-01-31,2018-01-31,1,3657.08,3665.25,8.17,-4.58,22.17,1,time
C<dvwapxsd_1,C<dvwap#sd,2018-01-29,2018-01-29,2018-01-31,1,3692.50,3657.81,-34.69,-40.00,5.00,3,sl
LMT_RSIx<x_xAT_2,LMT_RSI#<#_#ATR,2018-02-01,2018-02-02,2018-02-02,1,3645.50,3599.50,-46.00,-47.25,25.00,1,time
LMT_RSIx<x_xAT_4,LMT_RSI#<#_#ATR,2018-02-01,2018-02-02,2018-02-02,1,3643.30,3616.47,-26.84,-45.05,27.20,1,sl
P_HixDD>x&RSIx_1,P_Hi#DD>#&RSI#<#,2018-01-30,2018-01-30,2018-02-02,1,3663.00,3615.62,-47.38,-64.75,16.25,4,sl
P_HixDD>x&RSIx_3,P_Hi#DD>#&RSI#<#,2018-01-30,2018-01-30,2018-02-02,1,3663.00,3615.62,-47.38,-64.75,16.25,4,sl
IBS<x_1,IBS<#,2018-01-30,2018-01-30,2018-02-02,1,3663.00,3639.31,-23.69,-64.75,16.25,4,sl
CloseAtxdLow_2,CloseAt#dLow,2018-01-30,2018-01-30,2018-02-02,1,3663.00,3615.62,-47.38,-64.75,16.25,4,sl
RSIx<x_1,RSI#<#,2018-01-30,2018-01-30,2018-02-02,1,3663.00,3615.62,-47.38,-64.75,16.25,4,sl
P_HixDD>x&IBS<_3,P_Hi#DD>#&IBS<#,2018-01-30,2018-01-30,2018-02-02,1,3663.00,3615.62,-47.38,-64.75,16.25,4,sl
P_HixDD>x&IBS<_4,P_Hi#DD>#&IBS<#,2018-01-30,2018-01-30,2018-02-02,1,3663.00,3615.62,-47.38,-64.75,16.25,4,sl
ConnorsRSI<x_2,ConnorsRSI<#,2018-01-30,2018-01-30,2018-02-02,1,3663.00,3627.47,-35.53,-64.75,16.25,4,sl
ConnorsRSI<x_4,ConnorsRSI<#,2018-01-30,2018-01-30,2018-02-02,1,3663.00,3627.47,-35.53,-64.75,16.25,4,sl
LMT_RSIx<x_xAT_1,LMT_RSI#<#_#ATR,2018-02-02,2018-02-05,2018-02-05,1,3578.75,3480.88,-97.88,-103.75,24.00,1,sl
LMT_RSIx<x_xAT_2,LMT_RSI#<#_#ATR,2018-02-02,2018-02-05,2018-02-05,1,3578.75,3484.75,-94.00,-103.75,24.00,1,time
LMT_RSIx<x_xAT_4,LMT_RSI#<#_#ATR,2018-02-02,2018-02-05,2018-02-05,1,3578.75,3546.12,-32.62,-103.75,24.00,1,sl
C<dvwapxsd_1,C<dvwap#sd,2018-02-02,2018-02-02,2018-02-05,1,3599.50,3559.24,-40.26,-124.50,3.25,2,sl
C<dvwapxsd_3,C<dvwap#sd,2018-01-16,2018-01-16,2018-02-05,1,3617.25,3564.07,-53.18,-142.25,100.75,15,sl
C<wvwapxsd_2,C<wvwap#sd,2018-01-16,2018-01-16,2018-02-05,1,3617.25,3564.07,-53.18,-142.25,100.75,15,sl
P_HixDD>x&RSIx_1,P_Hi#DD>#&RSI#<#,2018-02-02,2018-02-02,2018-02-05,1,3599.50,3545.82,-53.68,-124.50,3.25,2,sl
P_HixDD>x&RSIx_3,P_Hi#DD>#&RSI#<#,2018-02-02,2018-02-02,2018-02-05,1,3599.50,3545.82,-53.68,-124.50,3.25,2,sl
P_HixDD>x&RSIx_4,P_Hi#DD>#&RSI#<#,2018-02-02,2018-02-02,2018-02-05,1,3599.50,3572.66,-26.84,-124.50,3.25,2,sl
IBS<x_1,IBS<#,2018-02-02,2018-02-02,2018-02-05,1,3599.50,3572.66,-26.84,-124.50,3.25,2,sl
IBS<x_4,IBS<#,2018-02-02,2018-02-02,2018-02-05,1,3599.50,3572.66,-26.84,-124.50,3.25,2,sl
WRx<x_1,WR#<#,2018-02-02,2018-02-02,2018-02-05,1,3599.50,3572.66,-26.84,-124.50,3.25,2,sl
WRx<x_2,WR#<#,2018-02-02,2018-02-02,2018-02-05,1,3599.50,3572.66,-26.84,-124.50,3.25,2,sl
WRx<x_3,WR#<#,2018-02-02,2018-02-02,2018-02-05,1,3599.50,3545.82,-53.68,-124.50,3.25,2,sl
WRx<x_4,WR#<#,2018-02-02,2018-02-02,2018-02-05,1,3599.50,3518.99,-80.51,-124.50,3.25,2,sl
CloseAtxdLow_2,CloseAt#dLow,2018-02-02,2018-02-02,2018-02-05,1,3599.50,3545.82,-53.68,-124.50,3.25,2,sl
RSIx<x_1,RSI#<#,2018-02-02,2018-02-02,2018-02-05,1,3599.50,3545.82,-53.68,-124.50,3.25,2,sl
RSIx<x_3,RSI#<#,2018-02-02,2018-02-02,2018-02-05,1,3599.50,3559.24,-40.26,-124.50,3.25,2,sl
RSIx<x_4,RSI#<#,2018-02-02,2018-02-02,2018-02-05,1,3599.50,3578.75,-20.75,-124.50,3.25,2,sl
P_HixDD>x&IBS<_1,P_Hi#DD>#&IBS<#,2018-01-30,2018-01-30,2018-02-05,1,3663.00,3578.75,-84.25,-188.00,16.25,5,sl
P_HixDD>x&IBS<_3,P_Hi#DD>#&IBS<#,2018-02-02,2018-02-02,2018-02-05,1,3599.50,3545.82,-53.68,-124.50,3.25,2,sl
P_HixDD>x&IBS<_4,P_Hi#DD>#&IBS<#,2018-02-02,2018-02-02,2018-02-05,1,3599.50,3545.82,-53.68,-124.50,3.25,2,sl
ConnorsRSI<x_1,ConnorsRSI<#,2018-01-30,2018-01-30,2018-02-05,1,3663.00,3578.75,-84.25,-188.00,16.25,5,sl
ConnorsRSI<x_4,ConnorsRSI<#,2018-02-02,2018-02-02,2018-02-05,1,3599.50,3559.24,-40.26,-124.50,3.25,2,sl
LMT_RSIx<x_xAT_4,LMT_RSI#<#_#ATR,2018-02-05,2018-02-06,2018-02-06,1,3441.25,3400.95,-40.30,-72.75,98.00,1,sl
C<dvwapxsd_1,C<dvwap#sd,2018-02-05,2018-02-05,2018-02-06,1,3484.75,3435.81,-48.94,-116.25,54.50,2,sl
C<dvwapxsd_4,C<dvwap#sd,2018-02-05,2018-02-05,2018-02-06,1,3484.75,3441.25,-43.50,-116.25,54.50,2,sl
C<wvwapxsd_1,C<wvwap#sd,2018-01-29,2018-01-29,2018-02-06,1,3692.50,3534.25,-158.25,-324.00,5.00,7,signal
C<wvwapxsd_2,C<wvwap#sd,2018-02-05,2018-02-05,2018-02-06,1,3484.75,3386.88,-97.88,-116.25,54.50,2,sl
P_HixDD>x&RSIx_1,P_Hi#DD>#&RSI#<#,2018-02-05,2018-02-05,2018-02-06,1,3484.75,3419.50,-65.25,-116.25,54.50,2,sl
P_HixDD>x&RSIx_2,P_Hi#DD>#&RSI#<#,2018-01-30,2018-01-30,2018-02-06,1,3663.00,3534.25,-128.75,-294.50,16.25,6,signal
P_HixDD>x&RSIx_3,P_Hi#DD>#&RSI#<#,2018-02-05,2018-02-05,2018-02-06,1,3484.75,3419.50,-65.25,-116.25,54.50,2,sl
IBS<x_1,IBS<#,2018-02-05,2018-02-05,2018-02-06,1,3484.75,3441.25,-43.50,-116.25,54.50,2,sl
IBS<x_4,IBS<#,2018-02-05,2018-02-05,2018-02-06,1,3484.75,3441.25,-43.50,-116.25,54.50,2,sl
WRx<x_1,WR#<#,2018-02-05,2018-02-05,2018-02-06,1,3484.75,3441.25,-43.50,-116.25,54.50,2,sl
WRx<x_2,WR#<#,2018-02-05,2018-02-05,2018-02-06,1,3484.75,3441.25,-43.50,-116.25,54.50,2,sl
WRx<x_3,WR#<#,2018-02-05,2018-02-05,2018-02-06,1,3484.75,3419.50,-65.25,-116.25,54.50,2,sl
WRx<x_4,WR#<#,2018-02-05,2018-02-05,2018-02-06,1,3484.75,3386.88,-97.88,-116.25,54.50,2,sl
CloseAtxdLow_1,CloseAt#dLow,2018-02-05,2018-02-05,2018-02-06,1,3484.75,3419.50,-65.25,-116.25,54.50,2,sl
CloseAtxdLow_2,CloseAt#dLow,2018-02-05,2018-02-05,2018-02-06,1,3484.75,3419.50,-65.25,-116.25,54.50,2,sl
RSIx<x_1,RSI#<#,2018-02-05,2018-02-05,2018-02-06,1,3484.75,3419.50,-65.25,-116.25,54.50,2,sl
RSIx<x_3,RSI#<#,2018-02-05,2018-02-05,2018-02-06,1,3484.75,3435.81,-48.94,-116.25,54.50,2,sl
RSIx<x_4,RSI#<#,2018-02-05,2018-02-05,2018-02-06,1,3484.75,3441.25,-43.50,-116.25,54.50,2,sl
P_HixDD>x&IBS<_1,P_Hi#DD>#&IBS<#,2018-02-05,2018-02-05,2018-02-06,1,3484.75,3386.88,-97.88,-116.25,54.50,2,sl
P_HixDD>x&IBS<_2,P_Hi#DD>#&IBS<#,2018-01-30,2018-01-30,2018-02-06,1,3663.00,3534.25,-128.75,-294.50,16.25,6,signal
P_HixDD>x&IBS<_3,P_Hi#DD>#&IBS<#,2018-02-05,2018-02-05,2018-02-06,1,3484.75,3419.50,-65.25,-116.25,54.50,2,sl
P_HixDD>x&IBS<_4,P_Hi#DD>#&IBS<#,2018-02-05,2018-02-05,2018-02-06,1,3484.75,3419.50,-65.25,-116.25,54.50,2,sl
ConnorsRSI<x_3,ConnorsRSI<#,2018-02-05,2018-02-05,2018-02-06,1,3484.75,3441.25,-43.50,-116.25,54.50,2,sl
ConnorsRSI<x_4,ConnorsRSI<#,2018-02-05,2018-02-05,2018-02-06,1,3484.75,3435.81,-48.94,-116.25,54.50,2,sl
RSIx<x_3,RSI#<#,2018-02-06,2018-02-06,2018-02-07,1,3534.25,3564.47,30.22,-34.25,32.00,2,tp
C<dvwapxsd_1,C<dvwap#sd,2018-02-07,2018-02-07,2018-02-08,1,3518.50,3454.34,-64.16,-102.00,7.50,2,sl
IBS<x_1,IBS<#,2018-02-07,2018-02-07,2018-02-08,1,3518.50,3475.72,-42.78,-102.00,7.50,2,sl
IBS<x_4,IBS<#,2018-02-07,2018-02-07,2018-02-08,1,3518.50,3475.72,-42.78,-102.00,7.50,2,sl
D01_3,D01,2018-02-06,2018-02-06,2018-02-08,1,3534.25,3473.80,-60.45,-117.75,32.00,3,sl
RSIx<x_3,RSI#<#,2018-02-07,2018-02-07,2018-02-08,1,3518.50,3454.34,-64.16,-102.00,7.50,2,sl
P_HixDD>x&IBS<_3,P_Hi#DD>#&IBS<#,2018-02-07,2018-02-07,2018-02-08,1,3518.50,3432.95,-85.55,-102.00,7.50,2,sl
P_HixDD>x&IBS<_4,P_Hi#DD>#&IBS<#,2018-02-07,2018-02-07,2018-02-08,1,3518.50,3432.95,-85.55,-102.00,7.50,2,sl
C<dvwapxsd_4,C<dvwap#sd,2018-02-08,2018-02-08,2018-02-09,1,3417.75,3394.14,-23.61,-48.00,59.50,2,sl
P_HixDD>x&RSIx_3,P_Hi#DD>#&RSI#<#,2018-02-08,2018-02-08,2018-02-09,1,3417.75,3458.25,40.50,-48.00,59.50,2,signal
IBS<x_1,IBS<#,2018-02-08,2018-02-08,2018-02-09,1,3417.75,3370.54,-47.21,-48.00,59.50,2,sl
WRx<x_1,WR#<#,2018-02-08,2018-02-08,2018-02-09,1,3417.75,3370.54,-47.21,-48.00,59.50,2,sl
RSIx<x_3,RSI#<#,2018-02-08,2018-02-08,2018-02-09,1,3417.75,3453.16,35.41,-48.00,59.50,2,tp
RSIx<x_4,RSI#<#,2018-02-08,2018-02-08,2018-02-09,1,3417.75,3394.14,-23.61,-48.00,59.50,2,sl
P_HixDD>x&IBS<_1,P_Hi#DD>#&IBS<#,2018-02-07,2018-02-07,2018-02-09,1,3518.50,3390.18,-128.32,-148.75,7.50,3,sl
C<wvwapxsd_4,C<wvwap#sd,2018-01-29,2018-01-29,2018-02-12,1,3692.50,3493.50,-199.00,-324.00,5.00,11,signal
P_HixDD>x&RSIx_1,P_Hi#DD>#&RSI#<#,2018-02-08,2018-02-08,2018-02-12,1,3417.75,3493.50,75.75,-48.00,93.25,3,signal
IBS<x_2,IBS<#,2018-01-29,2018-01-29,2018-02-12,1,3692.50,3493.50,-199.00,-324.00,5.00,11,signal
IBS<x_3,IBS<#,2018-01-29,2018-01-29,2018-02-12,1,3692.50,3493.50,-199.00,-324.00,5.00,11,time
WRx<x_3,WR#<#,2018-02-08,2018-02-08,2018-02-12,1,3417.75,3493.50,75.75,-48.00,93.25,3,signal
WRx<x_4,WR#<#,2018-02-08,2018-02-08,2018-02-12,1,3417.75,3493.50,75.75,-48.00,93.25,3,signal
CloseAtxdLow_1,CloseAt#dLow,2018-02-08,2018-02-08,2018-02-12,1,3417.75,3493.50,75.75,-48.00,93.25,3,signal
P_HixDD>x&IBS<_4,P_Hi#DD>#&IBS<#,2018-02-08,2018-02-08,2018-02-12,1,3417.75,3493.50,75.75,-48.00,93.25,3,signal
LMT_RSIx<x_xAT_1,LMT_RSI#<#_#ATR,2018-02-05,2018-02-06,2018-02-13,1,3441.25,3501.75,60.50,-72.75,125.00,6,signal
C06_1,C06,2018-02-07,2018-02-07,2018-02-13,1,3518.50,3480.25,-38.25,-148.75,7.50,5,signal
CloseAtxdLow_3,CloseAt#dLow,2018-01-30,2018-01-30,2018-02-13,1,3663.00,3501.75,-161.25,-294.50,16.25,11,time
RSIx<x_2,RSI#<#,2018-02-02,2018-02-02,2018-02-13,1,3599.50,3480.25,-119.25,-231.00,3.25,8,signal
P_HixDD>x&IBS<_3,P_Hi#DD>#&IBS<#,2018-02-08,2018-02-08,2018-02-13,1,3417.75,3501.75,84.00,-48.00,93.25,4,signal
D01_2,D01,2018-01-29,2018-01-29,2018-02-14,1,3692.50,3539.00,-153.50,-324.00,5.00,13,signal
ConnorsRSI<x_4,ConnorsRSI<#,2018-02-08,2018-02-08,2018-02-14,1,3417.75,3523.98,106.23,-48.00,123.50,5,tp
LMT_RSIx<x_xAT_3,LMT_RSI#<#_#ATR,2018-02-02,2018-02-05,2018-02-15,1,3578.75,3571.25,-7.50,-210.25,24.00,9,signal
C<dvwapxsd_1,C<dvwap#sd,2018-02-08,2018-02-08,2018-02-15,1,3417.75,3559.39,141.64,-48.00,153.50,6,tp
C06_2,C06,2018-02-12,2018-02-12,2018-02-15,1,3493.50,3556.25,62.75,-27.00,77.75,4,tp
LMT_RSIx<x_xAT_4,LMT_RSI#<#_#ATR,2018-02-08,2018-02-09,2018-02-21,1,3382.34,3542.76,160.42,-12.59,211.91,9,trail
D01_2,D01,2018-02-20,2018-02-20,2018-02-21,1,3554.75,3539.75,-15.00,-15.00,32.50,2,signal
C<dvwapxsd_4,C<dvwap#sd,2018-02-21,2018-02-21,2018-02-22,1,3539.75,3569.29,29.54,-18.25,30.75,2,tp
D01_2,D01,2018-02-21,2018-02-21,2018-02-22,1,3539.75,3542.75,3.00,-18.25,30.75,2,signal
RSIx<x_1,RSI#<#,2018-02-21,2018-02-21,2018-02-22,1,3539.75,3542.75,3.00,-18.25,30.75,2,signal
C<wvwapxsd_1,C<wvwap#sd,2018-02-19,2018-02-19,2018-02-23,1,3568.00,3587.00,19.00,-46.50,19.25,5,signal
C<wvwapxsd_4,C<wvwap#sd,2018-02-19,2018-02-19,2018-02-23,1,3568.00,3587.00,19.00,-46.50,19.25,5,signal
P_HixDD>x&RSIx_1,P_Hi#DD>#&RSI#<#,2018-02-21,2018-02-21,2018-02-23,1,3539.75,3587.00,47.25,-18.25,47.25,3,signal
P_HixDD>x&RSIx_3,P_Hi#DD>#&RSI#<#,2018-02-21,2018-02-21,2018-02-23,1,3539.75,3587.00,47.25,-18.25,47.25,3,signal
IBS<x_2,IBS<#,2018-02-21,2018-02-21,2018-02-23,1,3539.75,3587.00,47.25,-18.25,47.25,3,signal
D01_2,D01,2018-02-22,2018-02-22,2018-02-23,1,3542.75,3587.00,44.25,-1.75,44.25,2,signal
P_HixDD>x&IBS<_1,P_Hi#DD>#&IBS<#,2018-02-21,2018-02-21,2018-02-23,1,3539.75,3587.00,47.25,-18.25,47.25,3,signal
P_HixDD>x&IBS<_3,P_Hi#DD>#&IBS<#,2018-02-21,2018-02-21,2018-02-23,1,3539.75,3587.00,47.25,-18.25,47.25,3,signal
P_HixDD>x&IBS<_4,P_Hi#DD>#&IBS<#,2018-02-21,2018-02-21,2018-02-23,1,3539.75,3587.00,47.25,-18.25,47.25,3,signal
C06_4,C06,2018-02-23,2018-02-23,2018-02-26,1,3587.00,3609.88,22.88,-5.00,33.00,2,tp
D01_3,D01,2018-02-09,2018-02-09,2018-02-26,1,3458.25,3612.71,154.46,-5.75,161.75,12,tp
C06_1,C06,2018-02-23,2018-02-23,2018-02-27,1,3587.00,3621.25,34.25,-5.00,33.00,3,signal
C<dvwapxsd_4,C<dvwap#sd,2018-02-27,2018-02-27,2018-02-28,1,3583.50,3552.56,-30.94,-31.50,18.00,2,sl
C<wvwapxsd_3,C<wvwap#sd,2018-02-27,2018-02-27,2018-02-28,1,3583.50,3552.56,-30.94,-31.50,18.00,2,sl
C<dvwapxsd_4,C<dvwap#sd,2018-02-28,2018-02-28,2018-03-01,1,3552.75,3521.24,-31.51,-54.75,17.75,2,sl
C06_2,C06,2018-02-23,2018-02-23,2018-03-01,1,3587.00,3526.00,-61.00,-89.00,42.25,5,sl
IBS<x_1,IBS<#,2018-02-16,2018-02-16,2018-03-01,1,3572.00,3514.34,-57.66,-74.00,57.25,10,sl
IBS<x_4,IBS<#,2018-02-21,2018-02-21,2018-03-01,1,3539.75,3539.75,0.00,-41.75,89.50,7,breakeven
C<wvwapxsd_1,C<wvwap#sd,2018-02-27,2018-02-27,2018-03-02,1,3583.50,3529.25,-54.25,-97.00,18.00,4,signal
C06_3,C06,2018-02-12,2018-02-12,2018-03-02,1,3493.50,3493.50,0.00,-27.00,135.75,15,breakeven
P_HixDD>x&RSIx_3,P_Hi#DD>#&RSI#<#,2018-02-28,2018-02-28,2018-03-02,1,3552.75,3529.25,-23.50,-66.25,17.75,3,signal
P_HixDD>x&IBS<_1,P_Hi#DD>#&IBS<#,2018-02-27,2018-02-27,2018-03-02,1,3583.50,3529.25,-54.25,-97.00,18.00,4,signal
C<wvwapxsd_1,C<wvwap#sd,2018-03-02,2018-03-02,2018-03-05,1,3529.25,3560.75,31.50,-26.00,38.00,2,signal
C<wvwapxsd_4,C<wvwap#sd,2018-02-27,2018-02-27,2018-03-05,1,3583.50,3560.75,-22.75,-97.00,18.00,5,signal
P_HixDD>x&RSIx_1,P_Hi#DD>#&RSI#<#,2018-02-28,2018-02-28,2018-03-05,1,3552.75,3560.75,8.00,-66.25,17.75,4,signal
IBS<x_2,IBS<#,2018-02-27,2018-02-27,2018-03-05,1,3583.50,3560.75,-22.75,-97.00,18.00,5,signal
D01_2,D01,2018-02-27,2018-02-27,2018-03-05,1,3583.50,3560.75,-22.75,-97.00,18.00,5,signal
RSIx<x_1,RSI#<#,2018-02-28,2018-02-28,2018-03-05,1,3552.75,3560.75,8.00,-66.25,17.75,4,signal
P_HixDD>x&IBS<_3,P_Hi#DD>#&IBS<#,2018-02-27,2018-02-27,2018-03-05,1,3583.50,3560.75,-22.75,-97.00,18.00,5,signal
P_HixDD>x&IBS<_4,P_Hi#DD>#&IBS<#,2018-02-27,2018-02-27,2018-03-05,1,3583.50,3560.75,-22.75,-97.00,18.00,5,signal
C06_1,C06,2018-03-05,2018-03-05,2018-03-07,1,3560.75,3542.00,-18.75,-11.00,13.25,3,signal
C<wvwapxsd_2,C<wvwap#sd,2018-02-08,2018-02-08,2018-03-08,1,3417.75,3578.50,160.75,-48.00,211.50,21,time
C06_2,C06,2018-03-05,2018-03-05,2018-03-09,1,3560.75,3621.66,60.91,-40.00,65.75,5,tp
IBS<x_3,IBS<#,2018-03-12,2018-03-12,2018-03-13,1,3622.75,3604.00,-18.75,-25.50,19.25,2,signal
D01_2,D01,2018-03-12,2018-03-12,2018-03-13,1,3622.75,3604.00,-18.75,-25.50,19.25,2,signal
D01_2,D01,2018-03-13,2018-03-13,2018-03-14,1,3604.00,3589.00,-15.00,-21.00,14.25,2,signal
C<wvwapxsd_3,C<wvwap#sd,2018-03-13,2018-03-13,2018-03-15,1,3604.00,3581.76,-22.24,-24.25,14.25,3,sl
D01_2,D01,2018-03-14,2018-03-14,2018-03-15,1,3589.00,3586.00,-3.00,-9.25,13.00,2,signal
RSIx<x_1,RSI#<#,2018-03-14,2018-03-14,2018-03-15,1,3589.00,3586.00,-3.00,-9.25,13.00,2,signal
C<dvwapxsd_1,C<dvwap#sd,2018-02-16,2018-02-16,2018-03-16,1,3572.00,3588.50,16.50,-85.50,70.00,21,time
LMT_RSIx<x_xAT_4,LMT_RSI#<#_#ATR,2018-02-28,2018-03-01,2018-03-19,1,3505.48,3576.74,71.26,-18.98,136.52,13,trail
C06_3,C06,2018-03-05,2018-03-05,2018-03-19,1,3560.75,3560.75,0.00,-40.00,81.25,11,breakeven
IBS<x_4,IBS<#,2018-03-16,2018-03-16,2018-03-19,1,3588.50,3547.88,-40.62,-56.50,4.25,2,sl
P_HixDD>x&IBS<_3,P_Hi#DD>#&IBS<#,2018-03-12,2018-03-12,2018-03-19,1,3622.75,3534.95,-87.80,-90.75,19.25,6,sl
P_HixDD>x&IBS<_4,P_Hi#DD>#&IBS<#,2018-03-12,2018-03-12,2018-03-19,1,3622.75,3534.95,-87.80,-90.75,19.25,6,sl
ConnorsRSI<x_4,ConnorsRSI<#,2018-02-20,2018-02-20,2018-03-20,1,3554.75,3555.25,0.50,-68.25,87.25,21,time
C<dvwapxsd_1,C<dvwap#sd,2018-03-16,2018-03-16,2018-03-22,1,3588.50,3523.25,-65.25,-111.75,4.25,5,sl
C<wvwapxsd_2,C<wvwap#sd,2018-03-12,2018-03-12,2018-03-22,1,3622.75,3491.05,-131.70,-146.00,19.25,9,sl
P_HixDD>x&RSIx_1,P_Hi#DD>#&RSI#<#,2018-03-14,2018-03-14,2018-03-22,1,3589.00,3504.00,-85.00,-112.25,13.00,7,sl
P_HixDD>x&RSIx_3,P_Hi#DD>#&RSI#<#,2018-03-14,2018-03-14,2018-03-22,1,3589.00,3504.00,-85.00,-112.25,13.00,7,sl
IBS<x_1,IBS<#,2018-03-01,2018-03-01,2018-03-22,1,3515.50,3515.50,0.00,-38.75,126.50,16,breakeven
IBS<x_4,IBS<#,2018-03-21,2018-03-21,2018-03-22,1,3549.50,3508.84,-40.66,-72.75,11.50,2,sl
D01_3,D01,2018-03-02,2018-03-02,2018-03-22,1,3529.25,3523.25,-6.00,-52.50,112.75,15,breakeven
RSIx<x_1,RSI#<#,2018-03-15,2018-03-15,2018-03-22,1,3586.00,3503.10,-82.90,-109.25,15.00,6,sl
RSIx<x_3,RSI#<#,2018-03-19,2018-03-19,2018-03-22,1,3551.00,3487.62,-63.38,-74.25,27.75,4,sl
RSIx<x_4,RSI#<#,2018-03-19,2018-03-19,2018-03-22,1,3551.00,3523.25,-27.75,-74.25,27.75,4,sl
LMT_RSIx<x_xAT_4,LMT_RSI#<#_#ATR,2018-03-21,2018-03-22,2018-03-23,1,3519.00,3476.58,-42.43,-98.25,42.00,2,sl
IBS<x_1,IBS<#,2018-03-22,2018-03-22,2018-03-23,1,3480.25,3437.82,-42.43,-59.50,13.25,2,sl
WRx<x_1,WR#<#,2018-03-22,2018-03-22,2018-03-23,1,3480.25,3437.82,-42.43,-59.50,13.25,2,sl
RSIx<x_4,RSI#<#,2018-03-22,2018-03-22,2018-03-23,1,3480.25,3459.04,-21.21,-59.50,13.25,2,sl
P_HixDD>x&IBS<_1,P_Hi#DD>#&IBS<#,2018-03-14,2018-03-14,2018-03-23,1,3589.00,3461.50,-127.50,-168.25,13.00,8,sl
P_HixDD>x&IBS<_3,P_Hi#DD>#&IBS<#,2018-03-21,2018-03-21,2018-03-23,1,3549.50,3468.18,-81.32,-128.75,11.50,3,sl
P_HixDD>x&IBS<_4,P_Hi#DD>#&IBS<#,2018-03-21,2018-03-21,2018-03-23,1,3549.50,3468.18,-81.32,-128.75,11.50,3,sl
ConnorsRSI<x_1,ConnorsRSI<#,2018-03-14,2018-03-14,2018-03-23,1,3589.00,3461.50,-127.50,-168.25,13.00,8,sl
C<wvwapxsd_1,C<wvwap#sd,2018-03-12,2018-03-12,2018-03-26,1,3622.75,3495.00,-127.75,-202.00,19.25,11,signal
C<wvwapxsd_4,C<wvwap#sd,2018-03-12,2018-03-12,2018-03-26,1,3622.75,3495.00,-127.75,-202.00,19.25,11,signal
P_HixDD>x&RSIx_2,P_Hi#DD>#&RSI#<#,2018-03-14,2018-03-14,2018-03-26,1,3589.00,3495.00,-94.00,-168.25,13.00,9,signal
P_HixDD>x&RSIx_3,P_Hi#DD>#&RSI#<#,2018-03-22,2018-03-22,2018-03-26,1,3480.25,3495.00,14.75,-59.50,17.25,3,signal
IBS<x_2,IBS<#,2018-03-13,2018-03-13,2018-03-26,1,3604.00,3495.00,-109.00,-183.25,14.25,10,signal
WRx<x_3,WR#<#,2018-03-22,2018-03-22,2018-03-26,1,3480.25,3495.00,14.75,-59.50,17.25,3,signal
WRx<x_4,WR#<#,2018-03-22,2018-03-22,2018-03-26,1,3480.25,3495.00,14.75,-59.50,17.25,3,signal
CloseAtxdLow_1,CloseAt#dLow,2018-03-22,2018-03-22,2018-03-26,1,3480.25,3495.00,14.75,-59.50,17.25,3,signal
P_HixDD>x&IBS<_1,P_Hi#DD>#&IBS<#,2018-03-23,2018-03-23,2018-03-26,1,3422.50,3495.00,72.50,-1.00,75.00,2,signal
P_HixDD>x&IBS<_2,P_Hi#DD>#&IBS<#,2018-03-12,2018-03-12,2018-03-26,1,3622.75,3495.00,-127.75,-202.00,19.25,11,signal
C<dvwapxsd_3,C<dvwap#sd,2018-02-27,2018-02-27,2018-03-27,1,3583.50,3448.00,-135.50,-162.75,58.50,21,time
IBS<x_1,IBS<#,2018-03-23,2018-03-23,2018-03-27,1,3422.50,3510.03,87.53,-1.00,92.00,3,tp
IBS<x_3,IBS<#,2018-03-13,2018-03-13,2018-03-27,1,3604.00,3448.00,-156.00,-183.25,14.25,11,time
WRx<x_1,WR#<#,2018-03-23,2018-03-23,2018-03-27,1,3422.50,3510.03,87.53,-1.00,92.00,3,tp
RSIx<x_3,RSI#<#,2018-03-22,2018-03-22,2018-03-27,1,3480.25,3512.07,31.82,-59.50,34.25,4,tp
C<wvwapxsd_4,C<wvwap#sd,2018-03-27,2018-03-27,2018-03-29,1,3448.00,3476.50,28.50,-20.25,46.25,3,signal
P_HixDD>x&RSIx_1,P_Hi#DD>#&RSI#<#,2018-03-22,2018-03-22,2018-03-29,1,3480.25,3476.50,-3.75,-59.50,34.25,6,signal
CloseAtxdLow_2,CloseAt#dLow,2018-03-01,2018-03-01,2018-03-29,1,3515.50,3476.50,-39.00,-94.75,126.50,21,time
P_HixDD>x&IBS<_4,P_Hi#DD>#&IBS<#,2018-03-27,2018-03-27,2018-03-29,1,3448.00,3476.50,28.50,-20.25,46.25,3,signal
C<dvwapxsd_1,C<dvwap#sd,2018-03-22,2018-03-22,2018-04-02,1,3480.25,3416.61,-63.64,-93.50,34.25,7,sl
C06_1,C06,2018-03-16,2018-03-16,2018-04-02,1,3588.50,3466.75,-121.75,-167.75,4.25,11,signal
C06_3,C06,2018-03-29,2018-03-29,2018-04-02,1,3476.50,3430.10,-46.40,-89.75,1.50,2,sl
IBS<x_1,IBS<#,2018-03-27,2018-03-27,2018-04-02,1,3448.00,3400.46,-47.54,-61.25,46.25,4,sl
D01_3,D01,2018-03-26,2018-03-26,2018-04-02,1,3495.00,3426.51,-68.49,-108.25,19.50,5,sl
RSIx<x_2,RSI#<#,2018-03-22,2018-03-22,2018-04-02,1,3480.25,3466.75,-13.50,-59.50,34.25,7,signal
ConnorsRSI<x_4,ConnorsRSI<#,2018-03-22,2018-03-22,2018-04-02,1,3480.25,3416.61,-63.64,-93.50,34.25,7,sl
P_HixDD>x&RSIx_3,P_Hi#DD>#&RSI#<#,2018-04-02,2018-04-02,2018-04-03,1,3414.25,3448.75,34.50,-6.00,39.25,2,signal
CloseAtxdLow_3,CloseAt#dLow,2018-03-19,2018-03-19,2018-04-03,1,3551.00,3448.75,-102.25,-164.25,27.75,11,time
P_HixDD>x&IBS<_1,P_Hi#DD>#&IBS<#,2018-03-27,2018-03-27,2018-04-03,1,3448.00,3448.75,0.75,-61.25,46.25,5,signal
LMT_RSIx<x_xAT_1,LMT_RSI#<#_#ATR,2018-03-22,2018-03-23,2018-04-04,1,3448.43,3478.25,29.82,-61.68,66.07,8,signal
C<wvwapxsd_4,C<wvwap#sd,2018-04-02,2018-04-02,2018-04-04,1,3414.25,3478.25,64.00,-20.00,70.25,3,signal
C06_3,C06,2018-04-03,2018-04-03,2018-04-04,1,3448.75,3401.18,-47.57,-54.50,35.75,2,sl
D01_2,D01,2018-03-15,2018-03-15,2018-04-04,1,3586.00,3478.25,-107.75,-199.25,15.00,14,signal
P_HixDD>x&IBS<_3,P_Hi#DD>#&IBS<#,2018-03-27,2018-03-27,2018-04-04,1,3448.00,3478.25,30.25,-61.25,46.25,6,signal
C06_1,C06,2018-04-03,2018-04-03,2018-04-05,1,3448.75,3495.50,46.75,-54.50,35.75,3,signal
C<wvwapxsd_4,C<wvwap#sd,2018-04-06,2018-04-06,2018-04-10,1,3437.50,3491.25,53.75,-1.50,63.50,3,signal
IBS<x_2,IBS<#,2018-04-09,2018-04-09,2018-04-10,1,3448.50,3491.25,42.75,-3.75,52.50,2,signal
D01_2,D01,2018-04-09,2018-04-09,2018-04-10,1,3448.50,3491.25,42.75,-3.75,52.50,2,signal
P_HixDD>x&IBS<_3,P_Hi#DD>#&IBS<#,2018-04-09,2018-04-09,2018-04-10,1,3448.50,3491.25,42.75,-3.75,52.50,2,signal
P_HixDD>x&IBS<_4,P_Hi#DD>#&IBS<#,2018-04-09,2018-04-09,2018-04-10,1,3448.50,3491.25,42.75,-3.75,52.50,2,signal
C06_1,C06,2018-04-10,2018-04-10,2018-04-12,1,3491.25,3491.75,0.50,-30.50,4.75,3,signal
IBS<x_2,IBS<#,2018-04-11,2018-04-11,2018-04-12,1,3477.25,3498.50,21.25,-2.75,32.50,2,signal
P_HixDD>x&IBS<_3,P_Hi#DD>#&IBS<#,2018-04-11,2018-04-11,2018-04-12,1,3477.25,3498.50,21.25,-2.75,32.50,2,signal
P_HixDD>x&IBS<_4,P_Hi#DD>#&IBS<#,2018-04-11,2018-04-11,2018-04-12,1,3477.25,3498.50,21.25,-2.75,32.50,2,signal
LMT_RSIx<x_xAT_3,LMT_RSI#<#_#ATR,2018-03-21,2018-03-22,2018-04-17,1,3523.25,3541.00,17.75,-136.50,37.75,18,signal
IBS<x_1,IBS<#,2018-04-06,2018-04-06,2018-04-17,1,3437.50,3543.32,105.82,-1.50,111.00,8,tp
C<wvwapxsd_2,C<wvwap#sd,2018-03-22,2018-03-22,2018-04-20,1,3480.25,3505.50,25.25,-93.50,73.00,21,time
P_HixDD>x&IBS<_1,P_Hi#DD>#&IBS<#,2018-04-09,2018-04-09,2018-04-23,1,3448.50,3504.25,55.75,-3.75,104.75,11,time
ConnorsRSI<x_3,ConnorsRSI<#,2018-03-23,2018-03-23,2018-04-23,1,3422.50,3504.25,81.75,-35.75,130.75,21,time
C06_3,C06,2018-04-10,2018-04-10,2018-04-24,1,3491.25,3491.25,0.00,-40.50,62.00,11,breakeven
LMT_RSIx<x_xAT_4,LMT_RSI#<#_#ATR,2018-04-23,2018-04-24,2018-04-25,1,3467.08,3467.00,-0.08,-21.08,56.17,2,trail
P_HixDD>x&RSIx_3,P_Hi#DD>#&RSI#<#,2018-04-20,2018-04-20,2018-04-25,1,3505.50,3473.50,-32.00,-59.50,17.75,4,signal
C<wvwapxsd_4,C<wvwap#sd,2018-04-19,2018-04-19,2018-04-26,1,3528.00,3501.00,-27.00,-82.00,5.00,6,signal
P_HixDD>x&RSIx_1,P_Hi#DD>#&RSI#<#,2018-04-24,2018-04-24,2018-04-26,1,3468.50,3501.00,32.50,-22.50,41.75,3,signal
C06_1,C06,2018-04-26,2018-04-26,2018-04-30,1,3501.00,3509.75,8.75,-8.50,11.25,3,signal
P_HixDD>x&RSIx_3,P_Hi#DD>#&RSI#<#,2018-04-25,2018-04-25,2018-05-01,1,3473.50,3486.50,13.00,-15.50,43.50,5,signal
P_HixDD>x&IBS<_1,P_Hi#DD>#&IBS<#,2018-04-30,2018-04-30,2018-05-01,1,3481.00,3486.50,5.50,-23.00,7.50,2,signal
P_HixDD>x&IBS<_4,P_Hi#DD>#&IBS<#,2018-04-30,2018-04-30,2018-05-01,1,3481.00,3486.50,5.50,-23.00,7.50,2,signal
C06_3,C06,2018-04-26,2018-04-26,2018-05-03,1,3501.00,3454.34,-46.66,-75.00,16.00,6,sl
P_HixDD>x&RSIx_3,P_Hi#DD>#&RSI#<#,2018-05-02,2018-05-02,2018-05-03,1,3468.00,3462.25,-5.75,-42.00,3.00,2,signal
RSIx<x_4,RSI#<#,2018-04-24,2018-04-24,2018-05-03,1,3468.50,3443.81,-24.69,-42.50,48.50,8,sl
P_HixDD>x&IBS<_1,P_Hi#DD>#&IBS<#,2018-05-02,2018-05-02,2018-05-03,1,3468.00,3462.25,-5.75,-42.00,3.00,2,signal
ConnorsRSI<x_4,ConnorsRSI<#,2018-04-20,2018-04-20,2018-05-03,1,3505.50,3427.76,-77.74,-79.50,17.75,10,sl
C<dvwapxsd_1,C<dvwap#sd,2018-04-06,2018-04-06,2018-05-04,1,3437.50,3496.50,59.00,-11.50,115.75,21,time
C<wvwapxsd_4,C<wvwap#sd,2018-04-30,2018-04-30,2018-05-04,1,3481.00,3496.50,15.50,-55.00,23.25,5,signal
P_HixDD>x&RSIx_1,P_Hi#DD>#&RSI#<#,2018-05-02,2018-05-02,2018-05-04,1,3468.00,3496.50,28.50,-42.00,36.25,3,signal
P_HixDD>x&RSIx_3,P_Hi#DD>#&RSI#<#,2018-05-03,2018-05-03,2018-05-04,1,3462.25,3496.50,34.25,-15.25,42.00,2,signal
IBS<x_2,IBS<#,2018-04-30,2018-04-30,2018-05-04,1,3481.00,3496.50,15.50,-55.00,23.25,5,signal
D01_2,D01,2018-04-20,2018-04-20,2018-05-04,1,3505.50,3496.50,-9.00,-79.50,17.75,11,signal
P_HixDD>x&IBS<_3,P_Hi#DD>#&IBS<#,2018-04-30,2018-04-30,2018-05-04,1,3481.00,3496.50,15.50,-55.00,23.25,5,signal
P_HixDD>x&IBS<_4,P_Hi#DD>#&IBS<#,2018-05-02,2018-05-02,2018-05-04,1,3468.00,3496.50,28.50,-42.00,36.25,3,signal
C06_1,C06,2018-05-04,2018-05-04,2018-05-08,1,3496.50,3500.75,4.25,-2.00,19.75,3,signal
C06_3,C06,2018-05-04,2018-05-04,2018-05-08,1,3496.50,3496.50,0.00,-9.50,19.75,3,breakeven
C<wvwapxsd_4,C<wvwap#sd,2018-05-07,2018-05-07,2018-05-09,1,3505.00,3530.75,25.75,-18.00,29.75,3,signal
ConnorsRSI<x_4,ConnorsRSI<#,2018-05-03,2018-05-03,2018-05-10,1,3462.25,3549.94,87.69,-15.25,97.50,6,tp
IBS<x_1,IBS<#,2018-04-24,2018-04-24,2018-05-14,1,3468.50,3568.50,100.00,-42.50,107.50,15,tp
LMT_RSIx<x_xAT_4,LMT_RSI#<#_#ATR,2018-05-02,2018-05-03,2018-05-15,1,3439.34,3537.03,97.68,-13.34,136.66,9,trail
C<dvwapxsd_3,C<dvwap#sd,2018-04-18,2018-04-18,2018-05-16,1,3543.50,3557.50,14.00,-117.50,32.50,21,time
C<wvwapxsd_4,C<wvwap#sd,2018-05-14,2018-05-14,2018-05-16,1,3564.50,3557.50,-7.00,-29.25,1.50,3,signal
C<wvwapxsd_2,C<wvwap#sd,2018-04-20,2018-04-20,2018-05-18,1,3505.50,3547.50,42.00,-79.50,70.50,21,time
C<wvwapxsd_4,C<wvwap#sd,2018-05-18,2018-05-18,2018-05-21,1,3547.50,3567.50,20.00,-0.75,26.50,2,signal
C06_4,C06,2018-05-16,2018-05-16,2018-05-21,1,3557.50,3569.80,12.30,-14.00,16.50,4,tp
RSIx<x_1,RSI#<#,2018-05-18,2018-05-18,2018-05-21,1,3547.50,3567.50,20.00,-0.75,26.50,2,signal
C06_1,C06,2018-05-16,2018-05-16,2018-05-22,1,3557.50,3573.25,15.75,-14.00,16.50,5,signal
C06_3,C06,2018-05-16,2018-05-16,2018-05-22,1,3557.50,3557.50,0.00,-14.00,19.00,5,breakeven
C<wvwapxsd_1,C<wvwap#sd,2018-05-14,2018-05-14,2018-05-23,1,3564.50,3567.50,3.00,-29.25,12.00,8,signal
C06_4,C06,2018-05-21,2018-05-21,2018-05-23,1,3567.50,3544.08,-23.42,-28.25,9.00,3,sl
IBS<x_3,IBS<#,2018-05-22,2018-05-22,2018-05-23,1,3559.75,3567.50,7.75,-20.50,7.75,2,signal
D01_2,D01,2018-05-22,2018-05-22,2018-05-23,1,3559.75,3567.50,7.75,-20.50,7.75,2,signal
P_HixDD>x&IBS<_2,P_Hi#DD>#&IBS<#,2018-05-22,2018-05-22,2018-05-23,1,3559.75,3567.50,7.75,-20.50,7.75,2,signal
P_HixDD>x&IBS<_3,P_Hi#DD>#&IBS<#,2018-05-22,2018-05-22,2018-05-23,1,3559.75,3567.50,7.75,-20.50,7.75,2,signal
P_HixDD>x&IBS<_4,P_Hi#DD>#&IBS<#,2018-05-22,2018-05-22,2018-05-23,1,3559.75,3567.50,7.75,-20.50,7.75,2,signal
RSIx<x_1,RSI#<#,2018-05-25,2018-05-25,2018-05-28,1,3554.75,3558.00,3.25,-2.50,11.75,2,signal
C<dvwapxsd_1,C<dvwap#sd,2018-05-14,2018-05-14,2018-05-29,1,3564.50,3515.60,-48.90,-54.75,12.00,12,sl
C06_2,C06,2018-05-16,2018-05-16,2018-05-29,1,3557.50,3524.71,-32.79,-47.75,19.00,10,sl
IBS<x_1,IBS<#,2018-05-22,2018-05-22,2018-05-29,1,3559.75,3531.14,-28.61,-50.00,12.75,6,sl
C<wvwapxsd_1,C<wvwap#sd,2018-05-25,2018-05-25,2018-05-30,1,3554.75,3559.00,4.25,-45.00,11.75,4,signal
C<wvwapxsd_4,C<wvwap#sd,2018-05-22,2018-05-22,2018-05-30,1,3559.75,3559.00,-0.75,-50.00,12.75,7,signal
P_HixDD>x&RSIx_1,P_Hi#DD>#&RSI#<#,2018-05-29,2018-05-29,2018-05-30,1,3523.25,3559.00,35.75,-2.75,40.75,2,signal
P_HixDD>x&RSIx_2,P_Hi#DD>#&RSI#<#,2018-05-29,2018-05-29,2018-05-30,1,3523.25,3559.00,35.75,-2.75,40.75,2,signal
IBS<x_2,IBS<#,2018-05-22,2018-05-22,2018-05-30,1,3559.75,3559.00,-0.75,-50.00,12.75,7,signal
CloseAtxdLow_4,CloseAt#dLow,2018-05-29,2018-05-29,2018-05-30,1,3523.25,3559.00,35.75,-2.75,40.75,2,signal
RSIx<x_3,RSI#<#,2018-05-29,2018-05-29,2018-05-30,1,3523.25,3544.20,20.95,-2.75,40.75,2,tp
C06_4,C06,2018-05-30,2018-05-30,2018-05-31,1,3559.00,3537.52,-21.48,-24.50,4.00,2,sl
D01_3,D01,2018-05-03,2018-05-03,2018-05-31,1,3462.25,3539.75,77.50,-15.25,114.25,21,time
C<wvwapxsd_4,C<wvwap#sd,2018-05-31,2018-05-31,2018-06-01,1,3539.75,3568.75,29.00,-0.25,32.00,2,signal
IBS<x_3,IBS<#,2018-05-31,2018-05-31,2018-06-01,1,3539.75,3568.75,29.00,-0.25,32.00,2,signal
CloseAtxdLow_3,CloseAt#dLow,2018-05-29,2018-05-29,2018-06-01,1,3523.25,3568.75,45.50,-2.75,48.50,4,signal
RSIx<x_4,RSI#<#,2018-05-29,2018-05-29,2018-06-01,1,3523.25,3565.16,41.91,-2.75,48.50,4,tp
P_HixDD>x&IBS<_1,P_Hi#DD>#&IBS<#,2018-05-31,2018-05-31,2018-06-01,1,3539.75,3568.75,29.00,-0.25,32.00,2,signal
P_HixDD>x&IBS<_3,P_Hi#DD>#&IBS<#,2018-05-31,2018-05-31,2018-06-01,1,3539.75,3568.75,29.00,-0.25,32.00,2,signal
P_HixDD>x&IBS<_4,P_Hi#DD>#&IBS<#,2018-05-31,2018-05-31,2018-06-01,1,3539.75,3568.75,29.00,-0.25,32.00,2,signal
C06_1,C06,2018-05-30,2018-05-30,2018-06-04,1,3559.00,3577.25,18.25,-24.50,12.75,4,signal
C06_4,C06,2018-06-01,2018-06-01,2018-06-04,1,3568.75,3578.71,9.96,-5.00,15.25,2,tp
ConnorsRSI<x_4,ConnorsRSI<#,2018-05-29,2018-05-29,2018-06-05,1,3523.25,3586.11,62.86,-2.75,64.00,6,tp
C06_2,C06,2018-05-30,2018-05-30,2018-06-06,1,3559.00,3589.75,30.75,-24.50,48.25,6,tp
IBS<x_1,IBS<#,2018-05-31,2018-05-31,2018-06-06,1,3539.75,3595.38,55.62,-0.25,67.50,5,tp
C<dvwapxsd_1,C<dvwap#sd,2018-05-31,2018-05-31,2018-06-11,1,3539.75,3623.19,83.44,-0.25,85.50,8,tp
IBS<x_3,IBS<#,2018-06-11,2018-06-11,2018-06-12,1,3617.25,3621.75,4.50,-4.00,7.75,2,signal
C<dvwapxsd_2,C<dvwap#sd,2018-06-13,2018-06-13,2018-06-14,1,3611.25,3618.75,7.50,-8.00,13.75,2,signal
C<dvwapxsd_4,C<dvwap#sd,2018-06-13,2018-06-13,2018-06-14,1,3611.25,3623.47,12.22,-8.00,13.75,2,tp
IBS<x_3,IBS<#,2018-06-13,2018-06-13,2018-06-14,1,3611.25,3618.75,7.50,-8.00,13.75,2,signal
D01_2,D01,2018-06-13,2018-06-13,2018-06-14,1,3611.25,3618.75,7.50,-8.00,13.75,2,signal
C<dvwapxsd_3,C<dvwap#sd,2018-05-18,2018-05-18,2018-06-15,1,3547.50,3615.75,68.25,-37.75,79.50,21,time
C<wvwapxsd_1,C<wvwap#sd,2018-06-11,2018-06-11,2018-06-15,1,3617.25,3615.75,-1.50,-20.75,9.75,5,signal
C<wvwapxsd_2,C<wvwap#sd,2018-05-18,2018-05-18,2018-06-15,1,3547.50,3615.75,68.25,-37.75,79.50,21,time
C<wvwapxsd_3,C<wvwap#sd,2018-06-13,2018-06-13,2018-06-15,1,3611.25,3599.03,-12.22,-14.75,13.75,3,sl
C<wvwapxsd_1,C<wvwap#sd,2018-06-15,2018-06-15,2018-06-18,1,3615.75,3608.75,-7.00,-23.50,2.00,2,signal
LMT_RSIx<x_xAT_2,LMT_RSI#<#_#ATR,2018-06-18,2018-06-19,2018-06-19,1,3581.75,3597.00,15.25,-15.00,29.50,1,time
C<dvwapxsd_1,C<dvwap#sd,2018-06-13,2018-06-13,2018-06-19,1,3611.25,3574.59,-36.66,-44.50,13.75,5,sl
IBS<x_1,IBS<#,2018-06-11,2018-06-11,2018-06-19,1,3617.25,3581.75,-35.50,-50.50,9.75,7,sl
IBS<x_4,IBS<#,2018-06-13,2018-06-13,2018-06-19,1,3611.25,3581.75,-29.50,-44.50,13.75,5,sl
LMT_RSIx<x_xAT_2,LMT_RSI#<#_#ATR,2018-06-19,2018-06-20,2018-06-20,1,3590.53,3602.00,11.47,-2.28,18.72,1,time
C<wvwapxsd_4,C<wvwap#sd,2018-06-11,2018-06-11,2018-06-20,1,3617.25,3602.00,-15.25,-50.50,9.75,8,signal
IBS<x_2,IBS<#,2018-06-13,2018-06-13,2018-06-20,1,3611.25,3602.00,-9.25,-44.50,13.75,6,signal
LMT_RSIx<x_xAT_4,LMT_RSI#<#_#ATR,2018-06-18,2018-06-19,2018-06-21,1,3581.75,3585.36,3.61,-15.00,34.50,3,trail
C<dvwapxsd_1,C<dvwap#sd,2018-06-21,2018-06-21,2018-06-25,1,3583.75,3544.66,-39.09,-52.25,15.75,3,sl
C<wvwapxsd_2,C<wvwap#sd,2018-06-15,2018-06-15,2018-06-25,1,3615.75,3541.46,-74.29,-84.25,2.00,7,sl
C06_3,C06,2018-05-30,2018-05-30,2018-06-25,1,3559.00,3559.00,0.00,-27.50,68.00,19,breakeven
P_HixDD>x&RSIx_1,P_Hi#DD>#&RSI#<#,2018-06-19,2018-06-19,2018-06-25,1,3597.00,3545.22,-51.78,-65.50,19.25,5,sl
IBS<x_1,IBS<#,2018-06-21,2018-06-21,2018-06-25,1,3583.75,3557.69,-26.06,-52.25,15.75,3,sl
D01_1,D01,2018-06-14,2018-06-14,2018-06-25,1,3618.75,3545.32,-73.43,-87.25,1.75,8,sl
D01_4,D01,2018-06-13,2018-06-13,2018-06-25,1,3611.25,3537.94,-73.31,-79.75,13.75,9,sl
CloseAtxdLow_2,CloseAt#dLow,2018-06-18,2018-06-18,2018-06-25,1,3608.75,3559.40,-49.35,-77.25,7.50,6,sl
RSIx<x_1,RSI#<#,2018-06-18,2018-06-18,2018-06-25,1,3608.75,3559.40,-49.35,-77.25,7.50,6,sl
RSIx<x_3,RSI#<#,2018-06-21,2018-06-21,2018-06-25,1,3583.75,3544.66,-39.09,-52.25,15.75,3,sl
P_HixDD>x&IBS<_3,P_Hi#DD>#&IBS<#,2018-06-21,2018-06-21,2018-06-25,1,3583.75,3531.62,-52.12,-52.25,15.75,3,sl
P_HixDD>x&IBS<_4,P_Hi#DD>#&IBS<#,2018-06-21,2018-06-21,2018-06-25,1,3583.75,3531.62,-52.12,-52.25,15.75,3,sl
ConnorsRSI<x_2,ConnorsRSI<#,2018-06-19,2018-06-19,2018-06-25,1,3597.00,3558.17,-38.83,-65.50,19.25,5,sl
ConnorsRSI<x_4,ConnorsRSI<#,2018-06-19,2018-06-19,2018-06-25,1,3597.00,3558.17,-38.83,-65.50,19.25,5,sl
ConnorsRSI<x_1,ConnorsRSI<#,2018-05-29,2018-05-29,2018-06-26,1,3523.25,3555.75,32.50,-2.75,103.75,21,time
LMT_RSIx<x_xAT_2,LMT_RSI#<#_#ATR,2018-06-26,2018-06-27,2018-06-27,1,3549.05,3532.75,-16.30,-17.05,29.95,1,time
RSIx<x_3,RSI#<#,2018-06-25,2018-06-25,2018-06-27,1,3551.00,3572.13,21.13,-19.00,28.00,3,tp
RSIx<x_4,RSI#<#,2018-06-25,2018-06-25,2018-06-27,1,3551.00,3536.91,-14.09,-19.00,28.00,3,sl
LMT_RSIx<x_xAT_4,LMT_RSI#<#_#ATR,2018-06-26,2018-06-27,2018-06-28,1,3535.66,3532.75,-2.91,-11.41,43.34,2,trail
WRx<x_4,WR#<#,2018-06-27,2018-06-27,2018-06-28,1,3532.75,3549.50,16.75,-8.50,24.50,2,signal
CloseAtxdLow_1,CloseAt#dLow,2018-06-27,2018-06-27,2018-06-28,1,3532.75,3549.50,16.75,-8.50,24.50,2,signal
RSIx<x_3,RSI#<#,2018-06-27,2018-06-27,2018-06-28,1,3532.75,3552.97,20.22,-8.50,24.50,2,tp
C<wvwapxsd_3,C<wvwap#sd,2018-06-27,2018-06-27,2018-06-29,1,3532.75,3573.19,40.44,-8.50,43.75,3,tp
P_HixDD>x&RSIx_1,P_Hi#DD>#&RSI#<#,2018-06-25,2018-06-25,2018-06-29,1,3551.00,3552.00,1.00,-26.75,28.00,5,signal
IBS<x_3,IBS<#,2018-06-21,2018-06-21,2018-06-29,1,3583.75,3552.00,-31.75,-59.50,15.75,7,signal
CloseAtxdLow_4,CloseAt#dLow,2018-06-19,2018-06-19,2018-06-29,1,3597.00,3552.00,-45.00,-72.75,19.25,9,signal
RSIx<x_4,RSI#<#,2018-06-27,2018-06-27,2018-06-29,1,3532.75,3573.19,40.44,-8.50,43.75,3,tp
C<wvwapxsd_1,C<wvwap#sd,2018-06-21,2018-06-21,2018-07-02,1,3583.75,3558.25,-25.50,-59.50,15.75,8,signal
C06_1,C06,2018-06-28,2018-06-28,2018-07-02,1,3549.50,3534.25,-15.25,-2.00,27.00,3,signal
P_HixDD>x&RSIx_2,P_Hi#DD>#&RSI#<#,2018-06-19,2018-06-19,2018-07-02,1,3597.00,3558.25,-38.75,-72.75,19.25,10,signal
P_HixDD>x&RSIx_3,P_Hi#DD>#&RSI#<#,2018-06-25,2018-06-25,2018-07-02,1,3551.00,3558.25,7.25,-26.75,28.00,6,signal
IBS<x_1,IBS<#,2018-06-27,2018-06-27,2018-07-02,1,3532.75,3532.75,0.00,-8.50,43.75,4,breakeven
IBS<x_3,IBS<#,2018-06-29,2018-06-29,2018-07-02,1,3552.00,3558.25,6.25,-22.50,7.50,2,signal
WRx<x_1,WR#<#,2018-06-27,2018-06-27,2018-07-02,1,3532.75,3532.75,0.00,-8.50,43.75,4,breakeven
WRx<x_3,WR#<#,2018-06-27,2018-06-27,2018-07-02,1,3532.75,3558.25,25.50,-8.50,43.75,4,signal
CloseAtxdLow_3,CloseAt#dLow,2018-06-18,2018-06-18,2018-07-02,1,3608.75,3558.25,-50.50,-84.50,7.50,11,time
P_HixDD>x&IBS<_1,P_Hi#DD>#&IBS<#,2018-06-21,2018-06-21,2018-07-02,1,3583.75,3558.25,-25.50,-59.50,15.75,8,signal
P_HixDD>x&IBS<_2,P_Hi#DD>#&IBS<#,2018-06-27,2018-06-27,2018-07-02,1,3532.75,3558.25,25.50,-8.50,43.75,4,signal
P_HixDD>x&IBS<_3,P_Hi#DD>#&IBS<#,2018-06-27,2018-06-27,2018-07-02,1,3532.75,3558.25,25.50,-8.50,43.75,4,signal
P_HixDD>x&IBS<_4,P_Hi#DD>#&IBS<#,2018-06-27,2018-06-27,2018-07-02,1,3532.75,3558.25,25.50,-8.50,43.75,4,signal
C06_3,C06,2018-06-29,2018-06-29,2018-07-04,1,3552.00,3552.00,0.00,-22.50,20.50,4,breakeven
P_HixDD>x&IBS<_4,P_Hi#DD>#&IBS<#,2018-07-03,2018-07-03,2018-07-04,1,3544.25,3552.75,8.50,-2.50,10.75,2,signal
C<dvwapxsd_4,C<dvwap#sd,2018-07-03,2018-07-03,2018-07-05,1,3544.25,3560.50,16.25,-2.50,26.25,3,tp
C<wvwapxsd_1,C<wvwap#sd,2018-07-03,2018-07-03,2018-07-05,1,3544.25,3569.75,25.50,-2.50,26.25,3,signal
C<wvwapxsd_4,C<wvwap#sd,2018-06-21,2018-06-21,2018-07-05,1,3583.75,3569.75,-14.00,-59.50,15.75,11,signal
IBS<x_2,IBS<#,2018-06-22,2018-06-22,2018-07-05,1,3588.75,3569.75,-19.00,-64.50,4.00,10,signal
D01_2,D01,2018-06-21,2018-06-21,2018-07-05,1,3583.75,3569.75,-14.00,-59.50,15.75,11,signal
RSIx<x_1,RSI#<#,2018-06-25,2018-06-25,2018-07-05,1,3551.00,3569.75,18.75,-26.75,28.00,9,signal
P_HixDD>x&IBS<_1,P_Hi#DD>#&IBS<#,2018-07-03,2018-07-03,2018-07-05,1,3544.25,3569.75,25.50,-2.50,26.25,3,signal
P_HixDD>x&IBS<_3,P_Hi#DD>#&IBS<#,2018-07-03,2018-07-03,2018-07-05,1,3544.25,3569.75,25.50,-2.50,26.25,3,signal
LMT_RSIx<x_xAT_3,LMT_RSI#<#_#ATR,2018-06-19,2018-06-20,2018-07-06,1,3590.53,3592.75,2.22,-66.28,25.72,13,signal
C06_1,C06,2018-07-04,2018-07-04,2018-07-06,1,3552.75,3569.75,17.00,-9.25,17.75,3,signal
C06_2,C06,2018-06-29,2018-06-29,2018-07-06,1,3552.00,3579.03,27.03,-22.50,45.25,6,tp
C<dvwapxsd_1,C<dvwap#sd,2018-06-27,2018-06-27,2018-07-09,1,3532.75,3613.64,80.89,-8.50,85.50,9,tp
IBS<x_1,IBS<#,2018-07-03,2018-07-03,2018-07-09,1,3544.25,3604.50,60.25,-2.50,74.00,5,tp
CloseAtxdLow_2,CloseAt#dLow,2018-06-25,2018-06-25,2018-07-09,1,3551.00,3607.35,56.35,-26.75,67.25,11,tp
ConnorsRSI<x_2,ConnorsRSI<#,2018-06-25,2018-06-25,2018-07-09,1,3551.00,3614.39,63.39,-26.75,67.25,11,tp
ConnorsRSI<x_4,ConnorsRSI<#,2018-06-25,2018-06-25,2018-07-09,1,3551.00,3614.39,63.39,-26.75,67.25,11,tp
C<wvwapxsd_1,C<wvwap#sd,2018-07-11,2018-07-11,2018-07-12,1,3607.50,3631.00,23.50,-3.00,24.50,2,signal
C<wvwapxsd_4,C<wvwap#sd,2018-07-11,2018-07-11,2018-07-12,1,3607.50,3631.00,23.50,-3.00,24.50,2,signal
IBS<x_3,IBS<#,2018-07-11,2018-07-11,2018-07-12,1,3607.50,3631.00,23.50,-3.00,24.50,2,signal
C06_3,C06,2018-07-04,2018-07-04,2018-07-13,1,3552.75,3636.00,83.25,-9.25,85.50,8,tp
IBS<x_4,IBS<#,2018-06-29,2018-06-29,2018-07-13,1,3552.00,3633.07,81.07,-22.50,86.25,11,tp
D01_3,D01,2018-07-02,2018-07-02,2018-07-17,1,3558.25,3640.79,82.54,-16.50,88.50,12,tp
C<dvwapxsd_3,C<dvwap#sd,2018-06-22,2018-06-22,2018-07-20,1,3588.75,3634.25,45.50,-64.50,60.50,21,time
C<wvwapxsd_1,C<wvwap#sd,2018-07-19,2018-07-19,2018-07-23,1,3637.00,3639.25,2.25,-13.50,4.50,3,signal
C<wvwapxsd_2,C<wvwap#sd,2018-06-25,2018-06-25,2018-07-23,1,3551.00,3639.25,88.25,-26.75,98.25,21,time
RSIx<x_1,RSI#<#,2018-07-20,2018-07-20,2018-07-23,1,3634.25,3639.25,5.00,-10.75,6.25,2,signal
C<wvwapxsd_4,C<wvwap#sd,2018-07-19,2018-07-19,2018-07-24,1,3637.00,3652.00,15.00,-13.50,25.25,4,signal
IBS<x_3,IBS<#,2018-07-20,2018-07-20,2018-07-24,1,3634.25,3652.00,17.75,-10.75,28.00,3,signal
IBS<x_1,IBS<#,2018-07-11,2018-07-11,2018-07-25,1,3607.50,3666.65,59.15,-3.00,73.00,11,tp
ConnorsRSI<x_1,ConnorsRSI<#,2018-06-27,2018-06-27,2018-07-25,1,3532.75,3678.50,145.75,-8.50,147.75,21,time
IBS<x_1,IBS<#,2018-07-26,2018-07-26,2018-07-27,1,3669.25,3646.57,-22.68,-29.50,8.75,2,sl
P_HixDD>x&IBS<_4,P_Hi#DD>#&IBS<#,2018-07-30,2018-07-30,2018-07-31,1,3634.50,3648.00,13.50,-1.50,21.50,2,signal
C<wvwapxsd_1,C<wvwap#sd,2018-07-27,2018-07-27,2018-08-02,1,3651.25,3658.00,6.75,-29.25,9.25,5,signal
C<wvwapxsd_4,C<wvwap#sd,2018-07-27,2018-07-27,2018-08-02,1,3651.25,3658.00,6.75,-29.25,9.25,5,signal
P_HixDD>x&RSIx_1,P_Hi#DD>#&RSI#<#,2018-07-30,2018-07-30,2018-08-02,1,3634.50,3658.00,23.50,-12.50,26.00,4,signal
P_HixDD>x&RSIx_2,P_Hi#DD>#&RSI#<#,2018-07-30,2018-07-30,2018-08-02,1,3634.50,3658.00,23.50,-12.50,26.00,4,signal
P_HixDD>x&RSIx_3,P_Hi#DD>#&RSI#<#,2018-07-30,2018-07-30,2018-08-02,1,3634.50,3658.00,23.50,-12.50,26.00,4,signal
IBS<x_3,IBS<#,2018-07-26,2018-07-26,2018-08-02,1,3669.25,3658.00,-11.25,-47.25,8.75,6,signal
D01_2,D01,2018-07-30,2018-07-30,2018-08-02,1,3634.50,3658.00,23.50,-12.50,26.00,4,signal
RSIx<x_1,RSI#<#,2018-07-27,2018-07-27,2018-08-02,1,3651.25,3658.00,6.75,-29.25,9.25,5,signal
P_HixDD>x&IBS<_1,P_Hi#DD>#&IBS<#,2018-07-30,2018-07-30,2018-08-02,1,3634.50,3658.00,23.50,-12.50,26.00,4,signal
P_HixDD>x&IBS<_2,P_Hi#DD>#&IBS<#,2018-07-30,2018-07-30,2018-08-02,1,3634.50,3658.00,23.50,-12.50,26.00,4,signal
P_HixDD>x&IBS<_3,P_Hi#DD>#&IBS<#,2018-07-30,2018-07-30,2018-08-02,1,3634.50,3658.00,23.50,-12.50,26.00,4,signal
IBS<x_1,IBS<#,2018-07-30,2018-07-30,2018-08-06,1,3634.50,3680.12,45.62,-12.50,50.00,6,tp
ConnorsRSI<x_2,ConnorsRSI<#,2018-07-30,2018-07-30,2018-08-07,1,3634.50,3688.00,53.50,-12.50,60.25,7,tp
ConnorsRSI<x_4,ConnorsRSI<#,2018-07-30,2018-07-30,2018-08-07,1,3634.50,3688.00,53.50,-12.50,60.25,7,tp
C<dvwapxsd_1,C<dvwap#sd,2018-07-11,2018-07-11,2018-08-08,1,3607.50,3688.75,81.25,-3.00,87.25,21,time
IBS<x_1,IBS<#,2018-08-09,2018-08-09,2018-08-10,1,3684.50,3664.16,-20.34,-27.50,1.50,2,sl
LMT_RSIx<x_xAT_2,LMT_RSI#<#_#ATR,2018-08-10,2018-08-13,2018-08-13,1,3659.48,3653.75,-5.73,-8.48,15.27,1,time
C<dvwapxsd_1,C<dvwap#sd,2018-08-09,2018-08-09,2018-08-13,1,3684.50,3653.99,-30.51,-33.50,1.50,3,sl
C<wvwapxsd_3,C<wvwap#sd,2018-08-10,2018-08-10,2018-08-13,1,3664.75,3654.21,-10.54,-13.75,10.00,2,sl
C<wvwapxsd_1,C<wvwap#sd,2018-08-09,2018-08-09,2018-08-14,1,3684.50,3671.75,-12.75,-33.50,1.50,4,signal
P_HixDD>x&RSIx_2,P_Hi#DD>#&RSI#<#,2018-08-10,2018-08-10,2018-08-14,1,3664.75,3671.75,7.00,-13.75,10.00,3,signal
D01_2,D01,2018-08-10,2018-08-10,2018-08-14,1,3664.75,3671.75,7.00,-13.75,10.00,3,signal
RSIx<x_1,RSI#<#,2018-08-10,2018-08-10,2018-08-14,1,3664.75,3671.75,7.00,-13.75,10.00,3,signal
P_HixDD>x&IBS<_1,P_Hi#DD>#&IBS<#,2018-08-13,2018-08-13,2018-08-14,1,3653.75,3671.75,18.00,0.00,20.75,2,signal
P_HixDD>x&IBS<_4,P_Hi#DD>#&IBS<#,2018-08-13,2018-08-13,2018-08-14,1,3653.75,3671.75,18.00,0.00,20.75,2,signal
C<wvwapxsd_4,C<wvwap#sd,2018-08-09,2018-08-09,2018-08-16,1,3684.50,3673.50,-11.00,-50.50,1.50,6,signal
P_HixDD>x&RSIx_1,P_Hi#DD>#&RSI#<#,2018-08-10,2018-08-10,2018-08-16,1,3664.75,3673.50,8.75,-30.75,18.00,5,signal
IBS<x_2,IBS<#,2018-08-09,2018-08-09,2018-08-16,1,3684.50,3673.50,-11.00,-50.50,1.50,6,signal
IBS<x_3,IBS<#,2018-08-09,2018-08-09,2018-08-16,1,3684.50,3673.50,-11.00,-50.50,1.50,6,signal
CloseAtxdLow_4,CloseAt#dLow,2018-08-15,2018-08-15,2018-08-16,1,3650.25,3673.50,23.25,-1.75,32.50,2,signal
RSIx<x_1,RSI#<#,2018-08-15,2018-08-15,2018-08-16,1,3650.25,3673.50,23.25,-1.75,32.50,2,signal
CloseAtxdLow_3,CloseAt#dLow,2018-08-13,2018-08-13,2018-08-17,1,3653.75,3682.75,29.00,-19.75,34.25,5,signal
P_HixDD>x&IBS<_3,P_Hi#DD>#&IBS<#,2018-08-13,2018-08-13,2018-08-17,1,3653.75,3682.75,29.00,-19.75,34.25,5,signal
IBS<x_1,IBS<#,2018-08-13,2018-08-13,2018-08-21,1,3653.75,3696.90,43.15,-19.75,51.25,7,tp
CloseAtxdLow_2,CloseAt#dLow,2018-08-13,2018-08-13,2018-08-21,1,3653.75,3696.90,43.15,-19.75,51.25,7,tp
IBS<x_3,IBS<#,2018-08-21,2018-08-21,2018-08-22,1,3694.50,3693.50,-1.00,-17.25,4.75,2,signal
C<wvwapxsd_1,C<wvwap#sd,2018-08-15,2018-08-15,2018-08-24,1,3650.25,3706.50,56.25,-1.75,58.00,8,signal
C<wvwapxsd_2,C<wvwap#sd,2018-07-27,2018-07-27,2018-08-24,1,3651.25,3706.50,55.25,-29.25,57.00,21,time
C<wvwapxsd_4,C<wvwap#sd,2018-08-23,2018-08-23,2018-08-24,1,3689.00,3706.50,17.50,-1.75,19.25,2,signal
IBS<x_2,IBS<#,2018-08-21,2018-08-21,2018-08-24,1,3694.50,3706.50,12.00,-17.25,13.75,4,signal
IBS<x_3,IBS<#,2018-08-23,2018-08-23,2018-08-24,1,3689.00,3706.50,17.50,-1.75,19.25,2,signal
C<dvwapxsd_1,C<dvwap#sd,2018-08-13,2018-08-13,2018-08-27,1,3653.75,3719.50,65.75,-19.75,76.50,11,tp
C<dvwapxsd_3,C<dvwap#sd,2018-07-30,2018-07-30,2018-08-27,1,3634.50,3728.75,94.25,-12.50,95.75,21,time
ConnorsRSI<x_1,ConnorsRSI<#,2018-07-30,2018-07-30,2018-08-27,1,3634.50,3728.75,94.25,-12.50,95.75,21,time
ConnorsRSI<x_2,ConnorsRSI<#,2018-08-10,2018-08-10,2018-08-27,1,3664.75,3719.50,54.75,-30.75,65.50,12,tp
ConnorsRSI<x_4,ConnorsRSI<#,2018-08-10,2018-08-10,2018-08-27,1,3664.75,3719.50,54.75,-30.75,65.50,12,tp
IBS<x_1,IBS<#,2018-08-21,2018-08-21,2018-08-29,1,3694.50,3741.07,46.57,-17.25,54.00,7,tp
C<wvwapxsd_4,C<wvwap#sd,2018-08-30,2018-08-30,2018-09-03,1,3732.50,3739.25,6.75,-9.75,11.00,3,signal
LMT_RSIx<x_xAT_2,LMT_RSI#<#_#ATR,2018-09-05,2018-09-06,2018-09-06,1,3714.96,3711.25,-3.71,-15.96,9.04,1,time
C<dvwapxsd_1,C<dvwap#sd,2018-08-30,2018-08-30,2018-09-06,1,3732.50,3702.09,-30.41,-33.50,11.00,6,sl
LMT_RSIx<x_xAT_2,LMT_RSI#<#_#ATR,2018-09-06,2018-09-07,2018-09-07,1,3698.50,3704.75,6.25,-2.50,17.50,1,time
C<wvwapxsd_1,C<wvwap#sd,2018-08-30,2018-08-30,2018-09-11,1,3732.50,3720.00,-12.50,-36.50,11.00,9,signal
C<wvwapxsd_4,C<wvwap#sd,2018-09-05,2018-09-05,2018-09-11,1,3720.25,3720.00,-0.25,-24.25,3.75,5,signal
P_HixDD>x&RSIx_1,P_Hi#DD>#&RSI#<#,2018-09-05,2018-09-05,2018-09-11,1,3720.25,3720.00,-0.25,-24.25,3.75,5,signal
P_HixDD>x&RSIx_2,P_Hi#DD>#&RSI#<#,2018-09-05,2018-09-05,2018-09-11,1,3720.25,3720.00,-0.25,-24.25,3.75,5,signal
P_HixDD>x&RSIx_3,P_Hi#DD>#&RSI#<#,2018-09-07,2018-09-07,2018-09-11,1,3704.75,3720.00,15.25,-6.50,19.25,3,signal
IBS<x_2,IBS<#,2018-09-10,2018-09-10,2018-09-11,1,3709.50,3720.00,10.50,-11.25,14.50,2,signal
IBS<x_3,IBS<#,2018-09-10,2018-09-10,2018-09-11,1,3709.50,3720.00,10.50,-11.25,14.50,2,signal
CloseAtxdLow_3,CloseAt#dLow,2018-09-04,2018-09-04,2018-09-11,1,3728.25,3720.00,-8.25,-32.25,3.25,6,signal
CloseAtxdLow_4,CloseAt#dLow,2018-09-07,2018-09-07,2018-09-11,1,3704.75,3720.00,15.25,-6.50,19.25,3,signal
P_HixDD>x&IBS<_1,P_Hi#DD>#&IBS<#,2018-09-10,2018-09-10,2018-09-11,1,3709.50,3720.00,10.50,-11.25,14.50,2,signal
P_HixDD>x&IBS<_3,P_Hi#DD>#&IBS<#,2018-09-10,2018-09-10,2018-09-11,1,3709.50,3720.00,10.50,-11.25,14.50,2,signal
P_HixDD>x&IBS<_4,P_Hi#DD>#&IBS<#,2018-09-10,2018-09-10,2018-09-11,1,3709.50,3720.00,10.50,-11.25,14.50,2,signal
LMT_RSIx<x_xAT_3,LMT_RSI#<#_#ATR,2018-09-06,2018-09-07,2018-09-13,1,3698.50,3736.00,37.50,-2.50,39.50,5,signal
D01_2,D01,2018-09-07,2018-09-07,2018-09-13,1,3704.75,3736.00,31.25,-6.50,33.25,5,signal
RSIx<x_1,RSI#<#,2018-09-04,2018-09-04,2018-09-13,1,3728.25,3736.00,7.75,-32.25,9.75,8,signal
RSIx<x_4,RSI#<#,2018-09-07,2018-09-07,2018-09-13,1,3704.75,3736.91,32.16,-6.50,33.25,5,tp
LMT_RSIx<x_xAT_4,LMT_RSI#<#_#ATR,2018-09-05,2018-09-06,2018-09-17,1,3704.38,3721.36,16.98,-8.38,38.87,8,trail
LMT_RSIx<x_xAT_2,LMT_RSI#<#_#ATR,2018-09-17,2018-09-18,2018-09-18,1,3716.07,3737.00,20.93,-6.82,27.43,1,time
C<wvwapxsd_4,C<wvwap#sd,2018-09-17,2018-09-17,2018-09-18,1,3721.00,3737.00,16.00,-11.75,22.50,2,signal
P_HixDD>x&RSIx_1,P_Hi#DD>#&RSI#<#,2018-09-17,2018-09-17,2018-09-18,1,3721.00,3737.00,16.00,-11.75,22.50,2,signal
IBS<x_1,IBS<#,2018-09-10,2018-09-10,2018-09-18,1,3709.50,3709.50,0.00,-11.25,34.00,7,breakeven
IBS<x_2,IBS<#,2018-09-17,2018-09-17,2018-09-18,1,3721.00,3737.00,16.00,-11.75,22.50,2,signal
IBS<x_3,IBS<#,2018-09-17,2018-09-17,2018-09-18,1,3721.00,3737.00,16.00,-11.75,22.50,2,signal
D01_2,D01,2018-09-17,2018-09-17,2018-09-18,1,3721.00,3737.00,16.00,-11.75,22.50,2,signal
D01_3,D01,2018-09-10,2018-09-10,2018-09-18,1,3709.50,3709.50,0.00,-11.25,34.00,7,breakeven
RSIx<x_1,RSI#<#,2018-09-17,2018-09-17,2018-09-18,1,3721.00,3737.00,16.00,-11.75,22.50,2,signal
P_HixDD>x&IBS<_4,P_Hi#DD>#&IBS<#,2018-09-17,2018-09-17,2018-09-18,1,3721.00,3737.00,16.00,-11.75,22.50,2,signal
P_HixDD>x&IBS<_3,P_Hi#DD>#&IBS<#,2018-09-17,2018-09-17,2018-09-19,1,3721.00,3740.00,19.00,-11.75,23.50,3,signal
P_HixDD>x&RSIx_4,P_Hi#DD>#&RSI#<#,2018-09-07,2018-09-07,2018-09-20,1,3704.75,3753.50,48.75,-6.50,61.75,10,tp
ConnorsRSI<x_2,ConnorsRSI<#,2018-09-06,2018-09-06,2018-09-20,1,3711.25,3760.50,49.25,-15.25,55.25,11,tp
ConnorsRSI<x_4,ConnorsRSI<#,2018-09-06,2018-09-06,2018-09-20,1,3711.25,3760.50,49.25,-15.25,55.25,11,tp
CloseAtxdLow_2,CloseAt#dLow,2018-09-04,2018-09-04,2018-09-21,1,3728.25,3770.75,42.50,-32.25,44.50,14,tp
IBS<x_3,IBS<#,2018-09-21,2018-09-21,2018-09-24,1,3760.25,3750.25,-10.00,-16.75,3.25,2,signal
IBS<x_1,IBS<#,2018-09-21,2018-09-21,2018-09-26,1,3760.25,3740.00,-20.25,-27.00,3.25,4,sl
C<dvwapxsd_3,C<dvwap#sd,2018-08-30,2018-08-30,2018-09-27,1,3732.50,3745.50,13.00,-36.50,40.25,21,time
C<wvwapxsd_2,C<wvwap#sd,2018-08-30,2018-08-30,2018-09-27,1,3732.50,3745.50,13.00,-36.50,40.25,21,time
D01_2,D01,2018-09-25,2018-09-25,2018-09-27,1,3746.50,3745.50,-1.00,-13.25,15.25,3,signal
RSIx<x_1,RSI#<#,2018-09-25,2018-09-25,2018-09-27,1,3746.50,3745.50,-1.00,-13.25,15.25,3,signal
C<wvwapxsd_4,C<wvwap#sd,2018-09-24,2018-09-24,2018-10-01,1,3750.25,3755.25,5.00,-17.00,17.50,6,signal
P_HixDD>x&RSIx_1,P_Hi#DD>#&RSI#<#,2018-09-26,2018-09-26,2018-10-01,1,3737.75,3755.25,17.50,-4.50,30.00,4,signal
P_HixDD>x&RSIx_2,P_Hi#DD>#&RSI#<#,2018-09-17,2018-09-17,2018-10-01,1,3721.00,3755.25,34.25,-11.75,51.75,11,time
IBS<x_2,IBS<#,2018-09-21,2018-09-21,2018-10-01,1,3760.25,3755.25,-5.00,-27.00,7.50,7,signal
IBS<x_3,IBS<#,2018-09-25,2018-09-25,2018-10-01,1,3746.50,3755.25,8.75,-13.25,21.25,5,signal
D01_1,D01,2018-09-27,2018-09-27,2018-10-01,1,3745.50,3755.25,9.75,-11.75,22.25,3,signal
D01_4,D01,2018-09-26,2018-09-26,2018-10-01,1,3737.75,3755.25,17.50,-4.50,30.00,4,signal
P_HixDD>x&IBS<_1,P_Hi#DD>#&IBS<#,2018-09-17,2018-09-17,2018-10-01,1,3721.00,3755.25,34.25,-11.75,51.75,11,time
P_HixDD>x&IBS<_3,P_Hi#DD>#&IBS<#,2018-09-25,2018-09-25,2018-10-01,1,3746.50,3755.25,8.75,-13.25,21.25,5,signal
C<wvwapxsd_3,C<wvwap#sd,2018-09-26,2018-09-26,2018-10-03,1,3737.75,3768.72,30.97,-4.50,32.75,6,tp
IBS<x_1,IBS<#,2018-09-26,2018-09-26,2018-10-04,1,3737.75,3737.75,0.00,-24.25,32.75,7,breakeven
ConnorsRSI<x_1,ConnorsRSI<#,2018-09-06,2018-09-06,2018-10-04,1,3711.25,3732.00,20.75,-15.25,61.50,21,time
LMT_RSIx<x_xAT_2,LMT_RSI#<#_#ATR,2018-10-04,2018-10-05,2018-10-05,1,3726.53,3716.25,-10.28,-27.53,14.72,1,time
P_HixDD>x&IBS<_4,P_Hi#DD>#&IBS<#,2018-09-25,2018-09-25,2018-10-05,1,3746.50,3706.05,-40.45,-47.50,24.00,9,sl
ConnorsRSI<x_2,ConnorsRSI<#,2018-09-26,2018-09-26,2018-10-05,1,3737.75,3706.78,-30.97,-38.75,32.75,8,sl
ConnorsRSI<x_4,ConnorsRSI<#,2018-09-26,2018-09-26,2018-10-05,1,3737.75,3706.78,-30.97,-38.75,32.75,8,sl
LMT_RSIx<x_xAT_2,LMT_RSI#<#_#ATR,2018-10-05,2018-10-08,2018-10-08,1,3707.00,3715.50,8.50,-15.25,17.00,1,time
LMT_RSIx<x_xAT_4,LMT_RSI#<#_#ATR,2018-10-04,2018-10-05,2018-10-08,1,3715.58,3707.00,-8.58,-23.83,25.67,2,trail
C<dvwapxsd_1,C<dvwap#sd,2018-09-10,2018-09-10,2018-10-08,1,3709.50,3715.50,6.00,-17.75,63.25,21,time
C<dvwapxsd_3,C<dvwap#sd,2018-10-03,2018-10-03,2018-10-08,1,3756.25,3693.47,-62.78,-64.50,1.50,4,sl
C<wvwapxsd_1,C<wvwap#sd,2018-09-17,2018-09-17,2018-10-08,1,3721.00,3715.50,-5.50,-29.25,51.75,16,signal
P_HixDD>x&RSIx_3,P_Hi#DD>#&RSI#<#,2018-10-05,2018-10-05,2018-10-08,1,3716.25,3715.50,-0.75,-24.50,7.75,2,signal
P_HixDD>x&RSIx_4,P_Hi#DD>#&RSI#<#,2018-10-05,2018-10-05,2018-10-08,1,3716.25,3693.25,-23.00,-24.50,7.75,2,sl
RSIx<x_4,RSI#<#,2018-10-05,2018-10-05,2018-10-08,1,3716.25,3704.75,-11.50,-24.50,7.75,2,sl
LMT_RSIx<x_xAT_2,LMT_RSI#<#_#ATR,2018-10-08,2018-10-09,2018-10-09,1,3709.56,3711.75,2.19,-9.31,16.19,1,time
RSIx<x_4,RSI#<#,2018-10-08,2018-10-08,2018-10-09,1,3715.50,3703.61,-11.89,-15.25,10.25,2,sl
LMT_RSIx<x_xAT_1,LMT_RSI#<#_#ATR,2018-10-04,2018-10-05,2018-10-10,1,3715.58,3646.58,-69.00,-100.33,25.67,4,sl
LMT_RSIx<x_xAT_4,LMT_RSI#<#_#ATR,2018-10-09,2018-10-10,2018-10-10,1,3693.93,3665.87,-28.06,-78.68,23.07,1,sl
C<dvwapxsd_1,C<dvwap#sd,2018-10-09,2018-10-09,2018-10-10,1,3711.75,3676.11,-35.64,-96.50,5.25,2,sl
C<wvwapxsd_2,C<wvwap#sd,2018-09-27,2018-09-27,2018-10-10,1,3745.50,3682.99,-62.51,-130.25,25.00,10,sl
P_HixDD>x&RSIx_1,P_Hi#DD>#&RSI#<#,2018-10-04,2018-10-04,2018-10-10,1,3732.00,3688.22,-43.78,-116.75,9.25,5,sl
P_HixDD>x&RSIx_3,P_Hi#DD>#&RSI#<#,2018-10-08,2018-10-08,2018-10-10,1,3715.50,3667.95,-47.55,-100.25,10.25,3,sl
P_HixDD>x&RSIx_4,P_Hi#DD>#&RSI#<#,2018-10-08,2018-10-08,2018-10-10,1,3715.50,3691.72,-23.78,-100.25,10.25,3,sl
D01_3,D01,2018-10-08,2018-10-08,2018-10-10,1,3715.50,3679.84,-35.66,-100.25,10.25,3,sl
CloseAtxdLow_1,CloseAt#dLow,2018-10-08,2018-10-08,2018-10-10,1,3715.50,3667.95,-47.55,-100.25,10.25,3,sl
CloseAtxdLow_2,CloseAt#dLow,2018-10-04,2018-10-04,2018-10-10,1,3732.00,3688.22,-43.78,-116.75,9.25,5,sl
RSIx<x_1,RSI#<#,2018-10-04,2018-10-04,2018-10-10,1,3732.00,3688.22,-43.78,-116.75,9.25,5,sl
RSIx<x_3,RSI#<#,2018-10-05,2018-10-05,2018-10-10,1,3716.25,3681.75,-34.50,-101.00,9.50,4,sl
RSIx<x_4,RSI#<#,2018-10-09,2018-10-09,2018-10-10,1,3711.75,3699.87,-11.88,-96.50,5.25,2,sl
ConnorsRSI<x_4,ConnorsRSI<#,2018-10-05,2018-10-05,2018-10-10,1,3716.25,3681.75,-34.50,-101.00,9.50,4,sl
LMT_RSIx<x_xAT_4,LMT_RSI#<#_#ATR,2018-10-10,2018-10-11,2018-10-11,1,3597.20,3565.93,-31.28,-59.20,27.30,1,sl
C<dvwapxsd_1,C<dvwap#sd,2018-10-10,2018-10-10,2018-10-11,1,3618.25,3576.16,-42.09,-80.25,6.25,2,sl
P_HixDD>x&RSIx_1,P_Hi#DD>#&RSI#<#,2018-10-10,2018-10-10,2018-10-11,1,3618.25,3562.12,-56.12,-80.25,6.25,2,sl
P_HixDD>x&RSIx_3,P_Hi#DD>#&RSI#<#,2018-10-10,2018-10-10,2018-10-11,1,3618.25,3562.12,-56.12,-80.25,6.25,2,sl
IBS<x_1,IBS<#,2018-10-10,2018-10-10,2018-10-11,1,3618.25,3590.19,-28.06,-80.25,6.25,2,sl
WRx<x_1,WR#<#,2018-10-10,2018-10-10,2018-10-11,1,3618.25,3590.19,-28.06,-80.25,6.25,2,sl
WRx<x_3,WR#<#,2018-10-10,2018-10-10,2018-10-11,1,3618.25,3562.12,-56.12,-80.25,6.25,2,sl
CloseAtxdLow_1,CloseAt#dLow,2018-10-10,2018-10-10,2018-10-11,1,3618.25,3562.12,-56.12,-80.25,6.25,2,sl
RSIx<x_3,RSI#<#,2018-10-10,2018-10-10,2018-10-11,1,3618.25,3576.16,-42.09,-80.25,6.25,2,sl
RSIx<x_4,RSI#<#,2018-10-10,2018-10-10,2018-10-11,1,3618.25,3604.22,-14.03,-80.25,6.25,2,sl
P_HixDD>x&IBS<_3,P_Hi#DD>#&IBS<#,2018-10-10,2018-10-10,2018-10-11,1,3618.25,3562.12,-56.12,-80.25,6.25,2,sl
P_HixDD>x&IBS<_4,P_Hi#DD>#&IBS<#,2018-10-10,2018-10-10,2018-10-11,1,3618.25,3562.12,-56.12,-80.25,6.25,2,sl
ConnorsRSI<x_3,ConnorsRSI<#,2018-10-10,2018-10-10,2018-10-11,1,3618.25,3590.19,-28.06,-80.25,6.25,2,sl
ConnorsRSI<x_4,ConnorsRSI<#,2018-10-10,2018-10-10,2018-10-11,1,3618.25,3576.16,-42.09,-80.25,6.25,2,sl
WRx<x_4,WR#<#,2018-10-10,2018-10-10,2018-10-12,1,3618.25,3594.50,-23.75,-80.25,6.25,3,signal
RSIx<x_3,RSI#<#,2018-10-11,2018-10-11,2018-10-12,1,3557.50,3602.00,44.50,-5.00,53.25,2,tp
LMT_RSIx<x_xAT_1,LMT_RSI#<#_#ATR,2018-10-10,2018-10-11,2018-10-16,1,3597.20,3636.75,39.55,-59.20,44.80,4,signal
C<wvwapxsd_4,C<wvwap#sd,2018-10-01,2018-10-01,2018-10-16,1,3755.25,3636.75,-118.50,-217.25,15.25,12,signal
P_HixDD>x&RSIx_3,P_Hi#DD>#&RSI#<#,2018-10-11,2018-10-11,2018-10-16,1,3557.50,3636.75,79.25,-5.00,84.50,4,signal
IBS<x_1,IBS<#,2018-10-11,2018-10-11,2018-10-16,1,3557.50,3620.05,62.55,-5.00,84.50,4,tp
IBS<x_2,IBS<#,2018-10-10,2018-10-10,2018-10-16,1,3618.25,3636.75,18.50,-80.25,23.75,5,signal
IBS<x_3,IBS<#,2018-10-03,2018-10-03,2018-10-16,1,3756.25,3636.75,-119.50,-218.25,1.50,10,signal
WRx<x_1,WR#<#,2018-10-11,2018-10-11,2018-10-16,1,3557.50,3620.05,62.55,-5.00,84.50,4,tp
WRx<x_3,WR#<#,2018-10-11,2018-10-11,2018-10-16,1,3557.50,3636.75,79.25,-5.00,84.50,4,signal
RSIx<x_3,RSI#<#,2018-10-12,2018-10-12,2018-10-16,1,3594.50,3619.56,25.06,-23.50,47.50,3,tp
P_HixDD>x&IBS<_1,P_Hi#DD>#&IBS<#,2018-10-10,2018-10-10,2018-10-16,1,3618.25,3636.75,18.50,-80.25,23.75,5,signal
RSIx<x_2,RSI#<#,2018-10-09,2018-10-09,2018-10-17,1,3711.75,3638.00,-73.75,-173.75,5.25,7,signal
C06_3,C06,2018-10-16,2018-10-16,2018-10-18,1,3636.75,3600.85,-35.90,-54.50,13.25,3,sl
D01_3,D01,2018-10-16,2018-10-16,2018-10-18,1,3636.75,3582.90,-53.85,-54.50,13.25,3,sl
C<wvwapxsd_2,C<wvwap#sd,2018-10-10,2018-10-10,2018-10-23,1,3618.25,3534.06,-84.19,-100.25,31.75,10,sl
IBS<x_1,IBS<#,2018-10-19,2018-10-19,2018-10-23,1,3594.75,3541.25,-53.50,-76.75,13.00,3,sl
ConnorsRSI<x_3,ConnorsRSI<#,2018-10-11,2018-10-11,2018-10-23,1,3557.50,3526.22,-31.28,-39.50,92.50,9,sl
LMT_RSIx<x_xAT_4,LMT_RSI#<#_#ATR,2018-10-22,2018-10-23,2018-10-24,1,3541.25,3497.95,-43.30,-63.25,43.00,2,sl
C<dvwapxsd_1,C<dvwap#sd,2018-10-11,2018-10-11,2018-10-24,1,3557.50,3510.59,-46.91,-79.50,92.50,10,sl
P_HixDD>x&RSIx_3,P_Hi#DD>#&RSI#<#,2018-10-22,2018-10-22,2018-10-24,1,3583.50,3501.93,-81.57,-105.50,0.75,3,sl
RSIx<x_3,RSI#<#,2018-10-23,2018-10-23,2018-10-24,1,3567.00,3502.05,-64.95,-89.00,8.75,2,sl
RSIx<x_3,RSI#<#,2018-10-24,2018-10-24,2018-10-25,1,3484.00,3519.07,35.07,-2.25,65.50,2,tp
P_HixDD>x&IBS<_1,P_Hi#DD>#&IBS<#,2018-10-19,2018-10-19,2018-10-26,1,3594.75,3474.22,-120.53,-141.75,13.00,6,sl
IBS<x_1,IBS<#,2018-10-24,2018-10-24,2018-10-29,1,3484.00,3437.24,-46.76,-55.25,65.50,4,sl
WRx<x_1,WR#<#,2018-10-24,2018-10-24,2018-10-29,1,3484.00,3437.24,-46.76,-55.25,65.50,4,sl
RSIx<x_3,RSI#<#,2018-10-26,2018-10-26,2018-10-29,1,3483.00,3522.12,39.12,-54.25,49.75,2,tp
ConnorsRSI<x_3,ConnorsRSI<#,2018-10-24,2018-10-24,2018-10-29,1,3484.00,3437.24,-46.76,-55.25,65.50,4,sl
LMT_RSIx<x_xAT_4,LMT_RSI#<#_#ATR,2018-10-26,2018-10-29,2018-10-30,1,3443.88,3467.00,23.12,-15.13,88.87,2,trail
P_HixDD>x&RSIx_3,P_Hi#DD>#&RSI#<#,2018-10-24,2018-10-24,2018-10-30,1,3484.00,3509.00,25.00,-55.25,65.50,5,signal
WRx<x_3,WR#<#,2018-10-24,2018-10-24,2018-10-30,1,3484.00,3509.00,25.00,-55.25,65.50,5,signal
RSIx<x_3,RSI#<#,2018-10-29,2018-10-29,2018-10-30,1,3468.25,3510.39,42.14,-9.25,44.00,2,tp
C<wvwapxsd_4,C<wvwap#sd,2018-10-18,2018-10-18,2018-10-31,1,3597.75,3537.25,-60.50,-169.00,28.50,10,signal
D01_2,D01,2018-10-04,2018-10-04,2018-10-31,1,3732.00,3537.25,-194.75,-303.25,9.25,20,signal
RSIx<x_2,RSI#<#,2018-10-24,2018-10-24,2018-10-31,1,3484.00,3537.50,53.50,-55.25,65.50,6,signal
P_HixDD>x&IBS<_1,P_Hi#DD>#&IBS<#,2018-10-31,2018-10-31,2018-11-01,1,3537.25,3564.25,27.00,-7.50,29.75,2,signal
LMT_RSIx<x_xAT_3,LMT_RSI#<#_#ATR,2018-10-04,2018-10-05,2018-11-07,1,3726.53,3638.75,-87.78,-297.78,14.72,24,signal
C<dvwapxsd_1,C<dvwap#sd,2018-10-24,2018-10-24,2018-11-07,1,3484.00,3624.29,140.29,-55.25,156.75,11,tp
IBS<x_1,IBS<#,2018-10-31,2018-10-31,2018-11-14,1,3537.25,3537.25,0.00,-25.25,106.50,11,breakeven
C06_3,C06,2018-10-30,2018-10-30,2018-11-15,1,3509.00,3509.00,0.00,-12.00,134.75,13,breakeven
P_HixDD>x&RSIx_3,P_Hi#DD>#&RSI#<#,2018-11-12,2018-11-12,2018-11-15,1,3553.50,3557.50,4.00,-56.50,28.00,4,signal
P_HixDD>x&IBS<_1,P_Hi#DD>#&IBS<#,2018-11-12,2018-11-12,2018-11-15,1,3553.50,3557.50,4.00,-56.50,28.00,4,signal
C<wvwapxsd_4,C<wvwap#sd,2018-11-12,2018-11-12,2018-11-16,1,3553.50,3563.75,10.25,-56.50,28.00,5,signal
C<dvwapxsd_1,C<dvwap#sd,2018-11-12,2018-11-12,2018-11-20,1,3553.50,3467.57,-85.93,-96.00,28.00,7,sl
C06_3,C06,2018-11-16,2018-11-16,2018-11-20,1,3563.75,3480.00,-83.75,-106.25,10.00,3,sl
IBS<x_1,IBS<#,2018-11-14,2018-11-14,2018-11-20,1,3529.50,3472.65,-56.85,-72.00,45.00,5,sl
C<wvwapxsd_4,C<wvwap#sd,2018-11-19,2018-11-19,2018-11-26,1,3518.50,3499.50,-19.00,-66.75,5.00,6,signal
P_HixDD>x&RSIx_3,P_Hi#DD>#&RSI#<#,2018-11-19,2018-11-19,2018-11-26,1,3518.50,3499.50,-19.00,-66.75,5.00,6,signal
WRx<x_3,WR#<#,2018-11-20,2018-11-20,2018-11-26,1,3468.25,3499.50,31.25,-16.50,32.00,5,signal
P_HixDD>x&IBS<_1,P_Hi#DD>#&IBS<#,2018-11-19,2018-11-19,2018-11-26,1,3518.50,3499.50,-19.00,-66.75,5.00,6,signal
D01_2,D01,2018-11-12,2018-11-12,2018-11-27,1,3553.50,3508.25,-45.25,-101.75,28.00,12,signal
RSIx<x_3,RSI#<#,2018-11-20,2018-11-20,2018-11-28,1,3468.25,3521.00,52.75,-16.50,102.50,7,tp
IBS<x_1,IBS<#,2018-11-20,2018-11-20,2018-11-30,1,3468.25,3585.95,117.70,-16.50,119.00,9,tp
WRx<x_1,WR#<#,2018-11-20,2018-11-20,2018-11-30,1,3468.25,3585.95,117.70,-16.50,119.00,9,tp
LMT_RSIx<x_xAT_4,LMT_RSI#<#_#ATR,2018-11-19,2018-11-20,2018-12-04,1,3474.35,3580.90,106.55,-22.60,165.40,11,trail
C06_3,C06,2018-11-26,2018-11-26,2018-12-06,1,3499.50,3482.50,-17.00,-52.50,140.25,8,breakeven
P_HixDD>x&RSIx_3,P_Hi#DD>#&RSI#<#,2018-12-04,2018-12-04,2018-12-06,1,3529.25,3522.50,-6.75,-82.25,17.25,2,signal
P_HixDD>x&RSIx_3,P_Hi#DD>#&RSI#<#,2018-12-06,2018-12-06,2018-12-10,1,3522.50,3419.10,-103.40,-113.75,13.00,3,sl
WRx<x_3,WR#<#,2018-12-07,2018-12-07,2018-12-10,1,3459.25,3463.25,4.00,-50.50,15.00,2,signal
C06_3,C06,2018-12-12,2018-12-12,2018-12-14,1,3477.25,3421.40,-55.85,-57.50,19.50,3,sl
C<dvwapxsd_1,C<dvwap#sd,2018-11-20,2018-11-20,2018-12-17,1,3468.25,3379.97,-88.28,-112.50,171.50,19,sl
P_HixDD>x&RSIx_3,P_Hi#DD>#&RSI#<#,2018-12-10,2018-12-10,2018-12-19,1,3463.25,3351.62,-111.62,-151.50,49.00,8,sl
WRx<x_3,WR#<#,2018-12-14,2018-12-14,2018-12-19,1,3426.50,3318.57,-107.93,-114.75,12.50,4,sl
P_HixDD>x&RSIx_3,P_Hi#DD>#&RSI#<#,2018-12-19,2018-12-19,2018-12-24,1,3328.50,3214.57,-113.93,-165.75,11.75,4,sl
WRx<x_3,WR#<#,2018-12-19,2018-12-19,2018-12-24,1,3328.50,3214.57,-113.93,-165.75,11.75,4,sl
C<wvwapxsd_4,C<wvwap#sd,2018-12-04,2018-12-04,2018-12-26,1,3529.25,3290.50,-238.75,-390.25,17.25,15,signal
P_HixDD>x&RSIx_3,P_Hi#DD>#&RSI#<#,2018-12-24,2018-12-24,2018-12-26,1,3164.50,3290.50,126.00,-25.50,126.25,2,signal
WRx<x_3,WR#<#,2018-12-24,2018-12-24,2018-12-26,1,3164.50,3290.50,126.00,-25.50,126.25,2,signal
C06_3,C06,2018-12-26,2018-12-26,2018-12-27,1,3290.50,3219.28,-71.22,-71.25,23.00,2,sl
RSIx<x_2,RSI#<#,2018-12-17,2018-12-17,2018-12-27,1,3373.75,3255.75,-118.00,-234.75,40.50,8,signal
C<wvwapxsd_4,C<wvwap#sd,2019-01-03,2019-01-03,2019-01-04,1,3270.50,3354.75,84.25,-9.75,91.00,2,signal
P_HixDD>x&RSIx_3,P_Hi#DD>#&RSI#<#,2019-01-03,2019-01-03,2019-01-04,1,3270.50,3354.75,84.25,-9.75,91.00,2,signal
C<wvwapxsd_4,C<wvwap#sd,2019-01-14,2019-01-14,2019-01-15,1,3403.50,3432.75,29.25,-4.25,32.50,2,signal
IBS<x_3,IBS<#,2019-01-16,2019-01-16,2019-01-17,1,3438.50,3458.25,19.75,-19.75,29.25,2,signal
C<wvwapxsd_4,C<wvwap#sd,2019-01-21,2019-01-21,2019-01-25,1,3485.50,3485.50,0.00,-50.75,9.25,5,signal
C06_4,C06,2019-01-24,2019-01-24,2019-01-25,1,3463.75,3483.50,19.75,-8.00,31.00,2,tp
C06_4,C06,2019-01-30,2019-01-30,2019-01-31,1,3502.75,3517.97,15.22,-5.25,27.50,2,tp
C06_3,C06,2019-01-04,2019-01-04,2019-02-01,1,3354.75,3526.75,172.00,-9.25,183.50,21,time
LMT_RSIx<x_xAT_2,LMT_RSI#<#_#ATR,2019-02-07,2019-02-08,2019-02-08,1,3512.25,3529.75,17.50,-9.25,17.75,1,time
C<wvwapxsd_1,C<wvwap#sd,2019-02-07,2019-02-07,2019-02-08,1,3526.75,3529.75,3.00,-23.75,3.25,2,signal
P_HixDD>x&RSIx_2,P_Hi#DD>#&RSI#<#,2019-02-07,2019-02-07,2019-02-08,1,3526.75,3529.75,3.00,-23.75,3.25,2,signal
P_HixDD>x&RSIx_3,P_Hi#DD>#&RSI#<#,2019-02-07,2019-02-07,2019-02-08,1,3526.75,3529.75,3.00,-23.75,3.25,2,signal
RSIx<x_1,RSI#<#,2019-02-07,2019-02-07,2019-02-08,1,3526.75,3529.75,3.00,-23.75,3.25,2,signal
C<wvwapxsd_4,C<wvwap#sd,2019-02-07,2019-02-07,2019-02-11,1,3526.75,3531.00,4.25,-23.75,17.00,3,signal
C<wvwapxsd_1,C<wvwap#sd,2019-02-08,2019-02-08,2019-02-12,1,3529.75,3566.25,36.50,-7.00,40.50,3,signal
C<wvwapxsd_4,C<wvwap#sd,2019-02-11,2019-02-11,2019-02-12,1,3531.00,3566.25,35.25,-3.25,39.25,2,signal
C06_4,C06,2019-02-11,2019-02-11,2019-02-12,1,3531.00,3549.00,18.00,-3.25,39.25,2,tp
C06_3,C06,2019-02-12,2019-02-12,2019-02-14,1,3566.25,3561.75,-4.50,-13.75,19.00,3,breakeven
IBS<x_3,IBS<#,2019-02-13,2019-02-13,2019-02-14,1,3574.25,3567.75,-6.50,-21.75,11.00,2,signal
C06_2,C06,2019-02-12,2019-02-12,2019-02-18,1,3566.25,3599.38,33.12,-15.00,38.50,5,tp
C06_1,C06,2019-02-15,2019-02-15,2019-02-19,1,3598.00,3588.50,-9.50,-2.50,6.75,3,signal
C06_4,C06,2019-02-15,2019-02-15,2019-02-20,1,3598.00,3610.10,12.10,-9.75,15.00,4,tp
C<wvwapxsd_1,C<wvwap#sd,2019-02-21,2019-02-21,2019-02-22,1,3597.50,3614.25,16.75,-4.75,19.25,2,signal
C<wvwapxsd_4,C<wvwap#sd,2019-02-21,2019-02-21,2019-02-22,1,3597.50,3614.25,16.75,-4.75,19.25,2,signal
C06_4,C06,2019-02-22,2019-02-22,2019-02-25,1,3614.25,3630.00,15.75,-2.50,22.00,2,tp
C06_1,C06,2019-02-22,2019-02-22,2019-02-26,1,3614.25,3613.75,-0.50,-2.50,22.00,3,signal
C06_3,C06,2019-02-22,2019-02-22,2019-02-26,1,3614.25,3613.75,-0.50,-8.75,22.00,3,breakeven
IBS<x_3,IBS<#,2019-02-25,2019-02-25,2019-02-26,1,3618.75,3616.25,-2.50,-13.25,7.00,2,signal
C<wvwapxsd_1,C<wvwap#sd,2019-02-25,2019-02-25,2019-02-27,1,3618.75,3615.00,-3.75,-21.50,7.00,3,signal
C<wvwapxsd_1,C<wvwap#sd,2019-02-27,2019-02-27,2019-03-01,1,3615.00,3626.75,11.75,-11.00,15.50,3,signal
C<wvwapxsd_4,C<wvwap#sd,2019-02-25,2019-02-25,2019-03-01,1,3618.75,3626.75,8.00,-21.50,11.75,5,signal
P_HixDD>x&RSIx_1,P_Hi#DD>#&RSI#<#,2019-02-28,2019-02-28,2019-03-01,1,3607.25,3626.75,19.50,-2.00,23.25,2,signal
P_HixDD>x&RSIx_2,P_Hi#DD>#&RSI#<#,2019-02-28,2019-02-28,2019-03-01,1,3607.25,3626.75,19.50,-2.00,23.25,2,signal
IBS<x_2,IBS<#,2019-02-25,2019-02-25,2019-03-01,1,3618.75,3626.75,8.00,-21.50,11.75,5,signal
IBS<x_3,IBS<#,2019-02-28,2019-02-28,2019-03-01,1,3607.25,3626.75,19.50,-2.00,23.25,2,signal
RSIx<x_1,RSI#<#,2019-02-28,2019-02-28,2019-03-01,1,3607.25,3626.75,19.50,-2.00,23.25,2,signal
P_HixDD>x&IBS<_3,P_Hi#DD>#&IBS<#,2019-02-28,2019-02-28,2019-03-01,1,3607.25,3626.75,19.50,-2.00,23.25,2,signal
P_HixDD>x&IBS<_4,P_Hi#DD>#&IBS<#,2019-02-28,2019-02-28,2019-03-01,1,3607.25,3626.75,19.50,-2.00,23.25,2,signal
C06_3,C06,2019-03-01,2019-03-01,2019-03-04,1,3626.75,3601.12,-25.62,-37.00,15.25,2,sl
C06_4,C06,2019-03-01,2019-03-01,2019-03-04,1,3626.75,3607.53,-19.22,-37.00,15.25,2,sl
IBS<x_4,IBS<#,2019-02-25,2019-02-25,2019-03-04,1,3618.75,3590.82,-27.93,-29.00,23.25,6,sl
LMT_RSIx<x_xAT_2,LMT_RSI#<#_#ATR,2019-03-06,2019-03-07,2019-03-07,1,3587.47,3571.25,-16.22,-26.72,11.03,1,time
C06_2,C06,2019-02-22,2019-02-22,2019-03-07,1,3614.25,3585.36,-28.89,-53.50,27.75,10,sl
ConnorsRSI<x_1,ConnorsRSI<#,2019-02-07,2019-02-07,2019-03-07,1,3526.75,3571.25,44.50,-23.75,115.25,21,time
LMT_RSIx<x_xAT_2,LMT_RSI#<#_#ATR,2019-03-07,2019-03-08,2019-03-08,1,3549.50,3565.50,16.00,-5.25,24.25,1,time
C<wvwapxsd_1,C<wvwap#sd,2019-03-04,2019-03-04,2019-03-08,1,3615.50,3565.50,-50.00,-71.25,5.75,5,signal
C<wvwapxsd_3,C<wvwap#sd,2019-03-07,2019-03-07,2019-03-08,1,3571.25,3549.50,-21.75,-27.00,2.50,2,sl
P_HixDD>x&RSIx_2,P_Hi#DD>#&RSI#<#,2019-03-06,2019-03-06,2019-03-08,1,3594.25,3565.50,-28.75,-50.00,4.25,3,signal
P_HixDD>x&RSIx_3,P_Hi#DD>#&RSI#<#,2019-03-07,2019-03-07,2019-03-08,1,3571.25,3565.50,-5.75,-27.00,2.50,2,signal
P_HixDD>x&RSIx_4,P_Hi#DD>#&RSI#<#,2019-03-07,2019-03-07,2019-03-08,1,3571.25,3544.61,-26.64,-27.00,2.50,2,sl
ConnorsRSI<x_4,ConnorsRSI<#,2019-03-06,2019-03-06,2019-03-08,1,3594.25,3549.50,-44.75,-50.00,4.25,3,sl
LMT_RSIx<x_xAT_1,LMT_RSI#<#_#ATR,2019-03-06,2019-03-07,2019-03-11,1,3573.93,3605.25,31.32,-29.68,32.57,3,signal
C<wvwapxsd_1,C<wvwap#sd,2019-03-08,2019-03-08,2019-03-11,1,3565.50,3605.25,39.75,-6.50,41.00,2,signal
C<wvwapxsd_4,C<wvwap#sd,2019-03-04,2019-03-04,2019-03-11,1,3615.50,3605.25,-10.25,-71.25,5.75,6,signal
P_HixDD>x&RSIx_1,P_Hi#DD>#&RSI#<#,2019-03-06,2019-03-06,2019-03-11,1,3594.25,3605.25,11.00,-50.00,12.25,4,signal
P_HixDD>x&RSIx_3,P_Hi#DD>#&RSI#<#,2019-03-08,2019-03-08,2019-03-11,1,3565.50,3605.25,39.75,-6.50,41.00,2,signal
IBS<x_2,IBS<#,2019-03-06,2019-03-06,2019-03-11,1,3594.25,3605.25,11.00,-50.00,12.25,4,signal
IBS<x_3,IBS<#,2019-03-06,2019-03-06,2019-03-11,1,3594.25,3605.25,11.00,-50.00,12.25,4,signal
CloseAtxdLow_3,CloseAt#dLow,2019-03-06,2019-03-06,2019-03-11,1,3594.25,3605.25,11.00,-50.00,12.25,4,signal
CloseAtxdLow_4,CloseAt#dLow,2019-03-06,2019-03-06,2019-03-11,1,3594.25,3605.25,11.00,-50.00,12.25,4,signal
RSIx<x_1,RSI#<#,2019-03-06,2019-03-06,2019-03-11,1,3594.25,3605.25,11.00,-50.00,12.25,4,signal
P_HixDD>x&IBS<_3,P_Hi#DD>#&IBS<#,2019-03-06,2019-03-06,2019-03-11,1,3594.25,3605.25,11.00,-50.00,12.25,4,signal
P_HixDD>x&IBS<_4,P_Hi#DD>#&IBS<#,2019-03-06,2019-03-06,2019-03-11,1,3594.25,3605.25,11.00,-50.00,12.25,4,signal
C06_1,C06,2019-03-01,2019-03-01,2019-03-12,1,3626.75,3610.75,-16.00,-82.50,15.25,8,signal
C06_4,C06,2019-03-11,2019-03-11,2019-03-12,1,3605.25,3615.78,10.53,-2.50,15.25,2,tp
P_HixDD>x&RSIx_4,P_Hi#DD>#&RSI#<#,2019-03-08,2019-03-08,2019-03-12,1,3565.50,3619.03,53.53,-6.50,55.00,3,tp
RSIx<x_2,RSI#<#,2019-03-08,2019-03-08,2019-03-12,1,3565.50,3610.75,45.25,-6.50,41.00,3,signal
LMT_RSIx<x_xAT_3,LMT_RSI#<#_#ATR,2019-03-07,2019-03-08,2019-03-13,1,3549.50,3633.50,84.00,-5.25,94.25,4,signal
C06_2,C06,2019-03-11,2019-03-11,2019-03-13,1,3605.25,3633.34,28.09,-2.50,38.50,3,tp
ConnorsRSI<x_2,ConnorsRSI<#,2019-03-07,2019-03-07,2019-03-13,1,3571.25,3631.18,59.93,-27.00,72.50,5,tp
CloseAtxdLow_2,CloseAt#dLow,2019-03-06,2019-03-06,2019-03-15,1,3594.25,3648.45,54.20,-50.00,59.50,8,tp
C<wvwapxsd_1,C<wvwap#sd,2019-03-19,2019-03-19,2019-03-21,1,3657.25,3678.25,21.00,-26.25,26.00,3,signal
C<wvwapxsd_2,C<wvwap#sd,2019-02-21,2019-02-21,2019-03-21,1,3597.50,3678.25,80.75,-53.25,85.75,21,time
C<wvwapxsd_4,C<wvwap#sd,2019-03-19,2019-03-19,2019-03-21,1,3657.25,3678.25,21.00,-26.25,26.00,3,signal
LMT_RSIx<x_xAT_2,LMT_RSI#<#_#ATR,2019-03-22,2019-03-25,2019-03-25,1,3615.73,3620.50,4.77,-8.98,20.02,1,time
C<dvwapxsd_3,C<dvwap#sd,2019-02-25,2019-02-25,2019-03-25,1,3618.75,3620.50,1.75,-74.50,64.50,21,time
C<wvwapxsd_3,C<wvwap#sd,2019-03-22,2019-03-22,2019-03-25,1,3623.25,3608.21,-15.04,-16.50,12.50,2,sl
P_HixDD>x&IBS<_4,P_Hi#DD>#&IBS<#,2019-03-22,2019-03-22,2019-03-25,1,3623.25,3620.50,-2.75,-16.50,12.50,2,signal
C<wvwapxsd_4,C<wvwap#sd,2019-03-22,2019-03-22,2019-03-26,1,3623.25,3640.50,17.25,-16.50,29.00,3,signal
IBS<x_2,IBS<#,2019-03-22,2019-03-22,2019-03-26,1,3623.25,3640.50,17.25,-16.50,29.00,3,signal
C06_4,C06,2019-03-26,2019-03-26,2019-03-27,1,3640.50,3617.30,-23.20,-31.50,8.50,2,sl
C<wvwapxsd_1,C<wvwap#sd,2019-03-22,2019-03-22,2019-03-28,1,3623.25,3637.25,14.00,-16.50,29.00,5,signal
P_HixDD>x&RSIx_1,P_Hi#DD>#&RSI#<#,2019-03-22,2019-03-22,2019-03-28,1,3623.25,3637.25,14.00,-16.50,29.00,5,signal
P_HixDD>x&RSIx_2,P_Hi#DD>#&RSI#<#,2019-03-22,2019-03-22,2019-03-28,1,3623.25,3637.25,14.00,-16.50,29.00,5,signal
P_HixDD>x&RSIx_3,P_Hi#DD>#&RSI#<#,2019-03-25,2019-03-25,2019-03-28,1,3620.50,3637.25,16.75,-11.50,31.75,4,signal
IBS<x_3,IBS<#,2019-03-22,2019-03-22,2019-03-28,1,3623.25,3637.25,14.00,-16.50,29.00,5,signal
D01_1,D01,2019-03-25,2019-03-25,2019-03-28,1,3620.50,3637.25,16.75,-11.50,31.75,4,signal
C<wvwapxsd_4,C<wvwap#sd,2019-03-27,2019-03-27,2019-03-29,1,3627.25,3655.25,28.00,-15.00,30.50,3,signal
C06_1,C06,2019-03-26,2019-03-26,2019-03-29,1,3640.50,3653.00,12.50,-31.50,8.50,4,signal
C06_4,C06,2019-03-28,2019-03-28,2019-03-29,1,3637.25,3653.00,15.75,-2.00,20.50,2,tp
D01_4,D01,2019-03-22,2019-03-22,2019-03-29,1,3623.25,3655.25,32.00,-16.50,34.50,6,signal
CloseAtxdLow_3,CloseAt#dLow,2019-03-22,2019-03-22,2019-03-29,1,3623.25,3655.25,32.00,-16.50,34.50,6,signal
RSIx<x_1,RSI#<#,2019-03-22,2019-03-22,2019-03-29,1,3623.25,3655.25,32.00,-16.50,34.50,6,signal
P_HixDD>x&IBS<_3,P_Hi#DD>#&IBS<#,2019-03-22,2019-03-22,2019-03-29,1,3623.25,3655.25,32.00,-16.50,34.50,6,signal
C06_2,C06,2019-03-28,2019-03-28,2019-04-01,1,3637.25,3676.25,39.00,-2.00,53.50,3,tp
C06_3,C06,2019-03-11,2019-03-11,2019-04-01,1,3605.25,3689.51,84.26,-2.50,85.50,16,tp
D01_3,D01,2019-03-11,2019-03-11,2019-04-01,1,3605.25,3689.51,84.26,-2.50,85.50,16,tp
CloseAtxdLow_2,CloseAt#dLow,2019-03-22,2019-03-22,2019-04-01,1,3623.25,3683.43,60.18,-16.50,67.50,7,tp
ConnorsRSI<x_4,ConnorsRSI<#,2019-03-22,2019-03-22,2019-04-02,1,3623.25,3690.95,67.70,-16.50,67.75,8,tp
IBS<x_4,IBS<#,2019-03-22,2019-03-22,2019-04-05,1,3623.25,3713.51,90.26,-16.50,91.25,11,tp
C<wvwapxsd_1,C<wvwap#sd,2019-04-09,2019-04-09,2019-04-10,1,3701.00,3710.75,9.75,-5.75,10.50,2,signal
C<wvwapxsd_4,C<wvwap#sd,2019-04-09,2019-04-09,2019-04-10,1,3701.00,3710.75,9.75,-5.75,10.50,2,signal
RSIx<x_1,RSI#<#,2019-04-09,2019-04-09,2019-04-10,1,3701.00,3710.75,9.75,-5.75,10.50,2,signal
C<wvwapxsd_1,C<wvwap#sd,2019-04-17,2019-04-17,2019-04-18,1,3720.75,3725.75,5.00,-14.00,8.25,2,signal
D01_2,D01,2019-04-17,2019-04-17,2019-04-18,1,3720.75,3725.75,5.00,-14.00,8.25,2,signal
RSIx<x_1,RSI#<#,2019-04-17,2019-04-17,2019-04-18,1,3720.75,3725.75,5.00,-14.00,8.25,2,signal
C<wvwapxsd_2,C<wvwap#sd,2019-03-22,2019-03-22,2019-04-22,1,3623.25,3728.75,105.50,-16.50,117.50,21,time
IBS<x_3,IBS<#,2019-04-17,2019-04-17,2019-04-22,1,3720.75,3728.75,8.00,-14.00,12.25,3,signal
ConnorsRSI<x_1,ConnorsRSI<#,2019-03-22,2019-03-22,2019-04-22,1,3623.25,3728.75,105.50,-16.50,117.50,21,time
C<wvwapxsd_4,C<wvwap#sd,2019-04-17,2019-04-17,2019-04-23,1,3720.75,3754.00,33.25,-14.00,36.25,4,signal
C<dvwapxsd_4,C<dvwap#sd,2019-04-24,2019-04-24,2019-04-25,1,3747.50,3736.78,-10.72,-16.00,5.50,2,sl
IBS<x_3,IBS<#,2019-04-24,2019-04-24,2019-04-25,1,3747.50,3745.25,-2.25,-16.00,5.50,2,signal
C<dvwapxsd_2,C<dvwap#sd,2019-04-24,2019-04-24,2019-04-26,1,3747.50,3759.00,11.50,-16.00,12.00,3,signal
IBS<x_2,IBS<#,2019-04-24,2019-04-24,2019-04-26,1,3747.50,3759.00,11.50,-16.00,12.00,3,signal
C<wvwapxsd_1,C<wvwap#sd,2019-04-29,2019-04-29,2019-04-30,1,3762.25,3764.00,1.75,-19.00,5.25,2,signal
IBS<x_1,IBS<#,2019-04-17,2019-04-17,2019-05-01,1,3720.75,3772.78,52.03,-14.00,57.75,10,tp
LMT_RSIx<x_xAT_2,LMT_RSI#<#_#ATR,2019-05-01,2019-05-02,2019-05-02,1,3736.89,3736.00,-0.89,-18.64,13.11,1,time
C<dvwapxsd_1,C<dvwap#sd,2019-04-03,2019-04-03,2019-05-02,1,3693.75,3736.00,42.25,-5.50,84.75,21,time
C<dvwapxsd_4,C<dvwap#sd,2019-05-01,2019-05-01,2019-05-02,1,3742.00,3731.79,-10.21,-23.75,8.00,2,sl
C<wvwapxsd_3,C<wvwap#sd,2019-05-01,2019-05-01,2019-05-02,1,3742.00,3731.79,-10.21,-23.75,8.00,2,sl
IBS<x_1,IBS<#,2019-05-01,2019-05-01,2019-05-02,1,3742.00,3721.57,-20.43,-23.75,8.00,2,sl
IBS<x_4,IBS<#,2019-05-01,2019-05-01,2019-05-02,1,3742.00,3721.57,-20.43,-23.75,8.00,2,sl
C<dvwapxsd_2,C<dvwap#sd,2019-05-01,2019-05-01,2019-05-03,1,3742.00,3763.00,21.00,-23.75,24.25,3,signal
C<wvwapxsd_1,C<wvwap#sd,2019-05-01,2019-05-01,2019-05-03,1,3742.00,3763.00,21.00,-23.75,24.25,3,signal
C<wvwapxsd_4,C<wvwap#sd,2019-04-29,2019-04-29,2019-05-03,1,3762.25,3763.00,0.75,-44.00,16.25,5,signal
P_HixDD>x&RSIx_1,P_Hi#DD>#&RSI#<#,2019-05-01,2019-05-01,2019-05-03,1,3742.00,3763.00,21.00,-23.75,24.25,3,signal
P_HixDD>x&RSIx_2,P_Hi#DD>#&RSI#<#,2019-05-01,2019-05-01,2019-05-03,1,3742.00,3763.00,21.00,-23.75,24.25,3,signal
IBS<x_2,IBS<#,2019-05-01,2019-05-01,2019-05-03,1,3742.00,3763.00,21.00,-23.75,24.25,3,signal
IBS<x_3,IBS<#,2019-05-01,2019-05-01,2019-05-03,1,3742.00,3763.00,21.00,-23.75,24.25,3,signal
D01_1,D01,2019-05-02,2019-05-02,2019-05-03,1,3736.00,3763.00,27.00,-3.75,30.25,2,signal
D01_2,D01,2019-05-01,2019-05-01,2019-05-03,1,3742.00,3763.00,21.00,-23.75,24.25,3,signal
D01_4,D01,2019-05-01,2019-05-01,2019-05-03,1,3742.00,3763.00,21.00,-23.75,24.25,3,signal
CloseAtxdLow_3,CloseAt#dLow,2019-05-01,2019-05-01,2019-05-03,1,3742.00,3763.00,21.00,-23.75,24.25,3,signal
RSIx<x_1,RSI#<#,2019-05-01,2019-05-01,2019-05-03,1,3742.00,3763.00,21.00,-23.75,24.25,3,signal
P_HixDD>x&IBS<_1,P_Hi#DD>#&IBS<#,2019-05-01,2019-05-01,2019-05-03,1,3742.00,3763.00,21.00,-23.75,24.25,3,signal
P_HixDD>x&IBS<_3,P_Hi#DD>#&IBS<#,2019-05-01,2019-05-01,2019-05-03,1,3742.00,3763.00,21.00,-23.75,24.25,3,signal
P_HixDD>x&IBS<_4,P_Hi#DD>#&IBS<#,2019-05-01,2019-05-01,2019-05-03,1,3742.00,3763.00,21.00,-23.75,24.25,3,signal
LMT_RSIx<x_xAT_4,LMT_RSI#<#_#ATR,2019-05-01,2019-05-02,2019-05-06,1,3726.68,3715.00,-11.68,-25.93,40.07,3,trail
C<wvwapxsd_2,C<wvwap#sd,2019-04-29,2019-04-29,2019-05-06,1,3762.25,3702.66,-59.59,-61.50,16.25,6,sl
D01_3,D01,2019-05-02,2019-05-02,2019-05-06,1,3736.00,3704.78,-31.22,-35.25,30.75,3,sl
CloseAtxdLow_2,CloseAt#dLow,2019-05-01,2019-05-01,2019-05-06,1,3742.00,3701.15,-40.85,-41.25,24.75,4,sl
ConnorsRSI<x_4,ConnorsRSI<#,2019-05-01,2019-05-01,2019-05-06,1,3742.00,3711.36,-30.64,-41.25,24.75,4,sl
C<dvwapxsd_3,C<dvwap#sd,2019-04-24,2019-04-24,2019-05-07,1,3747.50,3683.19,-64.31,-67.75,31.00,10,sl
ConnorsRSI<x_1,ConnorsRSI<#,2019-05-01,2019-05-01,2019-05-07,1,3742.00,3680.72,-61.28,-62.25,24.75,5,sl
LMT_RSIx<x_xAT_2,LMT_RSI#<#_#ATR,2019-05-07,2019-05-08,2019-05-08,1,3695.47,3697.50,2.03,-9.47,21.28,1,time
LMT_RSIx<x_xAT_2,LMT_RSI#<#_#ATR,2019-05-08,2019-05-09,2019-05-09,1,3673.50,3688.50,15.00,-20.00,32.00,1,time
C<dvwapxsd_1,C<dvwap#sd,2019-05-08,2019-05-08,2019-05-09,1,3697.50,3656.21,-41.29,-44.00,8.00,2,sl
C<wvwapxsd_1,C<wvwap#sd,2019-05-07,2019-05-07,2019-05-09,1,3702.25,3688.50,-13.75,-48.75,14.50,3,signal
P_HixDD>x&RSIx_3,P_Hi#DD>#&RSI#<#,2019-05-07,2019-05-07,2019-05-09,1,3702.25,3688.50,-13.75,-48.75,14.50,3,signal
P_HixDD>x&RSIx_4,P_Hi#DD>#&RSI#<#,2019-05-08,2019-05-08,2019-05-09,1,3697.50,3669.97,-27.53,-44.00,8.00,2,sl
IBS<x_1,IBS<#,2019-05-08,2019-05-08,2019-05-09,1,3697.50,3669.97,-27.53,-44.00,8.00,2,sl
RSIx<x_3,RSI#<#,2019-05-07,2019-05-07,2019-05-09,1,3702.25,3661.56,-40.69,-48.75,14.50,3,sl
ConnorsRSI<x_4,ConnorsRSI<#,2019-05-07,2019-05-07,2019-05-09,1,3702.25,3661.56,-40.69,-48.75,14.50,3,sl
LMT_RSIx<x_xAT_2,LMT_RSI#<#_#ATR,2019-05-09,2019-05-10,2019-05-10,1,3677.50,3701.25,23.75,-34.25,32.75,1,time
LMT_RSIx<x_xAT_4,LMT_RSI#<#_#ATR,2019-05-08,2019-05-09,2019-05-10,1,3673.50,3676.19,2.69,-30.25,36.75,2,trail
C<wvwapxsd_1,C<wvwap#sd,2019-05-09,2019-05-09,2019-05-10,1,3688.50,3701.25,12.75,-45.25,21.75,2,signal
C<wvwapxsd_4,C<wvwap#sd,2019-05-07,2019-05-07,2019-05-10,1,3702.25,3701.25,-1.00,-59.00,14.50,4,signal
P_HixDD>x&RSIx_1,P_Hi#DD>#&RSI#<#,2019-05-07,2019-05-07,2019-05-10,1,3702.25,3648.00,-54.25,-59.00,14.50,4,sl
P_HixDD>x&RSIx_3,P_Hi#DD>#&RSI#<#,2019-05-09,2019-05-09,2019-05-10,1,3688.50,3701.25,12.75,-45.25,21.75,2,signal
P_HixDD>x&RSIx_4,P_Hi#DD>#&RSI#<#,2019-05-09,2019-05-09,2019-05-10,1,3688.50,3659.19,-29.31,-45.25,21.75,2,sl
D01_3,D01,2019-05-09,2019-05-09,2019-05-10,1,3688.50,3644.53,-43.97,-45.25,21.75,2,sl
CloseAtxdLow_1,CloseAt#dLow,2019-05-08,2019-05-08,2019-05-10,1,3697.50,3701.25,3.75,-54.25,12.75,3,signal
CloseAtxdLow_2,CloseAt#dLow,2019-05-07,2019-05-07,2019-05-10,1,3702.25,3648.00,-54.25,-59.00,14.50,4,sl
RSIx<x_1,RSI#<#,2019-05-07,2019-05-07,2019-05-10,1,3702.25,3648.00,-54.25,-59.00,14.50,4,sl
RSIx<x_3,RSI#<#,2019-05-09,2019-05-09,2019-05-10,1,3688.50,3644.53,-43.97,-45.25,21.75,2,sl
RSIx<x_4,RSI#<#,2019-05-09,2019-05-09,2019-05-10,1,3688.50,3673.84,-14.66,-45.25,21.75,2,sl
ConnorsRSI<x_4,ConnorsRSI<#,2019-05-09,2019-05-09,2019-05-10,1,3688.50,3644.53,-43.97,-45.25,21.75,2,sl
C<wvwapxsd_2,C<wvwap#sd,2019-05-07,2019-05-07,2019-05-13,1,3702.25,3620.88,-81.38,-83.00,14.50,5,sl
WRx<x_3,WR#<#,2019-05-13,2019-05-13,2019-05-14,1,3630.00,3653.00,23.00,-13.00,41.00,2,signal
RSIx<x_3,RSI#<#,2019-05-13,2019-05-13,2019-05-14,1,3630.00,3656.30,26.30,-13.00,41.00,2,tp
C<wvwapxsd_1,C<wvwap#sd,2019-05-13,2019-05-13,2019-05-15,1,3630.00,3670.25,40.25,-13.00,47.25,3,signal
P_HixDD>x&RSIx_1,P_Hi#DD>#&RSI#<#,2019-05-13,2019-05-13,2019-05-15,1,3630.00,3670.25,40.25,-13.00,47.25,3,signal
P_HixDD>x&RSIx_3,P_Hi#DD>#&RSI#<#,2019-05-13,2019-05-13,2019-05-15,1,3630.00,3670.25,40.25,-13.00,47.25,3,signal
WRx<x_2,WR#<#,2019-05-13,2019-05-13,2019-05-15,1,3630.00,3635.50,5.50,-13.00,47.25,3,trail
CloseAtxdLow_1,CloseAt#dLow,2019-05-13,2019-05-13,2019-05-15,1,3630.00,3670.25,40.25,-13.00,47.25,3,signal
LMT_RSIx<x_xAT_1,LMT_RSI#<#_#ATR,2019-05-08,2019-05-09,2019-05-16,1,3673.50,3695.25,21.75,-56.50,37.75,6,signal
C<wvwapxsd_4,C<wvwap#sd,2019-05-13,2019-05-13,2019-05-16,1,3630.00,3695.25,65.25,-13.00,81.25,4,signal
WRx<x_1,WR#<#,2019-05-13,2019-05-13,2019-05-16,1,3630.00,3700.12,70.12,-13.00,81.25,4,tp
CloseAtxdLow_2,CloseAt#dLow,2019-05-13,2019-05-13,2019-05-16,1,3630.00,3700.12,70.12,-13.00,81.25,4,tp
RSIx<x_1,RSI#<#,2019-05-13,2019-05-13,2019-05-16,1,3630.00,3695.25,65.25,-13.00,81.25,4,signal
RSIx<x_4,RSI#<#,2019-05-13,2019-05-13,2019-05-16,1,3630.00,3682.59,52.59,-13.00,81.25,4,tp
ConnorsRSI<x_4,ConnorsRSI<#,2019-05-13,2019-05-13,2019-05-16,1,3630.00,3708.89,78.89,-13.00,81.25,4,tp
C<wvwapxsd_4,C<wvwap#sd,2019-05-20,2019-05-20,2019-05-21,1,3658.50,3683.50,25.00,-1.50,29.50,2,signal
P_HixDD>x&RSIx_1,P_Hi#DD>#&RSI#<#,2019-05-20,2019-05-20,2019-05-21,1,3658.50,3683.50,25.00,-1.50,29.50,2,signal
RSIx<x_1,RSI#<#,2019-05-20,2019-05-20,2019-05-21,1,3658.50,3683.50,25.00,-1.50,29.50,2,signal
P_HixDD>x&IBS<_4,P_Hi#DD>#&IBS<#,2019-05-17,2019-05-17,2019-05-21,1,3677.75,3683.50,5.75,-28.00,16.00,3,signal
IBS<x_1,IBS<#,2019-05-17,2019-05-17,2019-05-23,1,3677.75,3637.21,-40.54,-54.75,16.00,5,sl
C<wvwapxsd_1,C<wvwap#sd,2019-05-20,2019-05-20,2019-05-27,1,3658.50,3649.00,-9.50,-35.50,29.50,6,signal
P_HixDD>x&RSIx_3,P_Hi#DD>#&RSI#<#,2019-05-20,2019-05-20,2019-05-27,1,3658.50,3649.00,-9.50,-35.50,29.50,6,signal
P_HixDD>x&IBS<_1,P_Hi#DD>#&IBS<#,2019-05-17,2019-05-17,2019-05-27,1,3677.75,3649.00,-28.75,-54.75,16.00,7,signal
C<dvwapxsd_4,C<dvwap#sd,2019-05-28,2019-05-28,2019-05-29,1,3618.50,3596.18,-22.32,-35.00,5.75,2,sl
D01_3,D01,2019-05-15,2019-05-15,2019-05-29,1,3670.25,3605.75,-64.50,-86.75,41.00,11,sl
P_HixDD>x&IBS<_3,P_Hi#DD>#&IBS<#,2019-05-17,2019-05-17,2019-05-29,1,3677.75,3596.68,-81.07,-94.25,16.00,9,sl
ConnorsRSI<x_4,ConnorsRSI<#,2019-05-20,2019-05-20,2019-05-29,1,3658.50,3595.65,-62.85,-75.00,29.50,8,sl
C<dvwapxsd_1,C<dvwap#sd,2019-05-13,2019-05-13,2019-05-31,1,3630.00,3577.41,-52.59,-62.25,81.25,15,sl
IBS<x_1,IBS<#,2019-05-28,2019-05-28,2019-05-31,1,3618.50,3573.86,-44.64,-50.75,5.75,4,sl
IBS<x_4,IBS<#,2019-05-28,2019-05-28,2019-05-31,1,3618.50,3573.86,-44.64,-50.75,5.75,4,sl
WRx<x_1,WR#<#,2019-05-28,2019-05-28,2019-05-31,1,3618.50,3573.86,-44.64,-50.75,5.75,4,sl
WRx<x_2,WR#<#,2019-05-28,2019-05-28,2019-05-31,1,3618.50,3577.75,-40.75,-50.75,5.75,4,trail
RSIx<x_4,RSI#<#,2019-05-29,2019-05-29,2019-05-31,1,3600.00,3577.58,-22.42,-32.25,16.25,3,sl
P_HixDD>x&RSIx_1,P_Hi#DD>#&RSI#<#,2019-05-23,2019-05-23,2019-06-03,1,3640.00,3552.10,-87.90,-94.00,19.25,8,sl
CloseAtxdLow_2,CloseAt#dLow,2019-05-23,2019-05-23,2019-06-03,1,3640.00,3552.10,-87.90,-94.00,19.25,8,sl
RSIx<x_1,RSI#<#,2019-05-23,2019-05-23,2019-06-03,1,3640.00,3552.10,-87.90,-94.00,19.25,8,sl
RSIx<x_3,RSI#<#,2019-05-28,2019-05-28,2019-06-03,1,3618.50,3551.54,-66.96,-72.50,5.75,5,sl
C<wvwapxsd_1,C<wvwap#sd,2019-05-28,2019-05-28,2019-06-04,1,3618.50,3620.75,2.25,-72.50,5.75,6,signal
C<wvwapxsd_4,C<wvwap#sd,2019-05-23,2019-05-23,2019-06-04,1,3640.00,3620.75,-19.25,-94.00,19.25,9,signal
P_HixDD>x&RSIx_3,P_Hi#DD>#&RSI#<#,2019-05-28,2019-05-28,2019-06-04,1,3618.50,3620.75,2.25,-72.50,5.75,6,signal
IBS<x_2,IBS<#,2019-05-28,2019-05-28,2019-06-04,1,3618.50,3620.75,2.25,-72.50,5.75,6,signal
WRx<x_3,WR#<#,2019-05-28,2019-05-28,2019-06-04,1,3618.50,3620.75,2.25,-72.50,5.75,6,signal
WRx<x_4,WR#<#,2019-05-28,2019-05-28,2019-06-04,1,3618.50,3620.75,2.25,-72.50,5.75,6,signal
D01_2,D01,2019-05-23,2019-05-23,2019-06-04,1,3640.00,3620.75,-19.25,-94.00,19.25,9,signal
CloseAtxdLow_1,CloseAt#dLow,2019-05-28,2019-05-28,2019-06-04,1,3618.50,3620.75,2.25,-72.50,5.75,6,signal
RSIx<x_3,RSI#<#,2019-06-03,2019-06-03,2019-06-04,1,3561.00,3593.36,32.36,-0.50,61.25,2,tp
P_HixDD>x&IBS<_1,P_Hi#DD>#&IBS<#,2019-05-28,2019-05-28,2019-06-04,1,3618.50,3620.75,2.25,-72.50,5.75,6,signal
P_HixDD>x&IBS<_4,P_Hi#DD>#&IBS<#,2019-05-28,2019-05-28,2019-06-04,1,3618.50,3620.75,2.25,-72.50,5.75,6,signal
C06_1,C06,2019-05-27,2019-05-27,2019-06-05,1,3649.00,3638.50,-10.50,-103.00,9.50,8,signal
RSIx<x_2,RSI#<#,2019-06-03,2019-06-03,2019-06-05,1,3561.00,3638.50,77.50,-0.50,61.25,3,signal
LMT_RSIx<x_xAT_3,LMT_RSI#<#_#ATR,2019-05-07,2019-05-08,2019-06-06,1,3695.47,3662.25,-33.22,-149.47,21.28,22,signal
IBS<x_1,IBS<#,2019-05-31,2019-05-31,2019-06-06,1,3569.25,3658.65,89.40,-23.25,101.00,5,tp
WRx<x_1,WR#<#,2019-05-31,2019-05-31,2019-06-06,1,3569.25,3658.65,89.40,-23.25,101.00,5,tp
C<dvwapxsd_1,C<dvwap#sd,2019-05-31,2019-05-31,2019-06-07,1,3569.25,3703.35,134.10,-23.25,134.25,6,tp
ConnorsRSI<x_4,ConnorsRSI<#,2019-05-29,2019-05-29,2019-06-07,1,3600.00,3700.88,100.88,-54.00,103.50,8,tp
C<wvwapxsd_2,C<wvwap#sd,2019-05-13,2019-05-13,2019-06-10,1,3630.00,3704.00,74.00,-84.00,93.00,21,time
IBS<x_3,IBS<#,2019-06-10,2019-06-10,2019-06-11,1,3704.00,3703.50,-0.50,-7.50,24.75,2,signal
P_HixDD>x&IBS<_3,P_Hi#DD>#&IBS<#,2019-06-10,2019-06-10,2019-06-11,1,3704.00,3703.50,-0.50,-7.50,24.75,2,signal
IBS<x_3,IBS<#,2019-06-11,2019-06-11,2019-06-12,1,3703.50,3698.00,-5.50,-11.00,4.75,2,signal
C<wvwapxsd_4,C<wvwap#sd,2019-06-10,2019-06-10,2019-06-13,1,3704.00,3710.50,6.50,-19.50,24.75,4,signal
IBS<x_2,IBS<#,2019-06-10,2019-06-10,2019-06-13,1,3704.00,3710.50,6.50,-19.50,24.75,4,signal
D01_2,D01,2019-06-12,2019-06-12,2019-06-13,1,3698.00,3710.50,12.50,-13.50,15.75,2,signal
P_HixDD>x&IBS<_3,P_Hi#DD>#&IBS<#,2019-06-11,2019-06-11,2019-06-13,1,3703.50,3710.50,7.00,-19.00,10.25,3,signal
P_HixDD>x&IBS<_4,P_Hi#DD>#&IBS<#,2019-06-10,2019-06-10,2019-06-13,1,3704.00,3710.50,6.50,-19.50,24.75,4,signal
C<wvwapxsd_4,C<wvwap#sd,2019-06-14,2019-06-14,2019-06-18,1,3705.75,3736.50,30.75,-3.75,43.75,3,signal
C06_3,C06,2019-06-04,2019-06-04,2019-06-18,1,3620.75,3748.47,127.72,-2.50,128.75,11,tp
IBS<x_3,IBS<#,2019-06-17,2019-06-17,2019-06-18,1,3708.00,3736.50,28.50,-6.00,41.50,2,signal
D01_2,D01,2019-06-17,2019-06-17,2019-06-18,1,3708.00,3736.50,28.50,-6.00,41.50,2,signal
C<wvwapxsd_1,C<wvwap#sd,2019-06-10,2019-06-10,2019-06-20,1,3704.00,3771.25,67.25,-19.50,73.50,9,signal
IBS<x_1,IBS<#,2019-06-10,2019-06-10,2019-06-21,1,3704.00,3780.53,76.53,-19.50,78.25,10,tp
IBS<x_3,IBS<#,2019-06-21,2019-06-21,2019-06-24,1,3768.00,3764.00,-4.00,-7.75,6.75,2,signal
LMT_RSIx<x_xAT_4,LMT_RSI#<#_#ATR,2019-05-28,2019-05-29,2019-06-25,1,3585.02,3737.41,152.39,-39.02,197.23,20,trail
C<wvwapxsd_3,C<wvwap#sd,2019-06-24,2019-06-24,2019-06-25,1,3764.00,3748.01,-15.99,-31.00,7.25,2,sl
IBS<x_1,IBS<#,2019-06-21,2019-06-21,2019-06-25,1,3768.00,3736.09,-31.91,-35.00,6.75,3,sl
D01_2,D01,2019-06-24,2019-06-24,2019-06-25,1,3764.00,3735.00,-29.00,-31.00,7.25,2,signal
D01_2,D01,2019-06-25,2019-06-25,2019-06-27,1,3735.00,3741.00,6.00,-7.50,17.00,3,signal
RSIx<x_1,RSI#<#,2019-06-25,2019-06-25,2019-06-27,1,3735.00,3741.00,6.00,-7.50,17.00,3,signal
C<wvwapxsd_4,C<wvwap#sd,2019-06-24,2019-06-24,2019-06-28,1,3764.00,3756.25,-7.75,-36.50,7.25,5,signal
P_HixDD>x&RSIx_1,P_Hi#DD>#&RSI#<#,2019-06-25,2019-06-25,2019-06-28,1,3735.00,3756.25,21.25,-7.50,26.50,4,signal
IBS<x_2,IBS<#,2019-06-21,2019-06-21,2019-06-28,1,3768.00,3756.25,-11.75,-40.50,6.75,6,signal
IBS<x_3,IBS<#,2019-06-24,2019-06-24,2019-06-28,1,3764.00,3756.25,-7.75,-36.50,7.25,5,signal
CloseAtxdLow_3,CloseAt#dLow,2019-06-26,2019-06-26,2019-06-28,1,3731.75,3756.25,24.50,-4.25,29.75,3,signal
P_HixDD>x&IBS<_3,P_Hi#DD>#&IBS<#,2019-06-25,2019-06-25,2019-06-28,1,3735.00,3756.25,21.25,-7.50,26.50,4,signal
P_HixDD>x&IBS<_4,P_Hi#DD>#&IBS<#,2019-06-25,2019-06-25,2019-06-28,1,3735.00,3756.25,21.25,-7.50,26.50,4,signal
C<wvwapxsd_3,C<wvwap#sd,2019-06-25,2019-06-25,2019-07-01,1,3735.00,3792.25,57.25,-7.50,59.75,5,tp
CloseAtxdLow_2,CloseAt#dLow,2019-06-26,2019-06-26,2019-07-01,1,3731.75,3793.62,61.88,-4.25,63.00,4,tp
C<wvwapxsd_1,C<wvwap#sd,2019-06-24,2019-06-24,2019-07-02,1,3764.00,3789.75,25.75,-36.50,30.75,7,signal
P_HixDD>x&RSIx_2,P_Hi#DD>#&RSI#<#,2019-06-25,2019-06-25,2019-07-02,1,3735.00,3789.75,54.75,-7.50,59.75,6,signal
P_HixDD>x&IBS<_1,P_Hi#DD>#&IBS<#,2019-06-25,2019-06-25,2019-07-02,1,3735.00,3789.75,54.75,-7.50,59.75,6,signal
IBS<x_1,IBS<#,2019-06-25,2019-06-25,2019-07-03,1,3735.00,3798.75,63.75,-7.50,79.50,7,tp
ConnorsRSI<x_2,ConnorsRSI<#,2019-06-25,2019-06-25,2019-07-03,1,3735.00,3806.72,71.72,-7.50,79.50,7,tp
ConnorsRSI<x_4,ConnorsRSI<#,2019-06-25,2019-06-25,2019-07-03,1,3735.00,3806.72,71.72,-7.50,79.50,7,tp
C<dvwapxsd_1,C<dvwap#sd,2019-06-10,2019-06-10,2019-07-04,1,3704.00,3818.79,114.79,-19.50,115.00,19,tp
IBS<x_4,IBS<#,2019-06-10,2019-06-10,2019-07-04,1,3704.00,3818.79,114.79,-19.50,115.00,19,tp
C<wvwapxsd_2,C<wvwap#sd,2019-06-10,2019-06-10,2019-07-08,1,3704.00,3792.75,88.75,-19.50,115.00,21,time
LMT_RSIx<x_xAT_2,LMT_RSI#<#_#ATR,2019-07-08,2019-07-09,2019-07-09,1,3779.25,3796.50,17.25,-2.75,20.00,1,time
C<wvwapxsd_1,C<wvwap#sd,2019-07-08,2019-07-08,2019-07-09,1,3792.75,3796.50,3.75,-16.25,6.50,2,signal
RSIx<x_1,RSI#<#,2019-07-08,2019-07-08,2019-07-09,1,3792.75,3796.50,3.75,-16.25,6.50,2,signal
C<wvwapxsd_4,C<wvwap#sd,2019-07-08,2019-07-08,2019-07-10,1,3792.75,3809.75,17.00,-16.25,27.75,3,signal
C<dvwapxsd_3,C<dvwap#sd,2019-06-17,2019-06-17,2019-07-15,1,3708.00,3831.00,123.00,-6.00,128.50,21,time
C<wvwapxsd_3,C<wvwap#sd,2019-07-16,2019-07-16,2019-07-17,1,3820.50,3808.91,-11.59,-20.50,5.50,2,sl
LMT_RSIx<x_xAT_2,LMT_RSI#<#_#ATR,2019-07-17,2019-07-18,2019-07-18,1,3793.75,3810.50,16.75,-6.25,20.75,1,time
C<dvwapxsd_2,C<dvwap#sd,2019-07-17,2019-07-17,2019-07-18,1,3800.25,3810.50,10.25,-12.75,14.25,2,signal
C<dvwapxsd_4,C<dvwap#sd,2019-07-17,2019-07-17,2019-07-18,1,3800.25,3788.55,-11.70,-12.75,14.25,2,sl
C<wvwapxsd_1,C<wvwap#sd,2019-07-16,2019-07-16,2019-07-18,1,3820.50,3810.50,-10.00,-33.00,5.50,3,signal
P_HixDD>x&RSIx_2,P_Hi#DD>#&RSI#<#,2019-07-17,2019-07-17,2019-07-18,1,3800.25,3810.50,10.25,-12.75,14.25,2,signal
IBS<x_1,IBS<#,2019-07-16,2019-07-16,2019-07-18,1,3820.50,3793.75,-26.75,-33.00,5.50,3,sl
P_HixDD>x&IBS<_1,P_Hi#DD>#&IBS<#,2019-07-17,2019-07-17,2019-07-18,1,3800.25,3810.50,10.25,-12.75,14.25,2,signal
LMT_RSIx<x_xAT_2,LMT_RSI#<#_#ATR,2019-07-19,2019-07-22,2019-07-22,1,3786.86,3800.75,13.89,-4.36,19.64,1,time
C<dvwapxsd_1,C<dvwap#sd,2019-07-16,2019-07-16,2019-07-22,1,3820.50,3785.74,-34.76,-38.00,5.50,5,sl
C<dvwapxsd_2,C<dvwap#sd,2019-07-19,2019-07-19,2019-07-22,1,3792.75,3800.75,8.00,-10.25,13.75,2,signal
C<dvwapxsd_4,C<dvwap#sd,2019-07-19,2019-07-19,2019-07-22,1,3792.75,3804.53,11.78,-10.25,13.75,2,tp
P_HixDD>x&IBS<_4,P_Hi#DD>#&IBS<#,2019-07-17,2019-07-17,2019-07-22,1,3800.25,3800.75,0.50,-17.75,22.50,4,signal
C<wvwapxsd_1,C<wvwap#sd,2019-07-18,2019-07-18,2019-07-23,1,3810.50,3820.50,10.00,-28.00,12.25,4,signal
C<wvwapxsd_4,C<wvwap#sd,2019-07-16,2019-07-16,2019-07-23,1,3820.50,3820.50,0.00,-38.00,5.50,6,signal
P_HixDD>x&RSIx_1,P_Hi#DD>#&RSI#<#,2019-07-17,2019-07-17,2019-07-23,1,3800.25,3820.50,20.25,-17.75,22.50,5,signal
P_HixDD>x&RSIx_2,P_Hi#DD>#&RSI#<#,2019-07-19,2019-07-19,2019-07-23,1,3792.75,3820.50,27.75,-10.25,28.50,3,signal
IBS<x_2,IBS<#,2019-07-17,2019-07-17,2019-07-23,1,3800.25,3820.50,20.25,-17.75,22.50,5,signal
IBS<x_3,IBS<#,2019-07-16,2019-07-16,2019-07-23,1,3820.50,3820.50,0.00,-38.00,5.50,6,signal
D01_1,D01,2019-07-18,2019-07-18,2019-07-23,1,3810.50,3820.50,10.00,-28.00,12.25,4,signal
D01_2,D01,2019-07-16,2019-07-16,2019-07-23,1,3820.50,3820.50,0.00,-38.00,5.50,6,signal
D01_4,D01,2019-07-17,2019-07-17,2019-07-23,1,3800.25,3820.50,20.25,-17.75,22.50,5,signal
CloseAtxdLow_3,CloseAt#dLow,2019-07-19,2019-07-19,2019-07-23,1,3792.75,3820.50,27.75,-10.25,28.50,3,signal
RSIx<x_1,RSI#<#,2019-07-17,2019-07-17,2019-07-23,1,3800.25,3820.50,20.25,-17.75,22.50,5,signal
P_HixDD>x&IBS<_1,P_Hi#DD>#&IBS<#,2019-07-19,2019-07-19,2019-07-23,1,3792.75,3820.50,27.75,-10.25,28.50,3,signal
P_HixDD>x&IBS<_3,P_Hi#DD>#&IBS<#,2019-07-17,2019-07-17,2019-07-23,1,3800.25,3820.50,20.25,-17.75,22.50,5,signal
ConnorsRSI<x_1,ConnorsRSI<#,2019-06-25,2019-06-25,2019-07-23,1,3735.00,3820.50,85.50,-7.50,101.50,21,time
IBS<x_1,IBS<#,2019-07-19,2019-07-19,2019-07-25,1,3792.75,3839.85,47.10,-10.25,48.00,5,tp
CloseAtxdLow_2,CloseAt#dLow,2019-07-19,2019-07-19,2019-07-25,1,3792.75,3839.85,47.10,-10.25,48.00,5,tp
C<dvwapxsd_1,C<dvwap#sd,2019-07-25,2019-07-25,2019-07-31,1,3819.75,3783.97,-35.78,-48.75,22.75,5,sl
IBS<x_4,IBS<#,2019-07-17,2019-07-17,2019-07-31,1,3800.25,3800.25,0.00,-29.25,42.25,11,breakeven
LMT_RSIx<x_xAT_2,LMT_RSI#<#_#ATR,2019-07-31,2019-08-01,2019-08-01,1,3786.29,3767.00,-19.29,-28.79,40.96,1,time
P_HixDD>x&RSIx_4,P_Hi#DD>#&RSI#<#,2019-07-31,2019-07-31,2019-08-01,1,3792.50,3767.65,-24.85,-35.00,34.75,2,sl
LMT_RSIx<x_xAT_2,LMT_RSI#<#_#ATR,2019-08-01,2019-08-02,2019-08-02,1,3756.50,3745.00,-11.50,-30.00,18.25,1,time
LMT_RSIx<x_xAT_4,LMT_RSI#<#_#ATR,2019-07-31,2019-08-01,2019-08-02,1,3773.86,3756.50,-17.36,-47.36,53.39,2,trail
C<dvwapxsd_1,C<dvwap#sd,2019-07-31,2019-07-31,2019-08-02,1,3792.50,3755.22,-37.28,-66.00,34.75,3,sl
C<dvwapxsd_3,C<dvwap#sd,2019-07-16,2019-07-16,2019-08-02,1,3820.50,3750.97,-69.53,-94.00,22.00,14,sl
P_HixDD>x&RSIx_1,P_Hi#DD>#&RSI#<#,2019-07-31,2019-07-31,2019-08-02,1,3792.50,3742.80,-49.70,-66.00,34.75,3,sl
P_HixDD>x&RSIx_3,P_Hi#DD>#&RSI#<#,2019-07-31,2019-07-31,2019-08-02,1,3792.50,3742.80,-49.70,-66.00,34.75,3,sl
P_HixDD>x&RSIx_4,P_Hi#DD>#&RSI#<#,2019-08-01,2019-08-01,2019-08-02,1,3767.00,3739.10,-27.90,-40.50,7.75,2,sl
IBS<x_1,IBS<#,2019-08-01,2019-08-01,2019-08-02,1,3767.00,3739.10,-27.90,-40.50,7.75,2,sl
CloseAtxdLow_1,CloseAt#dLow,2019-07-31,2019-07-31,2019-08-02,1,3792.50,3742.80,-49.70,-66.00,34.75,3,sl
CloseAtxdLow_2,CloseAt#dLow,2019-07-31,2019-07-31,2019-08-02,1,3792.50,3742.80,-49.70,-66.00,34.75,3,sl
RSIx<x_1,RSI#<#,2019-07-31,2019-07-31,2019-08-02,1,3792.50,3742.80,-49.70,-66.00,34.75,3,sl
RSIx<x_4,RSI#<#,2019-08-01,2019-08-01,2019-08-02,1,3767.00,3753.05,-13.95,-40.50,7.75,2,sl
ConnorsRSI<x_3,ConnorsRSI<#,2019-08-01,2019-08-01,2019-08-02,1,3767.00,3739.10,-27.90,-40.50,7.75,2,sl
ConnorsRSI<x_4,ConnorsRSI<#,2019-07-08,2019-07-08,2019-08-02,1,3792.75,3755.23,-37.52,-66.25,49.75,20,sl
LMT_RSIx<x_xAT_1,LMT_RSI#<#_#ATR,2019-07-31,2019-08-01,2019-08-05,1,3773.86,3690.16,-83.70,-140.36,53.39,3,sl
LMT_RSIx<x_xAT_4,LMT_RSI#<#_#ATR,2019-08-02,2019-08-05,2019-08-05,1,3698.00,3664.70,-33.30,-64.50,50.50,1,sl
C<wvwapxsd_2,C<wvwap#sd,2019-07-08,2019-07-08,2019-08-05,1,3792.75,3698.00,-94.75,-159.25,49.75,21,sl
P_HixDD>x&RSIx_1,P_Hi#DD>#&RSI#<#,2019-08-02,2019-08-02,2019-08-05,1,3745.00,3687.65,-57.35,-111.50,3.50,2,sl
P_HixDD>x&RSIx_3,P_Hi#DD>#&RSI#<#,2019-08-02,2019-08-02,2019-08-05,1,3745.00,3687.65,-57.35,-111.50,3.50,2,sl
D01_3,D01,2019-08-02,2019-08-02,2019-08-05,1,3745.00,3698.00,-47.00,-111.50,3.50,2,sl
D01_4,D01,2019-07-31,2019-07-31,2019-08-05,1,3792.50,3698.00,-94.50,-159.00,34.75,4,sl
CloseAtxdLow_1,CloseAt#dLow,2019-08-02,2019-08-02,2019-08-05,1,3745.00,3687.65,-57.35,-111.50,3.50,2,sl
CloseAtxdLow_2,CloseAt#dLow,2019-08-02,2019-08-02,2019-08-05,1,3745.00,3687.65,-57.35,-111.50,3.50,2,sl
RSIx<x_1,RSI#<#,2019-08-02,2019-08-02,2019-08-05,1,3745.00,3687.65,-57.35,-111.50,3.50,2,sl
RSIx<x_3,RSI#<#,2019-08-01,2019-08-01,2019-08-05,1,3767.00,3698.00,-69.00,-133.50,7.75,3,sl
RSIx<x_4,RSI#<#,2019-08-02,2019-08-02,2019-08-05,1,3745.00,3698.00,-47.00,-111.50,3.50,2,sl
P_HixDD>x&IBS<_1,P_Hi#DD>#&IBS<#,2019-08-01,2019-08-01,2019-08-05,1,3767.00,3683.30,-83.70,-133.50,7.75,3,sl
P_HixDD>x&IBS<_3,P_Hi#DD>#&IBS<#,2019-08-01,2019-08-01,2019-08-05,1,3767.00,3698.00,-69.00,-133.50,7.75,3,sl
P_HixDD>x&IBS<_4,P_Hi#DD>#&IBS<#,2019-08-01,2019-08-01,2019-08-05,1,3767.00,3698.00,-69.00,-133.50,7.75,3,sl
ConnorsRSI<x_1,ConnorsRSI<#,2019-07-31,2019-07-31,2019-08-05,1,3792.50,3698.00,-94.50,-159.00,34.75,4,sl
ConnorsRSI<x_3,ConnorsRSI<#,2019-08-02,2019-08-02,2019-08-05,1,3745.00,3698.00,-47.00,-111.50,3.50,2,sl
ConnorsRSI<x_4,ConnorsRSI<#,2019-08-02,2019-08-02,2019-08-05,1,3745.00,3698.00,-47.00,-111.50,3.50,2,sl
LMT_RSIx<x_xAT_4,LMT_RSI#<#_#ATR,2019-08-05,2019-08-06,2019-08-06,1,3632.28,3594.71,-37.56,-43.53,64.47,1,sl
C<dvwapxsd_1,C<dvwap#sd,2019-08-05,2019-08-05,2019-08-06,1,3657.25,3607.30,-49.95,-68.50,39.50,2,sl
C<wvwapxsd_1,C<wvwap#sd,2019-07-29,2019-07-29,2019-08-06,1,3834.50,3694.50,-140.00,-245.75,6.00,7,signal
P_HixDD>x&RSIx_1,P_Hi#DD>#&RSI#<#,2019-08-05,2019-08-05,2019-08-06,1,3657.25,3590.65,-66.60,-68.50,39.50,2,sl
P_HixDD>x&RSIx_2,P_Hi#DD>#&RSI#<#,2019-07-31,2019-07-31,2019-08-06,1,3792.50,3694.50,-98.00,-203.75,34.75,5,signal
P_HixDD>x&RSIx_3,P_Hi#DD>#&RSI#<#,2019-08-05,2019-08-05,2019-08-06,1,3657.25,3590.65,-66.60,-68.50,39.50,2,sl
CloseAtxdLow_1,CloseAt#dLow,2019-08-05,2019-08-05,2019-08-06,1,3657.25,3590.65,-66.60,-68.50,39.50,2,sl
RSIx<x_3,RSI#<#,2019-08-05,2019-08-05,2019-08-06,1,3657.25,3607.30,-49.95,-68.50,39.50,2,sl
RSIx<x_4,RSI#<#,2019-08-05,2019-08-05,2019-08-06,1,3657.25,3640.60,-16.65,-68.50,39.50,2,sl
ConnorsRSI<x_3,ConnorsRSI<#,2019-08-05,2019-08-05,2019-08-06,1,3657.25,3623.95,-33.30,-68.50,39.50,2,sl
ConnorsRSI<x_4,ConnorsRSI<#,2019-08-05,2019-08-05,2019-08-06,1,3657.25,3607.30,-49.95,-68.50,39.50,2,sl
D01_3,D01,2019-08-06,2019-08-06,2019-08-07,1,3694.50,3638.16,-56.34,-58.25,10.00,2,sl
RSIx<x_3,RSI#<#,2019-08-06,2019-08-06,2019-08-07,1,3694.50,3638.16,-56.34,-58.25,10.00,2,sl
LMT_RSIx<x_xAT_1,LMT_RSI#<#_#ATR,2019-08-05,2019-08-06,2019-08-08,1,3632.28,3752.00,119.72,-43.53,119.72,3,signal
C<wvwapxsd_4,C<wvwap#sd,2019-07-29,2019-07-29,2019-08-08,1,3834.50,3752.00,-82.50,-245.75,6.00,9,signal
IBS<x_2,IBS<#,2019-08-01,2019-08-01,2019-08-08,1,3767.00,3752.00,-15.00,-178.25,7.75,6,signal
CloseAtxdLow_3,CloseAt#dLow,2019-07-31,2019-07-31,2019-08-08,1,3792.50,3752.00,-40.50,-203.75,34.75,7,signal
RSIx<x_3,RSI#<#,2019-08-07,2019-08-07,2019-08-08,1,3696.25,3725.62,29.37,-12.75,55.75,2,tp
C06_1,C06,2019-08-07,2019-08-07,2019-08-09,1,3696.25,3741.75,45.50,-12.75,55.75,3,signal
RSIx<x_2,RSI#<#,2019-08-02,2019-08-02,2019-08-09,1,3745.00,3741.75,-3.25,-156.25,7.00,6,signal
C<wvwapxsd_4,C<wvwap#sd,2019-08-12,2019-08-12,2019-08-13,1,3696.75,3741.00,44.25,-17.00,60.50,2,signal
D01_2,D01,2019-07-31,2019-07-31,2019-08-13,1,3792.50,3741.00,-51.50,-203.75,34.75,10,signal
C<wvwapxsd_4,C<wvwap#sd,2019-08-14,2019-08-14,2019-08-16,1,3654.25,3703.00,48.75,-23.50,53.50,3,signal
P_HixDD>x&RSIx_1,P_Hi#DD>#&RSI#<#,2019-08-14,2019-08-14,2019-08-16,1,3654.25,3703.00,48.75,-23.50,53.50,3,signal
P_HixDD>x&RSIx_3,P_Hi#DD>#&RSI#<#,2019-08-14,2019-08-14,2019-08-16,1,3654.25,3703.00,48.75,-23.50,53.50,3,signal
IBS<x_2,IBS<#,2019-08-14,2019-08-14,2019-08-16,1,3654.25,3703.00,48.75,-23.50,53.50,3,signal
D01_2,D01,2019-08-14,2019-08-14,2019-08-16,1,3654.25,3703.00,48.75,-23.50,53.50,3,signal
CloseAtxdLow_1,CloseAt#dLow,2019-08-14,2019-08-14,2019-08-16,1,3654.25,3703.00,48.75,-23.50,53.50,3,signal
P_HixDD>x&IBS<_1,P_Hi#DD>#&IBS<#,2019-08-14,2019-08-14,2019-08-16,1,3654.25,3703.00,48.75,-23.50,53.50,3,signal
P_HixDD>x&IBS<_4,P_Hi#DD>#&IBS<#,2019-08-14,2019-08-14,2019-08-16,1,3654.25,3703.00,48.75,-23.50,53.50,3,signal
P_HixDD>x&IBS<_3,P_Hi#DD>#&IBS<#,2019-08-14,2019-08-14,2019-08-19,1,3654.25,3737.50,83.25,-23.50,91.00,4,signal
C06_1,C06,2019-08-16,2019-08-16,2019-08-20,1,3703.00,3731.75,28.75,-2.50,42.25,3,signal
C<wvwapxsd_4,C<wvwap#sd,2019-08-20,2019-08-20,2019-08-21,1,3714.25,3737.75,23.50,-8.25,28.25,2,signal
IBS<x_2,IBS<#,2019-08-20,2019-08-20,2019-08-21,1,3714.25,3737.75,23.50,-8.25,28.25,2,signal
D01_2,D01,2019-08-20,2019-08-20,2019-08-21,1,3714.25,3737.75,23.50,-8.25,28.25,2,signal
P_HixDD>x&IBS<_3,P_Hi#DD>#&IBS<#,2019-08-20,2019-08-20,2019-08-21,1,3714.25,3737.75,23.50,-8.25,28.25,2,signal
P_HixDD>x&IBS<_4,P_Hi#DD>#&IBS<#,2019-08-20,2019-08-20,2019-08-21,1,3714.25,3737.75,23.50,-8.25,28.25,2,signal
C06_3,C06,2019-08-16,2019-08-16,2019-08-23,1,3703.00,3703.00,0.00,-56.00,49.75,6,breakeven
IBS<x_1,IBS<#,2019-08-14,2019-08-14,2019-08-23,1,3654.25,3654.25,0.00,-23.50,98.50,8,breakeven
C<dvwapxsd_1,C<dvwap#sd,2019-08-12,2019-08-12,2019-08-26,1,3696.75,3628.56,-68.19,-73.50,60.50,11,sl
P_HixDD>x&RSIx_3,P_Hi#DD>#&RSI#<#,2019-08-23,2019-08-23,2019-08-26,1,3660.75,3692.50,31.75,-37.50,40.75,2,signal
P_HixDD>x&IBS<_1,P_Hi#DD>#&IBS<#,2019-08-20,2019-08-20,2019-08-26,1,3714.25,3692.50,-21.75,-91.00,38.50,5,signal
P_HixDD>x&IBS<_4,P_Hi#DD>#&IBS<#,2019-08-23,2019-08-23,2019-08-26,1,3660.75,3692.50,31.75,-37.50,40.75,2,signal
ConnorsRSI<x_4,ConnorsRSI<#,2019-08-12,2019-08-12,2019-08-26,1,3696.75,3628.56,-68.19,-73.50,60.50,11,sl
P_HixDD>x&RSIx_1,P_Hi#DD>#&RSI#<#,2019-08-23,2019-08-23,2019-08-28,1,3660.75,3701.25,40.50,-37.50,51.75,4,signal
P_HixDD>x&IBS<_1,P_Hi#DD>#&IBS<#,2019-08-27,2019-08-27,2019-08-28,1,3681.00,3701.25,20.25,-16.25,22.50,2,signal
P_HixDD>x&IBS<_4,P_Hi#DD>#&IBS<#,2019-08-27,2019-08-27,2019-08-28,1,3681.00,3701.25,20.25,-16.25,22.50,2,signal
C<wvwapxsd_4,C<wvwap#sd,2019-08-23,2019-08-23,2019-08-29,1,3660.75,3737.75,77.00,-37.50,83.00,5,signal
C06_1,C06,2019-08-27,2019-08-27,2019-08-29,1,3681.00,3729.50,48.50,-16.25,22.50,3,signal
IBS<x_2,IBS<#,2019-08-23,2019-08-23,2019-08-29,1,3660.75,3737.75,77.00,-37.50,83.00,5,signal
D01_2,D01,2019-08-23,2019-08-23,2019-08-29,1,3660.75,3737.75,77.00,-37.50,83.00,5,signal
P_HixDD>x&IBS<_3,P_Hi#DD>#&IBS<#,2019-08-23,2019-08-23,2019-08-29,1,3660.75,3737.75,77.00,-37.50,83.00,5,signal
C<wvwapxsd_2,C<wvwap#sd,2019-08-05,2019-08-05,2019-09-02,1,3657.25,3711.75,54.50,-68.50,102.25,21,time
D01_2,D01,2019-09-02,2019-09-02,2019-09-03,1,3711.75,3719.25,7.50,-7.75,16.75,2,signal
C<wvwapxsd_4,C<wvwap#sd,2019-09-02,2019-09-02,2019-09-04,1,3711.75,3751.00,39.25,-7.75,40.25,3,signal
LMT_RSIx<x_xAT_3,LMT_RSI#<#_#ATR,2019-07-31,2019-08-01,2019-09-05,1,3786.29,3789.25,2.96,-197.54,40.96,26,signal
IBS<x_1,IBS<#,2019-08-23,2019-08-23,2019-09-05,1,3660.75,3781.40,120.65,-37.50,138.75,10,tp
C<wvwapxsd_1,C<wvwap#sd,2019-09-09,2019-09-09,2019-09-10,1,3792.25,3792.50,0.25,-22.00,5.75,2,signal
C<wvwapxsd_4,C<wvwap#sd,2019-09-09,2019-09-09,2019-09-11,1,3792.25,3813.50,21.25,-22.00,21.75,3,signal
D01_3,D01,2019-08-16,2019-08-16,2019-09-13,1,3703.00,3820.50,117.50,-79.75,133.75,21,time
IBS<x_3,IBS<#,2019-09-13,2019-09-13,2019-09-17,1,3820.50,3819.00,-1.50,-26.00,2.00,3,signal
LMT_RSIx<x_xAT_2,LMT_RSI#<#_#ATR,2019-09-20,2019-09-23,2019-09-23,1,3794.83,3804.50,9.67,-1.83,24.42,1,time
P_HixDD>x&IBS<_4,P_Hi#DD>#&IBS<#,2019-09-20,2019-09-20,2019-09-23,1,3803.25,3804.50,1.25,-10.25,16.00,2,signal
LMT_RSIx<x_xAT_2,LMT_RSI#<#_#ATR,2019-09-23,2019-09-24,2019-09-24,1,3796.73,3779.75,-16.98,-27.23,26.52,1,time
C<dvwapxsd_1,C<dvwap#sd,2019-08-27,2019-08-27,2019-09-24,1,3681.00,3779.75,98.75,-16.25,155.75,21,time
IBS<x_1,IBS<#,2019-09-13,2019-09-13,2019-09-24,1,3820.50,3781.20,-39.30,-51.00,15.00,8,sl
LMT_RSIx<x_xAT_2,LMT_RSI#<#_#ATR,2019-09-24,2019-09-25,2019-09-25,1,3771.80,3797.50,25.70,-7.05,30.95,1,time
LMT_RSIx<x_xAT_4,LMT_RSI#<#_#ATR,2019-09-23,2019-09-24,2019-09-25,1,3781.18,3780.75,-0.43,-16.43,42.07,2,trail
C<wvwapxsd_1,C<wvwap#sd,2019-09-20,2019-09-20,2019-09-25,1,3803.25,3797.50,-5.75,-38.50,20.00,4,signal
C06_3,C06,2019-08-28,2019-08-28,2019-09-25,1,3701.25,3797.50,96.25,-13.00,135.50,21,time
P_HixDD>x&RSIx_2,P_Hi#DD>#&RSI#<#,2019-09-24,2019-09-24,2019-09-25,1,3779.75,3797.50,17.75,-15.00,23.00,2,signal
P_HixDD>x&IBS<_1,P_Hi#DD>#&IBS<#,2019-09-24,2019-09-24,2019-09-25,1,3779.75,3797.50,17.75,-15.00,23.00,2,signal
P_HixDD>x&IBS<_4,P_Hi#DD>#&IBS<#,2019-09-24,2019-09-24,2019-09-25,1,3779.75,3797.50,17.75,-15.00,23.00,2,signal
RSIx<x_3,RSI#<#,2019-09-24,2019-09-24,2019-09-26,1,3779.75,3803.60,23.85,-15.00,26.25,3,tp
RSIx<x_4,RSI#<#,2019-09-24,2019-09-24,2019-09-27,1,3779.75,3763.85,-15.90,-22.50,26.25,4,sl
C<wvwapxsd_2,C<wvwap#sd,2019-09-02,2019-09-02,2019-09-30,1,3711.75,3788.75,77.00,-7.75,125.00,21,time
P_HixDD>x&RSIx_1,P_Hi#DD>#&RSI#<#,2019-09-24,2019-09-24,2019-09-30,1,3779.75,3788.75,9.00,-22.50,26.25,5,signal
IBS<x_3,IBS<#,2019-09-19,2019-09-19,2019-09-30,1,3819.25,3788.75,-30.50,-62.00,9.75,8,signal
CloseAtxdLow_4,CloseAt#dLow,2019-09-24,2019-09-24,2019-09-30,1,3779.75,3788.75,9.00,-22.50,26.25,5,signal
RSIx<x_2,RSI#<#,2019-09-24,2019-09-24,2019-10-01,1,3779.75,3797.75,18.00,-22.50,26.25,6,signal
ConnorsRSI<x_4,ConnorsRSI<#,2019-09-20,2019-09-20,2019-10-01,1,3803.25,3752.72,-50.53,-53.75,20.00,8,sl
LMT_RSIx<x_xAT_4,LMT_RSI#<#_#ATR,2019-10-01,2019-10-02,2019-10-02,1,3727.73,3693.81,-33.93,-42.73,32.27,1,sl
C<dvwapxsd_1,C<dvwap#sd,2019-09-24,2019-09-24,2019-10-02,1,3779.75,3732.05,-47.70,-94.75,26.25,7,sl
C<dvwapxsd_3,C<dvwap#sd,2019-09-13,2019-09-13,2019-10-02,1,3820.50,3702.60,-117.90,-135.50,15.00,14,sl
P_HixDD>x&RSIx_1,P_Hi#DD>#&RSI#<#,2019-10-01,2019-10-01,2019-10-02,1,3751.75,3687.70,-64.05,-66.75,8.25,2,sl
P_HixDD>x&RSIx_3,P_Hi#DD>#&RSI#<#,2019-09-27,2019-09-27,2019-10-02,1,3773.75,3711.35,-62.40,-88.75,31.75,4,sl
IBS<x_1,IBS<#,2019-09-24,2019-09-24,2019-10-02,1,3779.75,3734.25,-45.50,-94.75,26.25,7,sl
IBS<x_4,IBS<#,2019-10-01,2019-10-01,2019-10-02,1,3751.75,3719.72,-32.03,-66.75,8.25,2,sl
WRx<x_1,WR#<#,2019-10-01,2019-10-01,2019-10-02,1,3751.75,3719.72,-32.03,-66.75,8.25,2,sl
WRx<x_2,WR#<#,2019-10-01,2019-10-01,2019-10-02,1,3751.75,3719.72,-32.03,-66.75,8.25,2,sl
WRx<x_3,WR#<#,2019-10-01,2019-10-01,2019-10-02,1,3751.75,3687.70,-64.05,-66.75,8.25,2,sl
CloseAtxdLow_2,CloseAt#dLow,2019-09-20,2019-09-20,2019-10-02,1,3803.25,3734.25,-69.00,-118.25,20.00,9,sl
RSIx<x_1,RSI#<#,2019-09-20,2019-09-20,2019-10-02,1,3803.25,3734.25,-69.00,-118.25,20.00,9,sl
RSIx<x_3,RSI#<#,2019-10-01,2019-10-01,2019-10-02,1,3751.75,3703.71,-48.04,-66.75,8.25,2,sl
P_HixDD>x&IBS<_3,P_Hi#DD>#&IBS<#,2019-09-20,2019-09-20,2019-10-02,1,3803.25,3734.25,-69.00,-118.25,20.00,9,sl
P_HixDD>x&IBS<_4,P_Hi#DD>#&IBS<#,2019-10-01,2019-10-01,2019-10-02,1,3751.75,3687.70,-64.05,-66.75,8.25,2,sl
ConnorsRSI<x_1,ConnorsRSI<#,2019-09-20,2019-09-20,2019-10-02,1,3803.25,3702.19,-101.06,-118.25,20.00,9,sl
ConnorsRSI<x_4,ConnorsRSI<#,2019-10-01,2019-10-01,2019-10-02,1,3751.75,3703.71,-48.04,-66.75,8.25,2,sl
C<wvwapxsd_1,C<wvwap#sd,2019-09-26,2019-09-26,2019-10-03,1,3790.75,3722.00,-68.75,-124.75,14.75,6,signal
P_HixDD>x&RSIx_2,P_Hi#DD>#&RSI#<#,2019-09-27,2019-09-27,2019-10-03,1,3773.75,3722.00,-51.75,-107.75,31.75,5,signal
P_HixDD>x&RSIx_3,P_Hi#DD>#&RSI#<#,2019-10-02,2019-10-02,2019-10-03,1,3699.00,3722.00,23.00,-33.00,23.25,2,signal
RSIx<x_4,RSI#<#,2019-10-02,2019-10-02,2019-10-03,1,3699.00,3682.04,-16.96,-33.00,23.25,2,sl
P_HixDD>x&IBS<_1,P_Hi#DD>#&IBS<#,2019-10-01,2019-10-01,2019-10-03,1,3751.75,3722.00,-29.75,-85.75,8.25,3,signal
LMT_RSIx<x_xAT_1,LMT_RSI#<#_#ATR,2019-10-02,2019-10-03,2019-10-04,1,3673.56,3761.50,87.94,-7.56,90.69,2,signal
C<wvwapxsd_4,C<wvwap#sd,2019-09-20,2019-09-20,2019-10-04,1,3803.25,3761.50,-41.75,-137.25,20.00,11,signal
P_HixDD>x&RSIx_1,P_Hi#DD>#&RSI#<#,2019-10-02,2019-10-02,2019-10-04,1,3699.00,3761.50,62.50,-33.00,65.25,3,signal
IBS<x_2,IBS<#,2019-09-19,2019-09-19,2019-10-04,1,3819.25,3761.50,-57.75,-153.25,9.75,12,signal
WRx<x_3,WR#<#,2019-10-02,2019-10-02,2019-10-04,1,3699.00,3761.50,62.50,-33.00,65.25,3,signal
WRx<x_4,WR#<#,2019-10-01,2019-10-01,2019-10-04,1,3751.75,3761.50,9.75,-85.75,12.50,4,signal
CloseAtxdLow_1,CloseAt#dLow,2019-10-02,2019-10-02,2019-10-04,1,3699.00,3761.50,62.50,-33.00,65.25,3,signal
CloseAtxdLow_3,CloseAt#dLow,2019-09-20,2019-09-20,2019-10-04,1,3803.25,3761.50,-41.75,-137.25,20.00,11,time
RSIx<x_3,RSI#<#,2019-10-02,2019-10-02,2019-10-04,1,3699.00,3729.50,30.50,-33.00,65.25,3,tp
IBS<x_1,IBS<#,2019-10-02,2019-10-02,2019-10-07,1,3699.00,3766.85,67.85,-33.00,71.50,4,tp
WRx<x_1,WR#<#,2019-10-02,2019-10-02,2019-10-07,1,3699.00,3766.85,67.85,-33.00,71.50,4,tp
RSIx<x_2,RSI#<#,2019-10-02,2019-10-02,2019-10-07,1,3699.00,3752.50,53.50,-33.00,65.25,4,signal
LMT_RSIx<x_xAT_4,LMT_RSI#<#_#ATR,2019-10-02,2019-10-03,2019-10-08,1,3673.56,3727.25,53.69,-7.56,96.94,4,trail
IBS<x_1,IBS<#,2019-10-07,2019-10-07,2019-10-08,1,3748.75,3712.15,-36.60,-47.00,12.25,2,sl
C<wvwapxsd_4,C<wvwap#sd,2019-10-07,2019-10-07,2019-10-10,1,3748.75,3749.75,1.00,-56.00,12.25,4,signal
P_HixDD>x&RSIx_1,P_Hi#DD>#&RSI#<#,2019-10-08,2019-10-08,2019-10-10,1,3702.75,3749.75,47.00,-10.00,56.50,3,signal
IBS<x_2,IBS<#,2019-10-07,2019-10-07,2019-10-10,1,3748.75,3749.75,1.00,-56.00,12.25,4,signal
D01_2,D01,2019-09-20,2019-09-20,2019-10-10,1,3803.25,3749.75,-53.50,-137.25,20.00,15,signal
P_HixDD>x&IBS<_3,P_Hi#DD>#&IBS<#,2019-10-07,2019-10-07,2019-10-10,1,3748.75,3749.75,1.00,-56.00,12.25,4,signal
P_HixDD>x&IBS<_4,P_Hi#DD>#&IBS<#,2019-10-07,2019-10-07,2019-10-10,1,3748.75,3749.75,1.00,-56.00,12.25,4,signal
C<dvwapxsd_1,C<dvwap#sd,2019-10-02,2019-10-02,2019-10-11,1,3699.00,3800.78,101.78,-33.00,106.00,8,tp
IBS<x_1,IBS<#,2019-10-08,2019-10-08,2019-10-11,1,3702.75,3779.75,77.00,-10.00,102.25,4,tp
ConnorsRSI<x_4,ConnorsRSI<#,2019-10-02,2019-10-02,2019-10-11,1,3699.00,3779.75,80.75,-33.00,106.00,8,tp
P_HixDD>x&IBS<_3,P_Hi#DD>#&IBS<#,2019-10-11,2019-10-11,2019-10-14,1,3779.50,3777.00,-2.50,-14.75,14.00,2,signal
LMT_RSIx<x_xAT_3,LMT_RSI#<#_#ATR,2019-09-24,2019-09-25,2019-10-15,1,3771.80,3806.25,34.45,-105.80,42.45,15,signal
C<wvwapxsd_4,C<wvwap#sd,2019-10-14,2019-10-14,2019-10-15,1,3777.00,3806.25,29.25,-2.50,37.25,2,signal
IBS<x_2,IBS<#,2019-10-11,2019-10-11,2019-10-15,1,3779.50,3806.25,26.75,-14.75,34.75,3,signal
P_HixDD>x&IBS<_4,P_Hi#DD>#&IBS<#,2019-10-11,2019-10-11,2019-10-15,1,3779.50,3806.25,26.75,-14.75,34.75,3,signal
C<wvwapxsd_1,C<wvwap#sd,2019-10-07,2019-10-07,2019-10-21,1,3748.75,3816.75,68.00,-56.00,70.25,11,signal
C<wvwapxsd_4,C<wvwap#sd,2019-10-18,2019-10-18,2019-10-21,1,3796.25,3816.75,20.50,-1.50,22.25,2,signal
P_HixDD>x&RSIx_3,P_Hi#DD>#&RSI#<#,2019-10-08,2019-10-08,2019-10-21,1,3702.75,3816.75,114.00,-10.00,116.25,10,signal
P_HixDD>x&IBS<_1,P_Hi#DD>#&IBS<#,2019-10-07,2019-10-07,2019-10-21,1,3748.75,3816.75,68.00,-56.00,70.25,11,time
D01_3,D01,2019-10-03,2019-10-03,2019-10-22,1,3722.00,3824.71,102.71,-29.25,103.25,14,tp
C<dvwapxsd_2,C<dvwap#sd,2019-10-22,2019-10-22,2019-10-23,1,3806.25,3814.50,8.25,-13.25,9.25,2,signal
C<wvwapxsd_1,C<wvwap#sd,2019-10-22,2019-10-22,2019-10-23,1,3806.25,3814.50,8.25,-13.25,9.25,2,signal
IBS<x_3,IBS<#,2019-10-22,2019-10-22,2019-10-23,1,3806.25,3814.50,8.25,-13.25,9.25,2,signal
D01_2,D01,2019-10-22,2019-10-22,2019-10-23,1,3806.25,3814.50,8.25,-13.25,9.25,2,signal
C<wvwapxsd_4,C<wvwap#sd,2019-10-22,2019-10-22,2019-10-24,1,3806.25,3819.50,13.25,-13.25,20.00,3,signal
IBS<x_2,IBS<#,2019-10-22,2019-10-22,2019-10-24,1,3806.25,3819.50,13.25,-13.25,20.00,3,signal
C<dvwapxsd_4,C<dvwap#sd,2019-10-22,2019-10-22,2019-10-25,1,3806.25,3826.66,20.41,-13.25,31.25,4,tp
C<wvwapxsd_2,C<wvwap#sd,2019-10-01,2019-10-01,2019-10-29,1,3751.75,3846.75,95.00,-85.75,105.50,21,time
C<wvwapxsd_1,C<wvwap#sd,2019-10-29,2019-10-29,2019-10-30,1,3846.75,3856.00,9.25,-12.50,13.25,2,signal
IBS<x_3,IBS<#,2019-10-29,2019-10-29,2019-10-30,1,3846.75,3856.00,9.25,-12.50,13.25,2,signal
IBS<x_1,IBS<#,2019-10-11,2019-10-11,2019-10-31,1,3779.50,3865.55,86.05,-14.75,86.50,15,tp
C<wvwapxsd_4,C<wvwap#sd,2019-10-29,2019-10-29,2019-11-01,1,3846.75,3876.00,29.25,-15.50,29.25,4,signal
IBS<x_3,IBS<#,2019-11-05,2019-11-05,2019-11-06,1,3884.00,3885.00,1.00,-10.00,4.25,2,signal
C<wvwapxsd_4,C<wvwap#sd,2019-11-04,2019-11-04,2019-11-07,1,3887.50,3895.50,8.00,-13.50,20.50,4,signal
C<dvwapxsd_1,C<dvwap#sd,2019-10-11,2019-10-11,2019-11-08,1,3779.50,3903.00,123.50,-14.75,128.50,21,time
C<wvwapxsd_1,C<wvwap#sd,2019-11-04,2019-11-04,2019-11-08,1,3887.50,3903.00,15.50,-13.50,20.50,5,signal
IBS<x_4,IBS<#,2019-10-11,2019-10-11,2019-11-08,1,3779.50,3903.00,123.50,-14.75,128.50,21,time
C<dvwapxsd_3,C<dvwap#sd,2019-10-18,2019-10-18,2019-11-15,1,3796.25,3930.00,133.75,-3.25,134.00,21,time
IBS<x_1,IBS<#,2019-11-05,2019-11-05,2019-11-19,1,3884.00,3942.05,58.05,-10.00,59.50,11,tp
LMT_RSIx<x_xAT_2,LMT_RSI#<#_#ATR,2019-11-20,2019-11-21,2019-11-21,1,3913.72,3913.75,0.03,-11.47,11.78,1,time
C<wvwapxsd_1,C<wvwap#sd,2019-11-19,2019-11-19,2019-11-22,1,3930.50,3920.75,-9.75,-28.75,0.75,4,signal
P_HixDD>x&RSIx_2,P_Hi#DD>#&RSI#<#,2019-11-21,2019-11-21,2019-11-22,1,3913.75,3920.75,7.00,-5.00,11.75,2,signal
RSIx<x_1,RSI#<#,2019-11-20,2019-11-20,2019-11-22,1,3919.25,3920.75,1.50,-17.00,6.25,3,signal
C<wvwapxsd_1,C<wvwap#sd,2019-11-22,2019-11-22,2019-11-25,1,3920.75,3944.25,23.50,-0.50,23.75,2,signal
C<wvwapxsd_4,C<wvwap#sd,2019-11-19,2019-11-19,2019-11-25,1,3930.50,3944.25,13.75,-28.75,14.00,5,signal
P_HixDD>x&RSIx_1,P_Hi#DD>#&RSI#<#,2019-11-21,2019-11-21,2019-11-25,1,3913.75,3944.25,30.50,-5.00,30.75,3,signal
C<wvwapxsd_2,C<wvwap#sd,2019-10-29,2019-10-29,2019-11-26,1,3846.75,3950.50,103.75,-15.50,109.25,21,time
ConnorsRSI<x_4,ConnorsRSI<#,2019-11-21,2019-11-21,2019-11-27,1,3913.75,3964.23,50.48,-5.00,51.00,5,tp
LMT_RSIx<x_xAT_4,LMT_RSI#<#_#ATR,2019-11-20,2019-11-21,2019-12-02,1,3902.68,3943.56,40.89,-0.43,66.32,8,trail
LMT_RSIx<x_xAT_2,LMT_RSI#<#_#ATR,2019-12-02,2019-12-03,2019-12-03,1,3895.75,3904.25,8.50,-15.25,37.00,1,time
C<dvwapxsd_1,C<dvwap#sd,2019-11-19,2019-11-19,2019-12-03,1,3930.50,3895.75,-34.75,-50.00,38.50,11,sl
C<wvwapxsd_1,C<wvwap#sd,2019-12-02,2019-12-02,2019-12-03,1,3925.50,3904.25,-21.25,-45.00,7.25,2,signal
P_HixDD>x&RSIx_1,P_Hi#DD>#&RSI#<#,2019-12-02,2019-12-02,2019-12-03,1,3925.50,3884.07,-41.43,-45.00,7.25,2,sl
P_HixDD>x&RSIx_2,P_Hi#DD>#&RSI#<#,2019-12-02,2019-12-02,2019-12-03,1,3925.50,3904.25,-21.25,-45.00,7.25,2,signal
IBS<x_1,IBS<#,2019-12-02,2019-12-02,2019-12-03,1,3925.50,3895.75,-29.75,-45.00,7.25,2,sl
RSIx<x_1,RSI#<#,2019-12-02,2019-12-02,2019-12-03,1,3925.50,3884.07,-41.43,-45.00,7.25,2,sl
P_HixDD>x&IBS<_1,P_Hi#DD>#&IBS<#,2019-12-02,2019-12-02,2019-12-03,1,3925.50,3904.25,-21.25,-45.00,7.25,2,signal
P_HixDD>x&IBS<_3,P_Hi#DD>#&IBS<#,2019-12-02,2019-12-02,2019-12-03,1,3925.50,3884.07,-41.43,-45.00,7.25,2,sl
P_HixDD>x&IBS<_4,P_Hi#DD>#&IBS<#,2019-12-02,2019-12-02,2019-12-03,1,3925.50,3884.07,-41.43,-45.00,7.25,2,sl
ConnorsRSI<x_2,ConnorsRSI<#,2019-12-02,2019-12-02,2019-12-03,1,3925.50,3894.43,-31.07,-45.00,7.25,2,sl
ConnorsRSI<x_4,ConnorsRSI<#,2019-12-02,2019-12-02,2019-12-03,1,3925.50,3894.43,-31.07,-45.00,7.25,2,sl
LMT_RSIx<x_xAT_2,LMT_RSI#<#_#ATR,2019-12-03,2019-12-04,2019-12-04,1,3898.62,3924.00,25.38,-5.87,31.88,1,time
LMT_RSIx<x_xAT_4,LMT_RSI#<#_#ATR,2019-12-02,2019-12-03,2019-12-04,1,3895.75,3910.22,14.47,-15.25,37.00,2,trail
C<wvwapxsd_4,C<wvwap#sd,2019-12-02,2019-12-02,2019-12-04,1,3925.50,3924.00,-1.50,-45.00,7.25,3,signal
IBS<x_2,IBS<#,2019-12-02,2019-12-02,2019-12-04,1,3925.50,3924.00,-1.50,-45.00,7.25,3,signal
RSIx<x_3,RSI#<#,2019-12-03,2019-12-03,2019-12-04,1,3904.25,3921.14,16.89,-11.50,26.25,2,tp
RSIx<x_4,RSI#<#,2019-12-03,2019-12-03,2019-12-04,1,3904.25,3892.99,-11.26,-11.50,26.25,2,sl
C<wvwapxsd_1,C<wvwap#sd,2019-12-03,2019-12-03,2019-12-05,1,3904.25,3929.00,24.75,-11.50,31.50,3,signal
P_HixDD>x&RSIx_1,P_Hi#DD>#&RSI#<#,2019-12-03,2019-12-03,2019-12-05,1,3904.25,3929.00,24.75,-11.50,31.50,3,signal
P_HixDD>x&RSIx_3,P_Hi#DD>#&RSI#<#,2019-12-03,2019-12-03,2019-12-05,1,3904.25,3929.00,24.75,-11.50,31.50,3,signal
IBS<x_3,IBS<#,2019-12-02,2019-12-02,2019-12-05,1,3925.50,3929.00,3.50,-45.00,10.25,4,signal
CloseAtxdLow_4,CloseAt#dLow,2019-12-03,2019-12-03,2019-12-05,1,3904.25,3929.00,24.75,-11.50,31.50,3,signal
LMT_RSIx<x_xAT_1,LMT_RSI#<#_#ATR,2019-12-02,2019-12-03,2019-12-06,1,3895.75,3957.00,61.25,-15.25,66.25,4,signal
P_HixDD>x&RSIx_4,P_Hi#DD>#&RSI#<#,2019-12-03,2019-12-03,2019-12-06,1,3904.25,3949.75,45.50,-11.50,57.75,4,tp
CloseAtxdLow_2,CloseAt#dLow,2019-12-03,2019-12-03,2019-12-06,1,3904.25,3949.75,45.50,-11.50,57.75,4,tp
RSIx<x_1,RSI#<#,2019-12-03,2019-12-03,2019-12-06,1,3904.25,3957.00,52.75,-11.50,57.75,4,signal
ConnorsRSI<x_2,ConnorsRSI<#,2019-12-03,2019-12-03,2019-12-06,1,3904.25,3954.93,50.68,-11.50,57.75,4,tp
ConnorsRSI<x_4,ConnorsRSI<#,2019-12-03,2019-12-03,2019-12-06,1,3904.25,3954.93,50.68,-11.50,57.75,4,tp
