preset_id,family,signal_day,entry_day,exit_day,side,entry,exit,pnl_pts,mae,mfe,bars,reason
C<wvwapxsd_1,C<wvwap#sd,2016-08-15,2016-08-15,2016-08-17,1,3010.50,3002.75,-7.75,-21.50,0.00,3,signal
C<wvwapxsd_3,C<wvwap#sd,2016-08-16,2016-08-16,2016-08-17,1,2998.75,2991.46,-7.29,-9.75,5.75,2,sl
D01_2,D01,2016-08-16,2016-08-16,2016-08-17,1,2998.75,3002.75,4.00,-9.75,5.75,2,signal
RSIx<x_1,RSI#<#,2016-08-16,2016-08-16,2016-08-17,1,2998.75,3002.75,4.00,-9.75,5.75,2,signal
P_HixDD>x&IBS<_1,P_Hi#DD>#&IBS<#,2016-08-16,2016-08-16,2016-08-17,1,2998.75,3002.75,4.00,-9.75,5.75,2,signal
C<wvwapxsd_1,C<wvwap#sd,2016-08-17,2016-08-17,2016-08-18,1,3002.75,3007.75,5.00,-3.00,5.25,2,signal
C<wvwapxsd_4,C<wvwap#sd,2016-08-15,2016-08-15,2016-08-18,1,3010.50,3007.75,-2.75,-21.50,0.00,4,signal
IBS<x_2,IBS<#,2016-08-16,2016-08-16,2016-08-18,1,2998.75,3007.75,9.00,-9.75,9.25,3,signal
IBS<x_3,IBS<#,2016-08-16,2016-08-16,2016-08-18,1,2998.75,3007.75,9.00,-9.75,9.25,3,signal
P_HixDD>x&IBS<_3,P_Hi#DD>#&IBS<#,2016-08-16,2016-08-16,2016-08-18,1,2998.75,3007.75,9.00,-9.75,9.25,3,signal
P_HixDD>x&IBS<_4,P_Hi#DD>#&IBS<#,2016-08-16,2016-08-16,2016-08-18,1,2998.75,3007.75,9.00,-9.75,9.25,3,signal
IBS<x_4,IBS<#,2016-08-16,2016-08-16,2016-08-24,1,2998.75,2998.75,0.00,-9.75,16.25,7,breakeven
LMT_RSIx<x_xAT_2,LMT_RSI#<#_#ATR,2016-08-24,2016-08-25,2016-08-25,1,2992.75,2995.25,2.50,-1.75,8.00,1,time
LMT_RSIx<x_xAT_2,LMT_RSI#<#_#ATR,2016-08-25,2016-08-26,2016-08-26,1,2991.85,2991.25,-0.60,-10.85,18.40,1,time
IBS<x_1,IBS<#,2016-08-16,2016-08-16,2016-08-26,1,2998.75,2984.16,-14.59,-17.75,16.25,9,sl
LMT_RSIx<x_xAT_4,LMT_RSI#<#_#ATR,2016-08-25,2016-08-26,2016-08-29,1,2985.06,2993.25,8.19,-4.06,25.19,2,trail
P_HixDD>x&RSIx_1,P_Hi#DD>#&RSI#<#,2016-08-24,2016-08-24,2016-08-29,1,2997.75,3002.75,5.00,-16.75,12.50,4,signal
IBS<x_3,IBS<#,2016-08-23,2016-08-23,2016-08-29,1,3008.50,3002.75,-5.75,-27.50,2.75,5,signal
D01_2,D01,2016-08-24,2016-08-24,2016-08-29,1,2997.75,3002.75,5.00,-16.75,12.50,4,signal
CloseAtxdLow_3,CloseAt#dLow,2016-08-24,2016-08-24,2016-08-29,1,2997.75,3002.75,5.00,-16.75,12.50,4,signal
CloseAtxdLow_4,CloseAt#dLow,2016-08-24,2016-08-24,2016-08-29,1,2997.75,3002.75,5.00,-16.75,12.50,4,signal
RSIx<x_1,RSI#<#,2016-08-24,2016-08-24,2016-08-29,1,2997.75,3002.75,5.00,-16.75,12.50,4,signal
RSIx<x_3,RSI#<#,2016-08-26,2016-08-26,2016-08-29,1,2991.25,3002.00,10.75,-3.25,14.50,2,tp
LMT_RSIx<x_xAT_2,LMT_RSI#<#_#ATR,2016-08-31,2016-09-01,2016-09-01,1,2988.82,2992.50,3.68,-10.57,11.93,1,time
C<wvwapxsd_1,C<wvwap#sd,2016-08-24,2016-08-24,2016-09-01,1,2997.75,2992.50,-5.25,-19.50,12.50,7,signal
P_HixDD>x&RSIx_2,P_Hi#DD>#&RSI#<#,2016-08-24,2016-08-24,2016-09-01,1,2997.75,2992.50,-5.25,-19.50,12.50,7,signal
C<wvwapxsd_4,C<wvwap#sd,2016-08-24,2016-08-24,2016-09-02,1,2997.75,3002.00,4.25,-19.50,12.50,8,signal
P_HixDD>x&RSIx_1,P_Hi#DD>#&RSI#<#,2016-08-31,2016-08-31,2016-09-02,1,2992.25,3002.00,9.75,-14.00,15.00,3,signal
IBS<x_2,IBS<#,2016-08-23,2016-08-23,2016-09-02,1,3008.50,3002.00,-6.50,-30.25,2.75,9,signal
RSIx<x_1,RSI#<#,2016-08-31,2016-08-31,2016-09-02,1,2992.25,3002.00,9.75,-14.00,15.00,3,signal
C<wvwapxsd_1,C<wvwap#sd,2016-09-01,2016-09-01,2016-09-05,1,2992.50,3002.25,9.75,-4.75,14.75,3,signal
C<wvwapxsd_1,C<wvwap#sd,2016-09-05,2016-09-05,2016-09-06,1,3002.25,3009.00,6.75,-5.75,7.00,2,signal
C<wvwapxsd_4,C<wvwap#sd,2016-09-05,2016-09-05,2016-09-06,1,3002.25,3009.00,6.75,-5.75,7.00,2,signal
LMT_RSIx<x_xAT_4,LMT_RSI#<#_#ATR,2016-08-31,2016-09-01,2016-09-09,1,2981.97,2987.50,5.53,-31.97,30.78,7,trail
C<dvwapxsd_1,C<dvwap#sd,2016-08-16,2016-08-16,2016-09-09,1,2998.75,2976.87,-21.88,-48.75,16.25,19,sl
C<dvwapxsd_3,C<dvwap#sd,2016-08-16,2016-08-16,2016-09-09,1,2998.75,2954.99,-43.76,-48.75,16.25,19,sl
C<wvwapxsd_2,C<wvwap#sd,2016-08-15,2016-08-15,2016-09-09,1,3010.50,2967.04,-43.46,-60.50,4.50,20,sl
CloseAtxdLow_2,CloseAt#dLow,2016-08-24,2016-08-24,2016-09-09,1,2997.75,2970.05,-27.70,-47.75,15.00,13,sl
RSIx<x_1,RSI#<#,2016-09-08,2016-09-08,2016-09-09,1,3003.25,2975.20,-28.05,-53.25,1.00,2,sl
ConnorsRSI<x_2,ConnorsRSI<#,2016-08-26,2016-08-26,2016-09-09,1,2991.25,2969.74,-21.51,-41.25,21.50,11,sl
ConnorsRSI<x_4,ConnorsRSI<#,2016-08-26,2016-08-26,2016-09-09,1,2991.25,2969.74,-21.51,-41.25,21.50,11,sl
C<wvwapxsd_1,C<wvwap#sd,2016-09-08,2016-09-08,2016-09-12,1,3003.25,2981.25,-22.00,-72.75,1.00,3,signal
P_HixDD>x&RSIx_3,P_Hi#DD>#&RSI#<#,2016-09-09,2016-09-09,2016-09-12,1,2950.25,2981.25,31.00,-19.75,36.00,2,signal
IBS<x_1,IBS<#,2016-09-09,2016-09-09,2016-09-12,1,2950.25,2933.94,-16.31,-19.75,36.00,2,sl
IBS<x_4,IBS<#,2016-09-09,2016-09-09,2016-09-12,1,2950.25,2933.94,-16.31,-19.75,36.00,2,sl
WRx<x_1,WR#<#,2016-09-09,2016-09-09,2016-09-12,1,2950.25,2933.94,-16.31,-19.75,36.00,2,sl
WRx<x_2,WR#<#,2016-09-09,2016-09-09,2016-09-12,1,2950.25,2933.94,-16.31,-19.75,36.00,2,sl
WRx<x_3,WR#<#,2016-09-09,2016-09-09,2016-09-12,1,2950.25,2981.25,31.00,-19.75,36.00,2,signal
WRx<x_4,WR#<#,2016-09-09,2016-09-09,2016-09-12,1,2950.25,2981.25,31.00,-19.75,36.00,2,signal
CloseAtxdLow_1,CloseAt#dLow,2016-09-09,2016-09-09,2016-09-12,1,2950.25,2981.25,31.00,-19.75,36.00,2,signal
CloseAtxdLow_2,CloseAt#dLow,2016-09-09,2016-09-09,2016-09-12,1,2950.25,2982.88,32.62,-19.75,36.00,2,tp
RSIx<x_3,RSI#<#,2016-09-09,2016-09-09,2016-09-12,1,2950.25,2962.48,12.23,-19.75,36.00,2,tp
RSIx<x_4,RSI#<#,2016-09-09,2016-09-09,2016-09-12,1,2950.25,2941.50,-8.75,-19.75,36.00,2,sl
P_HixDD>x&IBS<_1,P_Hi#DD>#&IBS<#,2016-09-09,2016-09-09,2016-09-12,1,2950.25,2981.25,31.00,-19.75,36.00,2,signal
P_HixDD>x&IBS<_4,P_Hi#DD>#&IBS<#,2016-09-09,2016-09-09,2016-09-12,1,2950.25,2981.25,31.00,-19.75,36.00,2,signal
ConnorsRSI<x_1,ConnorsRSI<#,2016-08-26,2016-08-26,2016-09-12,1,2991.25,2941.50,-49.75,-60.75,21.50,12,sl
ConnorsRSI<x_3,ConnorsRSI<#,2016-09-09,2016-09-09,2016-09-12,1,2950.25,2933.94,-16.31,-19.75,36.00,2,sl
LMT_RSIx<x_xAT_4,LMT_RSI#<#_#ATR,2016-09-09,2016-09-12,2016-09-13,1,2938.02,2966.00,27.98,-7.52,48.23,2,trail
D01_3,D01,2016-09-12,2016-09-12,2016-09-13,1,2981.25,2953.41,-27.84,-38.75,3.00,2,sl
C<wvwapxsd_1,C<wvwap#sd,2016-09-13,2016-09-13,2016-09-15,1,2949.75,2970.25,20.50,-11.75,25.00,3,signal
C<wvwapxsd_4,C<wvwap#sd,2016-09-08,2016-09-08,2016-09-15,1,3003.25,2970.25,-33.00,-72.75,1.00,6,signal
P_HixDD>x&RSIx_1,P_Hi#DD>#&RSI#<#,2016-09-09,2016-09-09,2016-09-15,1,2950.25,2970.25,20.00,-19.75,36.00,5,signal
P_HixDD>x&RSIx_3,P_Hi#DD>#&RSI#<#,2016-09-14,2016-09-14,2016-09-15,1,2948.75,2970.25,21.50,-10.75,26.00,2,signal
IBS<x_2,IBS<#,2016-09-09,2016-09-09,2016-09-15,1,2950.25,2970.25,20.00,-19.75,36.00,5,signal
D01_1,D01,2016-09-12,2016-09-12,2016-09-15,1,2981.25,2970.25,-11.00,-43.25,3.00,4,signal
CloseAtxdLow_1,CloseAt#dLow,2016-09-13,2016-09-13,2016-09-15,1,2949.75,2970.25,20.50,-11.75,25.00,3,signal
RSIx<x_3,RSI#<#,2016-09-14,2016-09-14,2016-09-15,1,2948.75,2964.06,15.31,-10.75,26.00,2,tp
RSIx<x_2,RSI#<#,2016-09-09,2016-09-09,2016-09-16,1,2950.25,2961.50,11.25,-19.75,36.00,6,signal
LMT_RSIx<x_xAT_1,LMT_RSI#<#_#ATR,2016-09-09,2016-09-12,2016-09-21,1,2938.02,2985.50,47.48,-7.52,49.73,8,signal
LMT_RSIx<x_xAT_3,LMT_RSI#<#_#ATR,2016-09-09,2016-09-12,2016-09-21,1,2941.50,2985.50,44.00,-11.00,46.25,8,signal
C<wvwapxsd_1,C<wvwap#sd,2016-09-19,2016-09-19,2016-09-21,1,2961.50,2985.50,24.00,-5.00,26.25,3,signal
C<wvwapxsd_4,C<wvwap#sd,2016-09-19,2016-09-19,2016-09-21,1,2961.50,2985.50,24.00,-5.00,26.25,3,signal
IBS<x_2,IBS<#,2016-09-19,2016-09-19,2016-09-21,1,2961.50,2985.50,24.00,-5.00,26.25,3,signal
D01_2,D01,2016-09-09,2016-09-09,2016-09-21,1,2950.25,2985.50,35.25,-19.75,37.50,9,signal
RSIx<x_1,RSI#<#,2016-09-09,2016-09-09,2016-09-21,1,2950.25,2985.50,35.25,-19.75,37.50,9,signal
P_HixDD>x&IBS<_1,P_Hi#DD>#&IBS<#,2016-09-19,2016-09-19,2016-09-21,1,2961.50,2985.50,24.00,-5.00,26.25,3,signal
P_HixDD>x&IBS<_3,P_Hi#DD>#&IBS<#,2016-09-09,2016-09-09,2016-09-21,1,2950.25,2985.50,35.25,-19.75,37.50,9,signal
P_HixDD>x&IBS<_4,P_Hi#DD>#&IBS<#,2016-09-19,2016-09-19,2016-09-21,1,2961.50,2985.50,24.00,-5.00,26.25,3,signal
ConnorsRSI<x_4,ConnorsRSI<#,2016-09-09,2016-09-09,2016-09-21,1,2950.25,2986.95,36.70,-19.75,37.50,9,tp
C<dvwapxsd_1,C<dvwap#sd,2016-09-09,2016-09-09,2016-09-22,1,2950.25,2999.19,48.94,-19.75,52.75,10,tp
IBS<x_1,IBS<#,2016-09-13,2016-09-13,2016-09-22,1,2949.75,2997.75,48.00,-11.75,53.25,8,tp
CloseAtxdLow_2,CloseAt#dLow,2016-09-13,2016-09-13,2016-09-22,1,2949.75,2997.75,48.00,-11.75,53.25,8,tp
C<wvwapxsd_1,C<wvwap#sd,2016-09-26,2016-09-26,2016-09-27,1,2969.25,2982.75,13.50,-6.25,15.00,2,signal
C<wvwapxsd_4,C<wvwap#sd,2016-09-26,2016-09-26,2016-09-27,1,2969.25,2982.75,13.50,-6.25,15.00,2,signal
IBS<x_1,IBS<#,2016-09-23,2016-09-23,2016-09-27,1,2987.50,2964.65,-22.85,-24.50,2.25,3,sl
IBS<x_2,IBS<#,2016-09-23,2016-09-23,2016-09-27,1,2987.50,2982.75,-4.75,-24.50,2.25,3,signal
D01_2,D01,2016-09-26,2016-09-26,2016-09-27,1,2969.25,2982.75,13.50,-6.25,15.00,2,signal
RSIx<x_1,RSI#<#,2016-09-26,2016-09-26,2016-09-27,1,2969.25,2982.75,13.50,-6.25,15.00,2,signal
P_HixDD>x&IBS<_1,P_Hi#DD>#&IBS<#,2016-09-26,2016-09-26,2016-09-27,1,2969.25,2982.75,13.50,-6.25,15.00,2,signal
P_HixDD>x&IBS<_4,P_Hi#DD>#&IBS<#,2016-09-23,2016-09-23,2016-09-27,1,2987.50,2982.75,-4.75,-24.50,2.25,3,signal
P_HixDD>x&RSIx_1,P_Hi#DD>#&RSI#<#,2016-09-26,2016-09-26,2016-09-28,1,2969.25,2994.00,24.75,-6.25,26.25,3,signal
P_HixDD>x&IBS<_3,P_Hi#DD>#&IBS<#,2016-09-23,2016-09-23,2016-09-28,1,2987.50,2994.00,6.50,-24.50,8.00,4,signal
RSIx<x_1,RSI#<#,2016-09-29,2016-09-29,2016-09-30,1,2974.00,2990.75,16.75,-8.00,24.50,2,signal
P_HixDD>x&IBS<_4,P_Hi#DD>#&IBS<#,2016-09-29,2016-09-29,2016-09-30,1,2974.00,2990.75,16.75,-8.00,24.50,2,signal
P_HixDD>x&RSIx_1,P_Hi#DD>#&RSI#<#,2016-10-04,2016-10-04,2016-10-05,1,2973.75,2983.25,9.50,-2.50,14.50,2,signal
C<wvwapxsd_1,C<wvwap#sd,2016-09-29,2016-09-29,2016-10-06,1,2974.00,2984.75,10.75,-8.00,24.50,6,signal
D01_2,D01,2016-10-04,2016-10-04,2016-10-06,1,2973.75,2984.75,11.00,-2.50,14.50,3,signal
RSIx<x_1,RSI#<#,2016-10-04,2016-10-04,2016-10-06,1,2973.75,2984.75,11.00,-2.50,14.50,3,signal
P_HixDD>x&IBS<_1,P_Hi#DD>#&IBS<#,2016-09-29,2016-09-29,2016-10-06,1,2974.00,2984.75,10.75,-8.00,24.50,6,signal
C<wvwapxsd_2,C<wvwap#sd,2016-09-09,2016-09-09,2016-10-07,1,2950.25,2977.00,26.75,-19.75,52.75,21,time
RSIx<x_1,RSI#<#,2016-10-07,2016-10-07,2016-10-10,1,2977.00,2987.75,10.75,-1.25,16.75,2,signal
P_HixDD>x&IBS<_3,P_Hi#DD>#&IBS<#,2016-09-29,2016-09-29,2016-10-10,1,2974.00,2987.75,13.75,-8.00,24.50,8,signal
C<dvwapxsd_1,C<dvwap#sd,2016-09-23,2016-09-23,2016-10-11,1,2987.50,2953.22,-34.28,-35.50,11.00,13,sl
IBS<x_4,IBS<#,2016-09-20,2016-09-20,2016-10-11,1,2962.00,2962.00,0.00,-10.00,41.00,16,breakeven
IBS<x_1,IBS<#,2016-09-29,2016-09-29,2016-10-13,1,2974.00,2948.00,-26.00,-36.00,24.50,11,sl
D01_3,D01,2016-09-15,2016-09-15,2016-10-13,1,2970.25,2956.50,-13.75,-32.25,32.75,21,time
P_HixDD>x&IBS<_3,P_Hi#DD>#&IBS<#,2016-10-10,2016-10-10,2016-10-13,1,2987.75,2942.25,-45.50,-49.75,3.25,4,sl
P_HixDD>x&IBS<_4,P_Hi#DD>#&IBS<#,2016-10-10,2016-10-10,2016-10-13,1,2987.75,2942.25,-45.50,-49.75,3.25,4,sl
C<wvwapxsd_4,C<wvwap#sd,2016-09-29,2016-09-29,2016-10-18,1,2974.00,2963.25,-10.75,-36.00,24.50,14,signal
P_HixDD>x&RSIx_1,P_Hi#DD>#&RSI#<#,2016-10-11,2016-10-11,2016-10-18,1,2961.00,2963.25,2.25,-23.00,12.50,6,signal
IBS<x_2,IBS<#,2016-10-10,2016-10-10,2016-10-18,1,2987.75,2963.25,-24.50,-49.75,3.25,7,signal
IBS<x_3,IBS<#,2016-10-10,2016-10-10,2016-10-18,1,2987.75,2963.25,-24.50,-49.75,3.25,7,signal
CloseAtxdLow_1,CloseAt#dLow,2016-10-13,2016-10-13,2016-10-18,1,2956.50,2963.25,6.75,-9.50,17.00,4,signal
RSIx<x_3,RSI#<#,2016-10-17,2016-10-17,2016-10-18,1,2950.50,2969.25,18.75,-0.25,19.50,2,tp
P_HixDD>x&IBS<_3,P_Hi#DD>#&IBS<#,2016-10-14,2016-10-14,2016-10-18,1,2957.25,2963.25,6.00,-10.25,12.75,3,signal
P_HixDD>x&IBS<_4,P_Hi#DD>#&IBS<#,2016-10-14,2016-10-14,2016-10-18,1,2957.25,2963.25,6.00,-10.25,12.75,3,signal
D01_2,D01,2016-10-11,2016-10-11,2016-10-19,1,2961.00,2969.00,8.00,-23.00,12.50,7,signal
RSIx<x_1,RSI#<#,2016-10-11,2016-10-11,2016-10-19,1,2961.00,2969.00,8.00,-23.00,12.50,7,signal
C<wvwapxsd_1,C<wvwap#sd,2016-10-07,2016-10-07,2016-10-21,1,2977.00,2965.75,-11.25,-39.00,16.75,11,signal
P_HixDD>x&RSIx_3,P_Hi#DD>#&RSI#<#,2016-10-11,2016-10-11,2016-10-21,1,2961.00,2965.75,4.75,-23.00,13.75,9,signal
P_HixDD>x&IBS<_1,P_Hi#DD>#&IBS<#,2016-10-14,2016-10-14,2016-10-21,1,2957.25,2965.75,8.50,-10.25,17.50,6,signal
ConnorsRSI<x_4,ConnorsRSI<#,2016-09-26,2016-09-26,2016-10-24,1,2969.25,2974.75,5.50,-31.25,29.25,21,time
D01_2,D01,2016-10-25,2016-10-25,2016-10-26,1,2968.00,2963.50,-4.50,-13.00,2.25,2,signal
LMT_RSIx<x_xAT_4,LMT_RSI#<#_#ATR,2016-10-27,2016-10-28,2016-10-31,1,2943.39,2946.51,3.12,-0.64,22.11,2,trail
C<dvwapxsd_1,C<dvwap#sd,2016-10-11,2016-10-11,2016-11-01,1,2961.00,2927.08,-33.92,-39.75,19.00,16,sl
P_HixDD>x&RSIx_1,P_Hi#DD>#&RSI#<#,2016-10-26,2016-10-26,2016-11-01,1,2963.50,2923.28,-40.22,-42.25,10.50,5,sl
P_HixDD>x&RSIx_3,P_Hi#DD>#&RSI#<#,2016-10-26,2016-10-26,2016-11-01,1,2963.50,2923.28,-40.22,-42.25,10.50,5,sl
IBS<x_1,IBS<#,2016-10-14,2016-10-14,2016-11-01,1,2957.25,2935.38,-21.88,-36.00,22.75,13,sl
D01_3,D01,2016-10-18,2016-10-18,2016-11-01,1,2963.25,2930.34,-32.91,-42.00,16.75,11,sl
RSIx<x_3,RSI#<#,2016-10-28,2016-10-28,2016-11-01,1,2951.50,2923.02,-28.48,-30.25,9.25,3,sl
P_HixDD>x&IBS<_3,P_Hi#DD>#&IBS<#,2016-10-25,2016-10-25,2016-11-01,1,2968.00,2927.18,-40.82,-46.75,6.00,6,sl
P_HixDD>x&IBS<_4,P_Hi#DD>#&IBS<#,2016-10-25,2016-10-25,2016-11-01,1,2968.00,2927.18,-40.82,-46.75,6.00,6,sl
ConnorsRSI<x_4,ConnorsRSI<#,2016-10-27,2016-10-27,2016-11-01,1,2958.00,2928.79,-29.21,-36.75,7.50,4,sl
LMT_RSIx<x_xAT_4,LMT_RSI#<#_#ATR,2016-10-31,2016-11-01,2016-11-02,1,2936.82,2932.00,-4.82,-19.32,22.93,2,trail
RSIx<x_4,RSI#<#,2016-11-01,2016-11-01,2016-11-02,1,2935.50,2925.68,-9.82,-18.00,3.25,2,sl
CloseAtxdLow_2,CloseAt#dLow,2016-10-11,2016-10-11,2016-11-03,1,2961.00,2915.78,-45.22,-51.00,19.00,18,sl
RSIx<x_4,RSI#<#,2016-11-02,2016-11-02,2016-11-03,1,2922.25,2912.32,-9.93,-12.25,6.75,2,sl
ConnorsRSI<x_3,ConnorsRSI<#,2016-11-01,2016-11-01,2016-11-03,1,2935.50,2915.85,-19.65,-25.50,3.25,3,sl
C<wvwapxsd_2,C<wvwap#sd,2016-10-07,2016-10-07,2016-11-04,1,2977.00,2910.50,-66.50,-67.75,16.75,21,time
LMT_RSIx<x_xAT_1,LMT_RSI#<#_#ATR,2016-10-31,2016-11-01,2016-11-07,1,2936.82,2957.00,20.18,-27.82,22.93,5,signal
C<wvwapxsd_1,C<wvwap#sd,2016-10-25,2016-10-25,2016-11-07,1,2968.00,2957.00,-11.00,-59.00,6.00,10,signal
C<wvwapxsd_4,C<wvwap#sd,2016-10-25,2016-10-25,2016-11-07,1,2968.00,2957.00,-11.00,-59.00,6.00,10,signal
P_HixDD>x&RSIx_1,P_Hi#DD>#&RSI#<#,2016-11-01,2016-11-01,2016-11-07,1,2935.50,2957.00,21.50,-26.50,22.25,5,signal
P_HixDD>x&RSIx_3,P_Hi#DD>#&RSI#<#,2016-11-01,2016-11-01,2016-11-07,1,2935.50,2957.00,21.50,-26.50,22.25,5,signal
IBS<x_2,IBS<#,2016-10-27,2016-10-27,2016-11-07,1,2958.00,2957.00,-1.00,-49.00,7.50,8,signal
WRx<x_3,WR#<#,2016-11-02,2016-11-02,2016-11-07,1,2922.25,2957.00,34.75,-13.25,35.50,4,signal
WRx<x_4,WR#<#,2016-11-04,2016-11-04,2016-11-07,1,2910.50,2957.00,46.50,-1.50,47.25,2,signal
D01_2,D01,2016-10-27,2016-10-27,2016-11-07,1,2958.00,2957.00,-1.00,-49.00,7.50,8,signal
CloseAtxdLow_1,CloseAt#dLow,2016-11-01,2016-11-01,2016-11-07,1,2935.50,2957.00,21.50,-26.50,22.25,5,signal
RSIx<x_3,RSI#<#,2016-11-01,2016-11-01,2016-11-07,1,2935.50,2950.24,14.74,-26.50,22.25,5,tp
RSIx<x_4,RSI#<#,2016-11-03,2016-11-03,2016-11-07,1,2913.75,2943.96,30.21,-4.75,44.00,3,tp
P_HixDD>x&IBS<_1,P_Hi#DD>#&IBS<#,2016-10-25,2016-10-25,2016-11-07,1,2968.00,2957.00,-11.00,-59.00,6.00,10,signal
P_HixDD>x&IBS<_3,P_Hi#DD>#&IBS<#,2016-11-02,2016-11-02,2016-11-07,1,2922.25,2957.00,34.75,-13.25,35.50,4,signal
P_HixDD>x&IBS<_4,P_Hi#DD>#&IBS<#,2016-11-02,2016-11-02,2016-11-07,1,2922.25,2957.00,34.75,-13.25,35.50,4,signal
IBS<x_1,IBS<#,2016-11-02,2016-11-02,2016-11-08,1,2922.25,2961.97,39.72,-13.25,51.25,5,tp
WRx<x_1,WR#<#,2016-11-02,2016-11-02,2016-11-08,1,2922.25,2961.97,39.72,-13.25,51.25,5,tp
RSIx<x_2,RSI#<#,2016-11-01,2016-11-01,2016-11-08,1,2935.50,2952.75,17.25,-26.50,22.25,6,signal
C<dvwapxsd_1,C<dvwap#sd,2016-11-02,2016-11-02,2016-11-09,1,2922.25,2892.46,-29.79,-63.50,74.75,6,sl
D01_3,D01,2016-11-01,2016-11-01,2016-11-09,1,2935.50,2935.50,0.00,-76.75,61.50,7,breakeven
ConnorsRSI<x_3,ConnorsRSI<#,2016-11-03,2016-11-03,2016-11-09,1,2913.75,2893.61,-20.14,-55.00,83.25,5,sl
ConnorsRSI<x_4,ConnorsRSI<#,2016-11-01,2016-11-01,2016-11-09,1,2935.50,2906.03,-29.47,-76.75,61.50,7,sl
C<wvwapxsd_1,C<wvwap#sd,2016-11-14,2016-11-14,2016-11-15,1,2990.50,3007.75,17.25,-1.75,17.75,2,signal
C<wvwapxsd_4,C<wvwap#sd,2016-11-14,2016-11-14,2016-11-15,1,2990.50,3007.75,17.25,-1.75,17.75,2,signal
IBS<x_3,IBS<#,2016-11-18,2016-11-18,2016-11-21,1,3010.00,3026.00,16.00,-1.25,16.75,2,signal
D01_2,D01,2016-11-28,2016-11-28,2016-11-29,1,3030.25,3034.00,3.75,-3.75,9.50,2,signal
RSIx<x_1,RSI#<#,2016-11-28,2016-11-28,2016-11-29,1,3030.25,3034.00,3.75,-3.75,9.50,2,signal
C<wvwapxsd_3,C<wvwap#sd,2016-11-28,2016-11-28,2016-12-01,1,3030.25,3017.36,-12.89,-14.00,13.75,4,sl
C<wvwapxsd_2,C<wvwap#sd,2016-11-04,2016-11-04,2016-12-02,1,2910.50,3021.50,111.00,-51.75,133.50,21,time
C<wvwapxsd_4,C<wvwap#sd,2016-11-28,2016-11-28,2016-12-05,1,3030.25,3033.75,3.50,-21.00,13.75,6,signal
IBS<x_2,IBS<#,2016-11-28,2016-11-28,2016-12-05,1,3030.25,3033.75,3.50,-21.00,13.75,6,signal
IBS<x_3,IBS<#,2016-11-28,2016-11-28,2016-12-05,1,3030.25,3033.75,3.50,-21.00,13.75,6,signal
D01_2,D01,2016-11-30,2016-11-30,2016-12-05,1,3028.25,3033.75,5.50,-19.00,10.75,4,signal
CloseAtxdLow_3,CloseAt#dLow,2016-11-30,2016-11-30,2016-12-05,1,3028.25,3033.75,5.50,-19.00,10.75,4,signal
RSIx<x_1,RSI#<#,2016-11-30,2016-11-30,2016-12-05,1,3028.25,3033.75,5.50,-19.00,10.75,4,signal
C<wvwapxsd_1,C<wvwap#sd,2016-11-28,2016-11-28,2016-12-06,1,3030.25,3041.50,11.25,-21.00,13.75,7,signal
C<wvwapxsd_3,C<wvwap#sd,2016-12-01,2016-12-01,2016-12-07,1,3020.00,3056.22,36.22,-10.75,51.50,5,tp
IBS<x_1,IBS<#,2016-11-18,2016-11-18,2016-12-07,1,3010.00,3064.28,54.28,-1.25,61.50,14,tp
CloseAtxdLow_2,CloseAt#dLow,2016-11-30,2016-11-30,2016-12-08,1,3028.25,3076.75,48.50,-19.00,53.50,7,tp
ConnorsRSI<x_2,ConnorsRSI<#,2016-12-01,2016-12-01,2016-12-08,1,3020.00,3074.34,54.34,-10.75,61.75,6,tp
ConnorsRSI<x_4,ConnorsRSI<#,2016-11-28,2016-11-28,2016-12-09,1,3030.25,3088.24,57.99,-21.00,59.75,10,tp
C<dvwapxsd_1,C<dvwap#sd,2016-11-18,2016-11-18,2016-12-12,1,3010.00,3091.41,81.41,-1.25,90.25,17,tp
D01_3,D01,2016-12-02,2016-12-02,2016-12-12,1,3021.50,3093.61,72.11,-12.25,78.75,7,tp
C<wvwapxsd_4,C<wvwap#sd,2016-12-12,2016-12-12,2016-12-13,1,3086.75,3102.00,15.25,-3.50,21.75,2,signal
IBS<x_4,IBS<#,2016-11-30,2016-11-30,2016-12-13,1,3028.25,3101.00,72.75,-19.00,80.25,10,tp
IBS<x_3,IBS<#,2016-12-14,2016-12-14,2016-12-15,1,3084.25,3092.75,8.50,-1.50,19.00,2,signal
D01_2,D01,2016-12-14,2016-12-14,2016-12-15,1,3084.25,3092.75,8.50,-1.50,19.00,2,signal
P_HixDD>x&IBS<_4,P_Hi#DD>#&IBS<#,2016-12-14,2016-12-14,2016-12-19,1,3084.25,3094.00,9.75,-1.50,19.00,4,signal
C<wvwapxsd_4,C<wvwap#sd,2016-12-14,2016-12-14,2016-12-20,1,3084.25,3102.50,18.25,-1.50,20.75,5,signal
IBS<x_2,IBS<#,2016-12-14,2016-12-14,2016-12-20,1,3084.25,3102.50,18.25,-1.50,20.75,5,signal
P_HixDD>x&IBS<_3,P_Hi#DD>#&IBS<#,2016-12-14,2016-12-14,2016-12-20,1,3084.25,3102.50,18.25,-1.50,20.75,5,signal
C<dvwapxsd_4,C<dvwap#sd,2016-12-21,2016-12-21,2016-12-22,1,3096.50,3088.03,-8.47,-9.50,0.75,2,sl
C<dvwapxsd_2,C<dvwap#sd,2016-12-21,2016-12-21,2016-12-23,1,3096.50,3094.50,-2.00,-9.50,0.75,3,signal
C<wvwapxsd_1,C<wvwap#sd,2016-12-12,2016-12-12,2016-12-23,1,3086.75,3094.50,7.75,-8.25,21.75,10,signal
RSIx<x_1,RSI#<#,2016-12-22,2016-12-22,2016-12-23,1,3092.50,3094.50,2.00,-2.75,4.00,2,signal
P_HixDD>x&IBS<_1,P_Hi#DD>#&IBS<#,2016-12-14,2016-12-14,2016-12-23,1,3084.25,3094.50,10.25,-1.50,20.75,8,signal
C<dvwapxsd_3,C<dvwap#sd,2016-11-28,2016-11-28,2016-12-27,1,3030.25,3099.50,69.25,-21.00,78.25,21,time
C<wvwapxsd_4,C<wvwap#sd,2016-12-21,2016-12-21,2016-12-27,1,3096.50,3099.50,3.00,-9.50,8.50,4,signal
IBS<x_2,IBS<#,2016-12-21,2016-12-21,2016-12-27,1,3096.50,3099.50,3.00,-9.50,8.50,4,signal
IBS<x_3,IBS<#,2016-12-21,2016-12-21,2016-12-27,1,3096.50,3099.50,3.00,-9.50,8.50,4,signal
ConnorsRSI<x_1,ConnorsRSI<#,2016-11-28,2016-11-28,2016-12-27,1,3030.25,3099.50,69.25,-21.00,78.25,21,time
IBS<x_4,IBS<#,2016-12-21,2016-12-21,2016-12-28,1,3096.50,3079.56,-16.94,-17.50,8.50,5,sl
LMT_RSIx<x_xAT_2,LMT_RSI#<#_#ATR,2016-12-28,2016-12-29,2016-12-29,1,3076.42,3080.75,4.33,-1.42,9.08,1,time
LMT_RSIx<x_xAT_2,LMT_RSI#<#_#ATR,2016-12-29,2016-12-30,2016-12-30,1,3076.49,3072.25,-4.24,-12.99,11.76,1,time
IBS<x_1,IBS<#,2016-12-14,2016-12-14,2016-12-30,1,3084.25,3067.29,-16.96,-20.75,20.75,12,sl
WRx<x_2,WR#<#,2016-12-28,2016-12-28,2016-12-30,1,3080.75,3068.19,-12.56,-17.25,7.50,3,trail
LMT_RSIx<x_xAT_4,LMT_RSI#<#_#ATR,2016-12-29,2016-12-30,2017-01-03,1,3067.97,3070.82,2.85,-4.47,27.03,2,trail
C<wvwapxsd_2,C<wvwap#sd,2016-12-02,2016-12-02,2017-01-03,1,3021.50,3088.00,66.50,-12.25,87.00,21,time
C<wvwapxsd_4,C<wvwap#sd,2016-12-27,2016-12-27,2017-01-03,1,3099.50,3088.00,-11.50,-36.00,3.50,5,signal
P_HixDD>x&RSIx_1,P_Hi#DD>#&RSI#<#,2016-12-28,2016-12-28,2017-01-03,1,3080.75,3088.00,7.25,-17.25,14.25,4,signal
IBS<x_2,IBS<#,2016-12-28,2016-12-28,2017-01-03,1,3080.75,3088.00,7.25,-17.25,14.25,4,signal
IBS<x_3,IBS<#,2016-12-27,2016-12-27,2017-01-03,1,3099.50,3088.00,-11.50,-36.00,3.50,5,signal
WRx<x_3,WR#<#,2016-12-28,2016-12-28,2017-01-03,1,3080.75,3088.00,7.25,-17.25,14.25,4,signal
CloseAtxdLow_3,CloseAt#dLow,2016-12-28,2016-12-28,2017-01-03,1,3080.75,3088.00,7.25,-17.25,14.25,4,signal
CloseAtxdLow_4,CloseAt#dLow,2016-12-28,2016-12-28,2017-01-03,1,3080.75,3088.00,7.25,-17.25,14.25,4,signal
RSIx<x_3,RSI#<#,2016-12-30,2016-12-30,2017-01-03,1,3072.25,3087.50,15.25,-3.75,22.75,2,tp
P_HixDD>x&IBS<_3,P_Hi#DD>#&IBS<#,2016-12-28,2016-12-28,2017-01-03,1,3080.75,3088.00,7.25,-17.25,14.25,4,signal
P_HixDD>x&IBS<_4,P_Hi#DD>#&IBS<#,2016-12-28,2016-12-28,2017-01-03,1,3080.75,3088.00,7.25,-17.25,14.25,4,signal
D01_2,D01,2016-12-28,2016-12-28,2017-01-04,1,3080.75,3100.50,19.75,-17.25,22.00,5,signal
RSIx<x_1,RSI#<#,2016-12-28,2016-12-28,2017-01-04,1,3080.75,3100.50,19.75,-17.25,22.00,5,signal
RSIx<x_4,RSI#<#,2016-12-30,2016-12-30,2017-01-04,1,3072.25,3098.39,26.14,-3.75,30.50,3,tp
C<wvwapxsd_1,C<wvwap#sd,2016-12-23,2016-12-23,2017-01-05,1,3094.50,3099.00,4.50,-31.00,10.50,8,signal
P_HixDD>x&RSIx_2,P_Hi#DD>#&RSI#<#,2016-12-28,2016-12-28,2017-01-05,1,3080.75,3099.00,18.25,-17.25,22.00,6,signal
P_HixDD>x&RSIx_3,P_Hi#DD>#&RSI#<#,2016-12-30,2016-12-30,2017-01-05,1,3072.25,3099.00,26.75,-3.75,30.50,4,signal
P_HixDD>x&IBS<_1,P_Hi#DD>#&IBS<#,2016-12-28,2016-12-28,2017-01-05,1,3080.75,3099.00,18.25,-17.25,22.00,6,signal
P_HixDD>x&RSIx_4,P_Hi#DD>#&RSI#<#,2016-12-30,2016-12-30,2017-01-06,1,3072.25,3107.10,34.85,-3.75,40.25,5,tp
D01_2,D01,2017-01-09,2017-01-09,2017-01-10,1,3100.25,3099.25,-1.00,-5.25,9.25,2,signal
C<wvwapxsd_1,C<wvwap#sd,2017-01-09,2017-01-09,2017-01-11,1,3100.25,3105.75,5.50,-9.75,9.25,3,signal
IBS<x_3,IBS<#,2017-01-09,2017-01-09,2017-01-11,1,3100.25,3105.75,5.50,-9.75,9.25,3,signal
C<dvwapxsd_1,C<dvwap#sd,2016-12-14,2016-12-14,2017-01-13,1,3084.25,3105.25,21.00,-20.75,28.25,21,time
C<wvwapxsd_4,C<wvwap#sd,2017-01-09,2017-01-09,2017-01-13,1,3100.25,3105.25,5.00,-16.25,9.25,5,signal
IBS<x_2,IBS<#,2017-01-09,2017-01-09,2017-01-13,1,3100.25,3105.25,5.00,-16.25,9.25,5,signal
LMT_RSIx<x_xAT_2,LMT_RSI#<#_#ATR,2017-01-17,2017-01-18,2017-01-18,1,3094.18,3102.00,7.82,-0.43,9.82,1,time
C<wvwapxsd_1,C<wvwap#sd,2017-01-16,2017-01-16,2017-01-18,1,3101.50,3102.00,0.50,-8.75,2.50,3,signal
P_HixDD>x&RSIx_1,P_Hi#DD>#&RSI#<#,2017-01-17,2017-01-17,2017-01-18,1,3097.75,3102.00,4.25,-4.00,6.25,2,signal
P_HixDD>x&RSIx_2,P_Hi#DD>#&RSI#<#,2017-01-17,2017-01-17,2017-01-18,1,3097.75,3102.00,4.25,-4.00,6.25,2,signal
D01_2,D01,2017-01-16,2017-01-16,2017-01-18,1,3101.50,3102.00,0.50,-8.75,2.50,3,signal
CloseAtxdLow_4,CloseAt#dLow,2017-01-17,2017-01-17,2017-01-18,1,3097.75,3102.00,4.25,-4.00,6.25,2,signal
RSIx<x_1,RSI#<#,2017-01-17,2017-01-17,2017-01-18,1,3097.75,3102.00,4.25,-4.00,6.25,2,signal
P_HixDD>x&RSIx_1,P_Hi#DD>#&RSI#<#,2017-01-19,2017-01-19,2017-01-20,1,3094.25,3101.75,7.50,0.00,14.00,2,signal
D01_2,D01,2017-01-19,2017-01-19,2017-01-20,1,3094.25,3101.75,7.50,0.00,14.00,2,signal
RSIx<x_1,RSI#<#,2017-01-19,2017-01-19,2017-01-20,1,3094.25,3101.75,7.50,0.00,14.00,2,signal
C<wvwapxsd_4,C<wvwap#sd,2017-01-16,2017-01-16,2017-01-24,1,3101.50,3111.00,9.50,-14.25,14.50,7,signal
WRx<x_1,WR#<#,2016-12-28,2016-12-28,2017-01-24,1,3080.75,3115.38,34.62,-17.25,35.25,19,tp
CloseAtxdLow_2,CloseAt#dLow,2016-12-28,2016-12-28,2017-01-24,1,3080.75,3115.38,34.62,-17.25,35.25,19,tp
CloseAtxdLow_3,CloseAt#dLow,2017-01-17,2017-01-17,2017-01-24,1,3097.75,3111.00,13.25,-10.50,18.25,6,signal
C<wvwapxsd_1,C<wvwap#sd,2017-01-19,2017-01-19,2017-01-25,1,3094.25,3130.00,35.75,-7.00,36.50,5,signal
P_HixDD>x&RSIx_2,P_Hi#DD>#&RSI#<#,2017-01-19,2017-01-19,2017-01-25,1,3094.25,3130.00,35.75,-7.00,36.50,5,signal
ConnorsRSI<x_2,ConnorsRSI<#,2016-12-28,2016-12-28,2017-01-25,1,3080.75,3122.00,41.25,-17.25,50.00,20,tp
ConnorsRSI<x_4,ConnorsRSI<#,2016-12-28,2016-12-28,2017-01-25,1,3080.75,3122.00,41.25,-17.25,50.00,20,tp
C<dvwapxsd_3,C<dvwap#sd,2016-12-28,2016-12-28,2017-01-26,1,3080.75,3128.00,47.25,-17.25,54.25,21,time
IBS<x_1,IBS<#,2017-01-09,2017-01-09,2017-01-26,1,3100.25,3132.82,32.57,-16.25,34.75,14,tp
IBS<x_4,IBS<#,2016-12-28,2016-12-28,2017-01-26,1,3080.75,3132.69,51.94,-17.25,54.25,21,tp
ConnorsRSI<x_1,ConnorsRSI<#,2016-12-28,2016-12-28,2017-01-26,1,3080.75,3128.00,47.25,-17.25,54.25,21,time
IBS<x_1,IBS<#,2017-01-27,2017-01-27,2017-01-30,1,3124.75,3109.24,-15.51,-26.00,0.50,2,sl
LMT_RSIx<x_xAT_2,LMT_RSI#<#_#ATR,2017-01-30,2017-01-31,2017-01-31,1,3104.25,3110.50,6.25,-6.50,8.00,1,time
P_HixDD>x&RSIx_2,P_Hi#DD>#&RSI#<#,2017-01-30,2017-01-30,2017-01-31,1,3110.75,3110.50,-0.25,-13.00,1.50,2,signal
LMT_RSIx<x_xAT_2,LMT_RSI#<#_#ATR,2017-01-31,2017-02-01,2017-02-01,1,3106.75,3110.50,3.75,-3.00,13.75,1,time
LMT_RSIx<x_xAT_2,LMT_RSI#<#_#ATR,2017-02-01,2017-02-02,2017-02-02,1,3106.25,3111.75,5.50,-6.25,9.00,1,time
LMT_RSIx<x_xAT_4,LMT_RSI#<#_#ATR,2017-01-30,2017-01-31,2017-02-02,1,3099.05,3105.50,6.45,-1.30,21.45,3,trail
P_HixDD>x&RSIx_1,P_Hi#DD>#&RSI#<#,2017-01-30,2017-01-30,2017-02-03,1,3110.75,3127.50,16.75,-13.00,18.75,5,signal
P_HixDD>x&RSIx_2,P_Hi#DD>#&RSI#<#,2017-01-31,2017-01-31,2017-02-03,1,3110.50,3127.50,17.00,-10.50,19.00,4,signal
IBS<x_3,IBS<#,2017-01-27,2017-01-27,2017-02-03,1,3124.75,3127.50,2.75,-27.00,4.75,6,signal
CloseAtxdLow_3,CloseAt#dLow,2017-02-01,2017-02-01,2017-02-03,1,3110.50,3127.50,17.00,-10.50,19.00,3,signal
RSIx<x_1,RSI#<#,2017-01-30,2017-01-30,2017-02-03,1,3110.75,3127.50,16.75,-13.00,18.75,5,signal
C<wvwapxsd_2,C<wvwap#sd,2017-01-09,2017-01-09,2017-02-06,1,3100.25,3123.50,23.25,-16.25,34.75,21,time
C<wvwapxsd_1,C<wvwap#sd,2017-02-06,2017-02-06,2017-02-08,1,3123.50,3126.00,2.50,-7.00,7.00,3,signal
IBS<x_3,IBS<#,2017-02-07,2017-02-07,2017-02-08,1,3123.25,3126.00,2.75,-6.75,4.25,2,signal
C<wvwapxsd_4,C<wvwap#sd,2017-02-06,2017-02-06,2017-02-09,1,3123.50,3139.50,16.00,-7.00,19.75,4,signal
CloseAtxdLow_2,CloseAt#dLow,2017-02-01,2017-02-01,2017-02-09,1,3110.50,3140.55,30.05,-10.50,32.75,7,tp
C<dvwapxsd_1,C<dvwap#sd,2017-01-16,2017-01-16,2017-02-10,1,3101.50,3144.93,43.43,-14.25,49.75,20,tp
ConnorsRSI<x_2,ConnorsRSI<#,2017-01-30,2017-01-30,2017-02-10,1,3110.75,3145.85,35.10,-13.00,40.50,10,tp
ConnorsRSI<x_4,ConnorsRSI<#,2017-01-30,2017-01-30,2017-02-10,1,3110.75,3145.85,35.10,-13.00,40.50,10,tp
IBS<x_1,IBS<#,2017-02-07,2017-02-07,2017-02-13,1,3123.25,3154.50,31.25,-6.75,41.25,5,tp
ConnorsRSI<x_1,ConnorsRSI<#,2017-01-30,2017-01-30,2017-02-27,1,3110.75,3204.35,93.60,-13.00,95.50,21,tp
C<wvwapxsd_4,C<wvwap#sd,2017-02-28,2017-02-28,2017-03-01,1,3198.00,3230.25,32.25,-1.75,38.50,2,signal
C<wvwapxsd_1,C<wvwap#sd,2017-02-28,2017-02-28,2017-03-03,1,3198.00,3217.25,19.25,-1.75,38.50,4,signal
IBS<x_3,IBS<#,2017-03-02,2017-03-02,2017-03-03,1,3216.00,3217.25,1.25,-6.75,2.75,2,signal
P_HixDD>x&IBS<_1,P_Hi#DD>#&IBS<#,2017-03-02,2017-03-02,2017-03-03,1,3216.00,3217.25,1.25,-6.75,2.75,2,signal
P_HixDD>x&IBS<_4,P_Hi#DD>#&IBS<#,2017-03-02,2017-03-02,2017-03-03,1,3216.00,3217.25,1.25,-6.75,2.75,2,signal
C<wvwapxsd_2,C<wvwap#sd,2017-02-06,2017-02-06,2017-03-06,1,3123.50,3210.25,86.75,-7.00,113.00,21,time
IBS<x_1,IBS<#,2017-03-02,2017-03-02,2017-03-07,1,3216.00,3200.44,-15.56,-16.00,2.75,4,sl
IBS<x_4,IBS<#,2017-03-02,2017-03-02,2017-03-07,1,3216.00,3200.44,-15.56,-16.00,2.75,4,sl
LMT_RSIx<x_xAT_2,LMT_RSI#<#_#ATR,2017-03-07,2017-03-08,2017-03-08,1,3198.98,3198.00,-0.98,-3.98,9.52,1,time
LMT_RSIx<x_xAT_2,LMT_RSI#<#_#ATR,2017-03-08,2017-03-09,2017-03-09,1,3194.20,3200.25,6.05,-4.70,10.55,1,time
C<wvwapxsd_3,C<wvwap#sd,2017-03-08,2017-03-08,2017-03-09,1,3198.00,3190.40,-7.60,-8.50,6.75,2,sl
C<wvwapxsd_4,C<wvwap#sd,2017-03-07,2017-03-07,2017-03-10,1,3202.75,3208.50,5.75,-13.25,12.50,4,signal
P_HixDD>x&RSIx_1,P_Hi#DD>#&RSI#<#,2017-03-07,2017-03-07,2017-03-10,1,3202.75,3208.50,5.75,-13.25,12.50,4,signal
IBS<x_2,IBS<#,2017-03-02,2017-03-02,2017-03-10,1,3216.00,3208.50,-7.50,-26.50,2.75,7,signal
IBS<x_3,IBS<#,2017-03-07,2017-03-07,2017-03-10,1,3202.75,3208.50,5.75,-13.25,12.50,4,signal
CloseAtxdLow_3,CloseAt#dLow,2017-03-08,2017-03-08,2017-03-10,1,3198.00,3208.50,10.50,-8.50,17.25,3,signal
P_HixDD>x&IBS<_3,P_Hi#DD>#&IBS<#,2017-03-02,2017-03-02,2017-03-10,1,3216.00,3208.50,-7.50,-26.50,2.75,7,signal
P_HixDD>x&IBS<_4,P_Hi#DD>#&IBS<#,2017-03-08,2017-03-08,2017-03-10,1,3198.00,3208.50,10.50,-8.50,17.25,3,signal
C<wvwapxsd_1,C<wvwap#sd,2017-03-07,2017-03-07,2017-03-13,1,3202.75,3209.75,7.00,-13.25,12.50,5,signal
P_HixDD>x&RSIx_2,P_Hi#DD>#&RSI#<#,2017-03-07,2017-03-07,2017-03-13,1,3202.75,3209.75,7.00,-13.25,12.50,5,signal
P_HixDD>x&RSIx_3,P_Hi#DD>#&RSI#<#,2017-03-07,2017-03-07,2017-03-13,1,3202.75,3209.75,7.00,-13.25,12.50,5,signal
D01_2,D01,2017-03-07,2017-03-07,2017-03-13,1,3202.75,3209.75,7.00,-13.25,12.50,5,signal
RSIx<x_1,RSI#<#,2017-03-07,2017-03-07,2017-03-13,1,3202.75,3209.75,7.00,-13.25,12.50,5,signal
P_HixDD>x&IBS<_1,P_Hi#DD>#&IBS<#,2017-03-08,2017-03-08,2017-03-13,1,3198.00,3209.75,11.75,-8.50,17.25,4,signal
P_HixDD>x&IBS<_2,P_Hi#DD>#&IBS<#,2017-03-08,2017-03-08,2017-03-13,1,3198.00,3209.75,11.75,-8.50,17.25,4,signal
P_HixDD>x&RSIx_4,P_Hi#DD>#&RSI#<#,2017-03-08,2017-03-08,2017-03-14,1,3198.00,3198.00,0.00,-8.50,17.25,5,breakeven
C<wvwapxsd_4,C<wvwap#sd,2017-03-14,2017-03-14,2017-03-15,1,3201.25,3220.75,19.50,-1.00,25.25,2,signal
P_HixDD>x&RSIx_1,P_Hi#DD>#&RSI#<#,2017-03-14,2017-03-14,2017-03-15,1,3201.25,3220.75,19.50,-1.00,25.25,2,signal
RSIx<x_1,RSI#<#,2017-03-14,2017-03-14,2017-03-15,1,3201.25,3220.75,19.50,-1.00,25.25,2,signal
C<dvwapxsd_4,C<dvwap#sd,2017-03-17,2017-03-17,2017-03-21,1,3211.75,3204.22,-7.53,-35.00,5.75,3,sl
IBS<x_1,IBS<#,2017-03-07,2017-03-07,2017-03-21,1,3202.75,3202.75,0.00,-26.00,24.75,11,breakeven
IBS<x_4,IBS<#,2017-03-17,2017-03-17,2017-03-21,1,3211.75,3196.70,-15.05,-35.00,5.75,3,sl
D01_3,D01,2017-03-10,2017-03-10,2017-03-21,1,3208.50,3185.70,-22.80,-31.75,19.00,8,sl
RSIx<x_1,RSI#<#,2017-03-20,2017-03-20,2017-03-21,1,3208.75,3178.60,-30.15,-32.00,8.75,2,sl
P_HixDD>x&IBS<_3,P_Hi#DD>#&IBS<#,2017-03-17,2017-03-17,2017-03-21,1,3211.75,3181.65,-30.10,-35.00,5.75,3,sl
P_HixDD>x&IBS<_4,P_Hi#DD>#&IBS<#,2017-03-17,2017-03-17,2017-03-21,1,3211.75,3181.65,-30.10,-35.00,5.75,3,sl
ConnorsRSI<x_4,ConnorsRSI<#,2017-03-07,2017-03-07,2017-03-21,1,3202.75,3180.14,-22.61,-26.00,24.75,11,sl
LMT_RSIx<x_xAT_2,LMT_RSI#<#_#ATR,2017-03-21,2017-03-22,2017-03-22,1,3174.67,3184.00,9.33,-3.67,12.83,1,time
C<dvwapxsd_1,C<dvwap#sd,2017-02-28,2017-02-28,2017-03-22,1,3198.00,3176.47,-21.53,-27.00,38.50,17,sl
C<dvwapxsd_2,C<dvwap#sd,2017-03-17,2017-03-17,2017-03-22,1,3211.75,3184.00,-27.75,-40.75,5.75,4,signal
P_HixDD>x&RSIx_3,P_Hi#DD>#&RSI#<#,2017-03-14,2017-03-14,2017-03-22,1,3201.25,3171.70,-29.55,-30.25,26.25,7,sl
RSIx<x_3,RSI#<#,2017-03-21,2017-03-21,2017-03-23,1,3178.75,3190.98,12.23,-7.75,16.00,3,tp
LMT_RSIx<x_xAT_2,LMT_RSI#<#_#ATR,2017-03-23,2017-03-24,2017-03-24,1,3177.03,3180.50,3.47,-6.53,14.47,1,time
C<wvwapxsd_3,C<wvwap#sd,2017-03-21,2017-03-21,2017-03-24,1,3178.75,3170.59,-8.16,-8.25,16.00,4,sl
WRx<x_2,WR#<#,2017-03-21,2017-03-21,2017-03-24,1,3178.75,3178.44,-0.31,-8.25,16.00,4,trail
RSIx<x_4,RSI#<#,2017-03-21,2017-03-21,2017-03-24,1,3178.75,3170.59,-8.16,-8.25,16.00,4,sl
LMT_RSIx<x_xAT_2,LMT_RSI#<#_#ATR,2017-03-24,2017-03-27,2017-03-27,1,3159.75,3176.50,16.75,-3.25,24.50,1,time
C<dvwapxsd_3,C<dvwap#sd,2017-03-02,2017-03-02,2017-03-27,1,3216.00,3159.75,-56.25,-59.50,11.50,18,sl
C<wvwapxsd_1,C<wvwap#sd,2017-03-14,2017-03-14,2017-03-27,1,3201.25,3176.50,-24.75,-44.75,26.25,10,signal
C<wvwapxsd_2,C<wvwap#sd,2017-03-07,2017-03-07,2017-03-27,1,3202.75,3157.53,-45.22,-46.25,24.75,15,sl
P_HixDD>x&RSIx_2,P_Hi#DD>#&RSI#<#,2017-03-14,2017-03-14,2017-03-27,1,3201.25,3176.50,-24.75,-44.75,26.25,10,signal
P_HixDD>x&RSIx_3,P_Hi#DD>#&RSI#<#,2017-03-23,2017-03-23,2017-03-27,1,3181.25,3176.50,-4.75,-24.75,10.25,3,signal
P_HixDD>x&RSIx_4,P_Hi#DD>#&RSI#<#,2017-03-21,2017-03-21,2017-03-27,1,3178.75,3159.75,-19.00,-22.25,16.00,5,sl
IBS<x_1,IBS<#,2017-03-21,2017-03-21,2017-03-27,1,3178.75,3159.75,-19.00,-22.25,16.00,5,sl
IBS<x_4,IBS<#,2017-03-21,2017-03-21,2017-03-27,1,3178.75,3159.75,-19.00,-22.25,16.00,5,sl
WRx<x_1,WR#<#,2017-03-21,2017-03-21,2017-03-27,1,3178.75,3159.75,-19.00,-22.25,16.00,5,sl
WRx<x_3,WR#<#,2017-03-21,2017-03-21,2017-03-27,1,3178.75,3176.50,-2.25,-22.25,16.00,5,signal
CloseAtxdLow_2,CloseAt#dLow,2017-03-08,2017-03-08,2017-03-27,1,3198.00,3159.75,-38.25,-41.50,29.50,14,sl
P_HixDD>x&IBS<_1,P_Hi#DD>#&IBS<#,2017-03-17,2017-03-17,2017-03-27,1,3211.75,3159.75,-52.00,-55.25,5.75,7,sl
P_HixDD>x&IBS<_2,P_Hi#DD>#&IBS<#,2017-03-21,2017-03-21,2017-03-27,1,3178.75,3176.50,-2.25,-22.25,16.00,5,signal
P_HixDD>x&IBS<_4,P_Hi#DD>#&IBS<#,2017-03-21,2017-03-21,2017-03-27,1,3178.75,3176.50,-2.25,-22.25,16.00,5,signal
ConnorsRSI<x_1,ConnorsRSI<#,2017-03-07,2017-03-07,2017-03-27,1,3202.75,3157.53,-45.22,-46.25,24.75,15,sl
ConnorsRSI<x_3,ConnorsRSI<#,2017-03-21,2017-03-21,2017-03-27,1,3178.75,3159.75,-19.00,-22.25,16.00,5,sl
C<wvwapxsd_4,C<wvwap#sd,2017-03-20,2017-03-20,2017-03-28,1,3208.75,3193.25,-15.50,-52.25,8.75,7,signal
P_HixDD>x&RSIx_1,P_Hi#DD>#&RSI#<#,2017-03-21,2017-03-21,2017-03-28,1,3178.75,3193.25,14.50,-22.25,20.50,6,signal
IBS<x_2,IBS<#,2017-03-17,2017-03-17,2017-03-28,1,3211.75,3193.25,-18.50,-55.25,5.75,8,signal
IBS<x_3,IBS<#,2017-03-17,2017-03-17,2017-03-28,1,3211.75,3193.25,-18.50,-55.25,5.75,8,signal
WRx<x_4,WR#<#,2017-03-21,2017-03-21,2017-03-28,1,3178.75,3193.25,14.50,-22.25,20.50,6,signal
CloseAtxdLow_1,CloseAt#dLow,2017-03-21,2017-03-21,2017-03-28,1,3178.75,3193.25,14.50,-22.25,20.50,6,signal
CloseAtxdLow_3,CloseAt#dLow,2017-03-21,2017-03-21,2017-03-28,1,3178.75,3193.25,14.50,-22.25,20.50,6,signal
CloseAtxdLow_4,CloseAt#dLow,2017-03-21,2017-03-21,2017-03-28,1,3178.75,3193.25,14.50,-22.25,20.50,6,signal
RSIx<x_3,RSI#<#,2017-03-23,2017-03-23,2017-03-28,1,3181.25,3193.91,12.66,-24.75,18.00,4,tp
P_HixDD>x&IBS<_3,P_Hi#DD>#&IBS<#,2017-03-21,2017-03-21,2017-03-28,1,3178.75,3193.25,14.50,-22.25,20.50,6,signal
D01_2,D01,2017-03-21,2017-03-21,2017-03-29,1,3178.75,3196.25,17.50,-22.25,20.50,7,signal
RSIx<x_1,RSI#<#,2017-03-21,2017-03-21,2017-03-29,1,3178.75,3196.25,17.50,-22.25,20.50,7,signal
LMT_RSIx<x_xAT_3,LMT_RSI#<#_#ATR,2017-03-21,2017-03-22,2017-03-30,1,3174.67,3203.25,28.58,-18.17,30.83,7,signal
P_HixDD>x&RSIx_2,P_Hi#DD>#&RSI#<#,2017-03-27,2017-03-27,2017-03-30,1,3176.50,3203.25,26.75,-4.25,29.00,4,signal
P_HixDD>x&RSIx_3,P_Hi#DD>#&RSI#<#,2017-03-27,2017-03-27,2017-03-30,1,3176.50,3203.25,26.75,-4.25,29.00,4,signal
LMT_RSIx<x_xAT_4,LMT_RSI#<#_#ATR,2017-03-24,2017-03-27,2017-04-03,1,3159.75,3187.49,27.74,-3.25,45.75,6,trail
IBS<x_1,IBS<#,2017-03-31,2017-03-31,2017-04-03,1,3197.25,3180.04,-17.21,-18.50,4.75,2,sl
IBS<x_4,IBS<#,2017-03-31,2017-03-31,2017-04-03,1,3197.25,3180.04,-17.21,-18.50,4.75,2,sl
P_HixDD>x&IBS<_4,P_Hi#DD>#&IBS<#,2017-03-31,2017-03-31,2017-04-03,1,3197.25,3193.50,-3.75,-18.50,4.75,2,signal
P_HixDD>x&IBS<_1,P_Hi#DD>#&IBS<#,2017-03-31,2017-03-31,2017-04-04,1,3197.25,3195.00,-2.25,-18.50,4.75,3,signal
P_HixDD>x&IBS<_2,P_Hi#DD>#&IBS<#,2017-03-31,2017-03-31,2017-04-04,1,3197.25,3195.00,-2.25,-18.50,4.75,3,signal
P_HixDD>x&RSIx_4,P_Hi#DD>#&RSI#<#,2017-03-27,2017-03-27,2017-04-05,1,3176.50,3212.53,36.03,-4.25,37.25,8,tp
CloseAtxdLow_2,CloseAt#dLow,2017-03-27,2017-03-27,2017-04-05,1,3176.50,3212.53,36.03,-4.25,37.25,8,tp
LMT_RSIx<x_xAT_2,LMT_RSI#<#_#ATR,2017-04-05,2017-04-06,2017-04-06,1,3182.38,3193.25,10.87,-5.63,17.62,1,time
P_HixDD>x&RSIx_1,P_Hi#DD>#&RSI#<#,2017-04-05,2017-04-05,2017-04-06,1,3187.00,3193.25,6.25,-10.25,13.00,2,signal
IBS<x_3,IBS<#,2017-03-31,2017-03-31,2017-04-06,1,3197.25,3193.25,-4.00,-20.50,16.50,5,signal
D01_2,D01,2017-04-05,2017-04-05,2017-04-06,1,3187.00,3193.25,6.25,-10.25,13.00,2,signal
RSIx<x_1,RSI#<#,2017-04-05,2017-04-05,2017-04-06,1,3187.00,3193.25,6.25,-10.25,13.00,2,signal
C<wvwapxsd_1,C<wvwap#sd,2017-04-05,2017-04-05,2017-04-11,1,3187.00,3189.00,2.00,-15.00,15.00,5,signal
P_HixDD>x&RSIx_3,P_Hi#DD>#&RSI#<#,2017-04-05,2017-04-05,2017-04-11,1,3187.00,3189.00,2.00,-15.00,15.00,5,signal
P_HixDD>x&IBS<_1,P_Hi#DD>#&IBS<#,2017-04-05,2017-04-05,2017-04-11,1,3187.00,3189.00,2.00,-15.00,15.00,5,signal
P_HixDD>x&IBS<_4,P_Hi#DD>#&IBS<#,2017-04-05,2017-04-05,2017-04-11,1,3187.00,3189.00,2.00,-15.00,15.00,5,signal
LMT_RSIx<x_xAT_2,LMT_RSI#<#_#ATR,2017-04-11,2017-04-12,2017-04-12,1,3184.03,3180.00,-4.03,-7.78,11.22,1,time
IBS<x_1,IBS<#,2017-04-05,2017-04-05,2017-04-13,1,3187.00,3168.53,-18.47,-23.00,15.00,7,sl
IBS<x_4,IBS<#,2017-04-05,2017-04-05,2017-04-13,1,3187.00,3168.53,-18.47,-23.00,15.00,7,sl
D01_3,D01,2017-03-28,2017-03-28,2017-04-13,1,3193.25,3165.09,-28.16,-29.25,20.50,13,sl
RSIx<x_4,RSI#<#,2017-04-12,2017-04-12,2017-04-13,1,3180.00,3170.24,-9.76,-16.00,3.75,2,sl
C<dvwapxsd_4,C<dvwap#sd,2017-04-13,2017-04-13,2017-04-17,1,3164.25,3174.12,9.88,-2.75,20.00,2,tp
C<wvwapxsd_1,C<wvwap#sd,2017-04-12,2017-04-12,2017-04-17,1,3180.00,3184.25,4.25,-18.50,4.25,3,signal
C<wvwapxsd_4,C<wvwap#sd,2017-04-05,2017-04-05,2017-04-17,1,3187.00,3184.25,-2.75,-25.50,15.00,8,signal
P_HixDD>x&RSIx_1,P_Hi#DD>#&RSI#<#,2017-04-11,2017-04-11,2017-04-17,1,3189.00,3184.25,-4.75,-27.50,6.25,4,signal
P_HixDD>x&RSIx_3,P_Hi#DD>#&RSI#<#,2017-04-11,2017-04-11,2017-04-17,1,3189.00,3184.25,-4.75,-27.50,6.25,4,signal
IBS<x_2,IBS<#,2017-03-31,2017-03-31,2017-04-17,1,3197.25,3184.25,-13.00,-35.75,16.50,11,signal
WRx<x_3,WR#<#,2017-04-13,2017-04-13,2017-04-17,1,3164.25,3184.25,20.00,-2.75,20.00,2,signal
WRx<x_4,WR#<#,2017-04-13,2017-04-13,2017-04-17,1,3164.25,3184.25,20.00,-2.75,20.00,2,signal
CloseAtxdLow_1,CloseAt#dLow,2017-04-13,2017-04-13,2017-04-17,1,3164.25,3184.25,20.00,-2.75,20.00,2,signal
P_HixDD>x&IBS<_1,P_Hi#DD>#&IBS<#,2017-04-13,2017-04-13,2017-04-17,1,3164.25,3184.25,20.00,-2.75,20.00,2,signal
P_HixDD>x&IBS<_3,P_Hi#DD>#&IBS<#,2017-03-31,2017-03-31,2017-04-17,1,3197.25,3162.82,-34.43,-35.75,16.50,11,sl
P_HixDD>x&IBS<_4,P_Hi#DD>#&IBS<#,2017-04-13,2017-04-13,2017-04-17,1,3164.25,3184.25,20.00,-2.75,20.00,2,signal
RSIx<x_2,RSI#<#,2017-04-13,2017-04-13,2017-04-18,1,3164.25,3175.50,11.25,-2.75,20.00,3,signal
ConnorsRSI<x_2,ConnorsRSI<#,2017-03-21,2017-03-21,2017-04-19,1,3178.75,3173.25,-5.50,-22.25,35.00,21,time
ConnorsRSI<x_4,ConnorsRSI<#,2017-03-21,2017-03-21,2017-04-19,1,3178.75,3173.25,-5.50,-22.25,35.00,21,time
LMT_RSIx<x_xAT_1,LMT_RSI#<#_#ATR,2017-04-12,2017-04-13,2017-04-20,1,3165.36,3191.25,25.89,-3.86,31.64,5,signal
C<wvwapxsd_4,C<wvwap#sd,2017-04-19,2017-04-19,2017-04-20,1,3173.25,3191.25,18.00,-2.25,23.75,2,signal
IBS<x_2,IBS<#,2017-04-19,2017-04-19,2017-04-20,1,3173.25,3191.25,18.00,-2.25,23.75,2,signal
D01_2,D01,2017-04-13,2017-04-13,2017-04-20,1,3164.25,3191.25,27.00,-2.75,32.75,5,signal
RSIx<x_1,RSI#<#,2017-04-11,2017-04-11,2017-04-20,1,3189.00,3191.25,2.25,-27.50,8.00,7,signal
RSIx<x_3,RSI#<#,2017-04-12,2017-04-12,2017-04-20,1,3180.00,3194.64,14.64,-18.50,17.00,6,tp
RSIx<x_4,RSI#<#,2017-04-13,2017-04-13,2017-04-20,1,3164.25,3193.88,29.62,-2.75,32.75,5,tp
P_HixDD>x&IBS<_3,P_Hi#DD>#&IBS<#,2017-04-19,2017-04-19,2017-04-20,1,3173.25,3191.25,18.00,-2.25,23.75,2,signal
P_HixDD>x&IBS<_4,P_Hi#DD>#&IBS<#,2017-04-19,2017-04-19,2017-04-20,1,3173.25,3191.25,18.00,-2.25,23.75,2,signal
C<dvwapxsd_1,C<dvwap#sd,2017-03-23,2017-03-23,2017-04-21,1,3181.25,3184.00,2.75,-24.75,32.50,21,time
IBS<x_1,IBS<#,2017-04-13,2017-04-13,2017-04-24,1,3164.25,3210.25,46.00,-2.75,51.25,7,tp
WRx<x_1,WR#<#,2017-04-13,2017-04-13,2017-04-24,1,3164.25,3210.25,46.00,-2.75,51.25,7,tp
LMT_RSIx<x_xAT_3,LMT_RSI#<#_#ATR,2017-04-12,2017-04-13,2017-04-25,1,3175.00,3223.75,48.75,-13.50,53.00,8,signal
IBS<x_4,IBS<#,2017-04-13,2017-04-13,2017-04-25,1,3164.25,3223.50,59.25,-2.75,63.75,8,tp
CloseAtxdLow_2,CloseAt#dLow,2017-04-05,2017-04-05,2017-04-25,1,3187.00,3223.95,36.95,-25.50,41.00,14,tp
ConnorsRSI<x_1,ConnorsRSI<#,2017-03-27,2017-03-27,2017-04-25,1,3176.50,3223.75,47.25,-15.00,51.50,21,time
ConnorsRSI<x_3,ConnorsRSI<#,2017-04-13,2017-04-13,2017-04-25,1,3164.25,3223.50,59.25,-2.75,63.75,8,tp
IBS<x_3,IBS<#,2017-04-26,2017-04-26,2017-04-27,1,3222.25,3224.00,1.75,-4.75,5.25,2,signal
C<dvwapxsd_3,C<dvwap#sd,2017-03-31,2017-03-31,2017-05-01,1,3197.25,3224.25,27.00,-35.75,36.25,21,time
IBS<x_3,IBS<#,2017-04-28,2017-04-28,2017-05-01,1,3219.00,3224.25,5.25,-3.25,10.50,2,signal
P_HixDD>x&IBS<_1,P_Hi#DD>#&IBS<#,2017-04-19,2017-04-19,2017-05-03,1,3173.25,3222.25,49.00,-2.25,60.25,11,time
C<wvwapxsd_1,C<wvwap#sd,2017-04-19,2017-04-19,2017-05-04,1,3173.25,3224.75,51.50,-2.25,60.25,12,signal
C<wvwapxsd_2,C<wvwap#sd,2017-04-05,2017-04-05,2017-05-04,1,3187.00,3224.75,37.75,-25.50,46.50,21,time
C<wvwapxsd_4,C<wvwap#sd,2017-04-28,2017-04-28,2017-05-05,1,3219.00,3234.50,15.50,-4.75,15.50,6,signal
IBS<x_2,IBS<#,2017-04-26,2017-04-26,2017-05-05,1,3222.25,3234.50,12.25,-8.00,12.25,8,signal
C<wvwapxsd_1,C<wvwap#sd,2017-05-09,2017-05-09,2017-05-10,1,3231.75,3235.25,3.50,-5.50,3.75,2,signal
LMT_RSIx<x_xAT_4,LMT_RSI#<#_#ATR,2017-04-12,2017-04-13,2017-05-11,1,3165.36,3222.75,57.39,-3.86,77.14,20,trail
IBS<x_4,IBS<#,2017-04-26,2017-04-26,2017-05-11,1,3222.25,3222.25,0.00,-8.00,20.25,12,breakeven
WRx<x_2,WR#<#,2017-04-13,2017-04-13,2017-05-11,1,3164.25,3222.75,58.50,-2.75,78.25,20,trail
C<wvwapxsd_4,C<wvwap#sd,2017-05-09,2017-05-09,2017-05-15,1,3231.75,3239.00,7.25,-14.00,9.25,5,signal
D01_3,D01,2017-04-17,2017-04-17,2017-05-15,1,3184.25,3239.00,54.75,-15.25,58.25,21,time
RSIx<x_1,RSI#<#,2017-05-12,2017-05-12,2017-05-15,1,3226.50,3239.00,12.50,-0.25,14.50,2,signal
IBS<x_1,IBS<#,2017-04-26,2017-04-26,2017-05-17,1,3222.25,3202.85,-19.40,-28.75,21.00,16,sl
RSIx<x_3,RSI#<#,2017-05-17,2017-05-17,2017-05-18,1,3194.75,3206.83,12.08,-11.50,19.00,2,tp
RSIx<x_4,RSI#<#,2017-05-17,2017-05-17,2017-05-18,1,3194.75,3186.69,-8.06,-11.50,19.00,2,sl
C<dvwapxsd_1,C<dvwap#sd,2017-04-21,2017-04-21,2017-05-19,1,3184.00,3218.75,34.75,-0.75,59.25,21,time
C<wvwapxsd_4,C<wvwap#sd,2017-05-17,2017-05-17,2017-05-19,1,3194.75,3218.75,24.00,-11.50,32.00,3,signal
P_HixDD>x&RSIx_1,P_Hi#DD>#&RSI#<#,2017-05-17,2017-05-17,2017-05-19,1,3194.75,3218.75,24.00,-11.50,32.00,3,signal
IBS<x_2,IBS<#,2017-05-17,2017-05-17,2017-05-19,1,3194.75,3218.75,24.00,-11.50,32.00,3,signal
IBS<x_3,IBS<#,2017-05-17,2017-05-17,2017-05-19,1,3194.75,3218.75,24.00,-11.50,32.00,3,signal
WRx<x_3,WR#<#,2017-05-17,2017-05-17,2017-05-19,1,3194.75,3218.75,24.00,-11.50,32.00,3,signal
WRx<x_4,WR#<#,2017-05-17,2017-05-17,2017-05-19,1,3194.75,3218.75,24.00,-11.50,32.00,3,signal
P_HixDD>x&IBS<_4,P_Hi#DD>#&IBS<#,2017-05-17,2017-05-17,2017-05-19,1,3194.75,3218.75,24.00,-11.50,32.00,3,signal
IBS<x_1,IBS<#,2017-05-17,2017-05-17,2017-05-22,1,3194.75,3226.97,32.22,-11.50,38.25,4,tp
WRx<x_1,WR#<#,2017-05-17,2017-05-17,2017-05-22,1,3194.75,3226.97,32.22,-11.50,38.25,4,tp
D01_2,D01,2017-05-17,2017-05-17,2017-05-22,1,3194.75,3231.00,36.25,-11.50,38.25,4,signal
CloseAtxdLow_2,CloseAt#dLow,2017-05-17,2017-05-17,2017-05-22,1,3194.75,3226.97,32.22,-11.50,38.25,4,tp
CloseAtxdLow_3,CloseAt#dLow,2017-05-17,2017-05-17,2017-05-22,1,3194.75,3231.00,36.25,-11.50,38.25,4,signal
RSIx<x_1,RSI#<#,2017-05-17,2017-05-17,2017-05-22,1,3194.75,3231.00,36.25,-11.50,38.25,4,signal
P_HixDD>x&IBS<_3,P_Hi#DD>#&IBS<#,2017-05-17,2017-05-17,2017-05-22,1,3194.75,3231.00,36.25,-11.50,38.25,4,signal
ConnorsRSI<x_4,ConnorsRSI<#,2017-05-17,2017-05-17,2017-05-22,1,3194.75,3231.00,36.25,-11.50,38.25,4,tp
LMT_RSIx<x_xAT_3,LMT_RSI#<#_#ATR,2017-05-17,2017-05-18,2017-05-24,1,3190.72,3241.25,50.53,-7.47,52.03,5,signal
C<wvwapxsd_1,C<wvwap#sd,2017-05-11,2017-05-11,2017-05-24,1,3230.50,3241.25,10.75,-47.25,12.75,10,signal
P_HixDD>x&RSIx_2,P_Hi#DD>#&RSI#<#,2017-05-17,2017-05-17,2017-05-24,1,3194.75,3241.25,46.50,-11.50,48.00,6,signal
P_HixDD>x&RSIx_3,P_Hi#DD>#&RSI#<#,2017-05-17,2017-05-17,2017-05-24,1,3194.75,3241.25,46.50,-11.50,48.00,6,signal
P_HixDD>x&IBS<_1,P_Hi#DD>#&IBS<#,2017-05-17,2017-05-17,2017-05-24,1,3194.75,3241.25,46.50,-11.50,48.00,6,signal
P_HixDD>x&IBS<_2,P_Hi#DD>#&IBS<#,2017-05-17,2017-05-17,2017-05-24,1,3194.75,3241.25,46.50,-11.50,48.00,6,signal
IBS<x_4,IBS<#,2017-05-17,2017-05-17,2017-05-25,1,3194.75,3247.25,52.50,-11.50,61.75,7,tp
IBS<x_3,IBS<#,2017-05-29,2017-05-29,2017-05-30,1,3253.00,3250.50,-2.50,-6.50,0.50,2,signal
C<wvwapxsd_1,C<wvwap#sd,2017-05-29,2017-05-29,2017-06-01,1,3253.00,3268.50,15.50,-11.50,15.50,4,signal
C<wvwapxsd_4,C<wvwap#sd,2017-05-29,2017-05-29,2017-06-01,1,3253.00,3268.50,15.50,-11.50,15.50,4,signal
IBS<x_2,IBS<#,2017-05-29,2017-05-29,2017-06-01,1,3253.00,3268.50,15.50,-11.50,15.50,4,signal
D01_3,D01,2017-05-19,2017-05-19,2017-06-02,1,3218.75,3269.49,50.74,-1.75,59.75,11,tp
C<wvwapxsd_2,C<wvwap#sd,2017-05-09,2017-05-09,2017-06-06,1,3231.75,3267.50,35.75,-48.50,46.75,21,time
D01_2,D01,2017-06-06,2017-06-06,2017-06-07,1,3267.50,3271.00,3.50,-4.75,6.25,2,signal
C<wvwapxsd_3,C<wvwap#sd,2017-06-06,2017-06-06,2017-06-09,1,3267.50,3260.05,-7.45,-14.00,17.00,4,sl
IBS<x_1,IBS<#,2017-05-29,2017-05-29,2017-06-09,1,3253.00,3283.47,30.47,-11.50,31.50,10,tp
WRx<x_2,WR#<#,2017-05-17,2017-05-17,2017-06-09,1,3194.75,3262.39,67.64,-11.50,89.75,18,trail
C<wvwapxsd_1,C<wvwap#sd,2017-06-05,2017-06-05,2017-06-12,1,3274.50,3267.75,-6.75,-21.00,10.00,6,signal
C<wvwapxsd_4,C<wvwap#sd,2017-06-05,2017-06-05,2017-06-13,1,3274.50,3279.50,5.00,-21.00,10.00,7,signal
P_HixDD>x&RSIx_1,P_Hi#DD>#&RSI#<#,2017-06-12,2017-06-12,2017-06-13,1,3267.75,3279.50,11.75,-1.50,12.50,2,signal
P_HixDD>x&RSIx_2,P_Hi#DD>#&RSI#<#,2017-06-12,2017-06-12,2017-06-13,1,3267.75,3279.50,11.75,-1.50,12.50,2,signal
IBS<x_3,IBS<#,2017-06-06,2017-06-06,2017-06-13,1,3267.50,3279.50,12.00,-14.00,17.00,6,signal
RSIx<x_1,RSI#<#,2017-06-12,2017-06-12,2017-06-13,1,3267.75,3279.50,11.75,-1.50,12.50,2,signal
ConnorsRSI<x_1,ConnorsRSI<#,2017-05-17,2017-05-17,2017-06-14,1,3194.75,3276.50,81.75,-11.50,89.75,21,time
RSIx<x_1,RSI#<#,2017-06-16,2017-06-16,2017-06-19,1,3271.50,3291.50,20.00,-0.75,21.00,2,signal
D01_2,D01,2017-06-20,2017-06-20,2017-06-23,1,3275.75,3276.50,0.75,-6.75,5.25,4,signal
RSIx<x_1,RSI#<#,2017-06-22,2017-06-22,2017-06-23,1,3273.00,3276.50,3.50,-3.75,6.75,2,signal
IBS<x_3,IBS<#,2017-06-20,2017-06-20,2017-06-26,1,3275.75,3277.25,1.50,-6.75,12.75,5,signal
IBS<x_4,IBS<#,2017-05-29,2017-05-29,2017-06-26,1,3253.00,3277.25,24.25,-11.50,39.50,21,time
C<wvwapxsd_3,C<wvwap#sd,2017-06-20,2017-06-20,2017-06-27,1,3275.75,3268.75,-7.00,-18.25,12.75,6,sl
IBS<x_1,IBS<#,2017-06-20,2017-06-20,2017-06-27,1,3275.75,3261.75,-14.00,-18.25,12.75,6,sl
C<wvwapxsd_1,C<wvwap#sd,2017-06-20,2017-06-20,2017-06-28,1,3275.75,3278.75,3.00,-21.00,12.75,7,signal
C<wvwapxsd_3,C<wvwap#sd,2017-06-27,2017-06-27,2017-06-28,1,3258.25,3281.29,23.04,-3.50,23.25,2,tp
C<wvwapxsd_4,C<wvwap#sd,2017-06-20,2017-06-20,2017-06-28,1,3275.75,3278.75,3.00,-21.00,12.75,7,signal
P_HixDD>x&RSIx_1,P_Hi#DD>#&RSI#<#,2017-06-27,2017-06-27,2017-06-28,1,3258.25,3278.75,20.50,-3.50,23.25,2,signal
P_HixDD>x&RSIx_2,P_Hi#DD>#&RSI#<#,2017-06-27,2017-06-27,2017-06-28,1,3258.25,3278.75,20.50,-3.50,23.25,2,signal
P_HixDD>x&RSIx_3,P_Hi#DD>#&RSI#<#,2017-06-27,2017-06-27,2017-06-28,1,3258.25,3278.75,20.50,-3.50,23.25,2,signal
IBS<x_2,IBS<#,2017-06-20,2017-06-20,2017-06-28,1,3275.75,3278.75,3.00,-21.00,12.75,7,signal
IBS<x_3,IBS<#,2017-06-26,2017-06-26,2017-06-28,1,3277.25,3278.75,1.50,-22.50,4.25,3,signal
WRx<x_3,WR#<#,2017-06-27,2017-06-27,2017-06-28,1,3258.25,3278.75,20.50,-3.50,23.25,2,signal
WRx<x_4,WR#<#,2017-06-27,2017-06-27,2017-06-28,1,3258.25,3278.75,20.50,-3.50,23.25,2,signal
D01_2,D01,2017-06-27,2017-06-27,2017-06-28,1,3258.25,3278.75,20.50,-3.50,23.25,2,signal
CloseAtxdLow_4,CloseAt#dLow,2017-06-27,2017-06-27,2017-06-28,1,3258.25,3278.75,20.50,-3.50,23.25,2,signal
RSIx<x_1,RSI#<#,2017-06-27,2017-06-27,2017-06-28,1,3258.25,3278.75,20.50,-3.50,23.25,2,signal
RSIx<x_3,RSI#<#,2017-06-27,2017-06-27,2017-06-28,1,3258.25,3269.77,11.52,-3.50,23.25,2,tp
P_HixDD>x&IBS<_1,P_Hi#DD>#&IBS<#,2017-06-20,2017-06-20,2017-06-28,1,3275.75,3278.75,3.00,-21.00,12.75,7,signal
P_HixDD>x&IBS<_2,P_Hi#DD>#&IBS<#,2017-06-27,2017-06-27,2017-06-28,1,3258.25,3278.75,20.50,-3.50,23.25,2,signal
P_HixDD>x&IBS<_4,P_Hi#DD>#&IBS<#,2017-06-20,2017-06-20,2017-06-28,1,3275.75,3278.75,3.00,-21.00,12.75,7,signal
C<dvwapxsd_1,C<dvwap#sd,2017-06-05,2017-06-05,2017-06-29,1,3274.50,3252.02,-22.48,-31.25,18.00,19,sl
P_HixDD>x&RSIx_4,P_Hi#DD>#&RSI#<#,2017-06-27,2017-06-27,2017-06-29,1,3258.25,3258.25,0.00,-15.00,27.75,3,breakeven
IBS<x_1,IBS<#,2017-06-27,2017-06-27,2017-06-29,1,3258.25,3258.25,0.00,-15.00,27.75,3,breakeven
IBS<x_4,IBS<#,2017-06-27,2017-06-27,2017-06-29,1,3258.25,3258.25,0.00,-15.00,27.75,3,breakeven
WRx<x_1,WR#<#,2017-06-27,2017-06-27,2017-06-29,1,3258.25,3258.25,0.00,-15.00,27.75,3,breakeven
WRx<x_2,WR#<#,2017-06-27,2017-06-27,2017-06-29,1,3258.25,3266.14,7.89,-15.00,27.75,3,trail
D01_3,D01,2017-06-28,2017-06-28,2017-06-29,1,3278.75,3254.75,-24.00,-35.50,7.25,2,sl
P_HixDD>x&IBS<_3,P_Hi#DD>#&IBS<#,2017-06-20,2017-06-20,2017-06-29,1,3275.75,3247.75,-28.00,-32.50,12.75,8,sl
IBS<x_3,IBS<#,2017-06-30,2017-06-30,2017-07-03,1,3261.50,3264.75,3.25,-2.00,16.00,2,signal
D01_1,D01,2017-06-28,2017-06-28,2017-07-03,1,3278.75,3264.75,-14.00,-35.50,7.25,4,signal
CloseAtxdLow_1,CloseAt#dLow,2017-06-29,2017-06-29,2017-07-03,1,3257.75,3264.75,7.00,-1.75,19.75,3,signal
CloseAtxdLow_4,CloseAt#dLow,2017-06-29,2017-06-29,2017-07-03,1,3257.75,3264.75,7.00,-1.75,19.75,3,signal
C<dvwapxsd_3,C<dvwap#sd,2017-06-06,2017-06-06,2017-07-04,1,3267.50,3266.25,-1.25,-24.25,25.00,21,time
C<wvwapxsd_2,C<wvwap#sd,2017-06-06,2017-06-06,2017-07-04,1,3267.50,3266.25,-1.25,-24.25,25.00,21,time
D01_2,D01,2017-06-29,2017-06-29,2017-07-05,1,3257.75,3270.50,12.75,-1.75,19.75,5,signal
D01_4,D01,2017-06-27,2017-06-27,2017-07-05,1,3258.25,3270.50,12.25,-15.00,27.75,7,signal
CloseAtxdLow_3,CloseAt#dLow,2017-06-27,2017-06-27,2017-07-05,1,3258.25,3270.50,12.25,-15.00,27.75,7,signal
RSIx<x_1,RSI#<#,2017-06-29,2017-06-29,2017-07-05,1,3257.75,3270.50,12.75,-1.75,19.75,5,signal
P_HixDD>x&IBS<_3,P_Hi#DD>#&IBS<#,2017-06-30,2017-06-30,2017-07-05,1,3261.50,3270.50,9.00,-2.00,16.00,4,signal
P_HixDD>x&IBS<_4,P_Hi#DD>#&IBS<#,2017-06-30,2017-06-30,2017-07-05,1,3261.50,3270.50,9.00,-2.00,16.00,4,signal
C<wvwapxsd_1,C<wvwap#sd,2017-06-29,2017-06-29,2017-07-07,1,3257.75,3263.75,6.00,-11.50,19.75,7,signal
C<wvwapxsd_4,C<wvwap#sd,2017-06-29,2017-06-29,2017-07-07,1,3257.75,3263.75,6.00,-11.50,19.75,7,signal
P_HixDD>x&RSIx_1,P_Hi#DD>#&RSI#<#,2017-07-06,2017-07-06,2017-07-07,1,3249.00,3263.75,14.75,-0.50,17.00,2,signal
P_HixDD>x&RSIx_3,P_Hi#DD>#&RSI#<#,2017-07-06,2017-07-06,2017-07-07,1,3249.00,3263.75,14.75,-0.50,17.00,2,signal
IBS<x_2,IBS<#,2017-06-30,2017-06-30,2017-07-07,1,3261.50,3263.75,2.25,-15.25,16.00,6,signal
CloseAtxdLow_1,CloseAt#dLow,2017-07-06,2017-07-06,2017-07-07,1,3249.00,3263.75,14.75,-0.50,17.00,2,signal
P_HixDD>x&IBS<_1,P_Hi#DD>#&IBS<#,2017-06-30,2017-06-30,2017-07-07,1,3261.50,3263.75,2.25,-15.25,16.00,6,signal
P_HixDD>x&IBS<_4,P_Hi#DD>#&IBS<#,2017-07-06,2017-07-06,2017-07-07,1,3249.00,3263.75,14.75,-0.50,17.00,2,signal
D01_2,D01,2017-07-06,2017-07-06,2017-07-10,1,3249.00,3266.50,17.50,-0.50,22.00,3,signal
RSIx<x_1,RSI#<#,2017-07-06,2017-07-06,2017-07-10,1,3249.00,3266.50,17.50,-0.50,22.00,3,signal
P_HixDD>x&IBS<_3,P_Hi#DD>#&IBS<#,2017-07-06,2017-07-06,2017-07-12,1,3249.00,3282.25,33.25,-0.50,35.75,5,signal
IBS<x_1,IBS<#,2017-06-30,2017-06-30,2017-07-14,1,3261.50,3296.03,34.53,-15.25,40.75,11,tp
CloseAtxdLow_2,CloseAt#dLow,2017-06-27,2017-06-27,2017-07-14,1,3258.25,3288.97,30.72,-15.00,44.00,14,tp
ConnorsRSI<x_2,ConnorsRSI<#,2017-06-27,2017-06-27,2017-07-14,1,3258.25,3292.82,34.57,-15.00,44.00,14,tp
ConnorsRSI<x_4,ConnorsRSI<#,2017-06-27,2017-06-27,2017-07-14,1,3258.25,3292.82,34.57,-15.00,44.00,14,tp
C<wvwapxsd_1,C<wvwap#sd,2017-07-17,2017-07-17,2017-07-18,1,3297.50,3299.00,1.50,-8.50,4.00,2,signal
C<dvwapxsd_1,C<dvwap#sd,2017-06-29,2017-06-29,2017-07-19,1,3257.75,3309.24,51.49,-11.50,54.25,15,tp
C<wvwapxsd_4,C<wvwap#sd,2017-07-17,2017-07-17,2017-07-19,1,3297.50,3311.75,14.25,-8.50,14.50,3,signal
ConnorsRSI<x_1,ConnorsRSI<#,2017-06-27,2017-06-27,2017-07-25,1,3258.25,3315.50,57.25,-15.00,61.50,21,time
D01_3,D01,2017-07-04,2017-07-04,2017-07-26,1,3266.25,3319.91,53.66,-20.00,54.50,17,tp
LMT_RSIx<x_xAT_2,LMT_RSI#<#_#ATR,2017-07-28,2017-07-31,2017-07-31,1,3306.50,3308.50,2.00,-0.25,9.50,1,time
C<wvwapxsd_2,C<wvwap#sd,2017-07-04,2017-07-04,2017-08-01,1,3266.25,3314.00,47.75,-20.00,55.25,21,time
IBS<x_3,IBS<#,2017-07-31,2017-07-31,2017-08-01,1,3308.50,3314.00,5.50,-1.25,9.75,2,signal
D01_2,D01,2017-07-31,2017-07-31,2017-08-01,1,3308.50,3314.00,5.50,-1.25,9.75,2,signal
CloseAtxdLow_3,CloseAt#dLow,2017-07-28,2017-07-28,2017-08-01,1,3310.00,3314.00,4.00,-3.75,8.25,3,signal
RSIx<x_1,RSI#<#,2017-07-28,2017-07-28,2017-08-01,1,3310.00,3314.00,4.00,-3.75,8.25,3,signal
C<wvwapxsd_1,C<wvwap#sd,2017-07-28,2017-07-28,2017-08-02,1,3310.00,3315.00,5.00,-5.75,8.25,4,signal
C<wvwapxsd_4,C<wvwap#sd,2017-07-28,2017-07-28,2017-08-04,1,3310.00,3314.75,4.75,-5.75,8.75,6,signal
RSIx<x_1,RSI#<#,2017-08-03,2017-08-03,2017-08-04,1,3310.75,3314.75,4.00,-2.00,8.00,2,signal
C<wvwapxsd_1,C<wvwap#sd,2017-08-03,2017-08-03,2017-08-07,1,3310.75,3318.75,8.00,-2.00,8.50,3,signal
C<wvwapxsd_1,C<wvwap#sd,2017-08-08,2017-08-08,2017-08-09,1,3313.00,3312.25,-0.75,-13.00,1.25,2,signal
IBS<x_1,IBS<#,2017-07-31,2017-07-31,2017-08-09,1,3308.50,3304.50,-4.00,-8.50,21.00,8,breakeven
P_HixDD>x&IBS<_1,P_Hi#DD>#&IBS<#,2017-08-08,2017-08-08,2017-08-09,1,3313.00,3312.25,-0.75,-13.00,1.25,2,signal
C<dvwapxsd_1,C<dvwap#sd,2017-07-26,2017-07-26,2017-08-10,1,3315.75,3293.06,-22.69,-39.00,13.75,12,sl
CloseAtxdLow_2,CloseAt#dLow,2017-07-28,2017-07-28,2017-08-10,1,3310.00,3282.03,-27.97,-33.25,19.50,10,sl
RSIx<x_1,RSI#<#,2017-08-09,2017-08-09,2017-08-10,1,3312.25,3288.18,-24.07,-35.50,3.25,2,sl
P_HixDD>x&IBS<_3,P_Hi#DD>#&IBS<#,2017-08-08,2017-08-08,2017-08-10,1,3313.00,3288.22,-24.78,-36.25,2.50,3,sl
P_HixDD>x&IBS<_4,P_Hi#DD>#&IBS<#,2017-08-08,2017-08-08,2017-08-10,1,3313.00,3288.22,-24.78,-36.25,2.50,3,sl
C<wvwapxsd_2,C<wvwap#sd,2017-08-03,2017-08-03,2017-08-11,1,3310.75,3272.39,-38.36,-39.50,18.75,7,sl
C<wvwapxsd_4,C<wvwap#sd,2017-08-08,2017-08-08,2017-08-14,1,3313.00,3304.50,-8.50,-41.75,2.50,5,signal
P_HixDD>x&RSIx_1,P_Hi#DD>#&RSI#<#,2017-08-10,2017-08-10,2017-08-14,1,3277.50,3304.50,27.00,-6.25,30.00,3,signal
IBS<x_1,IBS<#,2017-08-10,2017-08-10,2017-08-14,1,3277.50,3304.65,27.15,-6.25,30.00,3,tp
IBS<x_2,IBS<#,2017-08-10,2017-08-10,2017-08-14,1,3277.50,3304.50,27.00,-6.25,30.00,3,signal
IBS<x_3,IBS<#,2017-08-08,2017-08-08,2017-08-14,1,3313.00,3304.50,-8.50,-41.75,2.50,5,signal
WRx<x_1,WR#<#,2017-08-10,2017-08-10,2017-08-14,1,3277.50,3304.65,27.15,-6.25,30.00,3,tp
WRx<x_3,WR#<#,2017-08-10,2017-08-10,2017-08-14,1,3277.50,3304.50,27.00,-6.25,30.00,3,signal
WRx<x_4,WR#<#,2017-08-10,2017-08-10,2017-08-14,1,3277.50,3304.50,27.00,-6.25,30.00,3,signal
CloseAtxdLow_1,CloseAt#dLow,2017-08-10,2017-08-10,2017-08-14,1,3277.50,3304.50,27.00,-6.25,30.00,3,signal
CloseAtxdLow_2,CloseAt#dLow,2017-08-10,2017-08-10,2017-08-14,1,3277.50,3304.65,27.15,-6.25,30.00,3,tp
RSIx<x_3,RSI#<#,2017-08-10,2017-08-10,2017-08-14,1,3277.50,3295.25,17.75,-6.25,30.00,3,tp
RSIx<x_4,RSI#<#,2017-08-10,2017-08-10,2017-08-14,1,3277.50,3297.86,20.36,-6.25,30.00,3,tp
P_HixDD>x&IBS<_3,P_Hi#DD>#&IBS<#,2017-08-10,2017-08-10,2017-08-14,1,3277.50,3304.50,27.00,-6.25,30.00,3,signal
P_HixDD>x&IBS<_4,P_Hi#DD>#&IBS<#,2017-08-10,2017-08-10,2017-08-14,1,3277.50,3304.50,27.00,-6.25,30.00,3,signal
RSIx<x_2,RSI#<#,2017-08-10,2017-08-10,2017-08-15,1,3277.50,3309.25,31.75,-6.25,30.00,4,signal
ConnorsRSI<x_4,ConnorsRSI<#,2017-08-10,2017-08-10,2017-08-15,1,3277.50,3309.25,31.75,-6.25,36.75,4,tp
D01_2,D01,2017-08-08,2017-08-08,2017-08-16,1,3313.00,3308.25,-4.75,-41.75,2.50,7,signal
RSIx<x_1,RSI#<#,2017-08-10,2017-08-10,2017-08-16,1,3277.50,3308.25,30.75,-6.25,37.50,5,signal
IBS<x_4,IBS<#,2017-08-10,2017-08-10,2017-08-17,1,3277.50,3277.50,0.00,-7.75,37.50,6,breakeven
WRx<x_2,WR#<#,2017-08-10,2017-08-10,2017-08-17,1,3277.50,3301.43,23.93,-7.75,37.50,6,trail
D01_3,D01,2017-08-14,2017-08-14,2017-08-17,1,3304.50,3282.77,-21.73,-34.75,10.50,4,sl
C<dvwapxsd_3,C<dvwap#sd,2017-07-31,2017-07-31,2017-08-18,1,3308.50,3267.50,-41.00,-48.00,21.00,15,sl
ConnorsRSI<x_3,ConnorsRSI<#,2017-08-10,2017-08-10,2017-08-18,1,3277.50,3263.93,-13.57,-17.00,37.50,7,sl
C<dvwapxsd_1,C<dvwap#sd,2017-08-10,2017-08-10,2017-08-21,1,3277.50,3257.14,-20.36,-20.75,37.50,8,sl
WRx<x_2,WR#<#,2017-08-17,2017-08-17,2017-08-21,1,3270.00,3264.62,-5.38,-13.25,10.50,3,trail
WRx<x_3,WR#<#,2017-08-17,2017-08-17,2017-08-21,1,3270.00,3267.75,-2.25,-13.25,10.50,3,signal
P_HixDD>x&IBS<_4,P_Hi#DD>#&IBS<#,2017-08-17,2017-08-17,2017-08-21,1,3270.00,3267.75,-2.25,-13.25,10.50,3,signal
C<wvwapxsd_1,C<wvwap#sd,2017-08-09,2017-08-09,2017-08-22,1,3312.25,3292.25,-20.00,-55.50,3.25,10,signal
C<wvwapxsd_4,C<wvwap#sd,2017-08-17,2017-08-17,2017-08-22,1,3270.00,3292.25,22.25,-13.25,25.00,4,signal
P_HixDD>x&RSIx_1,P_Hi#DD>#&RSI#<#,2017-08-17,2017-08-17,2017-08-22,1,3270.00,3292.25,22.25,-13.25,25.00,4,signal
P_HixDD>x&RSIx_3,P_Hi#DD>#&RSI#<#,2017-08-10,2017-08-10,2017-08-22,1,3277.50,3292.25,14.75,-20.75,37.50,9,signal
IBS<x_2,IBS<#,2017-08-17,2017-08-17,2017-08-22,1,3270.00,3292.25,22.25,-13.25,25.00,4,signal
WRx<x_4,WR#<#,2017-08-17,2017-08-17,2017-08-22,1,3270.00,3292.25,22.25,-13.25,25.00,4,signal
D01_2,D01,2017-08-17,2017-08-17,2017-08-22,1,3270.00,3292.25,22.25,-13.25,25.00,4,signal
CloseAtxdLow_1,CloseAt#dLow,2017-08-17,2017-08-17,2017-08-22,1,3270.00,3292.25,22.25,-13.25,25.00,4,signal
RSIx<x_1,RSI#<#,2017-08-17,2017-08-17,2017-08-22,1,3270.00,3292.25,22.25,-13.25,25.00,4,signal
RSIx<x_3,RSI#<#,2017-08-17,2017-08-17,2017-08-22,1,3270.00,3281.91,11.91,-13.25,25.00,4,tp
P_HixDD>x&IBS<_1,P_Hi#DD>#&IBS<#,2017-08-10,2017-08-10,2017-08-22,1,3277.50,3292.25,14.75,-20.75,37.50,9,signal
P_HixDD>x&IBS<_3,P_Hi#DD>#&IBS<#,2017-08-17,2017-08-17,2017-08-22,1,3270.00,3292.25,22.25,-13.25,25.00,4,signal
P_HixDD>x&IBS<_4,P_Hi#DD>#&IBS<#,2017-08-24,2017-08-24,2017-08-25,1,3278.50,3283.50,5.00,-0.25,16.00,2,signal
P_HixDD>x&IBS<_4,P_Hi#DD>#&IBS<#,2017-08-25,2017-08-25,2017-08-28,1,3283.50,3284.25,0.75,-6.25,6.75,2,signal
C<wvwapxsd_1,C<wvwap#sd,2017-08-24,2017-08-24,2017-08-29,1,3278.50,3286.25,7.75,-16.50,16.00,4,signal
IBS<x_1,IBS<#,2017-08-17,2017-08-17,2017-08-29,1,3270.00,3269.25,-0.75,-13.25,25.75,9,breakeven
IBS<x_4,IBS<#,2017-08-17,2017-08-17,2017-08-29,1,3270.00,3269.25,-0.75,-13.25,25.75,9,breakeven
WRx<x_1,WR#<#,2017-08-17,2017-08-17,2017-08-29,1,3270.00,3269.25,-0.75,-13.25,25.75,9,breakeven
D01_3,D01,2017-08-22,2017-08-22,2017-08-29,1,3292.25,3266.09,-26.16,-30.25,3.50,6,sl
P_HixDD>x&IBS<_1,P_Hi#DD>#&IBS<#,2017-08-24,2017-08-24,2017-08-29,1,3278.50,3286.25,7.75,-16.50,16.00,4,signal
P_HixDD>x&IBS<_3,P_Hi#DD>#&IBS<#,2017-08-24,2017-08-24,2017-08-29,1,3278.50,3286.25,7.75,-16.50,16.00,4,signal
LMT_RSIx<x_xAT_3,LMT_RSI#<#_#ATR,2017-08-10,2017-08-11,2017-08-30,1,3274.11,3297.75,23.64,-17.36,40.89,14,signal
C<wvwapxsd_4,C<wvwap#sd,2017-08-24,2017-08-24,2017-08-30,1,3278.50,3297.75,19.25,-16.50,22.25,5,signal
IBS<x_2,IBS<#,2017-08-25,2017-08-25,2017-08-30,1,3283.50,3297.75,14.25,-21.50,17.25,4,signal
CloseAtxdLow_2,CloseAt#dLow,2017-08-17,2017-08-17,2017-08-31,1,3270.00,3304.75,34.75,-13.25,45.25,11,tp
ConnorsRSI<x_4,ConnorsRSI<#,2017-08-17,2017-08-17,2017-08-31,1,3270.00,3305.72,35.72,-13.25,45.25,11,tp
IBS<x_3,IBS<#,2017-09-01,2017-09-01,2017-09-04,1,3316.00,3309.00,-7.00,-14.75,0.50,2,signal
IBS<x_1,IBS<#,2017-09-01,2017-09-01,2017-09-05,1,3316.00,3296.56,-19.44,-29.50,0.50,3,sl
RSIx<x_1,RSI#<#,2017-09-05,2017-09-05,2017-09-06,1,3298.00,3306.25,8.25,-0.50,12.00,2,signal
C<wvwapxsd_2,C<wvwap#sd,2017-08-11,2017-08-11,2017-09-08,1,3280.75,3302.00,21.25,-24.00,40.00,21,time
C<wvwapxsd_1,C<wvwap#sd,2017-09-05,2017-09-05,2017-09-11,1,3298.00,3328.00,30.00,-0.50,31.50,5,signal
C<wvwapxsd_4,C<wvwap#sd,2017-09-05,2017-09-05,2017-09-11,1,3298.00,3328.00,30.00,-0.50,31.50,5,signal
P_HixDD>x&RSIx_1,P_Hi#DD>#&RSI#<#,2017-09-05,2017-09-05,2017-09-11,1,3298.00,3328.00,30.00,-0.50,31.50,5,signal
P_HixDD>x&RSIx_2,P_Hi#DD>#&RSI#<#,2017-09-05,2017-09-05,2017-09-11,1,3298.00,3328.00,30.00,-0.50,31.50,5,signal
C<dvwapxsd_1,C<dvwap#sd,2017-08-23,2017-08-23,2017-09-12,1,3283.50,3336.97,53.47,-21.50,53.50,15,tp
ConnorsRSI<x_2,ConnorsRSI<#,2017-09-05,2017-09-05,2017-09-18,1,3298.00,3343.50,45.50,-0.50,50.50,10,tp
ConnorsRSI<x_4,ConnorsRSI<#,2017-09-05,2017-09-05,2017-09-18,1,3298.00,3343.50,45.50,-0.50,50.50,10,tp
LMT_RSIx<x_xAT_2,LMT_RSI#<#_#ATR,2017-09-21,2017-09-22,2017-09-22,1,3337.75,3341.50,3.75,-3.25,6.50,1,time
D01_2,D01,2017-09-21,2017-09-21,2017-09-22,1,3341.50,3341.50,0.00,-7.00,2.75,2,signal
RSIx<x_1,RSI#<#,2017-09-21,2017-09-21,2017-09-22,1,3341.50,3341.50,0.00,-7.00,2.75,2,signal
LMT_RSIx<x_xAT_2,LMT_RSI#<#_#ATR,2017-09-22,2017-09-25,2017-09-25,1,3338.06,3336.75,-1.31,-10.56,8.94,1,time
C<wvwapxsd_4,C<wvwap#sd,2017-09-21,2017-09-21,2017-09-27,1,3341.50,3347.25,5.75,-14.00,10.25,5,signal
CloseAtxdLow_3,CloseAt#dLow,2017-09-25,2017-09-25,2017-09-27,1,3336.75,3347.25,10.50,-2.00,15.00,3,signal
CloseAtxdLow_4,CloseAt#dLow,2017-09-25,2017-09-25,2017-09-27,1,3336.75,3347.25,10.50,-2.00,15.00,3,signal
RSIx<x_1,RSI#<#,2017-09-22,2017-09-22,2017-09-27,1,3341.50,3347.25,5.75,-14.00,10.25,4,signal
C<wvwapxsd_1,C<wvwap#sd,2017-09-21,2017-09-21,2017-09-28,1,3341.50,3349.50,8.00,-14.00,10.25,6,signal
D01_3,D01,2017-09-05,2017-09-05,2017-09-29,1,3298.00,3358.30,60.30,-0.50,61.50,19,tp
CloseAtxdLow_2,CloseAt#dLow,2017-09-25,2017-09-25,2017-10-02,1,3336.75,3364.95,28.20,-2.00,32.50,6,tp
ConnorsRSI<x_1,ConnorsRSI<#,2017-09-05,2017-09-05,2017-10-03,1,3298.00,3374.50,76.50,-0.50,77.00,21,time
ConnorsRSI<x_4,ConnorsRSI<#,2017-09-21,2017-09-21,2017-10-03,1,3341.50,3373.22,31.72,-14.00,33.50,9,tp
C<dvwapxsd_1,C<dvwap#sd,2017-09-21,2017-09-21,2017-10-05,1,3341.50,3383.80,42.30,-14.00,51.00,11,tp
C<wvwapxsd_2,C<wvwap#sd,2017-09-08,2017-09-08,2017-10-06,1,3302.00,3389.25,87.25,-0.25,91.25,21,time
C<wvwapxsd_1,C<wvwap#sd,2017-10-09,2017-10-09,2017-10-11,1,3385.25,3395.75,10.50,-0.25,10.50,3,signal
IBS<x_3,IBS<#,2017-10-13,2017-10-13,2017-10-16,1,3394.25,3398.00,3.75,-1.00,6.00,2,signal
C<wvwapxsd_4,C<wvwap#sd,2017-10-09,2017-10-09,2017-10-18,1,3385.25,3401.75,16.50,-0.25,19.50,8,signal
LMT_RSIx<x_xAT_4,LMT_RSI#<#_#ATR,2017-09-22,2017-09-25,2017-10-19,1,3331.17,3390.65,59.48,-3.67,73.58,19,trail
C<dvwapxsd_3,C<dvwap#sd,2017-09-21,2017-09-21,2017-10-19,1,3341.50,3402.75,61.25,-14.00,63.25,21,time
IBS<x_1,IBS<#,2017-10-13,2017-10-13,2017-10-20,1,3394.25,3415.55,21.30,-9.25,21.50,6,tp
C<dvwapxsd_1,C<dvwap#sd,2017-10-09,2017-10-09,2017-10-23,1,3385.25,3419.25,34.00,-0.25,34.50,11,tp
IBS<x_3,IBS<#,2017-10-23,2017-10-23,2017-10-24,1,3406.00,3410.00,4.00,-2.00,6.75,2,signal
D01_2,D01,2017-10-23,2017-10-23,2017-10-24,1,3406.00,3410.00,4.00,-2.00,6.75,2,signal
C<dvwapxsd_1,C<dvwap#sd,2017-10-23,2017-10-23,2017-10-25,1,3406.00,3390.10,-15.90,-22.00,6.75,3,sl
C<wvwapxsd_3,C<wvwap#sd,2017-10-23,2017-10-23,2017-10-25,1,3406.00,3400.70,-5.30,-22.00,6.75,3,sl
IBS<x_1,IBS<#,2017-10-23,2017-10-23,2017-10-25,1,3406.00,3395.40,-10.60,-22.00,6.75,3,sl
P_HixDD>x&IBS<_3,P_Hi#DD>#&IBS<#,2017-10-23,2017-10-23,2017-10-25,1,3406.00,3384.80,-21.20,-22.00,6.75,3,sl
P_HixDD>x&IBS<_4,P_Hi#DD>#&IBS<#,2017-10-23,2017-10-23,2017-10-25,1,3406.00,3384.80,-21.20,-22.00,6.75,3,sl
ConnorsRSI<x_4,ConnorsRSI<#,2017-10-23,2017-10-23,2017-10-25,1,3406.00,3390.10,-15.90,-22.00,6.75,3,sl
C<wvwapxsd_1,C<wvwap#sd,2017-10-23,2017-10-23,2017-10-27,1,3406.00,3421.25,15.25,-22.00,17.25,5,signal
C<wvwapxsd_4,C<wvwap#sd,2017-10-23,2017-10-23,2017-10-27,1,3406.00,3421.25,15.25,-22.00,17.25,5,signal
P_HixDD>x&RSIx_1,P_Hi#DD>#&RSI#<#,2017-10-25,2017-10-25,2017-10-27,1,3397.50,3421.25,23.75,-0.25,25.75,3,signal
P_HixDD>x&RSIx_2,P_Hi#DD>#&RSI#<#,2017-10-25,2017-10-25,2017-10-27,1,3397.50,3421.25,23.75,-0.25,25.75,3,signal
IBS<x_1,IBS<#,2017-10-26,2017-10-26,2017-10-27,1,3400.25,3422.53,22.28,-2.25,23.00,2,tp
IBS<x_2,IBS<#,2017-10-23,2017-10-23,2017-10-27,1,3406.00,3421.25,15.25,-22.00,17.25,5,signal
IBS<x_3,IBS<#,2017-10-26,2017-10-26,2017-10-27,1,3400.25,3421.25,21.00,-2.25,23.00,2,signal
CloseAtxdLow_2,CloseAt#dLow,2017-10-25,2017-10-25,2017-10-27,1,3397.50,3419.68,22.18,-0.25,25.75,3,tp
CloseAtxdLow_3,CloseAt#dLow,2017-10-25,2017-10-25,2017-10-27,1,3397.50,3421.25,23.75,-0.25,25.75,3,signal
RSIx<x_1,RSI#<#,2017-10-25,2017-10-25,2017-10-27,1,3397.50,3421.25,23.75,-0.25,25.75,3,signal
P_HixDD>x&IBS<_1,P_Hi#DD>#&IBS<#,2017-10-23,2017-10-23,2017-10-27,1,3406.00,3421.25,15.25,-22.00,17.25,5,signal
P_HixDD>x&IBS<_3,P_Hi#DD>#&IBS<#,2017-10-26,2017-10-26,2017-10-27,1,3400.25,3421.25,21.00,-2.25,23.00,2,signal
P_HixDD>x&IBS<_4,P_Hi#DD>#&IBS<#,2017-10-26,2017-10-26,2017-10-27,1,3400.25,3421.25,21.00,-2.25,23.00,2,signal
ConnorsRSI<x_4,ConnorsRSI<#,2017-10-25,2017-10-25,2017-10-27,1,3397.50,3422.45,24.95,-0.25,25.75,3,tp
IBS<x_3,IBS<#,2017-10-30,2017-10-30,2017-10-31,1,3411.50,3414.50,3.00,-2.25,6.50,2,signal
C<wvwapxsd_4,C<wvwap#sd,2017-10-30,2017-10-30,2017-11-01,1,3411.50,3418.50,7.00,-2.25,16.50,3,signal
C<wvwapxsd_1,C<wvwap#sd,2017-10-30,2017-10-30,2017-11-02,1,3411.50,3419.25,7.75,-6.75,16.50,4,signal
C<wvwapxsd_2,C<wvwap#sd,2017-10-09,2017-10-09,2017-11-06,1,3385.25,3430.50,45.25,-1.25,47.25,21,time
C<dvwapxsd_1,C<dvwap#sd,2017-10-26,2017-10-26,2017-11-07,1,3400.25,3433.66,33.41,-2.25,35.75,9,tp
IBS<x_1,IBS<#,2017-10-30,2017-10-30,2017-11-07,1,3411.50,3435.22,23.72,-6.75,24.50,7,tp
IBS<x_4,IBS<#,2017-10-26,2017-10-26,2017-11-07,1,3400.25,3433.66,33.41,-2.25,35.75,9,tp
LMT_RSIx<x_xAT_2,LMT_RSI#<#_#ATR,2017-11-09,2017-11-10,2017-11-10,1,3419.50,3423.00,3.50,-5.50,8.75,1,time
C<wvwapxsd_1,C<wvwap#sd,2017-11-09,2017-11-09,2017-11-10,1,3424.50,3423.00,-1.50,-10.50,3.75,2,signal
LMT_RSIx<x_xAT_2,LMT_RSI#<#_#ATR,2017-11-10,2017-11-13,2017-11-13,1,3415.00,3425.50,10.50,-2.25,13.00,1,time
C<wvwapxsd_1,C<wvwap#sd,2017-11-10,2017-11-10,2017-11-13,1,3423.00,3425.50,2.50,-10.25,5.00,2,signal
C<wvwapxsd_4,C<wvwap#sd,2017-11-09,2017-11-09,2017-11-13,1,3424.50,3425.50,1.00,-11.75,3.75,3,signal
RSIx<x_1,RSI#<#,2017-11-09,2017-11-09,2017-11-13,1,3424.50,3425.50,1.00,-11.75,3.75,3,signal
LMT_RSIx<x_xAT_2,LMT_RSI#<#_#ATR,2017-11-14,2017-11-15,2017-11-15,1,3408.75,3406.25,-2.50,-10.75,12.00,1,time
ConnorsRSI<x_4,ConnorsRSI<#,2017-11-09,2017-11-09,2017-11-15,1,3424.50,3403.44,-21.06,-26.50,3.75,5,sl
C<wvwapxsd_4,C<wvwap#sd,2017-11-15,2017-11-15,2017-11-16,1,3406.25,3427.25,21.00,-1.50,25.75,2,signal
P_HixDD>x&RSIx_1,P_Hi#DD>#&RSI#<#,2017-11-14,2017-11-14,2017-11-16,1,3419.50,3427.25,7.75,-21.50,12.50,3,signal
D01_2,D01,2017-11-15,2017-11-15,2017-11-16,1,3406.25,3427.25,21.00,-1.50,25.75,2,signal
CloseAtxdLow_3,CloseAt#dLow,2017-11-14,2017-11-14,2017-11-16,1,3419.50,3427.25,7.75,-21.50,12.50,3,signal
CloseAtxdLow_4,CloseAt#dLow,2017-11-15,2017-11-15,2017-11-16,1,3406.25,3427.25,21.00,-1.50,25.75,2,signal
RSIx<x_1,RSI#<#,2017-11-14,2017-11-14,2017-11-16,1,3419.50,3427.25,7.75,-21.50,12.50,3,signal
RSIx<x_3,RSI#<#,2017-11-15,2017-11-15,2017-11-16,1,3406.25,3418.44,12.19,-1.50,25.75,2,tp
RSIx<x_4,RSI#<#,2017-11-15,2017-11-15,2017-11-16,1,3406.25,3430.62,24.38,-1.50,25.75,2,tp
LMT_RSIx<x_xAT_4,LMT_RSI#<#_#ATR,2017-11-14,2017-11-15,2017-11-20,1,3407.94,3415.75,7.81,-9.94,24.06,4,trail
C<dvwapxsd_3,C<dvwap#sd,2017-10-23,2017-10-23,2017-11-20,1,3406.00,3424.00,18.00,-22.00,31.00,21,time
IBS<x_3,IBS<#,2017-11-17,2017-11-17,2017-11-20,1,3420.25,3424.00,3.75,-10.00,6.25,2,signal
ConnorsRSI<x_1,ConnorsRSI<#,2017-10-23,2017-10-23,2017-11-20,1,3406.00,3424.00,18.00,-22.00,31.00,21,time
ConnorsRSI<x_2,ConnorsRSI<#,2017-11-15,2017-11-15,2017-11-21,1,3406.25,3442.81,36.56,-1.50,36.75,5,tp
ConnorsRSI<x_4,ConnorsRSI<#,2017-11-15,2017-11-15,2017-11-21,1,3406.25,3442.81,36.56,-1.50,36.75,5,tp
C<wvwapxsd_1,C<wvwap#sd,2017-11-15,2017-11-15,2017-11-23,1,3406.25,3439.50,33.25,-1.50,36.75,7,signal
P_HixDD>x&RSIx_2,P_Hi#DD>#&RSI#<#,2017-11-14,2017-11-14,2017-11-23,1,3419.50,3439.50,20.00,-21.50,23.50,8,signal
IBS<x_3,IBS<#,2017-11-22,2017-11-22,2017-11-23,1,3438.00,3439.50,1.50,-6.00,2.50,2,signal
C<wvwapxsd_1,C<wvwap#sd,2017-11-27,2017-11-27,2017-11-28,1,3443.00,3469.25,26.25,-3.00,26.50,2,signal
C<wvwapxsd_4,C<wvwap#sd,2017-11-27,2017-11-27,2017-11-28,1,3443.00,3469.25,26.25,-3.00,26.50,2,signal
IBS<x_1,IBS<#,2017-11-17,2017-11-17,2017-11-28,1,3420.25,3453.25,33.00,-10.00,49.25,8,tp
CloseAtxdLow_2,CloseAt#dLow,2017-11-14,2017-11-14,2017-11-28,1,3419.50,3450.32,30.82,-21.50,50.00,11,tp
C<dvwapxsd_1,C<dvwap#sd,2017-11-17,2017-11-17,2017-11-29,1,3420.25,3470.50,50.25,-10.00,56.50,9,tp
D01_3,D01,2017-11-16,2017-11-16,2017-11-30,1,3427.25,3477.75,50.50,-17.00,73.75,11,tp
C<dvwapxsd_4,C<dvwap#sd,2017-12-04,2017-12-04,2017-12-05,1,3481.00,3471.29,-9.71,-11.00,10.25,2,sl
C<wvwapxsd_3,C<wvwap#sd,2017-12-04,2017-12-04,2017-12-05,1,3481.00,3471.29,-9.71,-11.00,10.25,2,sl
D01_2,D01,2017-12-04,2017-12-04,2017-12-05,1,3481.00,3471.50,-9.50,-11.00,10.25,2,signal
LMT_RSIx<x_xAT_2,LMT_RSI#<#_#ATR,2017-12-05,2017-12-06,2017-12-06,1,3466.54,3471.50,4.96,-4.04,10.46,1,time
D01_2,D01,2017-12-05,2017-12-05,2017-12-06,1,3471.50,3471.50,0.00,-9.00,5.50,2,signal
RSIx<x_1,RSI#<#,2017-12-05,2017-12-05,2017-12-06,1,3471.50,3471.50,0.00,-9.00,5.50,2,signal
C<dvwapxsd_2,C<dvwap#sd,2017-12-04,2017-12-04,2017-12-07,1,3481.00,3480.00,-1.00,-18.50,10.25,4,signal
C<dvwapxsd_4,C<dvwap#sd,2017-12-05,2017-12-05,2017-12-07,1,3471.50,3481.43,9.93,-9.00,12.25,3,tp
C<wvwapxsd_2,C<wvwap#sd,2017-11-09,2017-11-09,2017-12-07,1,3424.50,3480.00,55.50,-26.50,83.25,21,time
C<wvwapxsd_4,C<wvwap#sd,2017-12-04,2017-12-04,2017-12-07,1,3481.00,3480.00,-1.00,-18.50,10.25,4,signal
P_HixDD>x&RSIx_1,P_Hi#DD>#&RSI#<#,2017-12-05,2017-12-05,2017-12-07,1,3471.50,3480.00,8.50,-9.00,12.25,3,signal
IBS<x_2,IBS<#,2017-12-04,2017-12-04,2017-12-07,1,3481.00,3480.00,-1.00,-18.50,10.25,4,signal
IBS<x_3,IBS<#,2017-12-04,2017-12-04,2017-12-07,1,3481.00,3480.00,-1.00,-18.50,10.25,4,signal
D01_1,D01,2017-12-05,2017-12-05,2017-12-07,1,3471.50,3480.00,8.50,-9.00,12.25,3,signal
D01_2,D01,2017-12-06,2017-12-06,2017-12-07,1,3471.50,3480.00,8.50,-2.75,12.25,2,signal
D01_4,D01,2017-12-04,2017-12-04,2017-12-07,1,3481.00,3480.00,-1.00,-18.50,10.25,4,signal
RSIx<x_1,RSI#<#,2017-12-06,2017-12-06,2017-12-07,1,3471.50,3480.00,8.50,-2.75,12.25,2,signal
P_HixDD>x&IBS<_3,P_Hi#DD>#&IBS<#,2017-12-04,2017-12-04,2017-12-07,1,3481.00,3480.00,-1.00,-18.50,10.25,4,signal
C<wvwapxsd_1,C<wvwap#sd,2017-12-04,2017-12-04,2017-12-08,1,3481.00,3494.25,13.25,-18.50,13.75,5,signal
C<wvwapxsd_4,C<wvwap#sd,2017-12-07,2017-12-07,2017-12-08,1,3480.00,3494.25,14.25,-0.50,14.75,2,signal
P_HixDD>x&RSIx_2,P_Hi#DD>#&RSI#<#,2017-12-05,2017-12-05,2017-12-08,1,3471.50,3494.25,22.75,-9.00,23.25,4,signal
P_HixDD>x&IBS<_1,P_Hi#DD>#&IBS<#,2017-12-04,2017-12-04,2017-12-08,1,3481.00,3494.25,13.25,-18.50,13.75,5,signal
P_HixDD>x&IBS<_4,P_Hi#DD>#&IBS<#,2017-12-04,2017-12-04,2017-12-08,1,3481.00,3494.25,13.25,-18.50,13.75,5,signal
C<wvwapxsd_3,C<wvwap#sd,2017-12-05,2017-12-05,2017-12-11,1,3471.50,3501.28,29.78,-9.00,32.00,5,tp
C<wvwapxsd_3,C<wvwap#sd,2017-12-14,2017-12-14,2017-12-15,1,3495.00,3521.72,26.72,-3.75,27.25,2,tp
C<wvwapxsd_4,C<wvwap#sd,2017-12-14,2017-12-14,2017-12-15,1,3495.00,3516.75,21.75,-3.75,27.25,2,signal
P_HixDD>x&RSIx_1,P_Hi#DD>#&RSI#<#,2017-12-14,2017-12-14,2017-12-15,1,3495.00,3516.75,21.75,-3.75,27.25,2,signal
IBS<x_1,IBS<#,2017-12-04,2017-12-04,2017-12-15,1,3481.00,3519.85,38.85,-18.50,41.25,10,tp
IBS<x_2,IBS<#,2017-12-13,2017-12-13,2017-12-15,1,3506.50,3516.75,10.25,-15.25,15.75,3,signal
IBS<x_3,IBS<#,2017-12-13,2017-12-13,2017-12-15,1,3506.50,3516.75,10.25,-15.25,15.75,3,signal
D01_2,D01,2017-12-14,2017-12-14,2017-12-15,1,3495.00,3516.75,21.75,-3.75,27.25,2,signal
RSIx<x_1,RSI#<#,2017-12-14,2017-12-14,2017-12-15,1,3495.00,3516.75,21.75,-3.75,27.25,2,signal
P_HixDD>x&IBS<_3,P_Hi#DD>#&IBS<#,2017-12-14,2017-12-14,2017-12-15,1,3495.00,3516.75,21.75,-3.75,27.25,2,signal
P_HixDD>x&IBS<_4,P_Hi#DD>#&IBS<#,2017-12-14,2017-12-14,2017-12-15,1,3495.00,3516.75,21.75,-3.75,27.25,2,signal
ConnorsRSI<x_4,ConnorsRSI<#,2017-12-05,2017-12-05,2017-12-15,1,3471.50,3516.16,44.66,-9.00,50.75,9,tp
C<dvwapxsd_3,C<dvwap#sd,2017-11-22,2017-11-22,2017-12-18,1,3438.00,3535.05,97.05,-6.00,99.50,19,tp
D01_3,D01,2017-12-06,2017-12-06,2017-12-18,1,3471.50,3532.00,60.50,-2.75,66.00,9,tp
IBS<x_3,IBS<#,2017-12-19,2017-12-19,2017-12-20,1,3524.00,3522.25,-1.75,-5.50,11.00,2,signal
D01_2,D01,2017-12-19,2017-12-19,2017-12-20,1,3524.00,3522.25,-1.75,-5.50,11.00,2,signal
IBS<x_3,IBS<#,2017-12-20,2017-12-20,2017-12-21,1,3522.25,3527.75,5.50,-2.00,13.25,2,signal
D01_2,D01,2017-12-20,2017-12-20,2017-12-21,1,3522.25,3527.75,5.50,-2.00,13.25,2,signal
C<wvwapxsd_1,C<wvwap#sd,2017-12-14,2017-12-14,2017-12-22,1,3495.00,3528.25,33.25,-3.75,42.50,7,signal
P_HixDD>x&RSIx_2,P_Hi#DD>#&RSI#<#,2017-12-14,2017-12-14,2017-12-22,1,3495.00,3528.25,33.25,-3.75,42.50,7,signal
P_HixDD>x&IBS<_1,P_Hi#DD>#&IBS<#,2017-12-14,2017-12-14,2017-12-22,1,3495.00,3528.25,33.25,-3.75,42.50,7,signal
RSIx<x_1,RSI#<#,2017-12-27,2017-12-27,2017-12-28,1,3524.50,3526.50,2.00,-2.00,4.00,2,signal
LMT_RSIx<x_xAT_2,LMT_RSI#<#_#ATR,2017-12-29,2018-01-02,2018-01-02,1,3512.63,3535.25,22.62,-5.38,22.87,1,time
C<wvwapxsd_1,C<wvwap#sd,2017-12-22,2017-12-22,2018-01-02,1,3528.25,3535.25,7.00,-21.00,9.50,6,signal
C<wvwapxsd_3,C<wvwap#sd,2017-12-29,2017-12-29,2018-01-02,1,3517.00,3508.26,-8.74,-9.75,18.50,2,sl
C<wvwapxsd_4,C<wvwap#sd,2017-12-19,2017-12-19,2018-01-02,1,3524.00,3535.25,11.25,-16.75,13.75,9,signal
P_HixDD>x&RSIx_1,P_Hi#DD>#&RSI#<#,2017-12-29,2017-12-29,2018-01-02,1,3517.00,3535.25,18.25,-9.75,18.50,2,signal
P_HixDD>x&RSIx_2,P_Hi#DD>#&RSI#<#,2017-12-29,2017-12-29,2018-01-02,1,3517.00,3535.25,18.25,-9.75,18.50,2,signal
IBS<x_2,IBS<#,2017-12-19,2017-12-19,2018-01-02,1,3524.00,3535.25,11.25,-16.75,13.75,9,signal
IBS<x_3,IBS<#,2017-12-29,2017-12-29,2018-01-02,1,3517.00,3535.25,18.25,-9.75,18.50,2,signal
D01_2,D01,2017-12-29,2017-12-29,2018-01-02,1,3517.00,3535.25,18.25,-9.75,18.50,2,signal
D01_4,D01,2017-12-29,2017-12-29,2018-01-02,1,3517.00,3535.25,18.25,-9.75,18.50,2,signal
CloseAtxdLow_3,CloseAt#dLow,2017-12-29,2017-12-29,2018-01-02,1,3517.00,3535.25,18.25,-9.75,18.50,2,signal
RSIx<x_1,RSI#<#,2017-12-29,2017-12-29,2018-01-02,1,3517.00,3535.25,18.25,-9.75,18.50,2,signal
P_HixDD>x&IBS<_1,P_Hi#DD>#&IBS<#,2017-12-29,2017-12-29,2018-01-02,1,3517.00,3535.25,18.25,-9.75,18.50,2,signal
P_HixDD>x&IBS<_3,P_Hi#DD>#&IBS<#,2017-12-29,2017-12-29,2018-01-02,1,3517.00,3535.25,18.25,-9.75,18.50,2,signal
P_HixDD>x&IBS<_4,P_Hi#DD>#&IBS<#,2017-12-29,2017-12-29,2018-01-02,1,3517.00,3535.25,18.25,-9.75,18.50,2,signal
C<dvwapxsd_1,C<dvwap#sd,2017-12-04,2017-12-04,2018-01-03,1,3481.00,3539.28,58.28,-18.50,72.75,21,tp
IBS<x_4,IBS<#,2017-12-04,2017-12-04,2018-01-03,1,3481.00,3539.28,58.28,-18.50,72.75,21,tp
D01_1,D01,2018-01-02,2018-01-02,2018-01-03,1,3535.25,3552.00,16.75,-3.75,18.50,2,signal
CloseAtxdLow_2,CloseAt#dLow,2017-12-29,2017-12-29,2018-01-03,1,3517.00,3551.95,34.95,-9.75,36.75,3,tp
IBS<x_1,IBS<#,2017-12-19,2017-12-19,2018-01-04,1,3524.00,3561.62,37.62,-16.75,44.50,11,tp
ConnorsRSI<x_1,ConnorsRSI<#,2017-12-05,2017-12-05,2018-01-04,1,3471.50,3563.50,92.00,-9.00,97.00,21,time
ConnorsRSI<x_4,ConnorsRSI<#,2017-12-29,2017-12-29,2018-01-04,1,3517.00,3558.75,41.75,-9.75,51.50,4,tp
C<wvwapxsd_2,C<wvwap#sd,2017-12-07,2017-12-07,2018-01-08,1,3480.00,3586.00,106.00,-0.50,108.00,21,time
C<dvwapxsd_3,C<dvwap#sd,2017-12-19,2017-12-19,2018-01-15,1,3524.00,3636.88,112.88,-16.75,113.00,18,tp
C<wvwapxsd_1,C<wvwap#sd,2018-01-16,2018-01-16,2018-01-17,1,3617.25,3644.25,27.00,-0.75,31.75,2,signal
IBS<x_3,IBS<#,2018-01-16,2018-01-16,2018-01-17,1,3617.25,3644.25,27.00,-0.75,31.75,2,signal
D01_2,D01,2018-01-16,2018-01-16,2018-01-17,1,3617.25,3644.25,27.00,-0.75,31.75,2,signal
P_HixDD>x&IBS<_1,P_Hi#DD>#&IBS<#,2018-01-16,2018-01-16,2018-01-17,1,3617.25,3644.25,27.00,-0.75,31.75,2,signal
P_HixDD>x&IBS<_3,P_Hi#DD>#&IBS<#,2018-01-16,2018-01-16,2018-01-17,1,3617.25,3644.25,27.00,-0.75,31.75,2,signal
P_HixDD>x&IBS<_4,P_Hi#DD>#&IBS<#,2018-01-16,2018-01-16,2018-01-17,1,3617.25,3644.25,27.00,-0.75,31.75,2,signal
C<wvwapxsd_4,C<wvwap#sd,2018-01-16,2018-01-16,2018-01-19,1,3617.25,3652.00,34.75,-0.75,35.00,4,signal
C<dvwapxsd_1,C<dvwap#sd,2018-01-16,2018-01-16,2018-01-22,1,3617.25,3670.43,53.18,-0.75,57.75,5,tp
IBS<x_1,IBS<#,2018-01-16,2018-01-16,2018-01-22,1,3617.25,3652.70,35.45,-0.75,57.75,5,tp
C<wvwapxsd_3,C<wvwap#sd,2018-01-29,2018-01-29,2018-01-30,1,3692.50,3671.25,-21.25,-34.50,5.00,2,sl
IBS<x_1,IBS<#,2018-01-29,2018-01-29,2018-01-30,1,3692.50,3669.38,-23.12,-34.50,5.00,2,sl
IBS<x_4,IBS<#,2018-01-29,2018-01-29,2018-01-30,1,3692.50,3669.38,-23.12,-34.50,5.00,2,sl
LMT_RSIx<x_xAT_2,LMT_RSI#<#_#ATR,2018-01-30,2018-01-31,2018-01-31,1,3657.08,3665.25,8.17,-4.58,22.17,1,time
C<dvwapxsd_1,C<dvwap#sd,2018-01-29,2018-01-29,2018-01-31,1,3692.50,3657.81,-34.69,-40.00,5.00,3,sl
LMT_RSIx<x_xAT_2,LMT_RSI#<#_#ATR,2018-02-01,2018-02-02,2018-02-02,1,3645.50,3599.50,-46.00,-47.25,25.00,1,time
LMT_RSIx<x_xAT_4,LMT_RSI#<#_#ATR,2018-02-01,2018-02-02,2018-02-02,1,3643.30,3616.47,-26.84,-45.05,27.20,1,sl
P_HixDD>x&RSIx_1,P_Hi#DD>#&RSI#<#,2018-01-30,2018-01-30,2018-02-02,1,3663.00,3615.62,-47.38,-64.75,16.25,4,sl
P_HixDD>x&RSIx_3,P_Hi#DD>#&RSI#<#,2018-01-30,2018-01-30,2018-02-02,1,3663.00,3615.62,-47.38,-64.75,16.25,4,sl
IBS<x_1,IBS<#,2018-01-30,2018-01-30,2018-02-02,1,3663.00,3639.31,-23.69,-64.75,16.25,4,sl
CloseAtxdLow_2,CloseAt#dLow,2018-01-30,2018-01-30,2018-02-02,1,3663.00,3615.62,-47.38,-64.75,16.25,4,sl
RSIx<x_1,RSI#<#,2018-01-30,2018-01-30,2018-02-02,1,3663.00,3615.62,-47.38,-64.75,16.25,4,sl
P_HixDD>x&IBS<_3,P_Hi#DD>#&IBS<#,2018-01-30,2018-01-30,2018-02-02,1,3663.00,3615.62,-47.38,-64.75,16.25,4,sl
P_HixDD>x&IBS<_4,P_Hi#DD>#&IBS<#,2018-01-30,2018-01-30,2018-02-02,1,3663.00,3615.62,-47.38,-64.75,16.25,4,sl
ConnorsRSI<x_2,ConnorsRSI<#,2018-01-30,2018-01-30,2018-02-02,1,3663.00,3627.47,-35.53,-64.75,16.25,4,sl
ConnorsRSI<x_4,ConnorsRSI<#,2018-01-30,2018-01-30,2018-02-02,1,3663.00,3627.47,-35.53,-64.75,16.25,4,sl
LMT_RSIx<x_xAT_1,LMT_RSI#<#_#ATR,2018-02-02,2018-02-05,2018-02-05,1,3578.75,3480.88,-97.88,-103.75,24.00,1,sl
LMT_RSIx<x_xAT_2,LMT_RSI#<#_#ATR,2018-02-02,2018-02-05,2018-02-05,1,3578.75,3484.75,-94.00,-103.75,24.00,1,time
LMT_RSIx<x_xAT_4,LMT_RSI#<#_#ATR,2018-02-02,2018-02-05,2018-02-05,1,3578.75,3546.12,-32.62,-103.75,24.00,1,sl
C<dvwapxsd_1,C<dvwap#sd,2018-02-02,2018-02-02,2018-02-05,1,3599.50,3559.24,-40.26,-124.50,3.25,2,sl
C<dvwapxsd_3,C<dvwap#sd,2018-01-16,2018-01-16,2018-02-05,1,3617.25,3564.07,-53.18,-142.25,100.75,15,sl
C<wvwapxsd_2,C<wvwap#sd,2018-01-16,2018-01-16,2018-02-05,1,3617.25,3564.07,-53.18,-142.25,100.75,15,sl
P_HixDD>x&RSIx_1,P_Hi#DD>#&RSI#<#,2018-02-02,2018-02-02,2018-02-05,1,3599.50,3545.82,-53.68,-124.50,3.25,2,sl
P_HixDD>x&RSIx_3,P_Hi#DD>#&RSI#<#,2018-02-02,2018-02-02,2018-02-05,1,3599.50,3545.82,-53.68,-124.50,3.25,2,sl
P_HixDD>x&RSIx_4,P_Hi#DD>#&RSI#<#,2018-02-02,2018-02-02,2018-02-05,1,3599.50,3572.66,-26.84,-124.50,3.25,2,sl
IBS<x_1,IBS<#,2018-02-02,2018-02-02,2018-02-05,1,3599.50,3572.66,-26.84,-124.50,3.25,2,sl
IBS<x_4,IBS<#,2018-02-02,2018-02-02,2018-02-05,1,3599.50,3572.66,-26.84,-124.50,3.25,2,sl
WRx<x_1,WR#<#,2018-02-02,2018-02-02,2018-02-05,1,3599.50,3572.66,-26.84,-124.50,3.25,2,sl
WRx<x_2,WR#<#,2018-02-02,2018-02-02,2018-02-05,1,3599.50,3572.66,-26.84,-124.50,3.25,2,sl
WRx<x_3,WR#<#,2018-02-02,2018-02-02,2018-02-05,1,3599.50,3545.82,-53.68,-124.50,3.25,2,sl
WRx<x_4,WR#<#,2018-02-02,2018-02-02,2018-02-05,1,3599.50,3518.99,-80.51,-124.50,3.25,2,sl
CloseAtxdLow_2,CloseAt#dLow,2018-02-02,2018-02-02,2018-02-05,1,3599.50,3545.82,-53.68,-124.50,3.25,2,sl
RSIx<x_1,RSI#<#,2018-02-02,2018-02-02,2018-02-05,1,3599.50,3545.82,-53.68,-124.50,3.25,2,sl
RSIx<x_3,RSI#<#,2018-02-02,2018-02-02,2018-02-05,1,3599.50,3559.24,-40.26,-124.50,3.25,2,sl
RSIx<x_4,RSI#<#,2018-02-02,2018-02-02,2018-02-05,1,3599.50,3578.75,-20.75,-124.50,3.25,2,sl
P_HixDD>x&IBS<_1,P_Hi#DD>#&IBS<#,2018-01-30,2018-01-30,2018-02-05,1,3663.00,3578.75,-84.25,-188.00,16.25,5,sl
P_HixDD>x&IBS<_3,P_Hi#DD>#&IBS<#,2018-02-02,2018-02-02,2018-02-05,1,3599.50,3545.82,-53.68,-124.50,3.25,2,sl
P_HixDD>x&IBS<_4,P_Hi#DD>#&IBS<#,2018-02-02,2018-02-02,2018-02-05,1,3599.50,3545.82,-53.68,-124.50,3.25,2,sl
ConnorsRSI<x_1,ConnorsRSI<#,2018-01-30,2018-01-30,2018-02-05,1,3663.00,3578.75,-84.25,-188.00,16.25,5,sl
ConnorsRSI<x_4,ConnorsRSI<#,2018-02-02,2018-02-02,2018-02-05,1,3599.50,3559.24,-40.26,-124.50,3.25,2,sl
LMT_RSIx<x_xAT_4,LMT_RSI#<#_#ATR,2018-02-05,2018-02-06,2018-02-06,1,3441.25,3400.95,-40.30,-72.75,98.00,1,sl
C<dvwapxsd_1,C<dvwap#sd,2018-02-05,2018-02-05,2018-02-06,1,3484.75,3435.81,-48.94,-116.25,54.50,2,sl
C<dvwapxsd_4,C<dvwap#sd,2018-02-05,2018-02-05,2018-02-06,1,3484.75,3441.25,-43.50,-116.25,54.50,2,sl
C<wvwapxsd_1,C<wvwap#sd,2018-01-29,2018-01-29,2018-02-06,1,3692.50,3534.25,-158.25,-324.00,5.00,7,signal
C<wvwapxsd_2,C<wvwap#sd,2018-02-05,2018-02-05,2018-02-06,1,3484.75,3386.88,-97.88,-116.25,54.50,2,sl
P_HixDD>x&RSIx_1,P_Hi#DD>#&RSI#<#,2018-02-05,2018-02-05,2018-02-06,1,3484.75,3419.50,-65.25,-116.25,54.50,2,sl
P_HixDD>x&RSIx_2,P_Hi#DD>#&RSI#<#,2018-01-30,2018-01-30,2018-02-06,1,3663.00,3534.25,-128.75,-294.50,16.25,6,signal
P_HixDD>x&RSIx_3,P_Hi#DD>#&RSI#<#,2018-02-05,2018-02-05,2018-02-06,1,3484.75,3419.50,-65.25,-116.25,54.50,2,sl
IBS<x_1,IBS<#,2018-02-05,2018-02-05,2018-02-06,1,3484.75,3441.25,-43.50,-116.25,54.50,2,sl
IBS<x_4,IBS<#,2018-02-05,2018-02-05,2018-02-06,1,3484.75,3441.25,-43.50,-116.25,54.50,2,sl
WRx<x_1,WR#<#,2018-02-05,2018-02-05,2018-02-06,1,3484.75,3441.25,-43.50,-116.25,54.50,2,sl
WRx<x_2,WR#<#,2018-02-05,2018-02-05,2018-02-06,1,3484.75,3441.25,-43.50,-116.25,54.50,2,sl
WRx<x_3,WR#<#,2018-02-05,2018-02-05,2018-02-06,1,3484.75,3419.50,-65.25,-116.25,54.50,2,sl
WRx<x_4,WR#<#,2018-02-05,2018-02-05,2018-02-06,1,3484.75,3386.88,-97.88,-116.25,54.50,2,sl
CloseAtxdLow_1,CloseAt#dLow,2018-02-05,2018-02-05,2018-02-06,1,3484.75,3419.50,-65.25,-116.25,54.50,2,sl
CloseAtxdLow_2,CloseAt#dLow,2018-02-05,2018-02-05,2018-02-06,1,3484.75,3419.50,-65.25,-116.25,54.50,2,sl
RSIx<x_1,RSI#<#,2018-02-05,2018-02-05,2018-02-06,1,3484.75,3419.50,-65.25,-116.25,54.50,2,sl
RSIx<x_3,RSI#<#,2018-02-05,2018-02-05,2018-02-06,1,3484.75,3435.81,-48.94,-116.25,54.50,2,sl
RSIx<x_4,RSI#<#,2018-02-05,2018-02-05,2018-02-06,1,3484.75,3441.25,-43.50,-116.25,54.50,2,sl
P_HixDD>x&IBS<_1,P_Hi#DD>#&IBS<#,2018-02-05,2018-02-05,2018-02-06,1,3484.75,3386.88,-97.88,-116.25,54.50,2,sl
P_HixDD>x&IBS<_2,P_Hi#DD>#&IBS<#,2018-01-30,2018-01-30,2018-02-06,1,3663.00,3534.25,-128.75,-294.50,16.25,6,signal
P_HixDD>x&IBS<_3,P_Hi#DD>#&IBS<#,2018-02-05,2018-02-05,2018-02-06,1,3484.75,3419.50,-65.25,-116.25,54.50,2,sl
P_HixDD>x&IBS<_4,P_Hi#DD>#&IBS<#,2018-02-05,2018-02-05,2018-02-06,1,3484.75,3419.50,-65.25,-116.25,54.50,2,sl
ConnorsRSI<x_3,ConnorsRSI<#,2018-02-05,2018-02-05,2018-02-06,1,3484.75,3441.25,-43.50,-116.25,54.50,2,sl
ConnorsRSI<x_4,ConnorsRSI<#,2018-02-05,2018-02-05,2018-02-06,1,3484.75,3435.81,-48.94,-116.25,54.50,2,sl
RSIx<x_3,RSI#<#,2018-02-06,2018-02-06,2018-02-07,1,3534.25,3564.47,30.22,-34.25,32.00,2,tp
C<dvwapxsd_1,C<dvwap#sd,2018-02-07,2018-02-07,2018-02-08,1,3518.50,3454.34,-64.16,-102.00,7.50,2,sl
IBS<x_1,IBS<#,2018-02-07,2018-02-07,2018-02-08,1,3518.50,3475.72,-42.78,-102.00,7.50,2,sl
IBS<x_4,IBS<#,2018-02-07,2018-02-07,2018-02-08,1,3518.50,3475.72,-42.78,-102.00,7.50,2,sl
D01_3,D01,2018-02-06,2018-02-06,2018-02-08,1,3534.25,3473.80,-60.45,-117.75,32.00,3,sl
RSIx<x_3,RSI#<#,2018-02-07,2018-02-07,2018-02-08,1,3518.50,3454.34,-64.16,-102.00,7.50,2,sl
P_HixDD>x&IBS<_3,P_Hi#DD>#&IBS<#,2018-02-07,2018-02-07,2018-02-08,1,3518.50,3432.95,-85.55,-102.00,7.50,2,sl
P_HixDD>x&IBS<_4,P_Hi#DD>#&IBS<#,2018-02-07,2018-02-07,2018-02-08,1,3518.50,3432.95,-85.55,-102.00,7.50,2,sl
C<dvwapxsd_4,C<dvwap#sd,2018-02-08,2018-02-08,2018-02-09,1,3417.75,3394.14,-23.61,-48.00,59.50,2,sl
P_HixDD>x&RSIx_3,P_Hi#DD>#&RSI#<#,2018-02-08,2018-02-08,2018-02-09,1,3417.75,3458.25,40.50,-48.00,59.50,2,signal
IBS<x_1,IBS<#,2018-02-08,2018-02-08,2018-02-09,1,3417.75,3370.54,-47.21,-48.00,59.50,2,sl
WRx<x_1,WR#<#,2018-02-08,2018-02-08,2018-02-09,1,3417.75,3370.54,-47.21,-48.00,59.50,2,sl
RSIx<x_3,RSI#<#,2018-02-08,2018-02-08,2018-02-09,1,3417.75,3453.16,35.41,-48.00,59.50,2,tp
RSIx<x_4,RSI#<#,2018-02-08,2018-02-08,2018-02-09,1,3417.75,3394.14,-23.61,-48.00,59.50,2,sl
P_HixDD>x&IBS<_1,P_Hi#DD>#&IBS<#,2018-02-07,2018-02-07,2018-02-09,1,3518.50,3390.18,-128.32,-148.75,7.50,3,sl
C<wvwapxsd_4,C<wvwap#sd,2018-01-29,2018-01-29,2018-02-12,1,3692.50,3493.50,-199.00,-324.00,5.00,11,signal
P_HixDD>x&RSIx_1,P_Hi#DD>#&RSI#<#,2018-02-08,2018-02-08,2018-02-12,1,3417.75,3493.50,75.75,-48.00,93.25,3,signal
IBS<x_2,IBS<#,2018-01-29,2018-01-29,2018-02-12,1,3692.50,3493.50,-199.00,-324.00,5.00,11,signal
IBS<x_3,IBS<#,2018-01-29,2018-01-29,2018-02-12,1,3692.50,3493.50,-199.00,-324.00,5.00,11,time
WRx<x_3,WR#<#,2018-02-08,2018-02-08,2018-02-12,1,3417.75,3493.50,75.75,-48.00,93.25,3,signal
WRx<x_4,WR#<#,2018-02-08,2018-02-08,2018-02-12,1,3417.75,3493.50,75.75,-48.00,93.25,3,signal
CloseAtxdLow_1,CloseAt#dLow,2018-02-08,2018-02-08,2018-02-12,1,3417.75,3493.50,75.75,-48.00,93.25,3,signal
P_HixDD>x&IBS<_4,P_Hi#DD>#&IBS<#,2018-02-08,2018-02-08,2018-02-12,1,3417.75,3493.50,75.75,-48.00,93.25,3,signal
LMT_RSIx<x_xAT_1,LMT_RSI#<#_#ATR,2018-02-05,2018-02-06,2018-02-13,1,3441.25,3501.75,60.50,-72.75,125.00,6,signal
C06_1,C06,2018-02-07,2018-02-07,2018-02-13,1,3518.50,3480.25,-38.25,-148.75,7.50,5,signal
CloseAtxdLow_3,CloseAt#dLow,2018-01-30,2018-01-30,2018-02-13,1,3663.00,3501.75,-161.25,-294.50,16.25,11,time
RSIx<x_2,RSI#<#,2018-02-02,2018-02-02,2018-02-13,1,3599.50,3480.25,-119.25,-231.00,3.25,8,signal
P_HixDD>x&IBS<_3,P_Hi#DD>#&IBS<#,2018-02-08,2018-02-08,2018-02-13,1,3417.75,3501.75,84.00,-48.00,93.25,4,signal
D01_2,D01,2018-01-29,2018-01-29,2018-02-14,1,3692.50,3539.00,-153.50,-324.00,5.00,13,signal
ConnorsRSI<x_4,ConnorsRSI<#,2018-02-08,2018-02-08,2018-02-14,1,3417.75,3523.98,106.23,-48.00,123.50,5,tp
LMT_RSIx<x_xAT_3,LMT_RSI#<#_#ATR,2018-02-02,2018-02-05,2018-02-15,1,3578.75,3571.25,-7.50,-210.25,24.00,9,signal
C<dvwapxsd_1,C<dvwap#sd,2018-02-08,2018-02-08,2018-02-15,1,3417.75,3559.39,141.64,-48.00,153.50,6,tp
C06_2,C06,2018-02-12,2018-02-12,2018-02-15,1,3493.50,3556.25,62.75,-27.00,77.75,4,tp
LMT_RSIx<x_xAT_4,LMT_RSI#<#_#ATR,2018-02-08,2018-02-09,2018-02-21,1,3382.34,3542.76,160.42,-12.59,211.91,9,trail
D01_2,D01,2018-02-20,2018-02-20,2018-02-21,1,3554.75,3539.75,-15.00,-15.00,32.50,2,signal
C<dvwapxsd_4,C<dvwap#sd,2018-02-21,2018-02-21,2018-02-22,1,3539.75,3569.29,29.54,-18.25,30.75,2,tp
D01_2,D01,2018-02-21,2018-02-21,2018-02-22,1,3539.75,3542.75,3.00,-18.25,30.75,2,signal
RSIx<x_1,RSI#<#,2018-02-21,2018-02-21,2018-02-22,1,3539.75,3542.75,3.00,-18.25,30.75,2,signal
C<wvwapxsd_1,C<wvwap#sd,2018-02-19,2018-02-19,2018-02-23,1,3568.00,3587.00,19.00,-46.50,19.25,5,signal
C<wvwapxsd_4,C<wvwap#sd,2018-02-19,2018-02-19,2018-02-23,1,3568.00,3587.00,19.00,-46.50,19.25,5,signal
P_HixDD>x&RSIx_1,P_Hi#DD>#&RSI#<#,2018-02-21,2018-02-21,2018-02-23,1,3539.75,3587.00,47.25,-18.25,47.25,3,signal
P_HixDD>x&RSIx_3,P_Hi#DD>#&RSI#<#,2018-02-21,2018-02-21,2018-02-23,1,3539.75,3587.00,47.25,-18.25,47.25,3,signal
IBS<x_2,IBS<#,2018-02-21,2018-02-21,2018-02-23,1,3539.75,3587.00,47.25,-18.25,47.25,3,signal
D01_2,D01,2018-02-22,2018-02-22,2018-02-23,1,3542.75,3587.00,44.25,-1.75,44.25,2,signal
P_HixDD>x&IBS<_1,P_Hi#DD>#&IBS<#,2018-02-21,2018-02-21,2018-02-23,1,3539.75,3587.00,47.25,-18.25,47.25,3,signal
P_HixDD>x&IBS<_3,P_Hi#DD>#&IBS<#,2018-02-21,2018-02-21,2018-02-23,1,3539.75,3587.00,47.25,-18.25,47.25,3,signal
P_HixDD>x&IBS<_4,P_Hi#DD>#&IBS<#,2018-02-21,2018-02-21,2018-02-23,1,3539.75,3587.00,47.25,-18.25,47.25,3,signal
C06_4,C06,2018-02-23,2018-02-23,2018-02-26,1,3587.00,3609.88,22.88,-5.00,33.00,2,tp
D01_3,D01,2018-02-09,2018-02-09,2018-02-26,1,3458.25,3612.71,154.46,-5.75,161.75,12,tp
C06_1,C06,2018-02-23,2018-02-23,2018-02-27,1,3587.00,3621.25,34.25,-5.00,33.00,3,signal
C<dvwapxsd_4,C<dvwap#sd,2018-02-27,2018-02-27,2018-02-28,1,3583.50,3552.56,-30.94,-31.50,18.00,2,sl
C<wvwapxsd_3,C<wvwap#sd,2018-02-27,2018-02-27,2018-02-28,1,3583.50,3552.56,-30.94,-31.50,18.00,2,sl
C<dvwapxsd_4,C<dvwap#sd,2018-02-28,2018-02-28,2018-03-01,1,3552.75,3521.24,-31.51,-54.75,17.75,2,sl
C06_2,C06,2018-02-23,2018-02-23,2018-03-01,1,3587.00,3526.00,-61.00,-89.00,42.25,5,sl
IBS<x_1,IBS<#,2018-02-16,2018-02-16,2018-03-01,1,3572.00,3514.34,-57.66,-74.00,57.25,10,sl
IBS<x_4,IBS<#,2018-02-21,2018-02-21,2018-03-01,1,3539.75,3539.75,0.00,-41.75,89.50,7,breakeven
C<wvwapxsd_1,C<wvwap#sd,2018-02-27,2018-02-27,2018-03-02,1,3583.50,3529.25,-54.25,-97.00,18.00,4,signal
C06_3,C06,2018-02-12,2018-02-12,2018-03-02,1,3493.50,3493.50,0.00,-27.00,135.75,15,breakeven
P_HixDD>x&RSIx_3,P_Hi#DD>#&RSI#<#,2018-02-28,2018-02-28,2018-03-02,1,3552.75,3529.25,-23.50,-66.25,17.75,3,signal
P_HixDD>x&IBS<_1,P_Hi#DD>#&IBS<#,2018-02-27,2018-02-27,2018-03-02,1,3583.50,3529.25,-54.25,-97.00,18.00,4,signal
C<wvwapxsd_1,C<wvwap#sd,2018-03-02,2018-03-02,2018-03-05,1,3529.25,3560.75,31.50,-26.00,38.00,2,signal
C<wvwapxsd_4,C<wvwap#sd,2018-02-27,2018-02-27,2018-03-05,1,3583.50,3560.75,-22.75,-97.00,18.00,5,signal
P_HixDD>x&RSIx_1,P_Hi#DD>#&RSI#<#,2018-02-28,2018-02-28,2018-03-05,1,3552.75,3560.75,8.00,-66.25,17.75,4,signal
IBS<x_2,IBS<#,2018-02-27,2018-02-27,2018-03-05,1,3583.50,3560.75,-22.75,-97.00,18.00,5,signal
D01_2,D01,2018-02-27,2018-02-27,2018-03-05,1,3583.50,3560.75,-22.75,-97.00,18.00,5,signal
RSIx<x_1,RSI#<#,2018-02-28,2018-02-28,2018-03-05,1,3552.75,3560.75,8.00,-66.25,17.75,4,signal
P_HixDD>x&IBS<_3,P_Hi#DD>#&IBS<#,2018-02-27,2018-02-27,2018-03-05,1,3583.50,3560.75,-22.75,-97.00,18.00,5,signal
P_HixDD>x&IBS<_4,P_Hi#DD>#&IBS<#,2018-02-27,2018-02-27,2018-03-05,1,3583.50,3560.75,-22.75,-97.00,18.00,5,signal
C06_1,C06,2018-03-05,2018-03-05,2018-03-07,1,3560.75,3542.00,-18.75,-11.00,13.25,3,signal
C<wvwapxsd_2,C<wvwap#sd,2018-02-08,2018-02-08,2018-03-08,1,3417.75,3578.50,160.75,-48.00,211.50,21,time
C06_2,C06,2018-03-05,2018-03-05,2018-03-09,1,3560.75,3621.66,60.91,-40.00,65.75,5,tp
IBS<x_3,IBS<#,2018-03-12,2018-03-12,2018-03-13,1,3622.75,3604.00,-18.75,-25.50,19.25,2,signal
D01_2,D01,2018-03-12,2018-03-12,2018-03-13,1,3622.75,3604.00,-18.75,-25.50,19.25,2,signal
D01_2,D01,2018-03-13,2018-03-13,2018-03-14,1,3604.00,3589.00,-15.00,-21.00,14.25,2,signal
C<wvwapxsd_3,C<wvwap#sd,2018-03-13,2018-03-13,2018-03-15,1,3604.00,3581.76,-22.24,-24.25,14.25,3,sl
D01_2,D01,2018-03-14,2018-03-14,2018-03-15,1,3589.00,3586.00,-3.00,-9.25,13.00,2,signal
RSIx<x_1,RSI#<#,2018-03-14,2018-03-14,2018-03-15,1,3589.00,3586.00,-3.00,-9.25,13.00,2,signal
C<dvwapxsd_1,C<dvwap#sd,2018-02-16,2018-02-16,2018-03-16,1,3572.00,3588.50,16.50,-85.50,70.00,21,time
LMT_RSIx<x_xAT_4,LMT_RSI#<#_#ATR,2018-02-28,2018-03-01,2018-03-19,1,3505.48,3576.74,71.26,-18.98,136.52,13,trail
C06_3,C06,2018-03-05,2018-03-05,2018-03-19,1,3560.75,3560.75,0.00,-40.00,81.25,11,breakeven
IBS<x_4,IBS<#,2018-03-16,2018-03-16,2018-03-19,1,3588.50,3547.88,-40.62,-56.50,4.25,2,sl
P_HixDD>x&IBS<_3,P_Hi#DD>#&IBS<#,2018-03-12,2018-03-12,2018-03-19,1,3622.75,3534.95,-87.80,-90.75,19.25,6,sl
P_HixDD>x&IBS<_4,P_Hi#DD>#&IBS<#,2018-03-12,2018-03-12,2018-03-19,1,3622.75,3534.95,-87.80,-90.75,19.25,6,sl
ConnorsRSI<x_4,ConnorsRSI<#,2018-02-20,2018-02-20,2018-03-20,1,3554.75,3555.25,0.50,-68.25,87.25,21,time
C<dvwapxsd_1,C<dvwap#sd,2018-03-16,2018-03-16,2018-03-22,1,3588.50,3523.25,-65.25,-111.75,4.25,5,sl
C<wvwapxsd_2,C<wvwap#sd,2018-03-12,2018-03-12,2018-03-22,1,3622.75,3491.05,-131.70,-146.00,19.25,9,sl
P_HixDD>x&RSIx_1,P_Hi#DD>#&RSI#<#,2018-03-14,2018-03-14,2018-03-22,1,3589.00,3504.00,-85.00,-112.25,13.00,7,sl
P_HixDD>x&RSIx_3,P_Hi#DD>#&RSI#<#,2018-03-14,2018-03-14,2018-03-22,1,3589.00,3504.00,-85.00,-112.25,13.00,7,sl
IBS<x_1,IBS<#,2018-03-01,2018-03-01,2018-03-22,1,3515.50,3515.50,0.00,-38.75,126.50,16,breakeven
IBS<x_4,IBS<#,2018-03-21,2018-03-21,2018-03-22,1,3549.50,3508.84,-40.66,-72.75,11.50,2,sl
D01_3,D01,2018-03-02,2018-03-02,2018-03-22,1,3529.25,3523.25,-6.00,-52.50,112.75,15,breakeven
RSIx<x_1,RSI#<#,2018-03-15,2018-03-15,2018-03-22,1,3586.00,3503.10,-82.90,-109.25,15.00,6,sl
RSIx<x_3,RSI#<#,2018-03-19,2018-03-19,2018-03-22,1,3551.00,3487.62,-63.38,-74.25,27.75,4,sl
RSIx<x_4,RSI#<#,2018-03-19,2018-03-19,2018-03-22,1,3551.00,3523.25,-27.75,-74.25,27.75,4,sl
LMT_RSIx<x_xAT_4,LMT_RSI#<#_#ATR,2018-03-21,2018-03-22,2018-03-23,1,3519.00,3476.58,-42.43,-98.25,42.00,2,sl
IBS<x_1,IBS<#,2018-03-22,2018-03-22,2018-03-23,1,3480.25,3437.82,-42.43,-59.50,13.25,2,sl
WRx<x_1,WR#<#,2018-03-22,2018-03-22,2018-03-23,1,3480.25,3437.82,-42.43,-59.50,13.25,2,sl
RSIx<x_4,RSI#<#,2018-03-22,2018-03-22,2018-03-23,1,3480.25,3459.04,-21.21,-59.50,13.25,2,sl
P_HixDD>x&IBS<_1,P_Hi#DD>#&IBS<#,2018-03-14,2018-03-14,2018-03-23,1,3589.00,3461.50,-127.50,-168.25,13.00,8,sl
P_HixDD>x&IBS<_3,P_Hi#DD>#&IBS<#,2018-03-21,2018-03-21,2018-03-23,1,3549.50,3468.18,-81.32,-128.75,11.50,3,sl
P_HixDD>x&IBS<_4,P_Hi#DD>#&IBS<#,2018-03-21,2018-03-21,2018-03-23,1,3549.50,3468.18,-81.32,-128.75,11.50,3,sl
ConnorsRSI<x_1,ConnorsRSI<#,2018-03-14,2018-03-14,2018-03-23,1,3589.00,3461.50,-127.50,-168.25,13.00,8,sl
C<wvwapxsd_1,C<wvwap#sd,2018-03-12,2018-03-12,2018-03-26,1,3622.75,3495.00,-127.75,-202.00,19.25,11,signal
C<wvwapxsd_4,C<wvwap#sd,2018-03-12,2018-03-12,2018-03-26,1,3622.75,3495.00,-127.75,-202.00,19.25,11,signal
P_HixDD>x&RSIx_2,P_Hi#DD>#&RSI#<#,2018-03-14,2018-03-14,2018-03-26,1,3589.00,3495.00,-94.00,-168.25,13.00,9,signal
P_HixDD>x&RSIx_3,P_Hi#DD>#&RSI#<#,2018-03-22,2018-03-22,2018-03-26,1,3480.25,3495.00,14.75,-59.50,17.25,3,signal
IBS<x_2,IBS<#,2018-03-13,2018-03-13,2018-03-26,1,3604.00,3495.00,-109.00,-183.25,14.25,10,signal
WRx<x_3,WR#<#,2018-03-22,2018-03-22,2018-03-26,1,3480.25,3495.00,14.75,-59.50,17.25,3,signal
WRx<x_4,WR#<#,2018-03-22,2018-03-22,2018-03-26,1,3480.25,3495.00,14.75,-59.50,17.25,3,signal
CloseAtxdLow_1,CloseAt#dLow,2018-03-22,2018-03-22,2018-03-26,1,3480.25,3495.00,14.75,-59.50,17.25,3,signal
P_HixDD>x&IBS<_1,P_Hi#DD>#&IBS<#,2018-03-23,2018-03-23,2018-03-26,1,3422.50,3495.00,72.50,-1.00,75.00,2,signal
P_HixDD>x&IBS<_2,P_Hi#DD>#&IBS<#,2018-03-12,2018-03-12,2018-03-26,1,3622.75,3495.00,-127.75,-202.00,19.25,11,signal
C<dvwapxsd_3,C<dvwap#sd,2018-02-27,2018-02-27,2018-03-27,1,3583.50,3448.00,-135.50,-162.75,58.50,21,time
IBS<x_1,IBS<#,2018-03-23,2018-03-23,2018-03-27,1,3422.50,3510.03,87.53,-1.00,92.00,3,tp
IBS<x_3,IBS<#,2018-03-13,2018-03-13,2018-03-27,1,3604.00,3448.00,-156.00,-183.25,14.25,11,time
WRx<x_1,WR#<#,2018-03-23,2018-03-23,2018-03-27,1,3422.50,3510.03,87.53,-1.00,92.00,3,tp
RSIx<x_3,RSI#<#,2018-03-22,2018-03-22,2018-03-27,1,3480.25,3512.07,31.82,-59.50,34.25,4,tp
C<wvwapxsd_4,C<wvwap#sd,2018-03-27,2018-03-27,2018-03-29,1,3448.00,3476.50,28.50,-20.25,46.25,3,signal
P_HixDD>x&RSIx_1,P_Hi#DD>#&RSI#<#,2018-03-22,2018-03-22,2018-03-29,1,3480.25,3476.50,-3.75,-59.50,34.25,6,signal
CloseAtxdLow_2,CloseAt#dLow,2018-03-01,2018-03-01,2018-03-29,1,3515.50,3476.50,-39.00,-94.75,126.50,21,time
P_HixDD>x&IBS<_4,P_Hi#DD>#&IBS<#,2018-03-27,2018-03-27,2018-03-29,1,3448.00,3476.50,28.50,-20.25,46.25,3,signal
C<dvwapxsd_1,C<dvwap#sd,2018-03-22,2018-03-22,2018-04-02,1,3480.25,3416.61,-63.64,-93.50,34.25,7,sl
C06_1,C06,2018-03-16,2018-03-16,2018-04-02,1,3588.50,3466.75,-121.75,-167.75,4.25,11,signal
C06_3,C06,2018-03-29,2018-03-29,2018-04-02,1,3476.50,3430.10,-46.40,-89.75,1.50,2,sl
IBS<x_1,IBS<#,2018-03-27,2018-03-27,2018-04-02,1,3448.00,3400.46,-47.54,-61.25,46.25,4,sl
D01_3,D01,2018-03-26,2018-03-26,2018-04-02,1,3495.00,3426.51,-68.49,-108.25,19.50,5,sl
RSIx<x_2,RSI#<#,2018-03-22,2018-03-22,2018-04-02,1,3480.25,3466.75,-13.50,-59.50,34.25,7,signal
ConnorsRSI<x_4,ConnorsRSI<#,2018-03-22,2018-03-22,2018-04-02,1,3480.25,3416.61,-63.64,-93.50,34.25,7,sl
P_HixDD>x&RSIx_3,P_Hi#DD>#&RSI#<#,2018-04-02,2018-04-02,2018-04-03,1,3414.25,3448.75,34.50,-6.00,39.25,2,signal
CloseAtxdLow_3,CloseAt#dLow,2018-03-19,2018-03-19,2018-04-03,1,3551.00,3448.75,-102.25,-164.25,27.75,11,time
P_HixDD>x&IBS<_1,P_Hi#DD>#&IBS<#,2018-03-27,2018-03-27,2018-04-03,1,3448.00,3448.75,0.75,-61.25,46.25,5,signal
LMT_RSIx<x_xAT_1,LMT_RSI#<#_#ATR,2018-03-22,2018-03-23,2018-04-04,1,3448.43,3478.25,29.82,-61.68,66.07,8,signal
C<wvwapxsd_4,C<wvwap#sd,2018-04-02,2018-04-02,2018-04-04,1,3414.25,3478.25,64.00,-20.00,70.25,3,signal
C06_3,C06,2018-04-03,2018-04-03,2018-04-04,1,3448.75,3401.18,-47.57,-54.50,35.75,2,sl
D01_2,D01,2018-03-15,2018-03-15,2018-04-04,1,3586.00,3478.25,-107.75,-199.25,15.00,14,signal
P_HixDD>x&IBS<_3,P_Hi#DD>#&IBS<#,2018-03-27,2018-03-27,2018-04-04,1,3448.00,3478.25,30.25,-61.25,46.25,6,signal
C06_1,C06,2018-04-03,2018-04-03,2018-04-05,1,3448.75,3495.50,46.75,-54.50,35.75,3,signal
C<wvwapxsd_4,C<wvwap#sd,2018-04-06,2018-04-06,2018-04-10,1,3437.50,3491.25,53.75,-1.50,63.50,3,signal
IBS<x_2,IBS<#,2018-04-09,2018-04-09,2018-04-10,1,3448.50,3491.25,42.75,-3.75,52.50,2,signal
D01_2,D01,2018-04-09,2018-04-09,2018-04-10,1,3448.50,3491.25,42.75,-3.75,52.50,2,signal
P_HixDD>x&IBS<_3,P_Hi#DD>#&IBS<#,2018-04-09,2018-04-09,2018-04-10,1,3448.50,3491.25,42.75,-3.75,52.50,2,signal
P_HixDD>x&IBS<_4,P_Hi#DD>#&IBS<#,2018-04-09,2018-04-09,2018-04-10,1,3448.50,3491.25,42.75,-3.75,52.50,2,signal
C06_1,C06,2018-04-10,2018-04-10,2018-04-12,1,3491.25,3491.75,0.50,-30.50,4.75,3,signal
IBS<x_2,IBS<#,2018-04-11,2018-04-11,2018-04-12,1,3477.25,3498.50,21.25,-2.75,32.50,2,signal
P_HixDD>x&IBS<_3,P_Hi#DD>#&IBS<#,2018-04-11,2018-04-11,2018-04-12,1,3477.25,3498.50,21.25,-2.75,32.50,2,signal
P_HixDD>x&IBS<_4,P_Hi#DD>#&IBS<#,2018-04-11,2018-04-11,2018-04-12,1,3477.25,3498.50,21.25,-2.75,32.50,2,signal
LMT_RSIx<x_xAT_3,LMT_RSI#<#_#ATR,2018-03-21,2018-03-22,2018-04-17,1,3523.25,3541.00,17.75,-136.50,37.75,18,signal
IBS<x_1,IBS<#,2018-04-06,2018-04-06,2018-04-17,1,3437.50,3543.32,105.82,-1.50,111.00,8,tp
C<wvwapxsd_2,C<wvwap#sd,2018-03-22,2018-03-22,2018-04-20,1,3480.25,3505.50,25.25,-93.50,73.00,21,time
P_HixDD>x&IBS<_1,P_Hi#DD>#&IBS<#,2018-04-09,2018-04-09,2018-04-23,1,3448.50,3504.25,55.75,-3.75,104.75,11,time
ConnorsRSI<x_3,ConnorsRSI<#,2018-03-23,2018-03-23,2018-04-23,1,3422.50,3504.25,81.75,-35.75,130.75,21,time
C06_3,C06,2018-04-10,2018-04-10,2018-04-24,1,3491.25,3491.25,0.00,-40.50,62.00,11,breakeven
LMT_RSIx<x_xAT_4,LMT_RSI#<#_#ATR,2018-04-23,2018-04-24,2018-04-25,1,3467.08,3467.00,-0.08,-21.08,56.17,2,trail
P_HixDD>x&RSIx_3,P_Hi#DD>#&RSI#<#,2018-04-20,2018-04-20,2018-04-25,1,3505.50,3473.50,-32.00,-59.50,17.75,4,signal
C<wvwapxsd_4,C<wvwap#sd,2018-04-19,2018-04-19,2018-04-26,1,3528.00,3501.00,-27.00,-82.00,5.00,6,signal
P_HixDD>x&RSIx_1,P_Hi#DD>#&RSI#<#,2018-04-24,2018-04-24,2018-04-26,1,3468.50,3501.00,32.50,-22.50,41.75,3,signal
C06_1,C06,2018-04-26,2018-04-26,2018-04-30,1,3501.00,3509.75,8.75,-8.50,11.25,3,signal
P_HixDD>x&RSIx_3,P_Hi#DD>#&RSI#<#,2018-04-25,2018-04-25,2018-05-01,1,3473.50,3486.50,13.00,-15.50,43.50,5,signal
P_HixDD>x&IBS<_1,P_Hi#DD>#&IBS<#,2018-04-30,2018-04-30,2018-05-01,1,3481.00,3486.50,5.50,-23.00,7.50,2,signal
P_HixDD>x&IBS<_4,P_Hi#DD>#&IBS<#,2018-04-30,2018-04-30,2018-05-01,1,3481.00,3486.50,5.50,-23.00,7.50,2,signal
C06_3,C06,2018-04-26,2018-04-26,2018-05-03,1,3501.00,3454.34,-46.66,-75.00,16.00,6,sl
P_HixDD>x&RSIx_3,P_Hi#DD>#&RSI#<#,2018-05-02,2018-05-02,2018-05-03,1,3468.00,3462.25,-5.75,-42.00,3.00,2,signal
RSIx<x_4,RSI#<#,2018-04-24,2018-04-24,2018-05-03,1,3468.50,3443.81,-24.69,-42.50,48.50,8,sl
P_HixDD>x&IBS<_1,P_Hi#DD>#&IBS<#,2018-05-02,2018-05-02,2018-05-03,1,3468.00,3462.25,-5.75,-42.00,3.00,2,signal
ConnorsRSI<x_4,ConnorsRSI<#,2018-04-20,2018-04-20,2018-05-03,1,3505.50,3427.76,-77.74,-79.50,17.75,10,sl
C<dvwapxsd_1,C<dvwap#sd,2018-04-06,2018-04-06,2018-05-04,1,3437.50,3496.50,59.00,-11.50,115.75,21,time
C<wvwapxsd_4,C<wvwap#sd,2018-04-30,2018-04-30,2018-05-04,1,3481.00,3496.50,15.50,-55.00,23.25,5,signal
P_HixDD>x&RSIx_1,P_Hi#DD>#&RSI#<#,2018-05-02,2018-05-02,2018-05-04,1,3468.00,3496.50,28.50,-42.00,36.25,3,signal
P_HixDD>x&RSIx_3,P_Hi#DD>#&RSI#<#,2018-05-03,2018-05-03,2018-05-04,1,3462.25,3496.50,34.25,-15.25,42.00,2,signal
IBS<x_2,IBS<#,2018-04-30,2018-04-30,2018-05-04,1,3481.00,3496.50,15.50,-55.00,23.25,5,signal
D01_2,D01,2018-04-20,2018-04-20,2018-05-04,1,3505.50,3496.50,-9.00,-79.50,17.75,11,signal
P_HixDD>x&IBS<_3,P_Hi#DD>#&IBS<#,2018-04-30,2018-04-30,2018-05-04,1,3481.00,3496.50,15.50,-55.00,23.25,5,signal
P_HixDD>x&IBS<_4,P_Hi#DD>#&IBS<#,2018-05-02,2018-05-02,2018-05-04,1,3468.00,3496.50,28.50,-42.00,36.25,3,signal
C06_1,C06,2018-05-04,2018-05-04,2018-05-08,1,3496.50,3500.75,4.25,-2.00,19.75,3,signal
C06_3,C06,2018-05-04,2018-05-04,2018-05-08,1,3496.50,3496.50,0.00,-9.50,19.75,3,breakeven
C<wvwapxsd_4,C<wvwap#sd,2018-05-07,2018-05-07,2018-05-09,1,3505.00,3530.75,25.75,-18.00,29.75,3,signal
ConnorsRSI<x_4,ConnorsRSI<#,2018-05-03,2018-05-03,2018-05-10,1,3462.25,3549.94,87.69,-15.25,97.50,6,tp
IBS<x_1,IBS<#,2018-04-24,2018-04-24,2018-05-14,1,3468.50,3568.50,100.00,-42.50,107.50,15,tp
LMT_RSIx<x_xAT_4,LMT_RSI#<#_#ATR,2018-05-02,2018-05-03,2018-05-15,1,3439.34,3537.03,97.68,-13.34,136.66,9,trail
C<dvwapxsd_3,C<dvwap#sd,2018-04-18,2018-04-18,2018-05-16,1,3543.50,3557.50,14.00,-117.50,32.50,21,time
C<wvwapxsd_4,C<wvwap#sd,2018-05-14,2018-05-14,2018-05-16,1,3564.50,3557.50,-7.00,-29.25,1.50,3,signal
C<wvwapxsd_2,C<wvwap#sd,2018-04-20,2018-04-20,2018-05-18,1,3505.50,3547.50,42.00,-79.50,70.50,21,time
C<wvwapxsd_4,C<wvwap#sd,2018-05-18,2018-05-18,2018-05-21,1,3547.50,3567.50,20.00,-0.75,26.50,2,signal
C06_4,C06,2018-05-16,2018-05-16,2018-05-21,1,3557.50,3569.80,12.30,-14.00,16.50,4,tp
RSIx<x_1,RSI#<#,2018-05-18,2018-05-18,2018-05-21,1,3547.50,3567.50,20.00,-0.75,26.50,2,signal
C06_1,C06,2018-05-16,2018-05-16,2018-05-22,1,3557.50,3573.25,15.75,-14.00,16.50,5,signal
C06_3,C06,2018-05-16,2018-05-16,2018-05-22,1,3557.50,3557.50,0.00,-14.00,19.00,5,breakeven
C<wvwapxsd_1,C<wvwap#sd,2018-05-14,2018-05-14,2018-05-23,1,3564.50,3567.50,3.00,-29.25,12.00,8,signal
C06_4,C06,2018-05-21,2018-05-21,2018-05-23,1,3567.50,3544.08,-23.42,-28.25,9.00,3,sl
IBS<x_3,IBS<#,2018-05-22,2018-05-22,2018-05-23,1,3559.75,3567.50,7.75,-20.50,7.75,2,signal
D01_2,D01,2018-05-22,2018-05-22,2018-05-23,1,3559.75,3567.50,7.75,-20.50,7.75,2,signal
P_HixDD>x&IBS<_2,P_Hi#DD>#&IBS<#,2018-05-22,2018-05-22,2018-05-23,1,3559.75,3567.50,7.75,-20.50,7.75,2,signal
P_HixDD>x&IBS<_3,P_Hi#DD>#&IBS<#,2018-05-22,2018-05-22,2018-05-23,1,3559.75,3567.50,7.75,-20.50,7.75,2,signal
P_HixDD>x&IBS<_4,P_Hi#DD>#&IBS<#,2018-05-22,2018-05-22,2018-05-23,1,3559.75,3567.50,7.75,-20.50,7.75,2,signal
RSIx<x_1,RSI#<#,2018-05-25,2018-05-25,2018-05-28,1,3554.75,3558.00,3.25,-2.50,11.75,2,signal
C<dvwapxsd_1,C<dvwap#sd,2018-05-14,2018-05-14,2018-05-29,1,3564.50,3515.60,-48.90,-54.75,12.00,12,sl
C06_2,C06,2018-05-16,2018-05-16,2018-05-29,1,3557.50,3524.71,-32.79,-47.75,19.00,10,sl
IBS<x_1,IBS<#,2018-05-22,2018-05-22,2018-05-29,1,3559.75,3531.14,-28.61,-50.00,12.75,6,sl
C<wvwapxsd_1,C<wvwap#sd,2018-05-25,2018-05-25,2018-05-30,1,3554.75,3559.00,4.25,-45.00,11.75,4,signal
C<wvwapxsd_4,C<wvwap#sd,2018-05-22,2018-05-22,2018-05-30,1,3559.75,3559.00,-0.75,-50.00,12.75,7,signal
P_HixDD>x&RSIx_1,P_Hi#DD>#&RSI#<#,2018-05-29,2018-05-29,2018-05-30,1,3523.25,3559.00,35.75,-2.75,40.75,2,signal
P_HixDD>x&RSIx_2,P_Hi#DD>#&RSI#<#,2018-05-29,2018-05-29,2018-05-30,1,3523.25,3559.00,35.75,-2.75,40.75,2,signal
IBS<x_2,IBS<#,2018-05-22,2018-05-22,2018-05-30,1,3559.75,3559.00,-0.75,-50.00,12.75,7,signal
CloseAtxdLow_4,CloseAt#dLow,2018-05-29,2018-05-29,2018-05-30,1,3523.25,3559.00,35.75,-2.75,40.75,2,signal
RSIx<x_3,RSI#<#,2018-05-29,2018-05-29,2018-05-30,1,3523.25,3544.20,20.95,-2.75,40.75,2,tp
C06_4,C06,2018-05-30,2018-05-30,2018-05-31,1,3559.00,3537.52,-21.48,-24.50,4.00,2,sl
D01_3,D01,2018-05-03,2018-05-03,2018-05-31,1,3462.25,3539.75,77.50,-15.25,114.25,21,time
C<wvwapxsd_4,C<wvwap#sd,2018-05-31,2018-05-31,2018-06-01,1,3539.75,3568.75,29.00,-0.25,32.00,2,signal
IBS<x_3,IBS<#,2018-05-31,2018-05-31,2018-06-01,1,3539.75,3568.75,29.00,-0.25,32.00,2,signal
CloseAtxdLow_3,CloseAt#dLow,2018-05-29,2018-05-29,2018-06-01,1,3523.25,3568.75,45.50,-2.75,48.50,4,signal
RSIx<x_4,RSI#<#,2018-05-29,2018-05-29,2018-06-01,1,3523.25,3565.16,41.91,-2.75,48.50,4,tp
P_HixDD>x&IBS<_1,P_Hi#DD>#&IBS<#,2018-05-31,2018-05-31,2018-06-01,1,3539.75,3568.75,29.00,-0.25,32.00,2,signal
P_HixDD>x&IBS<_3,P_Hi#DD>#&IBS<#,2018-05-31,2018-05-31,2018-06-01,1,3539.75,3568.75,29.00,-0.25,32.00,2,signal
P_HixDD>x&IBS<_4,P_Hi#DD>#&IBS<#,2018-05-31,2018-05-31,2018-06-01,1,3539.75,3568.75,29.00,-0.25,32.00,2,signal
C06_1,C06,2018-05-30,2018-05-30,2018-06-04,1,3559.00,3577.25,18.25,-24.50,12.75,4,signal
C06_4,C06,2018-06-01,2018-06-01,2018-06-04,1,3568.75,3578.71,9.96,-5.00,15.25,2,tp
ConnorsRSI<x_4,ConnorsRSI<#,2018-05-29,2018-05-29,2018-06-05,1,3523.25,3586.11,62.86,-2.75,64.00,6,tp
C06_2,C06,2018-05-30,2018-05-30,2018-06-06,1,3559.00,3589.75,30.75,-24.50,48.25,6,tp
IBS<x_1,IBS<#,2018-05-31,2018-05-31,2018-06-06,1,3539.75,3595.38,55.62,-0.25,67.50,5,tp
C<dvwapxsd_1,C<dvwap#sd,2018-05-31,2018-05-31,2018-06-11,1,3539.75,3623.19,83.44,-0.25,85.50,8,tp
IBS<x_3,IBS<#,2018-06-11,2018-06-11,2018-06-12,1,3617.25,3621.75,4.50,-4.00,7.75,2,signal
C<dvwapxsd_2,C<dvwap#sd,2018-06-13,2018-06-13,2018-06-14,1,3611.25,3618.75,7.50,-8.00,13.75,2,signal
C<dvwapxsd_4,C<dvwap#sd,2018-06-13,2018-06-13,2018-06-14,1,3611.25,3623.47,12.22,-8.00,13.75,2,tp
IBS<x_3,IBS<#,2018-06-13,2018-06-13,2018-06-14,1,3611.25,3618.75,7.50,-8.00,13.75,2,signal
D01_2,D01,2018-06-13,2018-06-13,2018-06-14,1,3611.25,3618.75,7.50,-8.00,13.75,2,signal
C<dvwapxsd_3,C<dvwap#sd,2018-05-18,2018-05-18,2018-06-15,1,3547.50,3615.75,68.25,-37.75,79.50,21,time
C<wvwapxsd_1,C<wvwap#sd,2018-06-11,2018-06-11,2018-06-15,1,3617.25,3615.75,-1.50,-20.75,9.75,5,signal
C<wvwapxsd_2,C<wvwap#sd,2018-05-18,2018-05-18,2018-06-15,1,3547.50,3615.75,68.25,-37.75,79.50,21,time
C<wvwapxsd_3,C<wvwap#sd,2018-06-13,2018-06-13,2018-06-15,1,3611.25,3599.03,-12.22,-14.75,13.75,3,sl
C<wvwapxsd_1,C<wvwap#sd,2018-06-15,2018-06-15,2018-06-18,1,3615.75,3608.75,-7.00,-23.50,2.00,2,signal
LMT_RSIx<x_xAT_2,LMT_RSI#<#_#ATR,2018-06-18,2018-06-19,2018-06-19,1,3581.75,3597.00,15.25,-15.00,29.50,1,time
C<dvwapxsd_1,C<dvwap#sd,2018-06-13,2018-06-13,2018-06-19,1,3611.25,3574.59,-36.66,-44.50,13.75,5,sl
IBS<x_1,IBS<#,2018-06-11,2018-06-11,2018-06-19,1,3617.25,3581.75,-35.50,-50.50,9.75,7,sl
IBS<x_4,IBS<#,2018-06-13,2018-06-13,2018-06-19,1,3611.25,3581.75,-29.50,-44.50,13.75,5,sl
LMT_RSIx<x_xAT_2,LMT_RSI#<#_#ATR,2018-06-19,2018-06-20,2018-06-20,1,3590.53,3602.00,11.47,-2.28,18.72,1,time
C<wvwapxsd_4,C<wvwap#sd,2018-06-11,2018-06-11,2018-06-20,1,3617.25,3602.00,-15.25,-50.50,9.75,8,signal
IBS<x_2,IBS<#,2018-06-13,2018-06-13,2018-06-20,1,3611.25,3602.00,-9.25,-44.50,13.75,6,signal
LMT_RSIx<x_xAT_4,LMT_RSI#<#_#ATR,2018-06-18,2018-06-19,2018-06-21,1,3581.75,3585.36,3.61,-15.00,34.50,3,trail
C<dvwapxsd_1,C<dvwap#sd,2018-06-21,2018-06-21,2018-06-25,1,3583.75,3544.66,-39.09,-52.25,15.75,3,sl
C<wvwapxsd_2,C<wvwap#sd,2018-06-15,2018-06-15,2018-06-25,1,3615.75,3541.46,-74.29,-84.25,2.00,7,sl
C06_3,C06,2018-05-30,2018-05-30,2018-06-25,1,3559.00,3559.00,0.00,-27.50,68.00,19,breakeven
P_HixDD>x&RSIx_1,P_Hi#DD>#&RSI#<#,2018-06-19,2018-06-19,2018-06-25,1,3597.00,3545.22,-51.78,-65.50,19.25,5,sl
IBS<x_1,IBS<#,2018-06-21,2018-06-21,2018-06-25,1,3583.75,3557.69,-26.06,-52.25,15.75,3,sl
D01_1,D01,2018-06-14,2018-06-14,2018-06-25,1,3618.75,3545.32,-73.43,-87.25,1.75,8,sl
D01_4,D01,2018-06-13,2018-06-13,2018-06-25,1,3611.25,3537.94,-73.31,-79.75,13.75,9,sl
CloseAtxdLow_2,CloseAt#dLow,2018-06-18,2018-06-18,2018-06-25,1,3608.75,3559.40,-49.35,-77.25,7.50,6,sl
RSIx<x_1,RSI#<#,2018-06-18,2018-06-18,2018-06-25,1,3608.75,3559.40,-49.35,-77.25,7.50,6,sl
RSIx<x_3,RSI#<#,2018-06-21,2018-06-21,2018-06-25,1,3583.75,3544.66,-39.09,-52.25,15.75,3,sl
P_HixDD>x&IBS<_3,P_Hi#DD>#&IBS<#,2018-06-21,2018-06-21,2018-06-25,1,3583.75,3531.62,-52.12,-52.25,15.75,3,sl
P_HixDD>x&IBS<_4,P_Hi#DD>#&IBS<#,2018-06-21,2018-06-21,2018-06-25,1,3583.75,3531.62,-52.12,-52.25,15.75,3,sl
ConnorsRSI<x_2,ConnorsRSI<#,2018-06-19,2018-06-19,2018-06-25,1,3597.00,3558.17,-38.83,-65.50,19.25,5,sl
ConnorsRSI<x_4,ConnorsRSI<#,2018-06-19,2018-06-19,2018-06-25,1,3597.00,3558.17,-38.83,-65.50,19.25,5,sl
ConnorsRSI<x_1,ConnorsRSI<#,2018-05-29,2018-05-29,2018-06-26,1,3523.25,3555.75,32.50,-2.75,103.75,21,time
LMT_RSIx<x_xAT_2,LMT_RSI#<#_#ATR,2018-06-26,2018-06-27,2018-06-27,1,3549.05,3532.75,-16.30,-17.05,29.95,1,time
RSIx<x_3,RSI#<#,2018-06-25,2018-06-25,2018-06-27,1,3551.00,3572.13,21.13,-19.00,28.00,3,tp
RSIx<x_4,RSI#<#,2018-06-25,2018-06-25,2018-06-27,1,3551.00,3536.91,-14.09,-19.00,28.00,3,sl
LMT_RSIx<x_xAT_4,LMT_RSI#<#_#ATR,2018-06-26,2018-06-27,2018-06-28,1,3535.66,3532.75,-2.91,-11.41,43.34,2,trail
WRx<x_4,WR#<#,2018-06-27,2018-06-27,2018-06-28,1,3532.75,3549.50,16.75,-8.50,24.50,2,signal
CloseAtxdLow_1,CloseAt#dLow,2018-06-27,2018-06-27,2018-06-28,1,3532.75,3549.50,16.75,-8.50,24.50,2,signal
RSIx<x_3,RSI#<#,2018-06-27,2018-06-27,2018-06-28,1,3532.75,3552.97,20.22,-8.50,24.50,2,tp
C<wvwapxsd_3,C<wvwap#sd,2018-06-27,2018-06-27,2018-06-29,1,3532.75,3573.19,40.44,-8.50,43.75,3,tp
P_HixDD>x&RSIx_1,P_Hi#DD>#&RSI#<#,2018-06-25,2018-06-25,2018-06-29,1,3551.00,3552.00,1.00,-26.75,28.00,5,signal
IBS<x_3,IBS<#,2018-06-21,2018-06-21,2018-06-29,1,3583.75,3552.00,-31.75,-59.50,15.75,7,signal
CloseAtxdLow_4,CloseAt#dLow,2018-06-19,2018-06-19,2018-06-29,1,3597.00,3552.00,-45.00,-72.75,19.25,9,signal
RSIx<x_4,RSI#<#,2018-06-27,2018-06-27,2018-06-29,1,3532.75,3573.19,40.44,-8.50,43.75,3,tp
C<wvwapxsd_1,C<wvwap#sd,2018-06-21,2018-06-21,2018-07-02,1,3583.75,3558.25,-25.50,-59.50,15.75,8,signal
C06_1,C06,2018-06-28,2018-06-28,2018-07-02,1,3549.50,3534.25,-15.25,-2.00,27.00,3,signal
P_HixDD>x&RSIx_2,P_Hi#DD>#&RSI#<#,2018-06-19,2018-06-19,2018-07-02,1,3597.00,3558.25,-38.75,-72.75,19.25,10,signal
P_HixDD>x&RSIx_3,P_Hi#DD>#&RSI#<#,2018-06-25,2018-06-25,2018-07-02,1,3551.00,3558.25,7.25,-26.75,28.00,6,signal
IBS<x_1,IBS<#,2018-06-27,2018-06-27,2018-07-02,1,3532.75,3532.75,0.00,-8.50,43.75,4,breakeven
IBS<x_3,IBS<#,2018-06-29,2018-06-29,2018-07-02,1,3552.00,3558.25,6.25,-22.50,7.50,2,signal
WRx<x_1,WR#<#,2018-06-27,2018-06-27,2018-07-02,1,3532.75,3532.75,0.00,-8.50,43.75,4,breakeven
WRx<x_3,WR#<#,2018-06-27,2018-06-27,2018-07-02,1,3532.75,3558.25,25.50,-8.50,43.75,4,signal
CloseAtxdLow_3,CloseAt#dLow,2018-06-18,2018-06-18,2018-07-02,1,3608.75,3558.25,-50.50,-84.50,7.50,11,time
P_HixDD>x&IBS<_1,P_Hi#DD>#&IBS<#,2018-06-21,2018-06-21,2018-07-02,1,3583.75,3558.25,-25.50,-59.50,15.75,8,signal
P_HixDD>x&IBS<_2,P_Hi#DD>#&IBS<#,2018-06-27,2018-06-27,2018-07-02,1,3532.75,3558.25,25.50,-8.50,43.75,4,signal
P_HixDD>x&IBS<_3,P_Hi#DD>#&IBS<#,2018-06-27,2018-06-27,2018-07-02,1,3532.75,3558.25,25.50,-8.50,43.75,4,signal
P_HixDD>x&IBS<_4,P_Hi#DD>#&IBS<#,2018-06-27,2018-06-27,2018-07-02,1,3532.75,3558.25,25.50,-8.50,43.75,4,signal
C06_3,C06,2018-06-29,2018-06-29,2018-07-04,1,3552.00,3552.00,0.00,-22.50,20.50,4,breakeven
P_HixDD>x&IBS<_4,P_Hi#DD>#&IBS<#,2018-07-03,2018-07-03,2018-07-04,1,3544.25,3552.75,8.50,-2.50,10.75,2,signal
C<dvwapxsd_4,C<dvwap#sd,2018-07-03,2018-07-03,2018-07-05,1,3544.25,3560.50,16.25,-2.50,26.25,3,tp
C<wvwapxsd_1,C<wvwap#sd,2018-07-03,2018-07-03,2018-07-05,1,3544.25,3569.75,25.50,-2.50,26.25,3,signal
C<wvwapxsd_4,C<wvwap#sd,2018-06-21,2018-06-21,2018-07-05,1,3583.75,3569.75,-14.00,-59.50,15.75,11,signal
IBS<x_2,IBS<#,2018-06-22,2018-06-22,2018-07-05,1,3588.75,3569.75,-19.00,-64.50,4.00,10,signal
D01_2,D01,2018-06-21,2018-06-21,2018-07-05,1,3583.75,3569.75,-14.00,-59.50,15.75,11,signal
RSIx<x_1,RSI#<#,2018-06-25,2018-06-25,2018-07-05,1,3551.00,3569.75,18.75,-26.75,28.00,9,signal
P_HixDD>x&IBS<_1,P_Hi#DD>#&IBS<#,2018-07-03,2018-07-03,2018-07-05,1,3544.25,3569.75,25.50,-2.50,26.25,3,signal
P_HixDD>x&IBS<_3,P_Hi#DD>#&IBS<#,2018-07-03,2018-07-03,2018-07-05,1,3544.25,3569.75,25.50,-2.50,26.25,3,signal
LMT_RSIx<x_xAT_3,LMT_RSI#<#_#ATR,2018-06-19,2018-06-20,2018-07-06,1,3590.53,3592.75,2.22,-66.28,25.72,13,signal
C06_1,C06,2018-07-04,2018-07-04,2018-07-06,1,3552.75,3569.75,17.00,-9.25,17.75,3,signal
C06_2,C06,2018-06-29,2018-06-29,2018-07-06,1,3552.00,3579.03,27.03,-22.50,45.25,6,tp
C<dvwapxsd_1,C<dvwap#sd,2018-06-27,2018-06-27,2018-07-09,1,3532.75,3613.64,80.89,-8.50,85.50,9,tp
IBS<x_1,IBS<#,2018-07-03,2018-07-03,2018-07-09,1,3544.25,3604.50,60.25,-2.50,74.00,5,tp
CloseAtxdLow_2,CloseAt#dLow,2018-06-25,2018-06-25,2018-07-09,1,3551.00,3607.35,56.35,-26.75,67.25,11,tp
ConnorsRSI<x_2,ConnorsRSI<#,2018-06-25,2018-06-25,2018-07-09,1,3551.00,3614.39,63.39,-26.75,67.25,11,tp
ConnorsRSI<x_4,ConnorsRSI<#,2018-06-25,2018-06-25,2018-07-09,1,3551.00,3614.39,63.39,-26.75,67.25,11,tp
C<wvwapxsd_1,C<wvwap#sd,2018-07-11,2018-07-11,2018-07-12,1,3607.50,3631.00,23.50,-3.00,24.50,2,signal
C<wvwapxsd_4,C<wvwap#sd,2018-07-11,2018-07-11,2018-07-12,1,3607.50,3631.00,23.50,-3.00,24.50,2,signal
IBS<x_3,IBS<#,2018-07-11,2018-07-11,2018-07-12,1,3607.50,3631.00,23.50,-3.00,24.50,2,signal
C06_3,C06,2018-07-04,2018-07-04,2018-07-13,1,3552.75,3636.00,83.25,-9.25,85.50,8,tp
IBS<x_4,IBS<#,2018-06-29,2018-06-29,2018-07-13,1,3552.00,3633.07,81.07,-22.50,86.25,11,tp
D01_3,D01,2018-07-02,2018-07-02,2018-07-17,1,3558.25,3640.79,82.54,-16.50,88.50,12,tp
C<dvwapxsd_3,C<dvwap#sd,2018-06-22,2018-06-22,2018-07-20,1,3588.75,3634.25,45.50,-64.50,60.50,21,time
C<wvwapxsd_1,C<wvwap#sd,2018-07-19,2018-07-19,2018-07-23,1,3637.00,3639.25,2.25,-13.50,4.50,3,signal
C<wvwapxsd_2,C<wvwap#sd,2018-06-25,2018-06-25,2018-07-23,1,3551.00,3639.25,88.25,-26.75,98.25,21,time
RSIx<x_1,RSI#<#,2018-07-20,2018-07-20,2018-07-23,1,3634.25,3639.25,5.00,-10.75,6.25,2,signal
C<wvwapxsd_4,C<wvwap#sd,2018-07-19,2018-07-19,2018-07-24,1,3637.00,3652.00,15.00,-13.50,25.25,4,signal
IBS<x_3,IBS<#,2018-07-20,2018-07-20,2018-07-24,1,3634.25,3652.00,17.75,-10.75,28.00,3,signal
IBS<x_1,IBS<#,2018-07-11,2018-07-11,2018-07-25,1,3607.50,3666.65,59.15,-3.00,73.00,11,tp
ConnorsRSI<x_1,ConnorsRSI<#,2018-06-27,2018-06-27,2018-07-25,1,3532.75,3678.50,145.75,-8.50,147.75,21,time
IBS<x_1,IBS<#,2018-07-26,2018-07-26,2018-07-27,1,3669.25,3646.57,-22.68,-29.50,8.75,2,sl
P_HixDD>x&IBS<_4,P_Hi#DD>#&IBS<#,2018-07-30,2018-07-30,2018-07-31,1,3634.50,3648.00,13.50,-1.50,21.50,2,signal
C<wvwapxsd_1,C<wvwap#sd,2018-07-27,2018-07-27,2018-08-02,1,3651.25,3658.00,6.75,-29.25,9.25,5,signal
C<wvwapxsd_4,C<wvwap#sd,2018-07-27,2018-07-27,2018-08-02,1,3651.25,3658.00,6.75,-29.25,9.25,5,signal
P_HixDD>x&RSIx_1,P_Hi#DD>#&RSI#<#,2018-07-30,2018-07-30,2018-08-02,1,3634.50,3658.00,23.50,-12.50,26.00,4,signal
P_HixDD>x&RSIx_2,P_Hi#DD>#&RSI#<#,2018-07-30,2018-07-30,2018-08-02,1,3634.50,3658.00,23.50,-12.50,26.00,4,signal
P_HixDD>x&RSIx_3,P_Hi#DD>#&RSI#<#,2018-07-30,2018-07-30,2018-08-02,1,3634.50,3658.00,23.50,-12.50,26.00,4,signal
IBS<x_3,IBS<#,2018-07-26,2018-07-26,2018-08-02,1,3669.25,3658.00,-11.25,-47.25,8.75,6,signal
D01_2,D01,2018-07-30,2018-07-30,2018-08-02,1,3634.50,3658.00,23.50,-12.50,26.00,4,signal
RSIx<x_1,RSI#<#,2018-07-27,2018-07-27,2018-08-02,1,3651.25,3658.00,6.75,-29.25,9.25,5,signal
P_HixDD>x&IBS<_1,P_Hi#DD>#&IBS<#,2018-07-30,2018-07-30,2018-08-02,1,3634.50,3658.00,23.50,-12.50,26.00,4,signal
P_HixDD>x&IBS<_2,P_Hi#DD>#&IBS<#,2018-07-30,2018-07-30,2018-08-02,1,3634.50,3658.00,23.50,-12.50,26.00,4,signal
P_HixDD>x&IBS<_3,P_Hi#DD>#&IBS<#,2018-07-30,2018-07-30,2018-08-02,1,3634.50,3658.00,23.50,-12.50,26.00,4,signal
IBS<x_1,IBS<#,2018-07-30,2018-07-30,2018-08-06,1,3634.50,3680.12,45.62,-12.50,50.00,6,tp
ConnorsRSI<x_2,ConnorsRSI<#,2018-07-30,2018-07-30,2018-08-07,1,3634.50,3688.00,53.50,-12.50,60.25,7,tp
ConnorsRSI<x_4,ConnorsRSI<#,2018-07-30,2018-07-30,2018-08-07,1,3634.50,3688.00,53.50,-12.50,60.25,7,tp
C<dvwapxsd_1,C<dvwap#sd,2018-07-11,2018-07-11,2018-08-08,1,3607.50,3688.75,81.25,-3.00,87.25,21,time
IBS<x_1,IBS<#,2018-08-09,2018-08-09,2018-08-10,1,3684.50,3664.16,-20.34,-27.50,1.50,2,sl
LMT_RSIx<x_xAT_2,LMT_RSI#<#_#ATR,2018-08-10,2018-08-13,2018-08-13,1,3659.48,3653.75,-5.73,-8.48,15.27,1,time
C<dvwapxsd_1,C<dvwap#sd,2018-08-09,2018-08-09,2018-08-13,1,3684.50,3653.99,-30.51,-33.50,1.50,3,sl
C<wvwapxsd_3,C<wvwap#sd,2018-08-10,2018-08-10,2018-08-13,1,3664.75,3654.21,-10.54,-13.75,10.00,2,sl
C<wvwapxsd_1,C<wvwap#sd,2018-08-09,2018-08-09,2018-08-14,1,3684.50,3671.75,-12.75,-33.50,1.50,4,signal
P_HixDD>x&RSIx_2,P_Hi#DD>#&RSI#<#,2018-08-10,2018-08-10,2018-08-14,1,3664.75,3671.75,7.00,-13.75,10.00,3,signal
D01_2,D01,2018-08-10,2018-08-10,2018-08-14,1,3664.75,3671.75,7.00,-13.75,10.00,3,signal
RSIx<x_1,RSI#<#,2018-08-10,2018-08-10,2018-08-14,1,3664.75,3671.75,7.00,-13.75,10.00,3,signal
P_HixDD>x&IBS<_1,P_Hi#DD>#&IBS<#,2018-08-13,2018-08-13,2018-08-14,1,3653.75,3671.75,18.00,0.00,20.75,2,signal
P_HixDD>x&IBS<_4,P_Hi#DD>#&IBS<#,2018-08-13,2018-08-13,2018-08-14,1,3653.75,3671.75,18.00,0.00,20.75,2,signal
C<wvwapxsd_4,C<wvwap#sd,2018-08-09,2018-08-09,2018-08-16,1,3684.50,3673.50,-11.00,-50.50,1.50,6,signal
P_HixDD>x&RSIx_1,P_Hi#DD>#&RSI#<#,2018-08-10,2018-08-10,2018-08-16,1,3664.75,3673.50,8.75,-30.75,18.00,5,signal
IBS<x_2,IBS<#,2018-08-09,2018-08-09,2018-08-16,1,3684.50,3673.50,-11.00,-50.50,1.50,6,signal
IBS<x_3,IBS<#,2018-08-09,2018-08-09,2018-08-16,1,3684.50,3673.50,-11.00,-50.50,1.50,6,signal
CloseAtxdLow_4,CloseAt#dLow,2018-08-15,2018-08-15,2018-08-16,1,3650.25,3673.50,23.25,-1.75,32.50,2,signal
RSIx<x_1,RSI#<#,2018-08-15,2018-08-15,2018-08-16,1,3650.25,3673.50,23.25,-1.75,32.50,2,signal
CloseAtxdLow_3,CloseAt#dLow,2018-08-13,2018-08-13,2018-08-17,1,3653.75,3682.75,29.00,-19.75,34.25,5,signal
P_HixDD>x&IBS<_3,P_Hi#DD>#&IBS<#,2018-08-13,2018-08-13,2018-08-17,1,3653.75,3682.75,29.00,-19.75,34.25,5,signal
IBS<x_1,IBS<#,2018-08-13,2018-08-13,2018-08-21,1,3653.75,3696.90,43.15,-19.75,51.25,7,tp
CloseAtxdLow_2,CloseAt#dLow,2018-08-13,2018-08-13,2018-08-21,1,3653.75,3696.90,43.15,-19.75,51.25,7,tp
IBS<x_3,IBS<#,2018-08-21,2018-08-21,2018-08-22,1,3694.50,3693.50,-1.00,-17.25,4.75,2,signal
C<wvwapxsd_1,C<wvwap#sd,2018-08-15,2018-08-15,2018-08-24,1,3650.25,3706.50,56.25,-1.75,58.00,8,signal
C<wvwapxsd_2,C<wvwap#sd,2018-07-27,2018-07-27,2018-08-24,1,3651.25,3706.50,55.25,-29.25,57.00,21,time
C<wvwapxsd_4,C<wvwap#sd,2018-08-23,2018-08-23,2018-08-24,1,3689.00,3706.50,17.50,-1.75,19.25,2,signal
IBS<x_2,IBS<#,2018-08-21,2018-08-21,2018-08-24,1,3694.50,3706.50,12.00,-17.25,13.75,4,signal
IBS<x_3,IBS<#,2018-08-23,2018-08-23,2018-08-24,1,3689.00,3706.50,17.50,-1.75,19.25,2,signal
C<dvwapxsd_1,C<dvwap#sd,2018-08-13,2018-08-13,2018-08-27,1,3653.75,3719.50,65.75,-19.75,76.50,11,tp
C<dvwapxsd_3,C<dvwap#sd,2018-07-30,2018-07-30,2018-08-27,1,3634.50,3728.75,94.25,-12.50,95.75,21,time
ConnorsRSI<x_1,ConnorsRSI<#,2018-07-30,2018-07-30,2018-08-27,1,3634.50,3728.75,94.25,-12.50,95.75,21,time
ConnorsRSI<x_2,ConnorsRSI<#,2018-08-10,2018-08-10,2018-08-27,1,3664.75,3719.50,54.75,-30.75,65.50,12,tp
ConnorsRSI<x_4,ConnorsRSI<#,2018-08-10,2018-08-10,2018-08-27,1,3664.75,3719.50,54.75,-30.75,65.50,12,tp
IBS<x_1,IBS<#,2018-08-21,2018-08-21,2018-08-29,1,3694.50,3741.07,46.57,-17.25,54.00,7,tp
C<wvwapxsd_4,C<wvwap#sd,2018-08-30,2018-08-30,2018-09-03,1,3732.50,3739.25,6.75,-9.75,11.00,3,signal
LMT_RSIx<x_xAT_2,LMT_RSI#<#_#ATR,2018-09-05,2018-09-06,2018-09-06,1,3714.96,3711.25,-3.71,-15.96,9.04,1,time
C<dvwapxsd_1,C<dvwap#sd,2018-08-30,2018-08-30,2018-09-06,1,3732.50,3702.09,-30.41,-33.50,11.00,6,sl
LMT_RSIx<x_xAT_2,LMT_RSI#<#_#ATR,2018-09-06,2018-09-07,2018-09-07,1,3698.50,3704.75,6.25,-2.50,17.50,1,time
C<wvwapxsd_1,C<wvwap#sd,2018-08-30,2018-08-30,2018-09-11,1,3732.50,3720.00,-12.50,-36.50,11.00,9,signal
C<wvwapxsd_4,C<wvwap#sd,2018-09-05,2018-09-05,2018-09-11,1,3720.25,3720.00,-0.25,-24.25,3.75,5,signal
P_HixDD>x&RSIx_1,P_Hi#DD>#&RSI#<#,2018-09-05,2018-09-05,2018-09-11,1,3720.25,3720.00,-0.25,-24.25,3.75,5,signal
P_HixDD>x&RSIx_2,P_Hi#DD>#&RSI#<#,2018-09-05,2018-09-05,2018-09-11,1,3720.25,3720.00,-0.25,-24.25,3.75,5,signal
P_HixDD>x&RSIx_3,P_Hi#DD>#&RSI#<#,2018-09-07,2018-09-07,2018-09-11,1,3704.75,3720.00,15.25,-6.50,19.25,3,signal
IBS<x_2,IBS<#,2018-09-10,2018-09-10,2018-09-11,1,3709.50,3720.00,10.50,-11.25,14.50,2,signal
IBS<x_3,IBS<#,2018-09-10,2018-09-10,2018-09-11,1,3709.50,3720.00,10.50,-11.25,14.50,2,signal
CloseAtxdLow_3,CloseAt#dLow,2018-09-04,2018-09-04,2018-09-11,1,3728.25,3720.00,-8.25,-32.25,3.25,6,signal
CloseAtxdLow_4,CloseAt#dLow,2018-09-07,2018-09-07,2018-09-11,1,3704.75,3720.00,15.25,-6.50,19.25,3,signal
P_HixDD>x&IBS<_1,P_Hi#DD>#&IBS<#,2018-09-10,2018-09-10,2018-09-11,1,3709.50,3720.00,10.50,-11.25,14.50,2,signal
P_HixDD>x&IBS<_3,P_Hi#DD>#&IBS<#,2018-09-10,2018-09-10,2018-09-11,1,3709.50,3720.00,10.50,-11.25,14.50,2,signal
P_HixDD>x&IBS<_4,P_Hi#DD>#&IBS<#,2018-09-10,2018-09-10,2018-09-11,1,3709.50,3720.00,10.50,-11.25,14.50,2,signal
LMT_RSIx<x_xAT_3,LMT_RSI#<#_#ATR,2018-09-06,2018-09-07,2018-09-13,1,3698.50,3736.00,37.50,-2.50,39.50,5,signal
D01_2,D01,2018-09-07,2018-09-07,2018-09-13,1,3704.75,3736.00,31.25,-6.50,33.25,5,signal
RSIx<x_1,RSI#<#,2018-09-04,2018-09-04,2018-09-13,1,3728.25,3736.00,7.75,-32.25,9.75,8,signal
RSIx<x_4,RSI#<#,2018-09-07,2018-09-07,2018-09-13,1,3704.75,3736.91,32.16,-6.50,33.25,5,tp
LMT_RSIx<x_xAT_4,LMT_RSI#<#_#ATR,2018-09-05,2018-09-06,2018-09-17,1,3704.38,3721.36,16.98,-8.38,38.87,8,trail
LMT_RSIx<x_xAT_2,LMT_RSI#<#_#ATR,2018-09-17,2018-09-18,2018-09-18,1,3716.07,3737.00,20.93,-6.82,27.43,1,time
C<wvwapxsd_4,C<wvwap#sd,2018-09-17,2018-09-17,2018-09-18,1,3721.00,3737.00,16.00,-11.75,22.50,2,signal
P_HixDD>x&RSIx_1,P_Hi#DD>#&RSI#<#,2018-09-17,2018-09-17,2018-09-18,1,3721.00,3737.00,16.00,-11.75,22.50,2,signal
IBS<x_1,IBS<#,2018-09-10,2018-09-10,2018-09-18,1,3709.50,3709.50,0.00,-11.25,34.00,7,breakeven
IBS<x_2,IBS<#,2018-09-17,2018-09-17,2018-09-18,1,3721.00,3737.00,16.00,-11.75,22.50,2,signal
IBS<x_3,IBS<#,2018-09-17,2018-09-17,2018-09-18,1,3721.00,3737.00,16.00,-11.75,22.50,2,signal
D01_2,D01,2018-09-17,2018-09-17,2018-09-18,1,3721.00,3737.00,16.00,-11.75,22.50,2,signal
D01_3,D01,2018-09-10,2018-09-10,2018-09-18,1,3709.50,3709.50,0.00,-11.25,34.00,7,breakeven
RSIx<x_1,RSI#<#,2018-09-17,2018-09-17,2018-09-18,1,3721.00,3737.00,16.00,-11.75,22.50,2,signal
P_HixDD>x&IBS<_4,P_Hi#DD>#&IBS<#,2018-09-17,2018-09-17,2018-09-18,1,3721.00,3737.00,16.00,-11.75,22.50,2,signal
P_HixDD>x&IBS<_3,P_Hi#DD>#&IBS<#,2018-09-17,2018-09-17,2018-09-19,1,3721.00,3740.00,19.00,-11.75,23.50,3,signal
P_HixDD>x&RSIx_4,P_Hi#DD>#&RSI#<#,2018-09-07,2018-09-07,2018-09-20,1,3704.75,3753.50,48.75,-6.50,61.75,10,tp
ConnorsRSI<x_2,ConnorsRSI<#,2018-09-06,2018-09-06,2018-09-20,1,3711.25,3760.50,49.25,-15.25,55.25,11,tp
ConnorsRSI<x_4,ConnorsRSI<#,2018-09-06,2018-09-06,2018-09-20,1,3711.25,3760.50,49.25,-15.25,55.25,11,tp
CloseAtxdLow_2,CloseAt#dLow,2018-09-04,2018-09-04,2018-09-21,1,3728.25,3770.75,42.50,-32.25,44.50,14,tp
IBS<x_3,IBS<#,2018-09-21,2018-09-21,2018-09-24,1,3760.25,3750.25,-10.00,-16.75,3.25,2,signal
IBS<x_1,IBS<#,2018-09-21,2018-09-21,2018-09-26,1,3760.25,3740.00,-20.25,-27.00,3.25,4,sl
C<dvwapxsd_3,C<dvwap#sd,2018-08-30,2018-08-30,2018-09-27,1,3732.50,3745.50,13.00,-36.50,40.25,21,time
C<wvwapxsd_2,C<wvwap#sd,2018-08-30,2018-08-30,2018-09-27,1,3732.50,3745.50,13.00,-36.50,40.25,21,time
D01_2,D01,2018-09-25,2018-09-25,2018-09-27,1,3746.50,3745.50,-1.00,-13.25,15.25,3,signal
RSIx<x_1,RSI#<#,2018-09-25,2018-09-25,2018-09-27,1,3746.50,3745.50,-1.00,-13.25,15.25,3,signal
C<wvwapxsd_4,C<wvwap#sd,2018-09-24,2018-09-24,2018-10-01,1,3750.25,3755.25,5.00,-17.00,17.50,6,signal
P_HixDD>x&RSIx_1,P_Hi#DD>#&RSI#<#,2018-09-26,2018-09-26,2018-10-01,1,3737.75,3755.25,17.50,-4.50,30.00,4,signal
P_HixDD>x&RSIx_2,P_Hi#DD>#&RSI#<#,2018-09-17,2018-09-17,2018-10-01,1,3721.00,3755.25,34.25,-11.75,51.75,11,time
IBS<x_2,IBS<#,2018-09-21,2018-09-21,2018-10-01,1,3760.25,3755.25,-5.00,-27.00,7.50,7,signal
IBS<x_3,IBS<#,2018-09-25,2018-09-25,2018-10-01,1,3746.50,3755.25,8.75,-13.25,21.25,5,signal
D01_1,D01,2018-09-27,2018-09-27,2018-10-01,1,3745.50,3755.25,9.75,-11.75,22.25,3,signal
D01_4,D01,2018-09-26,2018-09-26,2018-10-01,1,3737.75,3755.25,17.50,-4.50,30.00,4,signal
P_HixDD>x&IBS<_1,P_Hi#DD>#&IBS<#,2018-09-17,2018-09-17,2018-10-01,1,3721.00,3755.25,34.25,-11.75,51.75,11,time
P_HixDD>x&IBS<_3,P_Hi#DD>#&IBS<#,2018-09-25,2018-09-25,2018-10-01,1,3746.50,3755.25,8.75,-13.25,21.25,5,signal
C<wvwapxsd_3,C<wvwap#sd,2018-09-26,2018-09-26,2018-10-03,1,3737.75,3768.72,30.97,-4.50,32.75,6,tp
IBS<x_1,IBS<#,2018-09-26,2018-09-26,2018-10-04,1,3737.75,3737.75,0.00,-24.25,32.75,7,breakeven
ConnorsRSI<x_1,ConnorsRSI<#,2018-09-06,2018-09-06,2018-10-04,1,3711.25,3732.00,20.75,-15.25,61.50,21,time
LMT_RSIx<x_xAT_2,LMT_RSI#<#_#ATR,2018-10-04,2018-10-05,2018-10-05,1,3726.53,3716.25,-10.28,-27.53,14.72,1,time
P_HixDD>x&IBS<_4,P_Hi#DD>#&IBS<#,2018-09-25,2018-09-25,2018-10-05,1,3746.50,3706.05,-40.45,-47.50,24.00,9,sl
ConnorsRSI<x_2,ConnorsRSI<#,2018-09-26,2018-09-26,2018-10-05,1,3737.75,3706.78,-30.97,-38.75,32.75,8,sl
ConnorsRSI<x_4,ConnorsRSI<#,2018-09-26,2018-09-26,2018-10-05,1,3737.75,3706.78,-30.97,-38.75,32.75,8,sl
LMT_RSIx<x_xAT_2,LMT_RSI#<#_#ATR,2018-10-05,2018-10-08,2018-10-08,1,3707.00,3715.50,8.50,-15.25,17.00,1,time
LMT_RSIx<x_xAT_4,LMT_RSI#<#_#ATR,2018-10-04,2018-10-05,2018-10-08,1,3715.58,3707.00,-8.58,-23.83,25.67,2,trail
C<dvwapxsd_1,C<dvwap#sd,2018-09-10,2018-09-10,2018-10-08,1,3709.50,3715.50,6.00,-17.75,63.25,21,time
C<dvwapxsd_3,C<dvwap#sd,2018-10-03,2018-10-03,2018-10-08,1,3756.25,3693.47,-62.78,-64.50,1.50,4,sl
C<wvwapxsd_1,C<wvwap#sd,2018-09-17,2018-09-17,2018-10-08,1,3721.00,3715.50,-5.50,-29.25,51.75,16,signal
P_HixDD>x&RSIx_3,P_Hi#DD>#&RSI#<#,2018-10-05,2018-10-05,2018-10-08,1,3716.25,3715.50,-0.75,-24.50,7.75,2,signal
P_HixDD>x&RSIx_4,P_Hi#DD>#&RSI#<#,2018-10-05,2018-10-05,2018-10-08,1,3716.25,3693.25,-23.00,-24.50,7.75,2,sl
RSIx<x_4,RSI#<#,2018-10-05,2018-10-05,2018-10-08,1,3716.25,3704.75,-11.50,-24.50,7.75,2,sl
LMT_RSIx<x_xAT_2,LMT_RSI#<#_#ATR,2018-10-08,2018-10-09,2018-10-09,1,3709.56,3711.75,2.19,-9.31,16.19,1,time
RSIx<x_4,RSI#<#,2018-10-08,2018-10-08,2018-10-09,1,3715.50,3703.61,-11.89,-15.25,10.25,2,sl
LMT_RSIx<x_xAT_1,LMT_RSI#<#_#ATR,2018-10-04,2018-10-05,2018-10-10,1,3715.58,3646.58,-69.00,-100.33,25.67,4,sl
LMT_RSIx<x_xAT_4,LMT_RSI#<#_#ATR,2018-10-09,2018-10-10,2018-10-10,1,3693.93,3665.87,-28.06,-78.68,23.07,1,sl
C<dvwapxsd_1,C<dvwap#sd,2018-10-09,2018-10-09,2018-10-10,1,3711.75,3676.11,-35.64,-96.50,5.25,2,sl
C<wvwapxsd_2,C<wvwap#sd,2018-09-27,2018-09-27,2018-10-10,1,3745.50,3682.99,-62.51,-130.25,25.00,10,sl
P_HixDD>x&RSIx_1,P_Hi#DD>#&RSI#<#,2018-10-04,2018-10-04,2018-10-10,1,3732.00,3688.22,-43.78,-116.75,9.25,5,sl
P_HixDD>x&RSIx_3,P_Hi#DD>#&RSI#<#,2018-10-08,2018-10-08,2018-10-10,1,3715.50,3667.95,-47.55,-100.25,10.25,3,sl
P_HixDD>x&RSIx_4,P_Hi#DD>#&RSI#<#,2018-10-08,2018-10-08,2018-10-10,1,3715.50,3691.72,-23.78,-100.25,10.25,3,sl
D01_3,D01,2018-10-08,2018-10-08,2018-10-10,1,3715.50,3679.84,-35.66,-100.25,10.25,3,sl
CloseAtxdLow_1,CloseAt#dLow,2018-10-08,2018-10-08,2018-10-10,1,3715.50,3667.95,-47.55,-100.25,10.25,3,sl
CloseAtxdLow_2,CloseAt#dLow,2018-10-04,2018-10-04,2018-10-10,1,3732.00,3688.22,-43.78,-116.75,9.25,5,sl
RSIx<x_1,RSI#<#,2018-10-04,2018-10-04,2018-10-10,1,3732.00,3688.22,-43.78,-116.75,9.25,5,sl
RSIx<x_3,RSI#<#,2018-10-05,2018-10-05,2018-10-10,1,3716.25,3681.75,-34.50,-101.00,9.50,4,sl
RSIx<x_4,RSI#<#,2018-10-09,2018-10-09,2018-10-10,1,3711.75,3699.87,-11.88,-96.50,5.25,2,sl
ConnorsRSI<x_4,ConnorsRSI<#,2018-10-05,2018-10-05,2018-10-10,1,3716.25,3681.75,-34.50,-101.00,9.50,4,sl
LMT_RSIx<x_xAT_4,LMT_RSI#<#_#ATR,2018-10-10,2018-10-11,2018-10-11,1,3597.20,3565.93,-31.28,-59.20,27.30,1,sl
C<dvwapxsd_1,C<dvwap#sd,2018-10-10,2018-10-10,2018-10-11,1,3618.25,3576.16,-42.09,-80.25,6.25,2,sl
P_HixDD>x&RSIx_1,P_Hi#DD>#&RSI#<#,2018-10-10,2018-10-10,2018-10-11,1,3618.25,3562.12,-56.12,-80.25,6.25,2,sl
P_HixDD>x&RSIx_3,P_Hi#DD>#&RSI#<#,2018-10-10,2018-10-10,2018-10-11,1,3618.25,3562.12,-56.12,-80.25,6.25,2,sl
IBS<x_1,IBS<#,2018-10-10,2018-10-10,2018-10-11,1,3618.25,3590.19,-28.06,-80.25,6.25,2,sl
WRx<x_1,WR#<#,2018-10-10,2018-10-10,2018-10-11,1,3618.25,3590.19,-28.06,-80.25,6.25,2,sl
WRx<x_3,WR#<#,2018-10-10,2018-10-10,2018-10-11,1,3618.25,3562.12,-56.12,-80.25,6.25,2,sl
CloseAtxdLow_1,CloseAt#dLow,2018-10-10,2018-10-10,2018-10-11,1,3618.25,3562.12,-56.12,-80.25,6.25,2,sl
RSIx<x_3,RSI#<#,2018-10-10,2018-10-10,2018-10-11,1,3618.25,3576.16,-42.09,-80.25,6.25,2,sl
RSIx<x_4,RSI#<#,2018-10-10,2018-10-10,2018-10-11,1,3618.25,3604.22,-14.03,-80.25,6.25,2,sl
P_HixDD>x&IBS<_3,P_Hi#DD>#&IBS<#,2018-10-10,2018-10-10,2018-10-11,1,3618.25,3562.12,-56.12,-80.25,6.25,2,sl
P_HixDD>x&IBS<_4,P_Hi#DD>#&IBS<#,2018-10-10,2018-10-10,2018-10-11,1,3618.25,3562.12,-56.12,-80.25,6.25,2,sl
ConnorsRSI<x_3,ConnorsRSI<#,2018-10-10,2018-10-10,2018-10-11,1,3618.25,3590.19,-28.06,-80.25,6.25,2,sl
ConnorsRSI<x_4,ConnorsRSI<#,2018-10-10,2018-10-10,2018-10-11,1,3618.25,3576.16,-42.09,-80.25,6.25,2,sl
WRx<x_4,WR#<#,2018-10-10,2018-10-10,2018-10-12,1,3618.25,3594.50,-23.75,-80.25,6.25,3,signal
RSIx<x_3,RSI#<#,2018-10-11,2018-10-11,2018-10-12,1,3557.50,3602.00,44.50,-5.00,53.25,2,tp
LMT_RSIx<x_xAT_1,LMT_RSI#<#_#ATR,2018-10-10,2018-10-11,2018-10-16,1,3597.20,3636.75,39.55,-59.20,44.80,4,signal
C<wvwapxsd_4,C<wvwap#sd,2018-10-01,2018-10-01,2018-10-16,1,3755.25,3636.75,-118.50,-217.25,15.25,12,signal
P_HixDD>x&RSIx_3,P_Hi#DD>#&RSI#<#,2018-10-11,2018-10-11,2018-10-16,1,3557.50,3636.75,79.25,-5.00,84.50,4,signal
IBS<x_1,IBS<#,2018-10-11,2018-10-11,2018-10-16,1,3557.50,3620.05,62.55,-5.00,84.50,4,tp
IBS<x_2,IBS<#,2018-10-10,2018-10-10,2018-10-16,1,3618.25,3636.75,18.50,-80.25,23.75,5,signal
IBS<x_3,IBS<#,2018-10-03,2018-10-03,2018-10-16,1,3756.25,3636.75,-119.50,-218.25,1.50,10,signal
WRx<x_1,WR#<#,2018-10-11,2018-10-11,2018-10-16,1,3557.50,3620.05,62.55,-5.00,84.50,4,tp
WRx<x_3,WR#<#,2018-10-11,2018-10-11,2018-10-16,1,3557.50,3636.75,79.25,-5.00,84.50,4,signal
RSIx<x_3,RSI#<#,2018-10-12,2018-10-12,2018-10-16,1,3594.50,3619.56,25.06,-23.50,47.50,3,tp
P_HixDD>x&IBS<_1,P_Hi#DD>#&IBS<#,2018-10-10,2018-10-10,2018-10-16,1,3618.25,3636.75,18.50,-80.25,23.75,5,signal
RSIx<x_2,RSI#<#,2018-10-09,2018-10-09,2018-10-17,1,3711.75,3638.00,-73.75,-173.75,5.25,7,signal
C06_3,C06,2018-10-16,2018-10-16,2018-10-18,1,3636.75,3600.85,-35.90,-54.50,13.25,3,sl
D01_3,D01,2018-10-16,2018-10-16,2018-10-18,1,3636.75,3582.90,-53.85,-54.50,13.25,3,sl
C<wvwapxsd_2,C<wvwap#sd,2018-10-10,2018-10-10,2018-10-23,1,3618.25,3534.06,-84.19,-100.25,31.75,10,sl
IBS<x_1,IBS<#,2018-10-19,2018-10-19,2018-10-23,1,3594.75,3541.25,-53.50,-76.75,13.00,3,sl
ConnorsRSI<x_3,ConnorsRSI<#,2018-10-11,2018-10-11,2018-10-23,1,3557.50,3526.22,-31.28,-39.50,92.50,9,sl
LMT_RSIx<x_xAT_4,LMT_RSI#<#_#ATR,2018-10-22,2018-10-23,2018-10-24,1,3541.25,3497.95,-43.30,-63.25,43.00,2,sl
C<dvwapxsd_1,C<dvwap#sd,2018-10-11,2018-10-11,2018-10-24,1,3557.50,3510.59,-46.91,-79.50,92.50,10,sl
P_HixDD>x&RSIx_3,P_Hi#DD>#&RSI#<#,2018-10-22,2018-10-22,2018-10-24,1,3583.50,3501.93,-81.57,-105.50,0.75,3,sl
RSIx<x_3,RSI#<#,2018-10-23,2018-10-23,2018-10-24,1,3567.00,3502.05,-64.95,-89.00,8.75,2,sl
RSIx<x_3,RSI#<#,2018-10-24,2018-10-24,2018-10-25,1,3484.00,3519.07,35.07,-2.25,65.50,2,tp
P_HixDD>x&IBS<_1,P_Hi#DD>#&IBS<#,2018-10-19,2018-10-19,2018-10-26,1,3594.75,3474.22,-120.53,-141.75,13.00,6,sl
IBS<x_1,IBS<#,2018-10-24,2018-10-24,2018-10-29,1,3484.00,3437.24,-46.76,-55.25,65.50,4,sl
WRx<x_1,WR#<#,2018-10-24,2018-10-24,2018-10-29,1,3484.00,3437.24,-46.76,-55.25,65.50,4,sl
RSIx<x_3,RSI#<#,2018-10-26,2018-10-26,2018-10-29,1,3483.00,3522.12,39.12,-54.25,49.75,2,tp
ConnorsRSI<x_3,ConnorsRSI<#,2018-10-24,2018-10-24,2018-10-29,1,3484.00,3437.24,-46.76,-55.25,65.50,4,sl
LMT_RSIx<x_xAT_4,LMT_RSI#<#_#ATR,2018-10-26,2018-10-29,2018-10-30,1,3443.88,3467.00,23.12,-15.13,88.87,2,trail
P_HixDD>x&RSIx_3,P_Hi#DD>#&RSI#<#,2018-10-24,2018-10-24,2018-10-30,1,3484.00,3509.00,25.00,-55.25,65.50,5,signal
WRx<x_3,WR#<#,2018-10-24,2018-10-24,2018-10-30,1,3484.00,3509.00,25.00,-55.25,65.50,5,signal
RSIx<x_3,RSI#<#,2018-10-29,2018-10-29,2018-10-30,1,3468.25,3510.39,42.14,-9.25,44.00,2,tp
C<wvwapxsd_4,C<wvwap#sd,2018-10-18,2018-10-18,2018-10-31,1,3597.75,3537.25,-60.50,-169.00,28.50,10,signal
D01_2,D01,2018-10-04,2018-10-04,2018-10-31,1,3732.00,3537.25,-194.75,-303.25,9.25,20,signal
RSIx<x_2,RSI#<#,2018-10-24,2018-10-24,2018-10-31,1,3484.00,3537.50,53.50,-55.25,65.50,6,signal
P_HixDD>x&IBS<_1,P_Hi#DD>#&IBS<#,2018-10-31,2018-10-31,2018-11-01,1,3537.25,3564.25,27.00,-7.50,29.75,2,signal
LMT_RSIx<x_xAT_3,LMT_RSI#<#_#ATR,2018-10-04,2018-10-05,2018-11-07,1,3726.53,3638.75,-87.78,-297.78,14.72,24,signal
C<dvwapxsd_1,C<dvwap#sd,2018-10-24,2018-10-24,2018-11-07,1,3484.00,3624.29,140.29,-55.25,156.75,11,tp
IBS<x_1,IBS<#,2018-10-31,2018-10-31,2018-11-14,1,3537.25,3537.25,0.00,-25.25,106.50,11,breakeven
C06_3,C06,2018-10-30,2018-10-30,2018-11-15,1,3509.00,3509.00,0.00,-12.00,134.75,13,breakeven
P_HixDD>x&RSIx_3,P_Hi#DD>#&RSI#<#,2018-11-12,2018-11-12,2018-11-15,1,3553.50,3557.50,4.00,-56.50,28.00,4,signal
P_HixDD>x&IBS<_1,P_Hi#DD>#&IBS<#,2018-11-12,2018-11-12,2018-11-15,1,3553.50,3557.50,4.00,-56.50,28.00,4,signal
C<wvwapxsd_4,C<wvwap#sd,2018-11-12,2018-11-12,2018-11-16,1,3553.50,3563.75,10.25,-56.50,28.00,5,signal
C<dvwapxsd_1,C<dvwap#sd,2018-11-12,2018-11-12,2018-11-20,1,3553.50,3467.57,-85.93,-96.00,28.00,7,sl
C06_3,C06,2018-11-16,2018-11-16,2018-11-20,1,3563.75,3480.00,-83.75,-106.25,10.00,3,sl
IBS<x_1,IBS<#,2018-11-14,2018-11-14,2018-11-20,1,3529.50,3472.65,-56.85,-72.00,45.00,5,sl
C<wvwapxsd_4,C<wvwap#sd,2018-11-19,2018-11-19,2018-11-26,1,3518.50,3499.50,-19.00,-66.75,5.00,6,signal
P_HixDD>x&RSIx_3,P_Hi#DD>#&RSI#<#,2018-11-19,2018-11-19,2018-11-26,1,3518.50,3499.50,-19.00,-66.75,5.00,6,signal
WRx<x_3,WR#<#,2018-11-20,2018-11-20,2018-11-26,1,3468.25,3499.50,31.25,-16.50,32.00,5,signal
P_HixDD>x&IBS<_1,P_Hi#DD>#&IBS<#,2018-11-19,2018-11-19,2018-11-26,1,3518.50,3499.50,-19.00,-66.75,5.00,6,signal
D01_2,D01,2018-11-12,2018-11-12,2018-11-27,1,3553.50,3508.25,-45.25,-101.75,28.00,12,signal
RSIx<x_3,RSI#<#,2018-11-20,2018-11-20,2018-11-28,1,3468.25,3521.00,52.75,-16.50,102.50,7,tp
IBS<x_1,IBS<#,2018-11-20,2018-11-20,2018-11-30,1,3468.25,3585.95,117.70,-16.50,119.00,9,tp
WRx<x_1,WR#<#,2018-11-20,2018-11-20,2018-11-30,1,3468.25,3585.95,117.70,-16.50,119.00,9,tp
LMT_RSIx<x_xAT_4,LMT_RSI#<#_#ATR,2018-11-19,2018-11-20,2018-12-04,1,3474.35,3580.90,106.55,-22.60,165.40,11,trail
C06_3,C06,2018-11-26,2018-11-26,2018-12-06,1,3499.50,3482.50,-17.00,-52.50,140.25,8,breakeven
P_HixDD>x&RSIx_3,P_Hi#DD>#&RSI#<#,2018-12-04,2018-12-04,2018-12-06,1,3529.25,3522.50,-6.75,-82.25,17.25,2,signal
P_HixDD>x&RSIx_3,P_Hi#DD>#&RSI#<#,2018-12-06,2018-12-06,2018-12-10,1,3522.50,3419.10,-103.40,-113.75,13.00,3,sl
WRx<x_3,WR#<#,2018-12-07,2018-12-07,2018-12-10,1,3459.25,3463.25,4.00,-50.50,15.00,2,signal
C06_3,C06,2018-12-12,2018-12-12,2018-12-14,1,3477.25,3421.40,-55.85,-57.50,19.50,3,sl
C<dvwapxsd_1,C<dvwap#sd,2018-11-20,2018-11-20,2018-12-17,1,3468.25,3379.97,-88.28,-112.50,171.50,19,sl
P_HixDD>x&RSIx_3,P_Hi#DD>#&RSI#<#,2018-12-10,2018-12-10,2018-12-19,1,3463.25,3351.62,-111.62,-151.50,49.00,8,sl
WRx<x_3,WR#<#,2018-12-14,2018-12-14,2018-12-19,1,3426.50,3318.57,-107.93,-114.75,12.50,4,sl
P_HixDD>x&RSIx_3,P_Hi#DD>#&RSI#<#,2018-12-19,2018-12-19,2018-12-24,1,3328.50,3214.57,-113.93,-165.75,11.75,4,sl
WRx<x_3,WR#<#,2018-12-19,2018-12-19,2018-12-24,1,3328.50,3214.57,-113.93,-165.75,11.75,4,sl
C<wvwapxsd_4,C<wvwap#sd,2018-12-04,2018-12-04,2018-12-26,1,3529.25,3290.50,-238.75,-390.25,17.25,15,signal
P_HixDD>x&RSIx_3,P_Hi#DD>#&RSI#<#,2018-12-24,2018-12-24,2018-12-26,1,3164.50,3290.50,126.00,-25.50,126.25,2,signal
WRx<x_3,WR#<#,2018-12-24,2018-12-24,2018-12-26,1,3164.50,3290.50,126.00,-25.50,126.25,2,signal
C06_3,C06,2018-12-26,2018-12-26,2018-12-27,1,3290.50,3219.28,-71.22,-71.25,23.00,2,sl
RSIx<x_2,RSI#<#,2018-12-17,2018-12-17,2018-12-27,1,3373.75,3255.75,-118.00,-234.75,40.50,8,signal
C<wvwapxsd_4,C<wvwap#sd,2019-01-03,2019-01-03,2019-01-04,1,3270.50,3354.75,84.25,-9.75,91.00,2,signal
P_HixDD>x&RSIx_3,P_Hi#DD>#&RSI#<#,2019-01-03,2019-01-03,2019-01-04,1,3270.50,3354.75,84.25,-9.75,91.00,2,signal
C<wvwapxsd_4,C<wvwap#sd,2019-01-14,2019-01-14,2019-01-15,1,3403.50,3432.75,29.25,-4.25,32.50,2,signal
IBS<x_3,IBS<#,2019-01-16,2019-01-16,2019-01-17,1,3438.50,3458.25,19.75,-19.75,29.25,2,signal
C<wvwapxsd_4,C<wvwap#sd,2019-01-21,2019-01-21,2019-01-25,1,3485.50,3485.50,0.00,-50.75,9.25,5,signal
C06_4,C06,2019-01-24,2019-01-24,2019-01-25,1,3463.75,3483.50,19.75,-8.00,31.00,2,tp
C06_4,C06,2019-01-30,2019-01-30,2019-01-31,1,3502.75,3517.97,15.22,-5.25,27.50,2,tp
C06_3,C06,2019-01-04,2019-01-04,2019-02-01,1,3354.75,3526.75,172.00,-9.25,183.50,21,time
LMT_RSIx<x_xAT_2,LMT_RSI#<#_#ATR,2019-02-07,2019-02-08,2019-02-08,1,3512.25,3529.75,17.50,-9.25,17.75,1,time
C<wvwapxsd_1,C<wvwap#sd,2019-02-07,2019-02-07,2019-02-08,1,3526.75,3529.75,3.00,-23.75,3.25,2,signal
P_HixDD>x&RSIx_2,P_Hi#DD>#&RSI#<#,2019-02-07,2019-02-07,2019-02-08,1,3526.75,3529.75,3.00,-23.75,3.25,2,signal
P_HixDD>x&RSIx_3,P_Hi#DD>#&RSI#<#,2019-02-07,2019-02-07,2019-02-08,1,3526.75,3529.75,3.00,-23.75,3.25,2,signal
RSIx<x_1,RSI#<#,2019-02-07,2019-02-07,2019-02-08,1,3526.75,3529.75,3.00,-23.75,3.25,2,signal
C<wvwapxsd_4,C<wvwap#sd,2019-02-07,2019-02-07,2019-02-11,1,3526.75,3531.00,4.25,-23.75,17.00,3,signal
C<wvwapxsd_1,C<wvwap#sd,2019-02-08,2019-02-08,2019-02-12,1,3529.75,3566.25,36.50,-7.00,40.50,3,signal
C<wvwapxsd_4,C<wvwap#sd,2019-02-11,2019-02-11,2019-02-12,1,3531.00,3566.25,35.25,-3.25,39.25,2,signal
C06_4,C06,2019-02-11,2019-02-11,2019-02-12,1,3531.00,3549.00,18.00,-3.25,39.25,2,tp
C06_3,C06,2019-02-12,2019-02-12,2019-02-14,1,3566.25,3561.75,-4.50,-13.75,19.00,3,breakeven
IBS<x_3,IBS<#,2019-02-13,2019-02-13,2019-02-14,1,3574.25,3567.75,-6.50,-21.75,11.00,2,signal
C06_2,C06,2019-02-12,2019-02-12,2019-02-18,1,3566.25,3599.38,33.12,-15.00,38.50,5,tp
C06_1,C06,2019-02-15,2019-02-15,2019-02-19,1,3598.00,3588.50,-9.50,-2.50,6.75,3,signal
C06_4,C06,2019-02-15,2019-02-15,2019-02-20,1,3598.00,3610.10,12.10,-9.75,15.00,4,tp
C<wvwapxsd_1,C<wvwap#sd,2019-02-21,2019-02-21,2019-02-22,1,3597.50,3614.25,16.75,-4.75,19.25,2,signal
C<wvwapxsd_4,C<wvwap#sd,2019-02-21,2019-02-21,2019-02-22,1,3597.50,3614.25,16.75,-4.75,19.25,2,signal
C06_4,C06,2019-02-22,2019-02-22,2019-02-25,1,3614.25,3630.00,15.75,-2.50,22.00,2,tp
C06_1,C06,2019-02-22,2019-02-22,2019-02-26,1,3614.25,3613.75,-0.50,-2.50,22.00,3,signal
C06_3,C06,2019-02-22,2019-02-22,2019-02-26,1,3614.25,3613.75,-0.50,-8.75,22.00,3,breakeven
IBS<x_3,IBS<#,2019-02-25,2019-02-25,2019-02-26,1,3618.75,3616.25,-2.50,-13.25,7.00,2,signal
C<wvwapxsd_1,C<wvwap#sd,2019-02-25,2019-02-25,2019-02-27,1,3618.75,3615.00,-3.75,-21.50,7.00,3,signal
C<wvwapxsd_1,C<wvwap#sd,2019-02-27,2019-02-27,2019-03-01,1,3615.00,3626.75,11.75,-11.00,15.50,3,signal
C<wvwapxsd_4,C<wvwap#sd,2019-02-25,2019-02-25,2019-03-01,1,3618.75,3626.75,8.00,-21.50,11.75,5,signal
P_HixDD>x&RSIx_1,P_Hi#DD>#&RSI#<#,2019-02-28,2019-02-28,2019-03-01,1,3607.25,3626.75,19.50,-2.00,23.25,2,signal
P_HixDD>x&RSIx_2,P_Hi#DD>#&RSI#<#,2019-02-28,2019-02-28,2019-03-01,1,3607.25,3626.75,19.50,-2.00,23.25,2,signal
IBS<x_2,IBS<#,2019-02-25,2019-02-25,2019-03-01,1,3618.75,3626.75,8.00,-21.50,11.75,5,signal
IBS<x_3,IBS<#,2019-02-28,2019-02-28,2019-03-01,1,3607.25,3626.75,19.50,-2.00,23.25,2,signal
RSIx<x_1,RSI#<#,2019-02-28,2019-02-28,2019-03-01,1,3607.25,3626.75,19.50,-2.00,23.25,2,signal
P_HixDD>x&IBS<_3,P_Hi#DD>#&IBS<#,2019-02-28,2019-02-28,2019-03-01,1,3607.25,3626.75,19.50,-2.00,23.25,2,signal
P_HixDD>x&IBS<_4,P_Hi#DD>#&IBS<#,2019-02-28,2019-02-28,2019-03-01,1,3607.25,3626.75,19.50,-2.00,23.25,2,signal
C06_3,C06,2019-03-01,2019-03-01,2019-03-04,1,3626.75,3601.12,-25.62,-37.00,15.25,2,sl
C06_4,C06,2019-03-01,2019-03-01,2019-03-04,1,3626.75,3607.53,-19.22,-37.00,15.25,2,sl
IBS<x_4,IBS<#,2019-02-25,2019-02-25,2019-03-04,1,3618.75,3590.82,-27.93,-29.00,23.25,6,sl
LMT_RSIx<x_xAT_2,LMT_RSI#<#_#ATR,2019-03-06,2019-03-07,2019-03-07,1,3587.47,3571.25,-16.22,-26.72,11.03,1,time
C06_2,C06,2019-02-22,2019-02-22,2019-03-07,1,3614.25,3585.36,-28.89,-53.50,27.75,10,sl
ConnorsRSI<x_1,ConnorsRSI<#,2019-02-07,2019-02-07,2019-03-07,1,3526.75,3571.25,44.50,-23.75,115.25,21,time
LMT_RSIx<x_xAT_2,LMT_RSI#<#_#ATR,2019-03-07,2019-03-08,2019-03-08,1,3549.50,3565.50,16.00,-5.25,24.25,1,time
C<wvwapxsd_1,C<wvwap#sd,2019-03-04,2019-03-04,2019-03-08,1,3615.50,3565.50,-50.00,-71.25,5.75,5,signal
C<wvwapxsd_3,C<wvwap#sd,2019-03-07,2019-03-07,2019-03-08,1,3571.25,3549.50,-21.75,-27.00,2.50,2,sl
P_HixDD>x&RSIx_2,P_Hi#DD>#&RSI#<#,2019-03-06,2019-03-06,2019-03-08,1,3594.25,3565.50,-28.75,-50.00,4.25,3,signal
P_HixDD>x&RSIx_3,P_Hi#DD>#&RSI#<#,2019-03-07,2019-03-07,2019-03-08,1,3571.25,3565.50,-5.75,-27.00,2.50,2,signal
P_HixDD>x&RSIx_4,P_Hi#DD>#&RSI#<#,2019-03-07,2019-03-07,2019-03-08,1,3571.25,3544.61,-26.64,-27.00,2.50,2,sl
ConnorsRSI<x_4,ConnorsRSI<#,2019-03-06,2019-03-06,2019-03-08,1,3594.25,3549.50,-44.75,-50.00,4.25,3,sl
LMT_RSIx<x_xAT_1,LMT_RSI#<#_#ATR,2019-03-06,2019-03-07,2019-03-11,1,3573.93,3605.25,31.32,-29.68,32.57,3,signal
C<wvwapxsd_1,C<wvwap#sd,2019-03-08,2019-03-08,2019-03-11,1,3565.50,3605.25,39.75,-6.50,41.00,2,signal
C<wvwapxsd_4,C<wvwap#sd,2019-03-04,2019-03-04,2019-03-11,1,3615.50,3605.25,-10.25,-71.25,5.75,6,signal
P_HixDD>x&RSIx_1,P_Hi#DD>#&RSI#<#,2019-03-06,2019-03-06,2019-03-11,1,3594.25,3605.25,11.00,-50.00,12.25,4,signal
P_HixDD>x&RSIx_3,P_Hi#DD>#&RSI#<#,2019-03-08,2019-03-08,2019-03-11,1,3565.50,3605.25,39.75,-6.50,41.00,2,signal
IBS<x_2,IBS<#,2019-03-06,2019-03-06,2019-03-11,1,3594.25,3605.25,11.00,-50.00,12.25,4,signal
IBS<x_3,IBS<#,2019-03-06,2019-03-06,2019-03-11,1,3594.25,3605.25,11.00,-50.00,12.25,4,signal
CloseAtxdLow_3,CloseAt#dLow,2019-03-06,2019-03-06,2019-03-11,1,3594.25,3605.25,11.00,-50.00,12.25,4,signal
CloseAtxdLow_4,CloseAt#dLow,2019-03-06,2019-03-06,2019-03-11,1,3594.25,3605.25,11.00,-50.00,12.25,4,signal
RSIx<x_1,RSI#<#,2019-03-06,2019-03-06,2019-03-11,1,3594.25,3605.25,11.00,-50.00,12.25,4,signal
P_HixDD>x&IBS<_3,P_Hi#DD>#&IBS<#,2019-03-06,2019-03-06,2019-03-11,1,3594.25,3605.25,11.00,-50.00,12.25,4,signal
P_HixDD>x&IBS<_4,P_Hi#DD>#&IBS<#,2019-03-06,2019-03-06,2019-03-11,1,3594.25,3605.25,11.00,-50.00,12.25,4,signal
C06_1,C06,2019-03-01,2019-03-01,2019-03-12,1,3626.75,3610.75,-16.00,-82.50,15.25,8,signal
C06_4,C06,2019-03-11,2019-03-11,2019-03-12,1,3605.25,3615.78,10.53,-2.50,15.25,2,tp
P_HixDD>x&RSIx_4,P_Hi#DD>#&RSI#<#,2019-03-08,2019-03-08,2019-03-12,1,3565.50,3619.03,53.53,-6.50,55.00,3,tp
RSIx<x_2,RSI#<#,2019-03-08,2019-03-08,2019-03-12,1,3565.50,3610.75,45.25,-6.50,41.00,3,signal
LMT_RSIx<x_xAT_3,LMT_RSI#<#_#ATR,2019-03-07,2019-03-08,2019-03-13,1,3549.50,3633.50,84.00,-5.25,94.25,4,signal
C06_2,C06,2019-03-11,2019-03-11,2019-03-13,1,3605.25,3633.34,28.09,-2.50,38.50,3,tp
ConnorsRSI<x_2,ConnorsRSI<#,2019-03-07,2019-03-07,2019-03-13,1,3571.25,3631.18,59.93,-27.00,72.50,5,tp
CloseAtxdLow_2,CloseAt#dLow,2019-03-06,2019-03-06,2019-03-15,1,3594.25,3648.45,54.20,-50.00,59.50,8,tp
C<wvwapxsd_1,C<wvwap#sd,2019-03-19,2019-03-19,2019-03-21,1,3657.25,3678.25,21.00,-26.25,26.00,3,signal
C<wvwapxsd_2,C<wvwap#sd,2019-02-21,2019-02-21,2019-03-21,1,3597.50,3678.25,80.75,-53.25,85.75,21,time
C<wvwapxsd_4,C<wvwap#sd,2019-03-19,2019-03-19,2019-03-21,1,3657.25,3678.25,21.00,-26.25,26.00,3,signal
LMT_RSIx<x_xAT_2,LMT_RSI#<#_#ATR,2019-03-22,2019-03-25,2019-03-25,1,3615.73,3620.50,4.77,-8.98,20.02,1,time
C<dvwapxsd_3,C<dvwap#sd,2019-02-25,2019-02-25,2019-03-25,1,3618.75,3620.50,1.75,-74.50,64.50,21,time
C<wvwapxsd_3,C<wvwap#sd,2019-03-22,2019-03-22,2019-03-25,1,3623.25,3608.21,-15.04,-16.50,12.50,2,sl
P_HixDD>x&IBS<_4,P_Hi#DD>#&IBS<#,2019-03-22,2019-03-22,2019-03-25,1,3623.25,3620.50,-2.75,-16.50,12.50,2,signal
C<wvwapxsd_4,C<wvwap#sd,2019-03-22,2019-03-22,2019-03-26,1,3623.25,3640.50,17.25,-16.50,29.00,3,signal
IBS<x_2,IBS<#,2019-03-22,2019-03-22,2019-03-26,1,3623.25,3640.50,17.25,-16.50,29.00,3,signal
C06_4,C06,2019-03-26,2019-03-26,2019-03-27,1,3640.50,3617.30,-23.20,-31.50,8.50,2,sl
C<wvwapxsd_1,C<wvwap#sd,2019-03-22,2019-03-22,2019-03-28,1,3623.25,3637.25,14.00,-16.50,29.00,5,signal
P_HixDD>x&RSIx_1,P_Hi#DD>#&RSI#<#,2019-03-22,2019-03-22,2019-03-28,1,3623.25,3637.25,14.00,-16.50,29.00,5,signal
P_HixDD>x&RSIx_2,P_Hi#DD>#&RSI#<#,2019-03-22,2019-03-22,2019-03-28,1,3623.25,3637.25,14.00,-16.50,29.00,5,signal
P_HixDD>x&RSIx_3,P_Hi#DD>#&RSI#<#,2019-03-25,2019-03-25,2019-03-28,1,3620.50,3637.25,16.75,-11.50,31.75,4,signal
IBS<x_3,IBS<#,2019-03-22,2019-03-22,2019-03-28,1,3623.25,3637.25,14.00,-16.50,29.00,5,signal
D01_1,D01,2019-03-25,2019-03-25,2019-03-28,1,3620.50,3637.25,16.75,-11.50,31.75,4,signal
C<wvwapxsd_4,C<wvwap#sd,2019-03-27,2019-03-27,2019-03-29,1,3627.25,3655.25,28.00,-15.00,30.50,3,signal
C06_1,C06,2019-03-26,2019-03-26,2019-03-29,1,3640.50,3653.00,12.50,-31.50,8.50,4,signal
C06_4,C06,2019-03-28,2019-03-28,2019-03-29,1,3637.25,3653.00,15.75,-2.00,20.50,2,tp
D01_4,D01,2019-03-22,2019-03-22,2019-03-29,1,3623.25,3655.25,32.00,-16.50,34.50,6,signal
CloseAtxdLow_3,CloseAt#dLow,2019-03-22,2019-03-22,2019-03-29,1,3623.25,3655.25,32.00,-16.50,34.50,6,signal
RSIx<x_1,RSI#<#,2019-03-22,2019-03-22,2019-03-29,1,3623.25,3655.25,32.00,-16.50,34.50,6,signal
P_HixDD>x&IBS<_3,P_Hi#DD>#&IBS<#,2019-03-22,2019-03-22,2019-03-29,1,3623.25,3655.25,32.00,-16.50,34.50,6,signal
C06_2,C06,2019-03-28,2019-03-28,2019-04-01,1,3637.25,3676.25,39.00,-2.00,53.50,3,tp
C06_3,C06,2019-03-11,2019-03-11,2019-04-01,1,3605.25,3689.51,84.26,-2.50,85.50,16,tp
D01_3,D01,2019-03-11,2019-03-11,2019-04-01,1,3605.25,3689.51,84.26,-2.50,85.50,16,tp
CloseAtxdLow_2,CloseAt#dLow,2019-03-22,2019-03-22,2019-04-01,1,3623.25,3683.43,60.18,-16.50,67.50,7,tp
ConnorsRSI<x_4,ConnorsRSI<#,2019-03-22,2019-03-22,2019-04-02,1,3623.25,3690.95,67.70,-16.50,67.75,8,tp
IBS<x_4,IBS<#,2019-03-22,2019-03-22,2019-04-05,1,3623.25,3713.51,90.26,-16.50,91.25,11,tp
C<wvwapxsd_1,C<wvwap#sd,2019-04-09,2019-04-09,2019-04-10,1,3701.00,3710.75,9.75,-5.75,10.50,2,signal
C<wvwapxsd_4,C<wvwap#sd,2019-04-09,2019-04-09,2019-04-10,1,3701.00,3710.75,9.75,-5.75,10.50,2,signal
RSIx<x_1,RSI#<#,2019-04-09,2019-04-09,2019-04-10,1,3701.00,3710.75,9.75,-5.75,10.50,2,signal
C<wvwapxsd_1,C<wvwap#sd,2019-04-17,2019-04-17,2019-04-18,1,3720.75,3725.75,5.00,-14.00,8.25,2,signal
D01_2,D01,2019-04-17,2019-04-17,2019-04-18,1,3720.75,3725.75,5.00,-14.00,8.25,2,signal
RSIx<x_1,RSI#<#,2019-04-17,2019-04-17,2019-04-18,1,3720.75,3725.75,5.00,-14.00,8.25,2,signal
C<wvwapxsd_2,C<wvwap#sd,2019-03-22,2019-03-22,2019-04-22,1,3623.25,3728.75,105.50,-16.50,117.50,21,time
IBS<x_3,IBS<#,2019-04-17,2019-04-17,2019-04-22,1,3720.75,3728.75,8.00,-14.00,12.25,3,signal
ConnorsRSI<x_1,ConnorsRSI<#,2019-03-22,2019-03-22,2019-04-22,1,3623.25,3728.75,105.50,-16.50,117.50,21,time
C<wvwapxsd_4,C<wvwap#sd,2019-04-17,2019-04-17,2019-04-23,1,3720.75,3754.00,33.25,-14.00,36.25,4,signal
C<dvwapxsd_4,C<dvwap#sd,2019-04-24,2019-04-24,2019-04-25,1,3747.50,3736.78,-10.72,-16.00,5.50,2,sl
IBS<x_3,IBS<#,2019-04-24,2019-04-24,2019-04-25,1,3747.50,3745.25,-2.25,-16.00,5.50,2,signal
C<dvwapxsd_2,C<dvwap#sd,2019-04-24,2019-04-24,2019-04-26,1,3747.50,3759.00,11.50,-16.00,12.00,3,signal
IBS<x_2,IBS<#,2019-04-24,2019-04-24,2019-04-26,1,3747.50,3759.00,11.50,-16.00,12.00,3,signal
C<wvwapxsd_1,C<wvwap#sd,2019-04-29,2019-04-29,2019-04-30,1,3762.25,3764.00,1.75,-19.00,5.25,2,signal
IBS<x_1,IBS<#,2019-04-17,2019-04-17,2019-05-01,1,3720.75,3772.78,52.03,-14.00,57.75,10,tp
LMT_RSIx<x_xAT_2,LMT_RSI#<#_#ATR,2019-05-01,2019-05-02,2019-05-02,1,3736.89,3736.00,-0.89,-18.64,13.11,1,time
C<dvwapxsd_1,C<dvwap#sd,2019-04-03,2019-04-03,2019-05-02,1,3693.75,3736.00,42.25,-5.50,84.75,21,time
C<dvwapxsd_4,C<dvwap#sd,2019-05-01,2019-05-01,2019-05-02,1,3742.00,3731.79,-10.21,-23.75,8.00,2,sl
C<wvwapxsd_3,C<wvwap#sd,2019-05-01,2019-05-01,2019-05-02,1,3742.00,3731.79,-10.21,-23.75,8.00,2,sl
IBS<x_1,IBS<#,2019-05-01,2019-05-01,2019-05-02,1,3742.00,3721.57,-20.43,-23.75,8.00,2,sl
IBS<x_4,IBS<#,2019-05-01,2019-05-01,2019-05-02,1,3742.00,3721.57,-20.43,-23.75,8.00,2,sl
C<dvwapxsd_2,C<dvwap#sd,2019-05-01,2019-05-01,2019-05-03,1,3742.00,3763.00,21.00,-23.75,24.25,3,signal
C<wvwapxsd_1,C<wvwap#sd,2019-05-01,2019-05-01,2019-05-03,1,3742.00,3763.00,21.00,-23.75,24.25,3,signal
C<wvwapxsd_4,C<wvwap#sd,2019-04-29,2019-04-29,2019-05-03,1,3762.25,3763.00,0.75,-44.00,16.25,5,signal
P_HixDD>x&RSIx_1,P_Hi#DD>#&RSI#<#,2019-05-01,2019-05-01,2019-05-03,1,3742.00,3763.00,21.00,-23.75,24.25,3,signal
P_HixDD>x&RSIx_2,P_Hi#DD>#&RSI#<#,2019-05-01,2019-05-01,2019-05-03,1,3742.00,3763.00,21.00,-23.75,24.25,3,signal
IBS<x_2,IBS<#,2019-05-01,2019-05-01,2019-05-03,1,3742.00,3763.00,21.00,-23.75,24.25,3,signal
IBS<x_3,IBS<#,2019-05-01,2019-05-01,2019-05-03,1,3742.00,3763.00,21.00,-23.75,24.25,3,signal
D01_1,D01,2019-05-02,2019-05-02,2019-05-03,1,3736.00,3763.00,27.00,-3.75,30.25,2,signal
D01_2,D01,2019-05-01,2019-05-01,2019-05-03,1,3742.00,3763.00,21.00,-23.75,24.25,3,signal
D01_4,D01,2019-05-01,2019-05-01,2019-05-03,1,3742.00,3763.00,21.00,-23.75,24.25,3,signal
CloseAtxdLow_3,CloseAt#dLow,2019-05-01,2019-05-01,2019-05-03,1,3742.00,3763.00,21.00,-23.75,24.25,3,signal
RSIx<x_1,RSI#<#,2019-05-01,2019-05-01,2019-05-03,1,3742.00,3763.00,21.00,-23.75,24.25,3,signal
P_HixDD>x&IBS<_1,P_Hi#DD>#&IBS<#,2019-05-01,2019-05-01,2019-05-03,1,3742.00,3763.00,21.00,-23.75,24.25,3,signal
P_HixDD>x&IBS<_3,P_Hi#DD>#&IBS<#,2019-05-01,2019-05-01,2019-05-03,1,3742.00,3763.00,21.00,-23.75,24.25,3,signal
P_HixDD>x&IBS<_4,P_Hi#DD>#&IBS<#,2019-05-01,2019-05-01,2019-05-03,1,3742.00,3763.00,21.00,-23.75,24.25,3,signal
LMT_RSIx<x_xAT_4,LMT_RSI#<#_#ATR,2019-05-01,2019-05-02,2019-05-06,1,3726.68,3715.00,-11.68,-25.93,40.07,3,trail
C<wvwapxsd_2,C<wvwap#sd,2019-04-29,2019-04-29,2019-05-06,1,3762.25,3702.66,-59.59,-61.50,16.25,6,sl
D01_3,D01,2019-05-02,2019-05-02,2019-05-06,1,3736.00,3704.78,-31.22,-35.25,30.75,3,sl
CloseAtxdLow_2,CloseAt#dLow,2019-05-01,2019-05-01,2019-05-06,1,3742.00,3701.15,-40.85,-41.25,24.75,4,sl
ConnorsRSI<x_4,ConnorsRSI<#,2019-05-01,2019-05-01,2019-05-06,1,3742.00,3711.36,-30.64,-41.25,24.75,4,sl
C<dvwapxsd_3,C<dvwap#sd,2019-04-24,2019-04-24,2019-05-07,1,3747.50,3683.19,-64.31,-67.75,31.00,10,sl
ConnorsRSI<x_1,ConnorsRSI<#,2019-05-01,2019-05-01,2019-05-07,1,3742.00,3680.72,-61.28,-62.25,24.75,5,sl
LMT_RSIx<x_xAT_2,LMT_RSI#<#_#ATR,2019-05-07,2019-05-08,2019-05-08,1,3695.47,3697.50,2.03,-9.47,21.28,1,time
LMT_RSIx<x_xAT_2,LMT_RSI#<#_#ATR,2019-05-08,2019-05-09,2019-05-09,1,3673.50,3688.50,15.00,-20.00,32.00,1,time
C<dvwapxsd_1,C<dvwap#sd,2019-05-08,2019-05-08,2019-05-09,1,3697.50,3656.21,-41.29,-44.00,8.00,2,sl
C<wvwapxsd_1,C<wvwap#sd,2019-05-07,2019-05-07,2019-05-09,1,3702.25,3688.50,-13.75,-48.75,14.50,3,signal
P_HixDD>x&RSIx_3,P_Hi#DD>#&RSI#<#,2019-05-07,2019-05-07,2019-05-09,1,3702.25,3688.50,-13.75,-48.75,14.50,3,signal
P_HixDD>x&RSIx_4,P_Hi#DD>#&RSI#<#,2019-05-08,2019-05-08,2019-05-09,1,3697.50,3669.97,-27.53,-44.00,8.00,2,sl
IBS<x_1,IBS<#,2019-05-08,2019-05-08,2019-05-09,1,3697.50,3669.97,-27.53,-44.00,8.00,2,sl
RSIx<x_3,RSI#<#,2019-05-07,2019-05-07,2019-05-09,1,3702.25,3661.56,-40.69,-48.75,14.50,3,sl
ConnorsRSI<x_4,ConnorsRSI<#,2019-05-07,2019-05-07,2019-05-09,1,3702.25,3661.56,-40.69,-48.75,14.50,3,sl
LMT_RSIx<x_xAT_2,LMT_RSI#<#_#ATR,2019-05-09,2019-05-10,2019-05-10,1,3677.50,3701.25,23.75,-34.25,32.75,1,time
LMT_RSIx<x_xAT_4,LMT_RSI#<#_#ATR,2019-05-08,2019-05-09,2019-05-10,1,3673.50,3676.19,2.69,-30.25,36.75,2,trail
C<wvwapxsd_1,C<wvwap#sd,2019-05-09,2019-05-09,2019-05-10,1,3688.50,3701.25,12.75,-45.25,21.75,2,signal
C<wvwapxsd_4,C<wvwap#sd,2019-05-07,2019-05-07,2019-05-10,1,3702.25,3701.25,-1.00,-59.00,14.50,4,signal
P_HixDD>x&RSIx_1,P_Hi#DD>#&RSI#<#,2019-05-07,2019-05-07,2019-05-10,1,3702.25,3648.00,-54.25,-59.00,14.50,4,sl
P_HixDD>x&RSIx_3,P_Hi#DD>#&RSI#<#,2019-05-09,2019-05-09,2019-05-10,1,3688.50,3701.25,12.75,-45.25,21.75,2,signal
P_HixDD>x&RSIx_4,P_Hi#DD>#&RSI#<#,2019-05-09,2019-05-09,2019-05-10,1,3688.50,3659.19,-29.31,-45.25,21.75,2,sl
D01_3,D01,2019-05-09,2019-05-09,2019-05-10,1,3688.50,3644.53,-43.97,-45.25,21.75,2,sl
CloseAtxdLow_1,CloseAt#dLow,2019-05-08,2019-05-08,2019-05-10,1,3697.50,3701.25,3.75,-54.25,12.75,3,signal
CloseAtxdLow_2,CloseAt#dLow,2019-05-07,2019-05-07,2019-05-10,1,3702.25,3648.00,-54.25,-59.00,14.50,4,sl
RSIx<x_1,RSI#<#,2019-05-07,2019-05-07,2019-05-10,1,3702.25,3648.00,-54.25,-59.00,14.50,4,sl
RSIx<x_3,RSI#<#,2019-05-09,2019-05-09,2019-05-10,1,3688.50,3644.53,-43.97,-45.25,21.75,2,sl
RSIx<x_4,RSI#<#,2019-05-09,2019-05-09,2019-05-10,1,3688.50,3673.84,-14.66,-45.25,21.75,2,sl
ConnorsRSI<x_4,ConnorsRSI<#,2019-05-09,2019-05-09,2019-05-10,1,3688.50,3644.53,-43.97,-45.25,21.75,2,sl
C<wvwapxsd_2,C<wvwap#sd,2019-05-07,2019-05-07,2019-05-13,1,3702.25,3620.88,-81.38,-83.00,14.50,5,sl
WRx<x_3,WR#<#,2019-05-13,2019-05-13,2019-05-14,1,3630.00,3653.00,23.00,-13.00,41.00,2,signal
RSIx<x_3,RSI#<#,2019-05-13,2019-05-13,2019-05-14,1,3630.00,3656.30,26.30,-13.00,41.00,2,tp
C<wvwapxsd_1,C<wvwap#sd,2019-05-13,2019-05-13,2019-05-15,1,3630.00,3670.25,40.25,-13.00,47.25,3,signal
P_HixDD>x&RSIx_1,P_Hi#DD>#&RSI#<#,2019-05-13,2019-05-13,2019-05-15,1,3630.00,3670.25,40.25,-13.00,47.25,3,signal
P_HixDD>x&RSIx_3,P_Hi#DD>#&RSI#<#,2019-05-13,2019-05-13,2019-05-15,1,3630.00,3670.25,40.25,-13.00,47.25,3,signal
WRx<x_2,WR#<#,2019-05-13,2019-05-13,2019-05-15,1,3630.00,3635.50,5.50,-13.00,47.25,3,trail
CloseAtxdLow_1,CloseAt#dLow,2019-05-13,2019-05-13,2019-05-15,1,3630.00,3670.25,40.25,-13.00,47.25,3,signal
LMT_RSIx<x_xAT_1,LMT_RSI#<#_#ATR,2019-05-08,2019-05-09,2019-05-16,1,3673.50,3695.25,21.75,-56.50,37.75,6,signal
C<wvwapxsd_4,C<wvwap#sd,2019-05-13,2019-05-13,2019-05-16,1,3630.00,3695.25,65.25,-13.00,81.25,4,signal
WRx<x_1,WR#<#,2019-05-13,2019-05-13,2019-05-16,1,3630.00,3700.12,70.12,-13.00,81.25,4,tp
CloseAtxdLow_2,CloseAt#dLow,2019-05-13,2019-05-13,2019-05-16,1,3630.00,3700.12,70.12,-13.00,81.25,4,tp
RSIx<x_1,RSI#<#,2019-05-13,2019-05-13,2019-05-16,1,3630.00,3695.25,65.25,-13.00,81.25,4,signal
RSIx<x_4,RSI#<#,2019-05-13,2019-05-13,2019-05-16,1,3630.00,3682.59,52.59,-13.00,81.25,4,tp
ConnorsRSI<x_4,ConnorsRSI<#,2019-05-13,2019-05-13,2019-05-16,1,3630.00,3708.89,78.89,-13.00,81.25,4,tp
C<wvwapxsd_4,C<wvwap#sd,2019-05-20,2019-05-20,2019-05-21,1,3658.50,3683.50,25.00,-1.50,29.50,2,signal
P_HixDD>x&RSIx_1,P_Hi#DD>#&RSI#<#,2019-05-20,2019-05-20,2019-05-21,1,3658.50,3683.50,25.00,-1.50,29.50,2,signal
RSIx<x_1,RSI#<#,2019-05-20,2019-05-20,2019-05-21,1,3658.50,3683.50,25.00,-1.50,29.50,2,signal
P_HixDD>x&IBS<_4,P_Hi#DD>#&IBS<#,2019-05-17,2019-05-17,2019-05-21,1,3677.75,3683.50,5.75,-28.00,16.00,3,signal
IBS<x_1,IBS<#,2019-05-17,2019-05-17,2019-05-23,1,3677.75,3637.21,-40.54,-54.75,16.00,5,sl
C<wvwapxsd_1,C<wvwap#sd,2019-05-20,2019-05-20,2019-05-27,1,3658.50,3649.00,-9.50,-35.50,29.50,6,signal
P_HixDD>x&RSIx_3,P_Hi#DD>#&RSI#<#,2019-05-20,2019-05-20,2019-05-27,1,3658.50,3649.00,-9.50,-35.50,29.50,6,signal
P_HixDD>x&IBS<_1,P_Hi#DD>#&IBS<#,2019-05-17,2019-05-17,2019-05-27,1,3677.75,3649.00,-28.75,-54.75,16.00,7,signal
C<dvwapxsd_4,C<dvwap#sd,2019-05-28,2019-05-28,2019-05-29,1,3618.50,3596.18,-22.32,-35.00,5.75,2,sl
D01_3,D01,2019-05-15,2019-05-15,2019-05-29,1,3670.25,3605.75,-64.50,-86.75,41.00,11,sl
P_HixDD>x&IBS<_3,P_Hi#DD>#&IBS<#,2019-05-17,2019-05-17,2019-05-29,1,3677.75,3596.68,-81.07,-94.25,16.00,9,sl
ConnorsRSI<x_4,ConnorsRSI<#,2019-05-20,2019-05-20,2019-05-29,1,3658.50,3595.65,-62.85,-75.00,29.50,8,sl
C<dvwapxsd_1,C<dvwap#sd,2019-05-13,2019-05-13,2019-05-31,1,3630.00,3577.41,-52.59,-62.25,81.25,15,sl
IBS<x_1,IBS<#,2019-05-28,2019-05-28,2019-05-31,1,3618.50,3573.86,-44.64,-50.75,5.75,4,sl
IBS<x_4,IBS<#,2019-05-28,2019-05-28,2019-05-31,1,3618.50,3573.86,-44.64,-50.75,5.75,4,sl
WRx<x_1,WR#<#,2019-05-28,2019-05-28,2019-05-31,1,3618.50,3573.86,-44.64,-50.75,5.75,4,sl
WRx<x_2,WR#<#,2019-05-28,2019-05-28,2019-05-31,1,3618.50,3577.75,-40.75,-50.75,5.75,4,trail
RSIx<x_4,RSI#<#,2019-05-29,2019-05-29,2019-05-31,1,3600.00,3577.58,-22.42,-32.25,16.25,3,sl
P_HixDD>x&RSIx_1,P_Hi#DD>#&RSI#<#,2019-05-23,2019-05-23,2019-06-03,1,3640.00,3552.10,-87.90,-94.00,19.25,8,sl
CloseAtxdLow_2,CloseAt#dLow,2019-05-23,2019-05-23,2019-06-03,1,3640.00,3552.10,-87.90,-94.00,19.25,8,sl
RSIx<x_1,RSI#<#,2019-05-23,2019-05-23,2019-06-03,1,3640.00,3552.10,-87.90,-94.00,19.25,8,sl
RSIx<x_3,RSI#<#,2019-05-28,2019-05-28,2019-06-03,1,3618.50,3551.54,-66.96,-72.50,5.75,5,sl
C<wvwapxsd_1,C<wvwap#sd,2019-05-28,2019-05-28,2019-06-04,1,3618.50,3620.75,2.25,-72.50,5.75,6,signal
C<wvwapxsd_4,C<wvwap#sd,2019-05-23,2019-05-23,2019-06-04,1,3640.00,3620.75,-19.25,-94.00,19.25,9,signal
P_HixDD>x&RSIx_3,P_Hi#DD>#&RSI#<#,2019-05-28,2019-05-28,2019-06-04,1,3618.50,3620.75,2.25,-72.50,5.75,6,signal
IBS<x_2,IBS<#,2019-05-28,2019-05-28,2019-06-04,1,3618.50,3620.75,2.25,-72.50,5.75,6,signal
WRx<x_3,WR#<#,2019-05-28,2019-05-28,2019-06-04,1,3618.50,3620.75,2.25,-72.50,5.75,6,signal
WRx<x_4,WR#<#,2019-05-28,2019-05-28,2019-06-04,1,3618.50,3620.75,2.25,-72.50,5.75,6,signal
D01_2,D01,2019-05-23,2019-05-23,2019-06-04,1,3640.00,3620.75,-19.25,-94.00,19.25,9,signal
CloseAtxdLow_1,CloseAt#dLow,2019-05-28,2019-05-28,2019-06-04,1,3618.50,3620.75,2.25,-72.50,5.75,6,signal
RSIx<x_3,RSI#<#,2019-06-03,2019-06-03,2019-06-04,1,3561.00,3593.36,32.36,-0.50,61.25,2,tp
P_HixDD>x&IBS<_1,P_Hi#DD>#&IBS<#,2019-05-28,2019-05-28,2019-06-04,1,3618.50,3620.75,2.25,-72.50,5.75,6,signal
P_HixDD>x&IBS<_4,P_Hi#DD>#&IBS<#,2019-05-28,2019-05-28,2019-06-04,1,3618.50,3620.75,2.25,-72.50,5.75,6,signal
C06_1,C06,2019-05-27,2019-05-27,2019-06-05,1,3649.00,3638.50,-10.50,-103.00,9.50,8,signal
RSIx<x_2,RSI#<#,2019-06-03,2019-06-03,2019-06-05,1,3561.00,3638.50,77.50,-0.50,61.25,3,signal
LMT_RSIx<x_xAT_3,LMT_RSI#<#_#ATR,2019-05-07,2019-05-08,2019-06-06,1,3695.47,3662.25,-33.22,-149.47,21.28,22,signal
IBS<x_1,IBS<#,2019-05-31,2019-05-31,2019-06-06,1,3569.25,3658.65,89.40,-23.25,101.00,5,tp
WRx<x_1,WR#<#,2019-05-31,2019-05-31,2019-06-06,1,3569.25,3658.65,89.40,-23.25,101.00,5,tp
C<dvwapxsd_1,C<dvwap#sd,2019-05-31,2019-05-31,2019-06-07,1,3569.25,3703.35,134.10,-23.25,134.25,6,tp
ConnorsRSI<x_4,ConnorsRSI<#,2019-05-29,2019-05-29,2019-06-07,1,3600.00,3700.88,100.88,-54.00,103.50,8,tp
C<wvwapxsd_2,C<wvwap#sd,2019-05-13,2019-05-13,2019-06-10,1,3630.00,3704.00,74.00,-84.00,93.00,21,time
IBS<x_3,IBS<#,2019-06-10,2019-06-10,2019-06-11,1,3704.00,3703.50,-0.50,-7.50,24.75,2,signal
P_HixDD>x&IBS<_3,P_Hi#DD>#&IBS<#,2019-06-10,2019-06-10,2019-06-11,1,3704.00,3703.50,-0.50,-7.50,24.75,2,signal
IBS<x_3,IBS<#,2019-06-11,2019-06-11,2019-06-12,1,3703.50,3698.00,-5.50,-11.00,4.75,2,signal
C<wvwapxsd_4,C<wvwap#sd,2019-06-10,2019-06-10,2019-06-13,1,3704.00,3710.50,6.50,-19.50,24.75,4,signal
IBS<x_2,IBS<#,2019-06-10,2019-06-10,2019-06-13,1,3704.00,3710.50,6.50,-19.50,24.75,4,signal
D01_2,D01,2019-06-12,2019-06-12,2019-06-13,1,3698.00,3710.50,12.50,-13.50,15.75,2,signal
P_HixDD>x&IBS<_3,P_Hi#DD>#&IBS<#,2019-06-11,2019-06-11,2019-06-13,1,3703.50,3710.50,7.00,-19.00,10.25,3,signal
P_HixDD>x&IBS<_4,P_Hi#DD>#&IBS<#,2019-06-10,2019-06-10,2019-06-13,1,3704.00,3710.50,6.50,-19.50,24.75,4,signal
C<wvwapxsd_4,C<wvwap#sd,2019-06-14,2019-06-14,2019-06-18,1,3705.75,3736.50,30.75,-3.75,43.75,3,signal
C06_3,C06,2019-06-04,2019-06-04,2019-06-18,1,3620.75,3748.47,127.72,-2.50,128.75,11,tp
IBS<x_3,IBS<#,2019-06-17,2019-06-17,2019-06-18,1,3708.00,3736.50,28.50,-6.00,41.50,2,signal
D01_2,D01,2019-06-17,2019-06-17,2019-06-18,1,3708.00,3736.50,28.50,-6.00,41.50,2,signal
C<wvwapxsd_1,C<wvwap#sd,2019-06-10,2019-06-10,2019-06-20,1,3704.00,3771.25,67.25,-19.50,73.50,9,signal
IBS<x_1,IBS<#,2019-06-10,2019-06-10,2019-06-21,1,3704.00,3780.53,76.53,-19.50,78.25,10,tp
IBS<x_3,IBS<#,2019-06-21,2019-06-21,2019-06-24,1,3768.00,3764.00,-4.00,-7.75,6.75,2,signal
LMT_RSIx<x_xAT_4,LMT_RSI#<#_#ATR,2019-05-28,2019-05-29,2019-06-25,1,3585.02,3737.41,152.39,-39.02,197.23,20,trail
C<wvwapxsd_3,C<wvwap#sd,2019-06-24,2019-06-24,2019-06-25,1,3764.00,3748.01,-15.99,-31.00,7.25,2,sl
IBS<x_1,IBS<#,2019-06-21,2019-06-21,2019-06-25,1,3768.00,3736.09,-31.91,-35.00,6.75,3,sl
D01_2,D01,2019-06-24,2019-06-24,2019-06-25,1,3764.00,3735.00,-29.00,-31.00,7.25,2,signal
D01_2,D01,2019-06-25,2019-06-25,2019-06-27,1,3735.00,3741.00,6.00,-7.50,17.00,3,signal
RSIx<x_1,RSI#<#,2019-06-25,2019-06-25,2019-06-27,1,3735.00,3741.00,6.00,-7.50,17.00,3,signal
C<wvwapxsd_4,C<wvwap#sd,2019-06-24,2019-06-24,2019-06-28,1,3764.00,3756.25,-7.75,-36.50,7.25,5,signal
P_HixDD>x&RSIx_1,P_Hi#DD>#&RSI#<#,2019-06-25,2019-06-25,2019-06-28,1,3735.00,3756.25,21.25,-7.50,26.50,4,signal
IBS<x_2,IBS<#,2019-06-21,2019-06-21,2019-06-28,1,3768.00,3756.25,-11.75,-40.50,6.75,6,signal
IBS<x_3,IBS<#,2019-06-24,2019-06-24,2019-06-28,1,3764.00,3756.25,-7.75,-36.50,7.25,5,signal
CloseAtxdLow_3,CloseAt#dLow,2019-06-26,2019-06-26,2019-06-28,1,3731.75,3756.25,24.50,-4.25,29.75,3,signal
P_HixDD>x&IBS<_3,P_Hi#DD>#&IBS<#,2019-06-25,2019-06-25,2019-06-28,1,3735.00,3756.25,21.25,-7.50,26.50,4,signal
P_HixDD>x&IBS<_4,P_Hi#DD>#&IBS<#,2019-06-25,2019-06-25,2019-06-28,1,3735.00,3756.25,21.25,-7.50,26.50,4,signal
C<wvwapxsd_3,C<wvwap#sd,2019-06-25,2019-06-25,2019-07-01,1,3735.00,3792.25,57.25,-7.50,59.75,5,tp
CloseAtxdLow_2,CloseAt#dLow,2019-06-26,2019-06-26,2019-07-01,1,3731.75,3793.62,61.88,-4.25,63.00,4,tp
C<wvwapxsd_1,C<wvwap#sd,2019-06-24,2019-06-24,2019-07-02,1,3764.00,3789.75,25.75,-36.50,30.75,7,signal
P_HixDD>x&RSIx_2,P_Hi#DD>#&RSI#<#,2019-06-25,2019-06-25,2019-07-02,1,3735.00,3789.75,54.75,-7.50,59.75,6,signal
P_HixDD>x&IBS<_1,P_Hi#DD>#&IBS<#,2019-06-25,2019-06-25,2019-07-02,1,3735.00,3789.75,54.75,-7.50,59.75,6,signal
IBS<x_1,IBS<#,2019-06-25,2019-06-25,2019-07-03,1,3735.00,3798.75,63.75,-7.50,79.50,7,tp
ConnorsRSI<x_2,ConnorsRSI<#,2019-06-25,2019-06-25,2019-07-03,1,3735.00,3806.72,71.72,-7.50,79.50,7,tp
ConnorsRSI<x_4,ConnorsRSI<#,2019-06-25,2019-06-25,2019-07-03,1,3735.00,3806.72,71.72,-7.50,79.50,7,tp
C<dvwapxsd_1,C<dvwap#sd,2019-06-10,2019-06-10,2019-07-04,1,3704.00,3818.79,114.79,-19.50,115.00,19,tp
IBS<x_4,IBS<#,2019-06-10,2019-06-10,2019-07-04,1,3704.00,3818.79,114.79,-19.50,115.00,19,tp
C<wvwapxsd_2,C<wvwap#sd,2019-06-10,2019-06-10,2019-07-08,1,3704.00,3792.75,88.75,-19.50,115.00,21,time
LMT_RSIx<x_xAT_2,LMT_RSI#<#_#ATR,2019-07-08,2019-07-09,2019-07-09,1,3779.25,3796.50,17.25,-2.75,20.00,1,time
C<wvwapxsd_1,C<wvwap#sd,2019-07-08,2019-07-08,2019-07-09,1,3792.75,3796.50,3.75,-16.25,6.50,2,signal
RSIx<x_1,RSI#<#,2019-07-08,2019-07-08,2019-07-09,1,3792.75,3796.50,3.75,-16.25,6.50,2,signal
C<wvwapxsd_4,C<wvwap#sd,2019-07-08,2019-07-08,2019-07-10,1,3792.75,3809.75,17.00,-16.25,27.75,3,signal
C<dvwapxsd_3,C<dvwap#sd,2019-06-17,2019-06-17,2019-07-15,1,3708.00,3831.00,123.00,-6.00,128.50,21,time
C<wvwapxsd_3,C<wvwap#sd,2019-07-16,2019-07-16,2019-07-17,1,3820.50,3808.91,-11.59,-20.50,5.50,2,sl
LMT_RSIx<x_xAT_2,LMT_RSI#<#_#ATR,2019-07-17,2019-07-18,2019-07-18,1,3793.75,3810.50,16.75,-6.25,20.75,1,time
C<dvwapxsd_2,C<dvwap#sd,2019-07-17,2019-07-17,2019-07-18,1,3800.25,3810.50,10.25,-12.75,14.25,2,signal
C<dvwapxsd_4,C<dvwap#sd,2019-07-17,2019-07-17,2019-07-18,1,3800.25,3788.55,-11.70,-12.75,14.25,2,sl
C<wvwapxsd_1,C<wvwap#sd,2019-07-16,2019-07-16,2019-07-18,1,3820.50,3810.50,-10.00,-33.00,5.50,3,signal
P_HixDD>x&RSIx_2,P_Hi#DD>#&RSI#<#,2019-07-17,2019-07-17,2019-07-18,1,3800.25,3810.50,10.25,-12.75,14.25,2,signal
IBS<x_1,IBS<#,2019-07-16,2019-07-16,2019-07-18,1,3820.50,3793.75,-26.75,-33.00,5.50,3,sl
P_HixDD>x&IBS<_1,P_Hi#DD>#&IBS<#,2019-07-17,2019-07-17,2019-07-18,1,3800.25,3810.50,10.25,-12.75,14.25,2,signal
LMT_RSIx<x_xAT_2,LMT_RSI#<#_#ATR,2019-07-19,2019-07-22,2019-07-22,1,3786.86,3800.75,13.89,-4.36,19.64,1,time
C<dvwapxsd_1,C<dvwap#sd,2019-07-16,2019-07-16,2019-07-22,1,3820.50,3785.74,-34.76,-38.00,5.50,5,sl
C<dvwapxsd_2,C<dvwap#sd,2019-07-19,2019-07-19,2019-07-22,1,3792.75,3800.75,8.00,-10.25,13.75,2,signal
C<dvwapxsd_4,C<dvwap#sd,2019-07-19,2019-07-19,2019-07-22,1,3792.75,3804.53,11.78,-10.25,13.75,2,tp
P_HixDD>x&IBS<_4,P_Hi#DD>#&IBS<#,2019-07-17,2019-07-17,2019-07-22,1,3800.25,3800.75,0.50,-17.75,22.50,4,signal
C<wvwapxsd_1,C<wvwap#sd,2019-07-18,2019-07-18,2019-07-23,1,3810.50,3820.50,10.00,-28.00,12.25,4,signal
C<wvwapxsd_4,C<wvwap#sd,2019-07-16,2019-07-16,2019-07-23,1,3820.50,3820.50,0.00,-38.00,5.50,6,signal
P_HixDD>x&RSIx_1,P_Hi#DD>#&RSI#<#,2019-07-17,2019-07-17,2019-07-23,1,3800.25,3820.50,20.25,-17.75,22.50,5,signal
P_HixDD>x&RSIx_2,P_Hi#DD>#&RSI#<#,2019-07-19,2019-07-19,2019-07-23,1,3792.75,3820.50,27.75,-10.25,28.50,3,signal
IBS<x_2,IBS<#,2019-07-17,2019-07-17,2019-07-23,1,3800.25,3820.50,20.25,-17.75,22.50,5,signal
IBS<x_3,IBS<#,2019-07-16,2019-07-16,2019-07-23,1,3820.50,3820.50,0.00,-38.00,5.50,6,signal
D01_1,D01,2019-07-18,2019-07-18,2019-07-23,1,3810.50,3820.50,10.00,-28.00,12.25,4,signal
D01_2,D01,2019-07-16,2019-07-16,2019-07-23,1,3820.50,3820.50,0.00,-38.00,5.50,6,signal
D01_4,D01,2019-07-17,2019-07-17,2019-07-23,1,3800.25,3820.50,20.25,-17.75,22.50,5,signal
CloseAtxdLow_3,CloseAt#dLow,2019-07-19,2019-07-19,2019-07-23,1,3792.75,3820.50,27.75,-10.25,28.50,3,signal
RSIx<x_1,RSI#<#,2019-07-17,2019-07-17,2019-07-23,1,3800.25,3820.50,20.25,-17.75,22.50,5,signal
P_HixDD>x&IBS<_1,P_Hi#DD>#&IBS<#,2019-07-19,2019-07-19,2019-07-23,1,3792.75,3820.50,27.75,-10.25,28.50,3,signal
P_HixDD>x&IBS<_3,P_Hi#DD>#&IBS<#,2019-07-17,2019-07-17,2019-07-23,1,3800.25,3820.50,20.25,-17.75,22.50,5,signal
ConnorsRSI<x_1,ConnorsRSI<#,2019-06-25,2019-06-25,2019-07-23,1,3735.00,3820.50,85.50,-7.50,101.50,21,time
IBS<x_1,IBS<#,2019-07-19,2019-07-19,2019-07-25,1,3792.75,3839.85,47.10,-10.25,48.00,5,tp
CloseAtxdLow_2,CloseAt#dLow,2019-07-19,2019-07-19,2019-07-25,1,3792.75,3839.85,47.10,-10.25,48.00,5,tp
C<dvwapxsd_1,C<dvwap#sd,2019-07-25,2019-07-25,2019-07-31,1,3819.75,3783.97,-35.78,-48.75,22.75,5,sl
IBS<x_4,IBS<#,2019-07-17,2019-07-17,2019-07-31,1,3800.25,3800.25,0.00,-29.25,42.25,11,breakeven
LMT_RSIx<x_xAT_2,LMT_RSI#<#_#ATR,2019-07-31,2019-08-01,2019-08-01,1,3786.29,3767.00,-19.29,-28.79,40.96,1,time
P_HixDD>x&RSIx_4,P_Hi#DD>#&RSI#<#,2019-07-31,2019-07-31,2019-08-01,1,3792.50,3767.65,-24.85,-35.00,34.75,2,sl
LMT_RSIx<x_xAT_2,LMT_RSI#<#_#ATR,2019-08-01,2019-08-02,2019-08-02,1,3756.50,3745.00,-11.50,-30.00,18.25,1,time
LMT_RSIx<x_xAT_4,LMT_RSI#<#_#ATR,2019-07-31,2019-08-01,2019-08-02,1,3773.86,3756.50,-17.36,-47.36,53.39,2,trail
C<dvwapxsd_1,C<dvwap#sd,2019-07-31,2019-07-31,2019-08-02,1,3792.50,3755.22,-37.28,-66.00,34.75,3,sl
C<dvwapxsd_3,C<dvwap#sd,2019-07-16,2019-07-16,2019-08-02,1,3820.50,3750.97,-69.53,-94.00,22.00,14,sl
P_HixDD>x&RSIx_1,P_Hi#DD>#&RSI#<#,2019-07-31,2019-07-31,2019-08-02,1,3792.50,3742.80,-49.70,-66.00,34.75,3,sl
P_HixDD>x&RSIx_3,P_Hi#DD>#&RSI#<#,2019-07-31,2019-07-31,2019-08-02,1,3792.50,3742.80,-49.70,-66.00,34.75,3,sl
P_HixDD>x&RSIx_4,P_Hi#DD>#&RSI#<#,2019-08-01,2019-08-01,2019-08-02,1,3767.00,3739.10,-27.90,-40.50,7.75,2,sl
IBS<x_1,IBS<#,2019-08-01,2019-08-01,2019-08-02,1,3767.00,3739.10,-27.90,-40.50,7.75,2,sl
CloseAtxdLow_1,CloseAt#dLow,2019-07-31,2019-07-31,2019-08-02,1,3792.50,3742.80,-49.70,-66.00,34.75,3,sl
CloseAtxdLow_2,CloseAt#dLow,2019-07-31,2019-07-31,2019-08-02,1,3792.50,3742.80,-49.70,-66.00,34.75,3,sl
RSIx<x_1,RSI#<#,2019-07-31,2019-07-31,2019-08-02,1,3792.50,3742.80,-49.70,-66.00,34.75,3,sl
RSIx<x_4,RSI#<#,2019-08-01,2019-08-01,2019-08-02,1,3767.00,3753.05,-13.95,-40.50,7.75,2,sl
ConnorsRSI<x_3,ConnorsRSI<#,2019-08-01,2019-08-01,2019-08-02,1,3767.00,3739.10,-27.90,-40.50,7.75,2,sl
ConnorsRSI<x_4,ConnorsRSI<#,2019-07-08,2019-07-08,2019-08-02,1,3792.75,3755.23,-37.52,-66.25,49.75,20,sl
LMT_RSIx<x_xAT_1,LMT_RSI#<#_#ATR,2019-07-31,2019-08-01,2019-08-05,1,3773.86,3690.16,-83.70,-140.36,53.39,3,sl
LMT_RSIx<x_xAT_4,LMT_RSI#<#_#ATR,2019-08-02,2019-08-05,2019-08-05,1,3698.00,3664.70,-33.30,-64.50,50.50,1,sl
C<wvwapxsd_2,C<wvwap#sd,2019-07-08,2019-07-08,2019-08-05,1,3792.75,3698.00,-94.75,-159.25,49.75,21,sl
P_HixDD>x&RSIx_1,P_Hi#DD>#&RSI#<#,2019-08-02,2019-08-02,2019-08-05,1,3745.00,3687.65,-57.35,-111.50,3.50,2,sl
P_HixDD>x&RSIx_3,P_Hi#DD>#&RSI#<#,2019-08-02,2019-08-02,2019-08-05,1,3745.00,3687.65,-57.35,-111.50,3.50,2,sl
D01_3,D01,2019-08-02,2019-08-02,2019-08-05,1,3745.00,3698.00,-47.00,-111.50,3.50,2,sl
D01_4,D01,2019-07-31,2019-07-31,2019-08-05,1,3792.50,3698.00,-94.50,-159.00,34.75,4,sl
CloseAtxdLow_1,CloseAt#dLow,2019-08-02,2019-08-02,2019-08-05,1,3745.00,3687.65,-57.35,-111.50,3.50,2,sl
CloseAtxdLow_2,CloseAt#dLow,2019-08-02,2019-08-02,2019-08-05,1,3745.00,3687.65,-57.35,-111.50,3.50,2,sl
RSIx<x_1,RSI#<#,2019-08-02,2019-08-02,2019-08-05,1,3745.00,3687.65,-57.35,-111.50,3.50,2,sl
RSIx<x_3,RSI#<#,2019-08-01,2019-08-01,2019-08-05,1,3767.00,3698.00,-69.00,-133.50,7.75,3,sl
RSIx<x_4,RSI#<#,2019-08-02,2019-08-02,2019-08-05,1,3745.00,3698.00,-47.00,-111.50,3.50,2,sl
P_HixDD>x&IBS<_1,P_Hi#DD>#&IBS<#,2019-08-01,2019-08-01,2019-08-05,1,3767.00,3683.30,-83.70,-133.50,7.75,3,sl
P_HixDD>x&IBS<_3,P_Hi#DD>#&IBS<#,2019-08-01,2019-08-01,2019-08-05,1,3767.00,3698.00,-69.00,-133.50,7.75,3,sl
P_HixDD>x&IBS<_4,P_Hi#DD>#&IBS<#,2019-08-01,2019-08-01,2019-08-05,1,3767.00,3698.00,-69.00,-133.50,7.75,3,sl
ConnorsRSI<x_1,ConnorsRSI<#,2019-07-31,2019-07-31,2019-08-05,1,3792.50,3698.00,-94.50,-159.00,34.75,4,sl
ConnorsRSI<x_3,ConnorsRSI<#,2019-08-02,2019-08-02,2019-08-05,1,3745.00,3698.00,-47.00,-111.50,3.50,2,sl
ConnorsRSI<x_4,ConnorsRSI<#,2019-08-02,2019-08-02,2019-08-05,1,3745.00,3698.00,-47.00,-111.50,3.50,2,sl
LMT_RSIx<x_xAT_4,LMT_RSI#<#_#ATR,2019-08-05,2019-08-06,2019-08-06,1,3632.28,3594.71,-37.56,-43.53,64.47,1,sl
C<dvwapxsd_1,C<dvwap#sd,2019-08-05,2019-08-05,2019-08-06,1,3657.25,3607.30,-49.95,-68.50,39.50,2,sl
C<wvwapxsd_1,C<wvwap#sd,2019-07-29,2019-07-29,2019-08-06,1,3834.50,3694.50,-140.00,-245.75,6.00,7,signal
P_HixDD>x&RSIx_1,P_Hi#DD>#&RSI#<#,2019-08-05,2019-08-05,2019-08-06,1,3657.25,3590.65,-66.60,-68.50,39.50,2,sl
P_HixDD>x&RSIx_2,P_Hi#DD>#&RSI#<#,2019-07-31,2019-07-31,2019-08-06,1,3792.50,3694.50,-98.00,-203.75,34.75,5,signal
P_HixDD>x&RSIx_3,P_Hi#DD>#&RSI#<#,2019-08-05,2019-08-05,2019-08-06,1,3657.25,3590.65,-66.60,-68.50,39.50,2,sl
CloseAtxdLow_1,CloseAt#dLow,2019-08-05,2019-08-05,2019-08-06,1,3657.25,3590.65,-66.60,-68.50,39.50,2,sl
RSIx<x_3,RSI#<#,2019-08-05,2019-08-05,2019-08-06,1,3657.25,3607.30,-49.95,-68.50,39.50,2,sl
RSIx<x_4,RSI#<#,2019-08-05,2019-08-05,2019-08-06,1,3657.25,3640.60,-16.65,-68.50,39.50,2,sl
ConnorsRSI<x_3,ConnorsRSI<#,2019-08-05,2019-08-05,2019-08-06,1,3657.25,3623.95,-33.30,-68.50,39.50,2,sl
ConnorsRSI<x_4,ConnorsRSI<#,2019-08-05,2019-08-05,2019-08-06,1,3657.25,3607.30,-49.95,-68.50,39.50,2,sl
D01_3,D01,2019-08-06,2019-08-06,2019-08-07,1,3694.50,3638.16,-56.34,-58.25,10.00,2,sl
RSIx<x_3,RSI#<#,2019-08-06,2019-08-06,2019-08-07,1,3694.50,3638.16,-56.34,-58.25,10.00,2,sl
LMT_RSIx<x_xAT_1,LMT_RSI#<#_#ATR,2019-08-05,2019-08-06,2019-08-08,1,3632.28,3752.00,119.72,-43.53,119.72,3,signal
C<wvwapxsd_4,C<wvwap#sd,2019-07-29,2019-07-29,2019-08-08,1,3834.50,3752.00,-82.50,-245.75,6.00,9,signal
IBS<x_2,IBS<#,2019-08-01,2019-08-01,2019-08-08,1,3767.00,3752.00,-15.00,-178.25,7.75,6,signal
CloseAtxdLow_3,CloseAt#dLow,2019-07-31,2019-07-31,2019-08-08,1,3792.50,3752.00,-40.50,-203.75,34.75,7,signal
RSIx<x_3,RSI#<#,2019-08-07,2019-08-07,2019-08-08,1,3696.25,3725.62,29.37,-12.75,55.75,2,tp
C06_1,C06,2019-08-07,2019-08-07,2019-08-09,1,3696.25,3741.75,45.50,-12.75,55.75,3,signal
RSIx<x_2,RSI#<#,2019-08-02,2019-08-02,2019-08-09,1,3745.00,3741.75,-3.25,-156.25,7.00,6,signal
C<wvwapxsd_4,C<wvwap#sd,2019-08-12,2019-08-12,2019-08-13,1,3696.75,3741.00,44.25,-17.00,60.50,2,signal
D01_2,D01,2019-07-31,2019-07-31,2019-08-13,1,3792.50,3741.00,-51.50,-203.75,34.75,10,signal
C<wvwapxsd_4,C<wvwap#sd,2019-08-14,2019-08-14,2019-08-16,1,3654.25,3703.00,48.75,-23.50,53.50,3,signal
P_HixDD>x&RSIx_1,P_Hi#DD>#&RSI#<#,2019-08-14,2019-08-14,2019-08-16,1,3654.25,3703.00,48.75,-23.50,53.50,3,signal
P_HixDD>x&RSIx_3,P_Hi#DD>#&RSI#<#,2019-08-14,2019-08-14,2019-08-16,1,3654.25,3703.00,48.75,-23.50,53.50,3,signal
IBS<x_2,IBS<#,2019-08-14,2019-08-14,2019-08-16,1,3654.25,3703.00,48.75,-23.50,53.50,3,signal
D01_2,D01,2019-08-14,2019-08-14,2019-08-16,1,3654.25,3703.00,48.75,-23.50,53.50,3,signal
CloseAtxdLow_1,CloseAt#dLow,2019-08-14,2019-08-14,2019-08-16,1,3654.25,3703.00,48.75,-23.50,53.50,3,signal
P_HixDD>x&IBS<_1,P_Hi#DD>#&IBS<#,2019-08-14,2019-08-14,2019-08-16,1,3654.25,3703.00,48.75,-23.50,53.50,3,signal
P_HixDD>x&IBS<_4,P_Hi#DD>#&IBS<#,2019-08-14,2019-08-14,2019-08-16,1,3654.25,3703.00,48.75,-23.50,53.50,3,signal
P_HixDD>x&IBS<_3,P_Hi#DD>#&IBS<#,2019-08-14,2019-08-14,2019-08-19,1,3654.25,3737.50,83.25,-23.50,91.00,4,signal
C06_1,C06,2019-08-16,2019-08-16,2019-08-20,1,3703.00,3731.75,28.75,-2.50,42.25,3,signal
C<wvwapxsd_4,C<wvwap#sd,2019-08-20,2019-08-20,2019-08-21,1,3714.25,3737.75,23.50,-8.25,28.25,2,signal
IBS<x_2,IBS<#,2019-08-20,2019-08-20,2019-08-21,1,3714.25,3737.75,23.50,-8.25,28.25,2,signal
D01_2,D01,2019-08-20,2019-08-20,2019-08-21,1,3714.25,3737.75,23.50,-8.25,28.25,2,signal
P_HixDD>x&IBS<_3,P_Hi#DD>#&IBS<#,2019-08-20,2019-08-20,2019-08-21,1,3714.25,3737.75,23.50,-8.25,28.25,2,signal
P_HixDD>x&IBS<_4,P_Hi#DD>#&IBS<#,2019-08-20,2019-08-20,2019-08-21,1,3714.25,3737.75,23.50,-8.25,28.25,2,signal
C06_3,C06,2019-08-16,2019-08-16,2019-08-23,1,3703.00,3703.00,0.00,-56.00,49.75,6,breakeven
IBS<x_1,IBS<#,2019-08-14,2019-08-14,2019-08-23,1,3654.25,3654.25,0.00,-23.50,98.50,8,breakeven
C<dvwapxsd_1,C<dvwap#sd,2019-08-12,2019-08-12,2019-08-26,1,3696.75,3628.56,-68.19,-73.50,60.50,11,sl
P_HixDD>x&RSIx_3,P_Hi#DD>#&RSI#<#,2019-08-23,2019-08-23,2019-08-26,1,3660.75,3692.50,31.75,-37.50,40.75,2,signal
P_HixDD>x&IBS<_1,P_Hi#DD>#&IBS<#,2019-08-20,2019-08-20,2019-08-26,1,3714.25,3692.50,-21.75,-91.00,38.50,5,signal
P_HixDD>x&IBS<_4,P_Hi#DD>#&IBS<#,2019-08-23,2019-08-23,2019-08-26,1,3660.75,3692.50,31.75,-37.50,40.75,2,signal
ConnorsRSI<x_4,ConnorsRSI<#,2019-08-12,2019-08-12,2019-08-26,1,3696.75,3628.56,-68.19,-73.50,60.50,11,sl
P_HixDD>x&RSIx_1,P_Hi#DD>#&RSI#<#,2019-08-23,2019-08-23,2019-08-28,1,3660.75,3701.25,40.50,-37.50,51.75,4,signal
P_HixDD>x&IBS<_1,P_Hi#DD>#&IBS<#,2019-08-27,2019-08-27,2019-08-28,1,3681.00,3701.25,20.25,-16.25,22.50,2,signal
P_HixDD>x&IBS<_4,P_Hi#DD>#&IBS<#,2019-08-27,2019-08-27,2019-08-28,1,3681.00,3701.25,20.25,-16.25,22.50,2,signal
C<wvwapxsd_4,C<wvwap#sd,2019-08-23,2019-08-23,2019-08-29,1,3660.75,3737.75,77.00,-37.50,83.00,5,signal
C06_1,C06,2019-08-27,2019-08-27,2019-08-29,1,3681.00,3729.50,48.50,-16.25,22.50,3,signal
IBS<x_2,IBS<#,2019-08-23,2019-08-23,2019-08-29,1,3660.75,3737.75,77.00,-37.50,83.00,5,signal
D01_2,D01,2019-08-23,2019-08-23,2019-08-29,1,3660.75,3737.75,77.00,-37.50,83.00,5,signal
P_HixDD>x&IBS<_3,P_Hi#DD>#&IBS<#,2019-08-23,2019-08-23,2019-08-29,1,3660.75,3737.75,77.00,-37.50,83.00,5,signal
C<wvwapxsd_2,C<wvwap#sd,2019-08-05,2019-08-05,2019-09-02,1,3657.25,3711.75,54.50,-68.50,102.25,21,time
D01_2,D01,2019-09-02,2019-09-02,2019-09-03,1,3711.75,3719.25,7.50,-7.75,16.75,2,signal
C<wvwapxsd_4,C<wvwap#sd,2019-09-02,2019-09-02,2019-09-04,1,3711.75,3751.00,39.25,-7.75,40.25,3,signal
LMT_RSIx<x_xAT_3,LMT_RSI#<#_#ATR,2019-07-31,2019-08-01,2019-09-05,1,3786.29,3789.25,2.96,-197.54,40.96,26,signal
IBS<x_1,IBS<#,2019-08-23,2019-08-23,2019-09-05,1,3660.75,3781.40,120.65,-37.50,138.75,10,tp
C<wvwapxsd_1,C<wvwap#sd,2019-09-09,2019-09-09,2019-09-10,1,3792.25,3792.50,0.25,-22.00,5.75,2,signal
C<wvwapxsd_4,C<wvwap#sd,2019-09-09,2019-09-09,2019-09-11,1,3792.25,3813.50,21.25,-22.00,21.75,3,signal
D01_3,D01,2019-08-16,2019-08-16,2019-09-13,1,3703.00,3820.50,117.50,-79.75,133.75,21,time
IBS<x_3,IBS<#,2019-09-13,2019-09-13,2019-09-17,1,3820.50,3819.00,-1.50,-26.00,2.00,3,signal
LMT_RSIx<x_xAT_2,LMT_RSI#<#_#ATR,2019-09-20,2019-09-23,2019-09-23,1,3794.83,3804.50,9.67,-1.83,24.42,1,time
P_HixDD>x&IBS<_4,P_Hi#DD>#&IBS<#,2019-09-20,2019-09-20,2019-09-23,1,3803.25,3804.50,1.25,-10.25,16.00,2,signal
LMT_RSIx<x_xAT_2,LMT_RSI#<#_#ATR,2019-09-23,2019-09-24,2019-09-24,1,3796.73,3779.75,-16.98,-27.23,26.52,1,time
C<dvwapxsd_1,C<dvwap#sd,2019-08-27,2019-08-27,2019-09-24,1,3681.00,3779.75,98.75,-16.25,155.75,21,time
IBS<x_1,IBS<#,2019-09-13,2019-09-13,2019-09-24,1,3820.50,3781.20,-39.30,-51.00,15.00,8,sl
LMT_RSIx<x_xAT_2,LMT_RSI#<#_#ATR,2019-09-24,2019-09-25,2019-09-25,1,3771.80,3797.50,25.70,-7.05,30.95,1,time
LMT_RSIx<x_xAT_4,LMT_RSI#<#_#ATR,2019-09-23,2019-09-24,2019-09-25,1,3781.18,3780.75,-0.43,-16.43,42.07,2,trail
C<wvwapxsd_1,C<wvwap#sd,2019-09-20,2019-09-20,2019-09-25,1,3803.25,3797.50,-5.75,-38.50,20.00,4,signal
C06_3,C06,2019-08-28,2019-08-28,2019-09-25,1,3701.25,3797.50,96.25,-13.00,135.50,21,time
P_HixDD>x&RSIx_2,P_Hi#DD>#&RSI#<#,2019-09-24,2019-09-24,2019-09-25,1,3779.75,3797.50,17.75,-15.00,23.00,2,signal
P_HixDD>x&IBS<_1,P_Hi#DD>#&IBS<#,2019-09-24,2019-09-24,2019-09-25,1,3779.75,3797.50,17.75,-15.00,23.00,2,signal
P_HixDD>x&IBS<_4,P_Hi#DD>#&IBS<#,2019-09-24,2019-09-24,2019-09-25,1,3779.75,3797.50,17.75,-15.00,23.00,2,signal
RSIx<x_3,RSI#<#,2019-09-24,2019-09-24,2019-09-26,1,3779.75,3803.60,23.85,-15.00,26.25,3,tp
RSIx<x_4,RSI#<#,2019-09-24,2019-09-24,2019-09-27,1,3779.75,3763.85,-15.90,-22.50,26.25,4,sl
C<wvwapxsd_2,C<wvwap#sd,2019-09-02,2019-09-02,2019-09-30,1,3711.75,3788.75,77.00,-7.75,125.00,21,time
P_HixDD>x&RSIx_1,P_Hi#DD>#&RSI#<#,2019-09-24,2019-09-24,2019-09-30,1,3779.75,3788.75,9.00,-22.50,26.25,5,signal
IBS<x_3,IBS<#,2019-09-19,2019-09-19,2019-09-30,1,3819.25,3788.75,-30.50,-62.00,9.75,8,signal
CloseAtxdLow_4,CloseAt#dLow,2019-09-24,2019-09-24,2019-09-30,1,3779.75,3788.75,9.00,-22.50,26.25,5,signal
RSIx<x_2,RSI#<#,2019-09-24,2019-09-24,2019-10-01,1,3779.75,3797.75,18.00,-22.50,26.25,6,signal
ConnorsRSI<x_4,ConnorsRSI<#,2019-09-20,2019-09-20,2019-10-01,1,3803.25,3752.72,-50.53,-53.75,20.00,8,sl
LMT_RSIx<x_xAT_4,LMT_RSI#<#_#ATR,2019-10-01,2019-10-02,2019-10-02,1,3727.73,3693.81,-33.93,-42.73,32.27,1,sl
C<dvwapxsd_1,C<dvwap#sd,2019-09-24,2019-09-24,2019-10-02,1,3779.75,3732.05,-47.70,-94.75,26.25,7,sl
C<dvwapxsd_3,C<dvwap#sd,2019-09-13,2019-09-13,2019-10-02,1,3820.50,3702.60,-117.90,-135.50,15.00,14,sl
P_HixDD>x&RSIx_1,P_Hi#DD>#&RSI#<#,2019-10-01,2019-10-01,2019-10-02,1,3751.75,3687.70,-64.05,-66.75,8.25,2,sl
P_HixDD>x&RSIx_3,P_Hi#DD>#&RSI#<#,2019-09-27,2019-09-27,2019-10-02,1,3773.75,3711.35,-62.40,-88.75,31.75,4,sl
IBS<x_1,IBS<#,2019-09-24,2019-09-24,2019-10-02,1,3779.75,3734.25,-45.50,-94.75,26.25,7,sl
IBS<x_4,IBS<#,2019-10-01,2019-10-01,2019-10-02,1,3751.75,3719.72,-32.03,-66.75,8.25,2,sl
WRx<x_1,WR#<#,2019-10-01,2019-10-01,2019-10-02,1,3751.75,3719.72,-32.03,-66.75,8.25,2,sl
WRx<x_2,WR#<#,2019-10-01,2019-10-01,2019-10-02,1,3751.75,3719.72,-32.03,-66.75,8.25,2,sl
WRx<x_3,WR#<#,2019-10-01,2019-10-01,2019-10-02,1,3751.75,3687.70,-64.05,-66.75,8.25,2,sl
CloseAtxdLow_2,CloseAt#dLow,2019-09-20,2019-09-20,2019-10-02,1,3803.25,3734.25,-69.00,-118.25,20.00,9,sl
RSIx<x_1,RSI#<#,2019-09-20,2019-09-20,2019-10-02,1,3803.25,3734.25,-69.00,-118.25,20.00,9,sl
RSIx<x_3,RSI#<#,2019-10-01,2019-10-01,2019-10-02,1,3751.75,3703.71,-48.04,-66.75,8.25,2,sl
P_HixDD>x&IBS<_3,P_Hi#DD>#&IBS<#,2019-09-20,2019-09-20,2019-10-02,1,3803.25,3734.25,-69.00,-118.25,20.00,9,sl
P_HixDD>x&IBS<_4,P_Hi#DD>#&IBS<#,2019-10-01,2019-10-01,2019-10-02,1,3751.75,3687.70,-64.05,-66.75,8.25,2,sl
ConnorsRSI<x_1,ConnorsRSI<#,2019-09-20,2019-09-20,2019-10-02,1,3803.25,3702.19,-101.06,-118.25,20.00,9,sl
ConnorsRSI<x_4,ConnorsRSI<#,2019-10-01,2019-10-01,2019-10-02,1,3751.75,3703.71,-48.04,-66.75,8.25,2,sl
C<wvwapxsd_1,C<wvwap#sd,2019-09-26,2019-09-26,2019-10-03,1,3790.75,3722.00,-68.75,-124.75,14.75,6,signal
P_HixDD>x&RSIx_2,P_Hi#DD>#&RSI#<#,2019-09-27,2019-09-27,2019-10-03,1,3773.75,3722.00,-51.75,-107.75,31.75,5,signal
P_HixDD>x&RSIx_3,P_Hi#DD>#&RSI#<#,2019-10-02,2019-10-02,2019-10-03,1,3699.00,3722.00,23.00,-33.00,23.25,2,signal
RSIx<x_4,RSI#<#,2019-10-02,2019-10-02,2019-10-03,1,3699.00,3682.04,-16.96,-33.00,23.25,2,sl
P_HixDD>x&IBS<_1,P_Hi#DD>#&IBS<#,2019-10-01,2019-10-01,2019-10-03,1,3751.75,3722.00,-29.75,-85.75,8.25,3,signal
LMT_RSIx<x_xAT_1,LMT_RSI#<#_#ATR,2019-10-02,2019-10-03,2019-10-04,1,3673.56,3761.50,87.94,-7.56,90.69,2,signal
C<wvwapxsd_4,C<wvwap#sd,2019-09-20,2019-09-20,2019-10-04,1,3803.25,3761.50,-41.75,-137.25,20.00,11,signal
P_HixDD>x&RSIx_1,P_Hi#DD>#&RSI#<#,2019-10-02,2019-10-02,2019-10-04,1,3699.00,3761.50,62.50,-33.00,65.25,3,signal
IBS<x_2,IBS<#,2019-09-19,2019-09-19,2019-10-04,1,3819.25,3761.50,-57.75,-153.25,9.75,12,signal
WRx<x_3,WR#<#,2019-10-02,2019-10-02,2019-10-04,1,3699.00,3761.50,62.50,-33.00,65.25,3,signal
WRx<x_4,WR#<#,2019-10-01,2019-10-01,2019-10-04,1,3751.75,3761.50,9.75,-85.75,12.50,4,signal
CloseAtxdLow_1,CloseAt#dLow,2019-10-02,2019-10-02,2019-10-04,1,3699.00,3761.50,62.50,-33.00,65.25,3,signal
CloseAtxdLow_3,CloseAt#dLow,2019-09-20,2019-09-20,2019-10-04,1,3803.25,3761.50,-41.75,-137.25,20.00,11,time
RSIx<x_3,RSI#<#,2019-10-02,2019-10-02,2019-10-04,1,3699.00,3729.50,30.50,-33.00,65.25,3,tp
IBS<x_1,IBS<#,2019-10-02,2019-10-02,2019-10-07,1,3699.00,3766.85,67.85,-33.00,71.50,4,tp
WRx<x_1,WR#<#,2019-10-02,2019-10-02,2019-10-07,1,3699.00,3766.85,67.85,-33.00,71.50,4,tp
RSIx<x_2,RSI#<#,2019-10-02,2019-10-02,2019-10-07,1,3699.00,3752.50,53.50,-33.00,65.25,4,signal
LMT_RSIx<x_xAT_4,LMT_RSI#<#_#ATR,2019-10-02,2019-10-03,2019-10-08,1,3673.56,3727.25,53.69,-7.56,96.94,4,trail
IBS<x_1,IBS<#,2019-10-07,2019-10-07,2019-10-08,1,3748.75,3712.15,-36.60,-47.00,12.25,2,sl
C<wvwapxsd_4,C<wvwap#sd,2019-10-07,2019-10-07,2019-10-10,1,3748.75,3749.75,1.00,-56.00,12.25,4,signal
P_HixDD>x&RSIx_1,P_Hi#DD>#&RSI#<#,2019-10-08,2019-10-08,2019-10-10,1,3702.75,3749.75,47.00,-10.00,56.50,3,signal
IBS<x_2,IBS<#,2019-10-07,2019-10-07,2019-10-10,1,3748.75,3749.75,1.00,-56.00,12.25,4,signal
D01_2,D01,2019-09-20,2019-09-20,2019-10-10,1,3803.25,3749.75,-53.50,-137.25,20.00,15,signal
P_HixDD>x&IBS<_3,P_Hi#DD>#&IBS<#,2019-10-07,2019-10-07,2019-10-10,1,3748.75,3749.75,1.00,-56.00,12.25,4,signal
P_HixDD>x&IBS<_4,P_Hi#DD>#&IBS<#,2019-10-07,2019-10-07,2019-10-10,1,3748.75,3749.75,1.00,-56.00,12.25,4,signal
C<dvwapxsd_1,C<dvwap#sd,2019-10-02,2019-10-02,2019-10-11,1,3699.00,3800.78,101.78,-33.00,106.00,8,tp
IBS<x_1,IBS<#,2019-10-08,2019-10-08,2019-10-11,1,3702.75,3779.75,77.00,-10.00,102.25,4,tp
ConnorsRSI<x_4,ConnorsRSI<#,2019-10-02,2019-10-02,2019-10-11,1,3699.00,3779.75,80.75,-33.00,106.00,8,tp
P_HixDD>x&IBS<_3,P_Hi#DD>#&IBS<#,2019-10-11,2019-10-11,2019-10-14,1,3779.50,3777.00,-2.50,-14.75,14.00,2,signal
LMT_RSIx<x_xAT_3,LMT_RSI#<#_#ATR,2019-09-24,2019-09-25,2019-10-15,1,3771.80,3806.25,34.45,-105.80,42.45,15,signal
C<wvwapxsd_4,C<wvwap#sd,2019-10-14,2019-10-14,2019-10-15,1,3777.00,3806.25,29.25,-2.50,37.25,2,signal
IBS<x_2,IBS<#,2019-10-11,2019-10-11,2019-10-15,1,3779.50,3806.25,26.75,-14.75,34.75,3,signal
P_HixDD>x&IBS<_4,P_Hi#DD>#&IBS<#,2019-10-11,2019-10-11,2019-10-15,1,3779.50,3806.25,26.75,-14.75,34.75,3,signal
C<wvwapxsd_1,C<wvwap#sd,2019-10-07,2019-10-07,2019-10-21,1,3748.75,3816.75,68.00,-56.00,70.25,11,signal
C<wvwapxsd_4,C<wvwap#sd,2019-10-18,2019-10-18,2019-10-21,1,3796.25,3816.75,20.50,-1.50,22.25,2,signal
P_HixDD>x&RSIx_3,P_Hi#DD>#&RSI#<#,2019-10-08,2019-10-08,2019-10-21,1,3702.75,3816.75,114.00,-10.00,116.25,10,signal
P_HixDD>x&IBS<_1,P_Hi#DD>#&IBS<#,2019-10-07,2019-10-07,2019-10-21,1,3748.75,3816.75,68.00,-56.00,70.25,11,time
D01_3,D01,2019-10-03,2019-10-03,2019-10-22,1,3722.00,3824.71,102.71,-29.25,103.25,14,tp
C<dvwapxsd_2,C<dvwap#sd,2019-10-22,2019-10-22,2019-10-23,1,3806.25,3814.50,8.25,-13.25,9.25,2,signal
C<wvwapxsd_1,C<wvwap#sd,2019-10-22,2019-10-22,2019-10-23,1,3806.25,3814.50,8.25,-13.25,9.25,2,signal
IBS<x_3,IBS<#,2019-10-22,2019-10-22,2019-10-23,1,3806.25,3814.50,8.25,-13.25,9.25,2,signal
D01_2,D01,2019-10-22,2019-10-22,2019-10-23,1,3806.25,3814.50,8.25,-13.25,9.25,2,signal
C<wvwapxsd_4,C<wvwap#sd,2019-10-22,2019-10-22,2019-10-24,1,3806.25,3819.50,13.25,-13.25,20.00,3,signal
IBS<x_2,IBS<#,2019-10-22,2019-10-22,2019-10-24,1,3806.25,3819.50,13.25,-13.25,20.00,3,signal
C<dvwapxsd_4,C<dvwap#sd,2019-10-22,2019-10-22,2019-10-25,1,3806.25,3826.66,20.41,-13.25,31.25,4,tp
C<wvwapxsd_2,C<wvwap#sd,2019-10-01,2019-10-01,2019-10-29,1,3751.75,3846.75,95.00,-85.75,105.50,21,time
C<wvwapxsd_1,C<wvwap#sd,2019-10-29,2019-10-29,2019-10-30,1,3846.75,3856.00,9.25,-12.50,13.25,2,signal
IBS<x_3,IBS<#,2019-10-29,2019-10-29,2019-10-30,1,3846.75,3856.00,9.25,-12.50,13.25,2,signal
IBS<x_1,IBS<#,2019-10-11,2019-10-11,2019-10-31,1,3779.50,3865.55,86.05,-14.75,86.50,15,tp
C<wvwapxsd_4,C<wvwap#sd,2019-10-29,2019-10-29,2019-11-01,1,3846.75,3876.00,29.25,-15.50,29.25,4,signal
IBS<x_3,IBS<#,2019-11-05,2019-11-05,2019-11-06,1,3884.00,3885.00,1.00,-10.00,4.25,2,signal
C<wvwapxsd_4,C<wvwap#sd,2019-11-04,2019-11-04,2019-11-07,1,3887.50,3895.50,8.00,-13.50,20.50,4,signal
C<dvwapxsd_1,C<dvwap#sd,2019-10-11,2019-10-11,2019-11-08,1,3779.50,3903.00,123.50,-14.75,128.50,21,time
C<wvwapxsd_1,C<wvwap#sd,2019-11-04,2019-11-04,2019-11-08,1,3887.50,3903.00,15.50,-13.50,20.50,5,signal
IBS<x_4,IBS<#,2019-10-11,2019-10-11,2019-11-08,1,3779.50,3903.00,123.50,-14.75,128.50,21,time
C<dvwapxsd_3,C<dvwap#sd,2019-10-18,2019-10-18,2019-11-15,1,3796.25,3930.00,133.75,-3.25,134.00,21,time
IBS<x_1,IBS<#,2019-11-05,2019-11-05,2019-11-19,1,3884.00,3942.05,58.05,-10.00,59.50,11,tp
LMT_RSIx<x_xAT_2,LMT_RSI#<#_#ATR,2019-11-20,2019-11-21,2019-11-21,1,3913.72,3913.75,0.03,-11.47,11.78,1,time
C<wvwapxsd_1,C<wvwap#sd,2019-11-19,2019-11-19,2019-11-22,1,3930.50,3920.75,-9.75,-28.75,0.75,4,signal
P_HixDD>x&RSIx_2,P_Hi#DD>#&RSI#<#,2019-11-21,2019-11-21,2019-11-22,1,3913.75,3920.75,7.00,-5.00,11.75,2,signal
RSIx<x_1,RSI#<#,2019-11-20,2019-11-20,2019-11-22,1,3919.25,3920.75,1.50,-17.00,6.25,3,signal
C<wvwapxsd_1,C<wvwap#sd,2019-11-22,2019-11-22,2019-11-25,1,3920.75,3944.25,23.50,-0.50,23.75,2,signal
C<wvwapxsd_4,C<wvwap#sd,2019-11-19,2019-11-19,2019-11-25,1,3930.50,3944.25,13.75,-28.75,14.00,5,signal
P_HixDD>x&RSIx_1,P_Hi#DD>#&RSI#<#,2019-11-21,2019-11-21,2019-11-25,1,3913.75,3944.25,30.50,-5.00,30.75,3,signal
C<wvwapxsd_2,C<wvwap#sd,2019-10-29,2019-10-29,2019-11-26,1,3846.75,3950.50,103.75,-15.50,109.25,21,time
ConnorsRSI<x_4,ConnorsRSI<#,2019-11-21,2019-11-21,2019-11-27,1,3913.75,3964.23,50.48,-5.00,51.00,5,tp
LMT_RSIx<x_xAT_4,LMT_RSI#<#_#ATR,2019-11-20,2019-11-21,2019-12-02,1,3902.68,3943.56,40.89,-0.43,66.32,8,trail
LMT_RSIx<x_xAT_2,LMT_RSI#<#_#ATR,2019-12-02,2019-12-03,2019-12-03,1,3895.75,3904.25,8.50,-15.25,37.00,1,time
C<dvwapxsd_1,C<dvwap#sd,2019-11-19,2019-11-19,2019-12-03,1,3930.50,3895.75,-34.75,-50.00,38.50,11,sl
C<wvwapxsd_1,C<wvwap#sd,2019-12-02,2019-12-02,2019-12-03,1,3925.50,3904.25,-21.25,-45.00,7.25,2,signal
P_HixDD>x&RSIx_1,P_Hi#DD>#&RSI#<#,2019-12-02,2019-12-02,2019-12-03,1,3925.50,3884.07,-41.43,-45.00,7.25,2,sl
P_HixDD>x&RSIx_2,P_Hi#DD>#&RSI#<#,2019-12-02,2019-12-02,2019-12-03,1,3925.50,3904.25,-21.25,-45.00,7.25,2,signal
IBS<x_1,IBS<#,2019-12-02,2019-12-02,2019-12-03,1,3925.50,3895.75,-29.75,-45.00,7.25,2,sl
RSIx<x_1,RSI#<#,2019-12-02,2019-12-02,2019-12-03,1,3925.50,3884.07,-41.43,-45.00,7.25,2,sl
P_HixDD>x&IBS<_1,P_Hi#DD>#&IBS<#,2019-12-02,2019-12-02,2019-12-03,1,3925.50,3904.25,-21.25,-45.00,7.25,2,signal
P_HixDD>x&IBS<_3,P_Hi#DD>#&IBS<#,2019-12-02,2019-12-02,2019-12-03,1,3925.50,3884.07,-41.43,-45.00,7.25,2,sl
P_HixDD>x&IBS<_4,P_Hi#DD>#&IBS<#,2019-12-02,2019-12-02,2019-12-03,1,3925.50,3884.07,-41.43,-45.00,7.25,2,sl
ConnorsRSI<x_2,ConnorsRSI<#,2019-12-02,2019-12-02,2019-12-03,1,3925.50,3894.43,-31.07,-45.00,7.25,2,sl
ConnorsRSI<x_4,ConnorsRSI<#,2019-12-02,2019-12-02,2019-12-03,1,3925.50,3894.43,-31.07,-45.00,7.25,2,sl
LMT_RSIx<x_xAT_2,LMT_RSI#<#_#ATR,2019-12-03,2019-12-04,2019-12-04,1,3898.62,3924.00,25.38,-5.87,31.88,1,time
LMT_RSIx<x_xAT_4,LMT_RSI#<#_#ATR,2019-12-02,2019-12-03,2019-12-04,1,3895.75,3910.22,14.47,-15.25,37.00,2,trail
C<wvwapxsd_4,C<wvwap#sd,2019-12-02,2019-12-02,2019-12-04,1,3925.50,3924.00,-1.50,-45.00,7.25,3,signal
IBS<x_2,IBS<#,2019-12-02,2019-12-02,2019-12-04,1,3925.50,3924.00,-1.50,-45.00,7.25,3,signal
RSIx<x_3,RSI#<#,2019-12-03,2019-12-03,2019-12-04,1,3904.25,3921.14,16.89,-11.50,26.25,2,tp
RSIx<x_4,RSI#<#,2019-12-03,2019-12-03,2019-12-04,1,3904.25,3892.99,-11.26,-11.50,26.25,2,sl
C<wvwapxsd_1,C<wvwap#sd,2019-12-03,2019-12-03,2019-12-05,1,3904.25,3929.00,24.75,-11.50,31.50,3,signal
P_HixDD>x&RSIx_1,P_Hi#DD>#&RSI#<#,2019-12-03,2019-12-03,2019-12-05,1,3904.25,3929.00,24.75,-11.50,31.50,3,signal
P_HixDD>x&RSIx_3,P_Hi#DD>#&RSI#<#,2019-12-03,2019-12-03,2019-12-05,1,3904.25,3929.00,24.75,-11.50,31.50,3,signal
IBS<x_3,IBS<#,2019-12-02,2019-12-02,2019-12-05,1,3925.50,3929.00,3.50,-45.00,10.25,4,signal
CloseAtxdLow_4,CloseAt#dLow,2019-12-03,2019-12-03,2019-12-05,1,3904.25,3929.00,24.75,-11.50,31.50,3,signal
LMT_RSIx<x_xAT_1,LMT_RSI#<#_#ATR,2019-12-02,2019-12-03,2019-12-06,1,3895.75,3957.00,61.25,-15.25,66.25,4,signal
P_HixDD>x&RSIx_4,P_Hi#DD>#&RSI#<#,2019-12-03,2019-12-03,2019-12-06,1,3904.25,3949.75,45.50,-11.50,57.75,4,tp
CloseAtxdLow_2,CloseAt#dLow,2019-12-03,2019-12-03,2019-12-06,1,3904.25,3949.75,45.50,-11.50,57.75,4,tp
RSIx<x_1,RSI#<#,2019-12-03,2019-12-03,2019-12-06,1,3904.25,3957.00,52.75,-11.50,57.75,4,signal
ConnorsRSI<x_2,ConnorsRSI<#,2019-12-03,2019-12-03,2019-12-06,1,3904.25,3954.93,50.68,-11.50,57.75,4,tp
ConnorsRSI<x_4,ConnorsRSI<#,2019-12-03,2019-12-03,2019-12-06,1,3904.25,3954.93,50.68,-11.50,57.75,4,tp
C<wvwapxsd_3,C<wvwap#sd,2019-12-09,2019-12-09,2019-12-10,1,3947.50,3935.51,-11.99,-20.25,6.50,2,sl
IBS<x_3,IBS<#,2019-12-09,2019-12-09,2019-12-10,1,3947.50,3943.75,-3.75,-20.25,6.50,2,signal
D01_2,D01,2019-12-09,2019-12-09,2019-12-10,1,3947.50,3943.75,-3.75,-20.25,6.50,2,signal
LMT_RSIx<x_xAT_3,LMT_RSI#<#_#ATR,2019-12-03,2019-12-04,2019-12-12,1,3898.62,3979.25,80.63,-5.87,89.88,7,signal
C<wvwapxsd_4,C<wvwap#sd,2019-12-09,2019-12-09,2019-12-12,1,3947.50,3979.25,31.75,-20.25,41.00,4,signal
IBS<x_2,IBS<#,2019-12-09,2019-12-09,2019-12-12,1,3947.50,3979.25,31.75,-20.25,41.00,4,signal
IBS<x_1,IBS<#,2019-12-09,2019-12-09,2019-12-13,1,3947.50,3995.47,47.97,-20.25,48.50,5,tp
IBS<x_3,IBS<#,2019-12-17,2019-12-17,2019-12-18,1,4003.25,4004.50,1.25,-3.50,7.50,2,signal
C<wvwapxsd_1,C<wvwap#sd,2019-12-09,2019-12-09,2019-12-19,1,3947.50,4018.00,70.50,-20.25,71.25,9,signal
C<wvwapxsd_4,C<wvwap#sd,2019-12-17,2019-12-17,2019-12-19,1,4003.25,4018.00,14.75,-3.50,15.50,3,signal
IBS<x_2,IBS<#,2019-12-17,2019-12-17,2019-12-19,1,4003.25,4018.00,14.75,-3.50,15.50,3,signal
IBS<x_3,IBS<#,2019-12-18,2019-12-18,2019-12-19,1,4004.50,4018.00,13.50,-2.25,14.25,2,signal
ConnorsRSI<x_1,ConnorsRSI<#,2019-11-21,2019-11-21,2019-12-19,1,3913.75,4018.00,104.25,-33.25,105.00,21,time
C<dvwapxsd_1,C<dvwap#sd,2019-12-09,2019-12-09,2019-12-20,1,3947.50,4028.75,81.25,-20.25,89.75,10,tp
IBS<x_4,IBS<#,2019-12-09,2019-12-09,2019-12-20,1,3947.50,4028.75,81.25,-20.25,89.75,10,tp
C<wvwapxsd_1,C<wvwap#sd,2019-12-23,2019-12-23,2019-12-26,1,4034.00,4050.25,16.25,-3.75,16.50,3,signal
C<wvwapxsd_4,C<wvwap#sd,2019-12-23,2019-12-23,2019-12-26,1,4034.00,4050.25,16.25,-3.75,16.50,3,signal
IBS<x_1,IBS<#,2019-12-17,2019-12-17,2019-12-27,1,4003.25,4058.25,55.00,-3.50,58.50,8,tp
LMT_RSIx<x_xAT_2,LMT_RSI#<#_#ATR,2019-12-30,2019-12-31,2019-12-31,1,4024.12,4037.50,13.38,-3.38,16.12,1,time
C<wvwapxsd_1,C<wvwap#sd,2019-12-30,2019-12-30,2019-12-31,1,4030.25,4037.50,7.25,-9.50,10.00,2,signal
C<wvwapxsd_2,C<wvwap#sd,2019-12-02,2019-12-02,2019-12-31,1,3925.50,4037.50,112.00,-45.00,136.25,21,time
P_HixDD>x&RSIx_2,P_Hi#DD>#&RSI#<#,2019-12-30,2019-12-30,2019-12-31,1,4030.25,4037.50,7.25,-9.50,10.00,2,signal
RSIx<x_1,RSI#<#,2019-12-30,2019-12-30,2019-12-31,1,4030.25,4037.50,7.25,-9.50,10.00,2,signal
P_HixDD>x&IBS<_1,P_Hi#DD>#&IBS<#,2019-12-30,2019-12-30,2019-12-31,1,4030.25,4037.50,7.25,-9.50,10.00,2,signal
P_HixDD>x&IBS<_4,P_Hi#DD>#&IBS<#,2019-12-30,2019-12-30,2019-12-31,1,4030.25,4037.50,7.25,-9.50,10.00,2,signal
C<wvwapxsd_4,C<wvwap#sd,2019-12-30,2019-12-30,2020-01-02,1,4030.25,4066.25,36.00,-9.50,36.25,3,signal
P_HixDD>x&RSIx_1,P_Hi#DD>#&RSI#<#,2019-12-30,2019-12-30,2020-01-02,1,4030.25,4066.25,36.00,-9.50,36.25,3,signal
IBS<x_3,IBS<#,2019-12-30,2019-12-30,2020-01-02,1,4030.25,4066.25,36.00,-9.50,36.25,3,signal
P_HixDD>x&IBS<_3,P_Hi#DD>#&IBS<#,2019-12-30,2019-12-30,2020-01-02,1,4030.25,4066.25,36.00,-9.50,36.25,3,signal
IBS<x_1,IBS<#,2019-12-30,2019-12-30,2020-01-06,1,4030.25,4022.25,-8.00,-15.75,41.00,5,breakeven
C<dvwapxsd_1,C<dvwap#sd,2019-12-23,2019-12-23,2020-01-08,1,4034.00,3998.17,-35.83,-45.25,41.50,11,sl
C<dvwapxsd_3,C<dvwap#sd,2019-12-09,2019-12-09,2020-01-08,1,3947.50,4061.50,114.00,-20.25,128.00,21,time
ConnorsRSI<x_2,ConnorsRSI<#,2019-12-30,2019-12-30,2020-01-08,1,4030.25,3993.50,-36.75,-41.50,45.25,7,sl
ConnorsRSI<x_4,ConnorsRSI<#,2019-12-30,2019-12-30,2020-01-08,1,4030.25,3993.50,-36.75,-41.50,45.25,7,sl
IBS<x_3,IBS<#,2020-01-10,2020-01-10,2020-01-13,1,4073.50,4096.25,22.75,-2.50,23.00,2,signal
IBS<x_1,IBS<#,2020-01-10,2020-01-10,2020-01-17,1,4073.50,4133.00,59.50,-2.50,64.50,6,tp
C<wvwapxsd_1,C<wvwap#sd,2020-01-22,2020-01-22,2020-01-23,1,4129.25,4133.00,3.75,-20.25,5.50,2,signal
IBS<x_3,IBS<#,2020-01-22,2020-01-22,2020-01-23,1,4129.25,4133.00,3.75,-20.25,5.50,2,signal
IBS<x_1,IBS<#,2020-01-22,2020-01-22,2020-01-24,1,4129.25,4102.46,-26.79,-41.00,15.50,3,sl
LMT_RSIx<x_xAT_2,LMT_RSI#<#_#ATR,2020-01-24,2020-01-27,2020-01-27,1,4044.50,4049.00,4.50,-3.75,60.75,1,time
C<wvwapxsd_2,C<wvwap#sd,2020-01-22,2020-01-22,2020-01-27,1,4129.25,4044.50,-84.75,-88.50,15.50,4,sl
C<wvwapxsd_3,C<wvwap#sd,2020-01-24,2020-01-24,2020-01-27,1,4102.25,4044.50,-57.75,-61.50,3.00,2,sl
P_HixDD>x&RSIx_1,P_Hi#DD>#&RSI#<#,2020-01-24,2020-01-24,2020-01-27,1,4102.25,4042.95,-59.30,-61.50,3.00,2,sl
IBS<x_1,IBS<#,2020-01-24,2020-01-24,2020-01-27,1,4102.25,4044.50,-57.75,-61.50,3.00,2,sl
CloseAtxdLow_2,CloseAt#dLow,2020-01-24,2020-01-24,2020-01-27,1,4102.25,4042.95,-59.30,-61.50,3.00,2,sl
RSIx<x_1,RSI#<#,2020-01-24,2020-01-24,2020-01-27,1,4102.25,4042.95,-59.30,-61.50,3.00,2,sl
ConnorsRSI<x_2,ConnorsRSI<#,2020-01-24,2020-01-24,2020-01-27,1,4102.25,4044.50,-57.75,-61.50,3.00,2,sl
ConnorsRSI<x_4,ConnorsRSI<#,2020-01-24,2020-01-24,2020-01-27,1,4102.25,4044.50,-57.75,-61.50,3.00,2,sl
LMT_RSIx<x_xAT_4,LMT_RSI#<#_#ATR,2020-01-24,2020-01-27,2020-01-28,1,4044.50,4064.75,20.25,-3.75,60.75,2,trail
C<wvwapxsd_4,C<wvwap#sd,2020-01-22,2020-01-22,2020-01-28,1,4129.25,4083.75,-45.50,-88.50,15.50,5,signal
IBS<x_2,IBS<#,2020-01-22,2020-01-22,2020-01-28,1,4129.25,4083.75,-45.50,-88.50,15.50,5,signal
WRx<x_3,WR#<#,2020-01-27,2020-01-27,2020-01-28,1,4049.00,4083.75,34.75,-3.75,43.75,2,signal
RSIx<x_3,RSI#<#,2020-01-27,2020-01-27,2020-01-28,1,4049.00,4072.96,23.96,-3.75,43.75,2,tp
ConnorsRSI<x_1,ConnorsRSI<#,2019-12-30,2019-12-30,2020-01-28,1,4030.25,4083.75,53.50,-41.50,115.00,21,time
RSIx<x_4,RSI#<#,2020-01-27,2020-01-27,2020-01-29,1,4049.00,4098.00,49.00,-3.75,51.50,3,tp
C<wvwapxsd_1,C<wvwap#sd,2020-01-24,2020-01-24,2020-01-30,1,4102.25,4090.50,-11.75,-61.50,3.00,5,signal
P_HixDD>x&RSIx_1,P_Hi#DD>#&RSI#<#,2020-01-27,2020-01-27,2020-01-30,1,4049.00,4090.50,41.50,-3.75,51.50,4,signal
P_HixDD>x&RSIx_2,P_Hi#DD>#&RSI#<#,2020-01-24,2020-01-24,2020-01-30,1,4102.25,4090.50,-11.75,-61.50,3.00,5,signal
P_HixDD>x&RSIx_3,P_Hi#DD>#&RSI#<#,2020-01-27,2020-01-27,2020-01-30,1,4049.00,4090.50,41.50,-3.75,51.50,4,signal
P_HixDD>x&RSIx_4,P_Hi#DD>#&RSI#<#,2020-01-27,2020-01-27,2020-01-30,1,4049.00,4049.00,0.00,-3.75,51.50,4,breakeven
IBS<x_3,IBS<#,2020-01-24,2020-01-24,2020-01-30,1,4102.25,4090.50,-11.75,-61.50,3.00,5,signal
WRx<x_1,WR#<#,2020-01-27,2020-01-27,2020-01-30,1,4049.00,4049.00,0.00,-3.75,51.50,4,breakeven
WRx<x_2,WR#<#,2020-01-27,2020-01-27,2020-01-30,1,4049.00,4056.75,7.75,-3.75,51.50,4,trail
P_HixDD>x&IBS<_1,P_Hi#DD>#&IBS<#,2020-01-29,2020-01-29,2020-01-30,1,4080.25,4090.50,10.25,-32.75,12.75,2,signal
P_HixDD>x&IBS<_4,P_Hi#DD>#&IBS<#,2020-01-29,2020-01-29,2020-01-30,1,4080.25,4090.50,10.25,-32.75,12.75,2,signal
C<dvwapxsd_1,C<dvwap#sd,2020-01-10,2020-01-10,2020-01-31,1,4073.50,4032.66,-40.84,-53.00,71.75,16,sl
IBS<x_1,IBS<#,2020-01-29,2020-01-29,2020-01-31,1,4080.25,4047.12,-33.12,-59.75,25.00,3,sl
D01_3,D01,2020-01-28,2020-01-28,2020-01-31,1,4083.75,4034.29,-49.46,-63.25,21.50,4,sl
RSIx<x_2,RSI#<#,2020-01-27,2020-01-27,2020-01-31,1,4049.00,4083.25,34.25,-3.75,51.50,5,signal
RSIx<x_3,RSI#<#,2020-01-31,2020-01-31,2020-02-03,1,4030.25,4056.74,26.49,-1.00,44.75,2,tp
LMT_RSIx<x_xAT_1,LMT_RSI#<#_#ATR,2020-01-24,2020-01-27,2020-02-04,1,4044.50,4103.75,59.25,-24.00,68.50,7,signal
C<wvwapxsd_4,C<wvwap#sd,2020-01-31,2020-01-31,2020-02-04,1,4030.25,4103.75,73.50,-1.00,82.75,3,signal
P_HixDD>x&RSIx_1,P_Hi#DD>#&RSI#<#,2020-01-31,2020-01-31,2020-02-04,1,4030.25,4103.75,73.50,-1.00,82.75,3,signal
IBS<x_1,IBS<#,2020-01-31,2020-01-31,2020-02-04,1,4030.25,4100.90,70.65,-1.00,82.75,3,tp
IBS<x_2,IBS<#,2020-01-29,2020-01-29,2020-02-04,1,4080.25,4103.75,23.50,-59.75,32.75,5,signal
IBS<x_3,IBS<#,2020-01-31,2020-01-31,2020-02-04,1,4030.25,4103.75,73.50,-1.00,82.75,3,signal
WRx<x_1,WR#<#,2020-01-31,2020-01-31,2020-02-04,1,4030.25,4100.90,70.65,-1.00,82.75,3,tp
WRx<x_3,WR#<#,2020-01-31,2020-01-31,2020-02-04,1,4030.25,4103.75,73.50,-1.00,82.75,3,signal
D01_2,D01,2020-01-24,2020-01-24,2020-02-04,1,4102.25,4103.75,1.50,-81.75,10.75,8,signal
CloseAtxdLow_1,CloseAt#dLow,2020-01-31,2020-01-31,2020-02-04,1,4030.25,4103.75,73.50,-1.00,82.75,3,signal
CloseAtxdLow_2,CloseAt#dLow,2020-01-27,2020-01-27,2020-02-04,1,4049.00,4112.90,63.90,-28.50,64.00,7,tp
CloseAtxdLow_3,CloseAt#dLow,2020-01-24,2020-01-24,2020-02-04,1,4102.25,4103.75,1.50,-81.75,10.75,8,signal
RSIx<x_1,RSI#<#,2020-01-27,2020-01-27,2020-02-04,1,4049.00,4103.75,54.75,-28.50,64.00,7,signal
P_HixDD>x&IBS<_3,P_Hi#DD>#&IBS<#,2020-01-29,2020-01-29,2020-02-04,1,4080.25,4103.75,23.50,-59.75,32.75,5,signal
P_HixDD>x&IBS<_4,P_Hi#DD>#&IBS<#,2020-01-31,2020-01-31,2020-02-04,1,4030.25,4103.75,73.50,-1.00,82.75,3,signal
C<dvwapxsd_1,C<dvwap#sd,2020-01-31,2020-01-31,2020-02-05,1,4030.25,4136.23,105.98,-1.00,113.50,4,tp
C<wvwapxsd_1,C<wvwap#sd,2020-01-31,2020-01-31,2020-02-05,1,4030.25,4141.25,111.00,-1.00,113.50,4,signal
P_HixDD>x&RSIx_2,P_Hi#DD>#&RSI#<#,2020-01-31,2020-01-31,2020-02-05,1,4030.25,4141.25,111.00,-1.00,113.50,4,signal
P_HixDD>x&RSIx_3,P_Hi#DD>#&RSI#<#,2020-01-31,2020-01-31,2020-02-05,1,4030.25,4141.25,111.00,-1.00,113.50,4,signal
P_HixDD>x&IBS<_1,P_Hi#DD>#&IBS<#,2020-01-31,2020-01-31,2020-02-05,1,4030.25,4141.25,111.00,-1.00,113.50,4,signal
P_HixDD>x&IBS<_2,P_Hi#DD>#&IBS<#,2020-01-31,2020-01-31,2020-02-05,1,4030.25,4141.25,111.00,-1.00,113.50,4,signal
ConnorsRSI<x_4,ConnorsRSI<#,2020-01-27,2020-01-27,2020-02-05,1,4049.00,4135.75,86.75,-28.50,94.75,8,tp
LMT_RSIx<x_xAT_3,LMT_RSI#<#_#ATR,2020-01-24,2020-01-27,2020-02-06,1,4044.50,4152.25,107.75,-24.00,121.00,9,signal
D01_3,D01,2020-02-03,2020-02-03,2020-02-06,1,4054.75,4161.77,107.02,-11.00,110.75,4,tp
ConnorsRSI<x_3,ConnorsRSI<#,2020-01-27,2020-01-27,2020-02-06,1,4049.00,4151.75,102.75,-28.50,116.50,9,tp
C<dvwapxsd_3,C<dvwap#sd,2020-01-10,2020-01-10,2020-02-07,1,4073.50,4134.50,61.00,-53.00,92.00,21,time
WRx<x_2,WR#<#,2020-01-31,2020-01-31,2020-02-07,1,4030.25,4130.18,99.93,-1.00,135.25,6,trail
IBS<x_3,IBS<#,2020-02-07,2020-02-07,2020-02-10,1,4134.50,4159.25,24.75,-23.25,25.00,2,signal
IBS<x_3,IBS<#,2020-02-11,2020-02-11,2020-02-12,1,4164.50,4186.00,21.50,-1.25,24.00,2,signal
RSIx<x_1,RSI#<#,2020-02-18,2020-02-18,2020-02-19,1,4177.75,4193.75,16.00,-1.50,23.75,2,signal
LMT_RSIx<x_xAT_2,LMT_RSI#<#_#ATR,2020-02-21,2020-02-24,2020-02-24,1,4040.50,4033.25,-7.25,-19.00,107.75,1,time
C<dvwapxsd_1,C<dvwap#sd,2020-02-07,2020-02-07,2020-02-24,1,4134.50,4040.50,-94.00,-113.00,70.75,12,sl
C<dvwapxsd_3,C<dvwap#sd,2020-02-07,2020-02-07,2020-02-24,1,4134.50,4025.34,-109.16,-113.00,70.75,12,sl
C<wvwapxsd_2,C<wvwap#sd,2020-01-27,2020-01-27,2020-02-24,1,4049.00,4033.25,-15.75,-28.50,156.25,21,time
C<wvwapxsd_3,C<wvwap#sd,2020-02-21,2020-02-21,2020-02-24,1,4144.75,4040.50,-104.25,-123.25,3.50,2,sl
P_HixDD>x&RSIx_1,P_Hi#DD>#&RSI#<#,2020-02-21,2020-02-21,2020-02-24,1,4144.75,4040.50,-104.25,-123.25,3.50,2,sl
IBS<x_1,IBS<#,2020-02-07,2020-02-07,2020-02-24,1,4134.50,4040.50,-94.00,-113.00,70.75,12,breakeven
CloseAtxdLow_2,CloseAt#dLow,2020-02-21,2020-02-21,2020-02-24,1,4144.75,4040.50,-104.25,-123.25,3.50,2,sl
CloseAtxdLow_4,CloseAt#dLow,2020-02-21,2020-02-21,2020-02-24,1,4144.75,4021.97,-122.78,-123.25,3.50,2,sl
RSIx<x_1,RSI#<#,2020-02-21,2020-02-21,2020-02-24,1,4144.75,4040.50,-104.25,-123.25,3.50,2,sl
ConnorsRSI<x_2,ConnorsRSI<#,2020-02-21,2020-02-21,2020-02-24,1,4144.75,4040.50,-104.25,-123.25,3.50,2,sl
ConnorsRSI<x_4,ConnorsRSI<#,2020-02-21,2020-02-21,2020-02-24,1,4144.75,4040.50,-104.25,-123.25,3.50,2,sl
LMT_RSIx<x_xAT_4,LMT_RSI#<#_#ATR,2020-02-21,2020-02-24,2020-02-25,1,4040.50,4048.25,7.75,-115.50,107.75,2,trail
C<dvwapxsd_1,C<dvwap#sd,2020-02-24,2020-02-24,2020-02-25,1,4033.25,3967.19,-66.06,-108.25,34.00,2,sl
P_HixDD>x&RSIx_1,P_Hi#DD>#&RSI#<#,2020-02-24,2020-02-24,2020-02-25,1,4033.25,3945.18,-88.07,-108.25,34.00,2,sl
P_HixDD>x&RSIx_3,P_Hi#DD>#&RSI#<#,2020-02-24,2020-02-24,2020-02-25,1,4033.25,3945.18,-88.07,-108.25,34.00,2,sl
IBS<x_1,IBS<#,2020-02-24,2020-02-24,2020-02-25,1,4033.25,3989.21,-44.04,-108.25,34.00,2,sl
WRx<x_1,WR#<#,2020-02-24,2020-02-24,2020-02-25,1,4033.25,3989.21,-44.04,-108.25,34.00,2,sl
WRx<x_2,WR#<#,2020-02-24,2020-02-24,2020-02-25,1,4033.25,3989.21,-44.04,-108.25,34.00,2,sl
WRx<x_3,WR#<#,2020-02-24,2020-02-24,2020-02-25,1,4033.25,3945.18,-88.07,-108.25,34.00,2,sl
CloseAtxdLow_2,CloseAt#dLow,2020-02-24,2020-02-24,2020-02-25,1,4033.25,3945.18,-88.07,-108.25,34.00,2,sl
RSIx<x_1,RSI#<#,2020-02-24,2020-02-24,2020-02-25,1,4033.25,3945.18,-88.07,-108.25,34.00,2,sl
RSIx<x_3,RSI#<#,2020-02-24,2020-02-24,2020-02-25,1,4033.25,3967.19,-66.06,-108.25,34.00,2,sl
RSIx<x_4,RSI#<#,2020-02-24,2020-02-24,2020-02-25,1,4033.25,4011.23,-22.02,-108.25,34.00,2,sl
ConnorsRSI<x_3,ConnorsRSI<#,2020-02-24,2020-02-24,2020-02-25,1,4033.25,3989.21,-44.04,-108.25,34.00,2,sl
ConnorsRSI<x_4,ConnorsRSI<#,2020-02-24,2020-02-24,2020-02-25,1,4033.25,3967.19,-66.06,-108.25,34.00,2,sl
C<wvwapxsd_2,C<wvwap#sd,2020-02-24,2020-02-24,2020-02-26,1,4033.25,3901.14,-132.11,-134.50,34.00,3,sl
RSIx<x_3,RSI#<#,2020-02-25,2020-02-25,2020-02-26,1,3935.50,3972.08,36.58,-36.75,54.25,2,tp
RSIx<x_4,RSI#<#,2020-02-25,2020-02-25,2020-02-26,1,3935.50,3911.11,-24.39,-36.75,54.25,2,sl
ConnorsRSI<x_1,ConnorsRSI<#,2020-01-31,2020-01-31,2020-02-26,1,4030.25,3924.28,-105.97,-131.50,175.00,19,sl
LMT_RSIx<x_xAT_1,LMT_RSI#<#_#ATR,2020-02-24,2020-02-25,2020-02-27,1,4000.22,3853.90,-146.32,-218.72,67.03,3,sl
LMT_RSIx<x_xAT_4,LMT_RSI#<#_#ATR,2020-02-25,2020-02-26,2020-02-27,1,3898.92,3862.00,-36.92,-117.42,90.83,2,trail
C<dvwapxsd_1,C<dvwap#sd,2020-02-25,2020-02-25,2020-02-27,1,3935.50,3862.00,-73.50,-154.00,54.25,3,sl
P_HixDD>x&RSIx_1,P_Hi#DD>#&RSI#<#,2020-02-25,2020-02-25,2020-02-27,1,3935.50,3837.95,-97.55,-154.00,54.25,3,sl
P_HixDD>x&RSIx_3,P_Hi#DD>#&RSI#<#,2020-02-25,2020-02-25,2020-02-27,1,3935.50,3837.95,-97.55,-154.00,54.25,3,sl
IBS<x_1,IBS<#,2020-02-25,2020-02-25,2020-02-27,1,3935.50,3862.00,-73.50,-154.00,54.25,3,sl
WRx<x_1,WR#<#,2020-02-25,2020-02-25,2020-02-27,1,3935.50,3862.00,-73.50,-154.00,54.25,3,sl
WRx<x_3,WR#<#,2020-02-25,2020-02-25,2020-02-27,1,3935.50,3837.95,-97.55,-154.00,54.25,3,sl
WRx<x_4,WR#<#,2020-02-25,2020-02-25,2020-02-27,1,3935.50,3789.18,-146.32,-154.00,54.25,3,sl
CloseAtxdLow_1,CloseAt#dLow,2020-02-25,2020-02-25,2020-02-27,1,3935.50,3837.95,-97.55,-154.00,54.25,3,sl
RSIx<x_3,RSI#<#,2020-02-26,2020-02-26,2020-02-27,1,3924.00,3845.70,-78.30,-142.50,1.25,2,sl
RSIx<x_4,RSI#<#,2020-02-26,2020-02-26,2020-02-27,1,3924.00,3862.00,-62.00,-142.50,1.25,2,sl
P_HixDD>x&IBS<_1,P_Hi#DD>#&IBS<#,2020-02-25,2020-02-25,2020-02-27,1,3935.50,3789.18,-146.32,-154.00,54.25,3,sl
P_HixDD>x&IBS<_3,P_Hi#DD>#&IBS<#,2020-02-25,2020-02-25,2020-02-27,1,3935.50,3837.95,-97.55,-154.00,54.25,3,sl
P_HixDD>x&IBS<_4,P_Hi#DD>#&IBS<#,2020-02-25,2020-02-25,2020-02-27,1,3935.50,3837.95,-97.55,-154.00,54.25,3,sl
ConnorsRSI<x_3,ConnorsRSI<#,2020-02-25,2020-02-25,2020-02-27,1,3935.50,3862.00,-73.50,-154.00,54.25,3,sl
ConnorsRSI<x_4,ConnorsRSI<#,2020-02-25,2020-02-25,2020-02-27,1,3935.50,3862.00,-73.50,-154.00,54.25,3,sl
C<dvwapxsd_1,C<dvwap#sd,2020-02-27,2020-02-27,2020-02-28,1,3781.50,3693.50,-88.00,-120.50,13.25,2,sl
C<wvwapxsd_1,C<wvwap#sd,2020-02-20,2020-02-20,2020-02-28,1,4179.75,3771.50,-408.25,-518.75,2.00,7,signal
C<wvwapxsd_2,C<wvwap#sd,2020-02-26,2020-02-26,2020-02-28,1,3924.00,3693.50,-230.50,-263.00,1.25,3,sl
P_HixDD>x&RSIx_2,P_Hi#DD>#&RSI#<#,2020-02-21,2020-02-21,2020-02-28,1,4144.75,3771.50,-373.25,-483.75,3.50,6,signal
P_HixDD>x&RSIx_3,P_Hi#DD>#&RSI#<#,2020-02-27,2020-02-27,2020-02-28,1,3781.50,3667.28,-114.22,-120.50,13.25,2,sl
IBS<x_1,IBS<#,2020-02-27,2020-02-27,2020-02-28,1,3781.50,3693.50,-88.00,-120.50,13.25,2,sl
WRx<x_1,WR#<#,2020-02-27,2020-02-27,2020-02-28,1,3781.50,3693.50,-88.00,-120.50,13.25,2,sl
WRx<x_3,WR#<#,2020-02-27,2020-02-27,2020-02-28,1,3781.50,3667.28,-114.22,-120.50,13.25,2,sl
RSIx<x_3,RSI#<#,2020-02-27,2020-02-27,2020-02-28,1,3781.50,3693.50,-88.00,-120.50,13.25,2,sl
P_HixDD>x&IBS<_1,P_Hi#DD>#&IBS<#,2020-02-27,2020-02-27,2020-02-28,1,3781.50,3771.50,-10.00,-120.50,13.25,2,signal
ConnorsRSI<x_3,ConnorsRSI<#,2020-02-27,2020-02-27,2020-02-28,1,3781.50,3693.50,-88.00,-120.50,13.25,2,sl
LMT_RSIx<x_xAT_4,LMT_RSI#<#_#ATR,2020-02-27,2020-02-28,2020-03-02,1,3693.50,3735.19,41.69,-32.50,205.00,2,trail
C<wvwapxsd_4,C<wvwap#sd,2020-02-20,2020-02-20,2020-03-02,1,4179.75,3897.25,-282.50,-518.75,2.00,8,signal
P_HixDD>x&RSIx_3,P_Hi#DD>#&RSI#<#,2020-02-28,2020-02-28,2020-03-02,1,3771.50,3897.25,125.75,-74.50,127.00,2,signal
IBS<x_2,IBS<#,2020-02-25,2020-02-25,2020-03-02,1,3935.50,3897.25,-38.25,-274.50,54.25,5,signal
IBS<x_3,IBS<#,2020-02-21,2020-02-21,2020-03-02,1,4144.75,3897.25,-247.50,-483.75,3.50,7,signal
CloseAtxdLow_3,CloseAt#dLow,2020-02-21,2020-02-21,2020-03-02,1,4144.75,3897.25,-247.50,-483.75,3.50,7,signal
RSIx<x_3,RSI#<#,2020-02-28,2020-02-28,2020-03-02,1,3771.50,3816.17,44.67,-74.50,127.00,2,tp
ConnorsRSI<x_3,ConnorsRSI<#,2020-02-28,2020-02-28,2020-03-02,1,3771.50,3711.94,-59.56,-74.50,127.00,2,sl
C06_3,C06,2020-03-02,2020-03-02,2020-03-03,1,3897.25,3829.90,-67.35,-116.50,47.50,2,sl
D01_3,D01,2020-03-02,2020-03-02,2020-03-03,1,3897.25,3796.22,-101.03,-116.50,47.50,2,sl
RSIx<x_2,RSI#<#,2020-02-24,2020-02-24,2020-03-03,1,4033.25,3901.25,-132.00,-372.25,34.00,7,signal
P_HixDD>x&IBS<_1,P_Hi#DD>#&IBS<#,2020-03-03,2020-03-03,2020-03-04,1,3808.00,3934.75,126.75,-23.75,128.75,2,signal
C06_1,C06,2020-03-02,2020-03-02,2020-03-05,1,3897.25,3854.75,-42.50,-116.50,47.50,4,signal
C06_3,C06,2020-03-04,2020-03-04,2020-03-05,1,3934.75,3854.75,-80.00,-130.50,2.50,2,sl
IBS<x_1,IBS<#,2020-03-03,2020-03-03,2020-03-05,1,3808.00,3808.00,0.00,-23.75,129.25,3,breakeven
IBS<x_1,IBS<#,2020-03-05,2020-03-05,2020-03-06,1,3829.25,3736.00,-93.25,-123.50,15.50,2,sl
C<dvwapxsd_1,C<dvwap#sd,2020-03-03,2020-03-03,2020-03-09,1,3808.00,3569.75,-238.25,-285.25,129.25,5,sl
C<wvwapxsd_4,C<wvwap#sd,2020-03-03,2020-03-03,2020-03-10,1,3808.00,3689.00,-119.00,-305.00,129.25,6,signal
P_HixDD>x&RSIx_3,P_Hi#DD>#&RSI#<#,2020-03-09,2020-03-09,2020-03-10,1,3543.50,3689.00,145.50,-40.50,146.25,2,signal
WRx<x_3,WR#<#,2020-03-09,2020-03-09,2020-03-10,1,3543.50,3689.00,145.50,-40.50,146.25,2,signal
RSIx<x_3,RSI#<#,2020-03-09,2020-03-09,2020-03-10,1,3543.50,3648.00,104.50,-40.50,146.25,2,tp
P_HixDD>x&IBS<_1,P_Hi#DD>#&IBS<#,2020-03-09,2020-03-09,2020-03-10,1,3543.50,3689.00,145.50,-40.50,146.25,2,signal
C<dvwapxsd_1,C<dvwap#sd,2020-03-09,2020-03-09,2020-03-12,1,3543.50,3370.75,-172.75,-270.75,149.00,4,sl
IBS<x_1,IBS<#,2020-03-09,2020-03-09,2020-03-12,1,3543.50,3370.75,-172.75,-270.75,149.00,4,breakeven
WRx<x_1,WR#<#,2020-03-09,2020-03-09,2020-03-12,1,3543.50,3370.75,-172.75,-270.75,149.00,4,breakeven
WRx<x_3,WR#<#,2020-03-11,2020-03-11,2020-03-12,1,3545.75,3316.85,-228.90,-273.00,36.00,2,sl
C<wvwapxsd_4,C<wvwap#sd,2020-03-11,2020-03-11,2020-03-13,1,3545.75,3511.50,-34.25,-344.50,36.00,3,signal
P_HixDD>x&RSIx_3,P_Hi#DD>#&RSI#<#,2020-03-12,2020-03-12,2020-03-13,1,3277.50,3511.50,234.00,-76.25,236.25,2,signal
WRx<x_3,WR#<#,2020-03-12,2020-03-12,2020-03-13,1,3277.50,3511.50,234.00,-76.25,236.25,2,signal
RSIx<x_3,RSI#<#,2020-03-12,2020-03-12,2020-03-13,1,3277.50,3430.25,152.75,-76.25,236.25,2,tp
P_HixDD>x&IBS<_1,P_Hi#DD>#&IBS<#,2020-03-12,2020-03-12,2020-03-13,1,3277.50,3511.50,234.00,-76.25,236.25,2,signal
IBS<x_1,IBS<#,2020-03-12,2020-03-12,2020-03-16,1,3277.50,3277.50,0.00,-107.75,238.00,3,breakeven
WRx<x_1,WR#<#,2020-03-12,2020-03-12,2020-03-16,1,3277.50,3277.50,0.00,-107.75,238.00,3,breakeven
P_HixDD>x&RSIx_3,P_Hi#DD>#&RSI#<#,2020-03-16,2020-03-16,2020-03-17,1,3197.00,3351.25,154.25,-25.25,165.50,2,signal
WRx<x_3,WR#<#,2020-03-16,2020-03-16,2020-03-17,1,3197.00,3351.25,154.25,-25.25,165.50,2,signal
RSIx<x_3,RSI#<#,2020-03-16,2020-03-16,2020-03-17,1,3197.00,3316.36,119.36,-25.25,165.50,2,tp
P_HixDD>x&IBS<_1,P_Hi#DD>#&IBS<#,2020-03-16,2020-03-16,2020-03-17,1,3197.00,3351.25,154.25,-25.25,165.50,2,signal
C<dvwapxsd_1,C<dvwap#sd,2020-03-12,2020-03-12,2020-03-18,1,3277.50,3085.37,-192.13,-195.75,238.00,5,sl
IBS<x_1,IBS<#,2020-03-16,2020-03-16,2020-03-23,1,3197.00,3037.85,-159.15,-203.25,165.50,6,sl
WRx<x_1,WR#<#,2020-03-16,2020-03-16,2020-03-23,1,3197.00,3037.85,-159.15,-203.25,165.50,6,sl
C<wvwapxsd_4,C<wvwap#sd,2020-03-16,2020-03-16,2020-03-24,1,3197.00,3252.75,55.75,-203.25,165.50,7,signal
P_HixDD>x&RSIx_3,P_Hi#DD>#&RSI#<#,2020-03-20,2020-03-20,2020-03-24,1,3104.00,3252.75,148.75,-110.25,153.50,3,signal
WRx<x_3,WR#<#,2020-03-20,2020-03-20,2020-03-24,1,3104.00,3252.75,148.75,-110.25,153.50,3,signal
RSIx<x_3,RSI#<#,2020-03-20,2020-03-20,2020-03-24,1,3104.00,3249.86,145.86,-110.25,153.50,3,tp
P_HixDD>x&IBS<_1,P_Hi#DD>#&IBS<#,2020-03-20,2020-03-20,2020-03-24,1,3104.00,3252.75,148.75,-110.25,153.50,3,signal
D01_2,D01,2020-02-21,2020-02-21,2020-03-25,1,4144.75,3286.25,-858.50,-1151.00,3.50,24,signal
LMT_RSIx<x_xAT_3,LMT_RSI#<#_#ATR,2020-02-21,2020-02-24,2020-03-26,1,4040.50,3428.75,-611.75,-1046.75,107.75,24,signal
C06_3,C06,2020-03-24,2020-03-24,2020-03-26,1,3252.75,3252.75,0.00,-47.00,192.75,3,breakeven
WRx<x_1,WR#<#,2020-03-23,2020-03-23,2020-03-26,1,3036.50,3433.97,397.47,-16.75,409.00,4,tp
C<wvwapxsd_4,C<wvwap#sd,2020-03-31,2020-03-31,2020-04-02,1,3392.50,3335.75,-56.75,-148.00,1.25,3,signal
P_HixDD>x&RSIx_3,P_Hi#DD>#&RSI#<#,2020-04-01,2020-04-01,2020-04-02,1,3276.25,3335.75,59.50,-31.75,66.50,2,signal
C<wvwapxsd_4,C<wvwap#sd,2020-04-02,2020-04-02,2020-04-06,1,3335.75,3466.50,130.75,-67.00,152.50,3,signal
C06_3,C06,2020-04-06,2020-04-06,2020-04-08,1,3466.50,3466.50,0.00,-26.00,105.75,3,breakeven
IBS<x_3,IBS<#,2020-04-07,2020-04-07,2020-04-08,1,3469.50,3558.25,88.75,-29.00,102.75,2,signal
P_HixDD>x&IBS<_2,P_Hi#DD>#&IBS<#,2020-04-07,2020-04-07,2020-04-08,1,3469.50,3558.25,88.75,-29.00,102.75,2,signal
C<wvwapxsd_4,C<wvwap#sd,2020-04-07,2020-04-07,2020-04-09,1,3469.50,3599.75,130.25,-29.00,159.75,3,signal
C<dvwapxsd_1,C<dvwap#sd,2020-03-20,2020-03-20,2020-04-17,1,3104.00,3687.43,583.43,-110.25,600.75,20,tp
C<wvwapxsd_4,C<wvwap#sd,2020-04-15,2020-04-15,2020-04-17,1,3594.75,3684.25,89.50,-29.00,110.00,3,signal
C06_3,C06,2020-04-16,2020-04-16,2020-04-21,1,3608.50,3584.25,-24.25,-71.50,96.25,4,breakeven
C06_4,C06,2020-04-17,2020-04-17,2020-04-21,1,3684.25,3579.85,-104.40,-147.25,11.00,3,sl
C<wvwapxsd_4,C<wvwap#sd,2020-04-20,2020-04-20,2020-04-22,1,3633.00,3608.75,-24.25,-96.00,20.00,3,signal
P_HixDD>x&RSIx_2,P_Hi#DD>#&RSI#<#,2020-04-21,2020-04-21,2020-04-24,1,3546.75,3647.75,101.00,-9.75,109.75,4,signal
P_HixDD>x&RSIx_3,P_Hi#DD>#&RSI#<#,2020-04-21,2020-04-21,2020-04-24,1,3546.75,3647.75,101.00,-9.75,109.75,4,signal
IBS<x_3,IBS<#,2020-04-20,2020-04-20,2020-04-24,1,3633.00,3647.75,14.75,-96.00,23.50,5,signal
CloseAtxdLow_3,CloseAt#dLow,2020-04-21,2020-04-21,2020-04-24,1,3546.75,3647.75,101.00,-9.75,109.75,4,signal
P_HixDD>x&IBS<_2,P_Hi#DD>#&IBS<#,2020-04-20,2020-04-20,2020-04-24,1,3633.00,3647.75,14.75,-96.00,23.50,5,signal
C<wvwapxsd_4,C<wvwap#sd,2020-04-23,2020-04-23,2020-04-27,1,3607.75,3689.00,81.25,-32.75,93.25,3,signal
C<wvwapxsd_4,C<wvwap#sd,2020-04-28,2020-04-28,2020-04-29,1,3675.75,3749.50,73.75,-1.75,91.25,2,signal
IBS<x_3,IBS<#,2020-04-28,2020-04-28,2020-04-29,1,3675.75,3749.50,73.75,-1.75,91.25,2,signal
C06_3,C06,2020-04-24,2020-04-24,2020-05-01,1,3647.75,3647.75,0.00,-16.25,137.00,6,breakeven
LMT_RSIx<x_xAT_2,LMT_RSI#<#_#ATR,2020-05-01,2020-05-04,2020-05-04,1,3620.09,3652.75,32.66,-29.34,35.41,1,time
C<wvwapxsd_3,C<wvwap#sd,2020-05-01,2020-05-01,2020-05-04,1,3644.00,3596.19,-47.81,-53.25,11.50,2,sl
P_HixDD>x&RSIx_2,P_Hi#DD>#&RSI#<#,2020-05-01,2020-05-01,2020-05-04,1,3644.00,3652.75,8.75,-53.25,11.50,2,signal
P_HixDD>x&RSIx_3,P_Hi#DD>#&RSI#<#,2020-05-01,2020-05-01,2020-05-04,1,3644.00,3652.75,8.75,-53.25,11.50,2,signal
P_HixDD>x&IBS<_2,P_Hi#DD>#&IBS<#,2020-04-28,2020-04-28,2020-05-04,1,3675.75,3652.75,-23.00,-85.00,109.00,5,signal
C<wvwapxsd_4,C<wvwap#sd,2020-05-01,2020-05-01,2020-05-05,1,3644.00,3678.50,34.50,-53.25,65.50,3,signal
C<dvwapxsd_2,C<dvwap#sd,2020-05-06,2020-05-06,2020-05-07,1,3659.75,3693.75,34.00,-17.00,55.00,2,signal
C06_4,C06,2020-05-05,2020-05-05,2020-05-07,1,3678.50,3711.69,33.19,-35.75,36.25,3,tp
IBS<x_3,IBS<#,2020-05-01,2020-05-01,2020-05-07,1,3644.00,3693.75,49.75,-53.25,70.75,5,signal
C<wvwapxsd_4,C<wvwap#sd,2020-05-06,2020-05-06,2020-05-08,1,3659.75,3741.25,81.50,-17.00,86.00,3,signal
C06_4,C06,2020-05-07,2020-05-07,2020-05-08,1,3693.75,3727.75,34.00,-1.75,52.00,2,tp
IBS<x_3,IBS<#,2020-05-07,2020-05-07,2020-05-08,1,3693.75,3741.25,47.50,-1.75,52.00,2,signal
P_HixDD>x&IBS<_2,P_Hi#DD>#&IBS<#,2020-05-05,2020-05-05,2020-05-08,1,3678.50,3741.25,62.75,-35.75,67.25,4,signal
C06_3,C06,2020-05-07,2020-05-07,2020-05-12,1,3693.75,3693.75,0.00,-12.00,73.00,4,breakeven
LMT_RSIx<x_xAT_2,LMT_RSI#<#_#ATR,2020-05-12,2020-05-13,2020-05-13,1,3663.62,3633.00,-30.62,-57.88,32.88,1,time
C<wvwapxsd_3,C<wvwap#sd,2020-05-12,2020-05-12,2020-05-13,1,3682.50,3644.75,-37.75,-76.75,14.00,2,sl
LMT_RSIx<x_xAT_2,LMT_RSI#<#_#ATR,2020-05-13,2020-05-14,2020-05-14,1,3606.00,3666.25,60.25,-26.00,61.25,1,time
C<dvwapxsd_2,C<dvwap#sd,2020-05-12,2020-05-12,2020-05-14,1,3682.50,3666.25,-16.25,-102.50,14.00,3,signal
P_HixDD>x&RSIx_2,P_Hi#DD>#&RSI#<#,2020-05-12,2020-05-12,2020-05-14,1,3682.50,3666.25,-16.25,-102.50,14.00,3,signal
P_HixDD>x&RSIx_3,P_Hi#DD>#&RSI#<#,2020-05-12,2020-05-12,2020-05-14,1,3682.50,3666.25,-16.25,-102.50,14.00,3,signal
P_HixDD>x&IBS<_2,P_Hi#DD>#&IBS<#,2020-05-12,2020-05-12,2020-05-14,1,3682.50,3666.25,-16.25,-102.50,14.00,3,signal
C<wvwapxsd_4,C<wvwap#sd,2020-05-12,2020-05-12,2020-05-15,1,3682.50,3678.75,-3.75,-102.50,14.00,4,signal
C06_4,C06,2020-05-14,2020-05-14,2020-05-18,1,3666.25,3746.75,80.50,-37.00,118.25,3,tp
P_HixDD>x&RSIx_4,P_Hi#DD>#&RSI#<#,2020-05-13,2020-05-13,2020-05-18,1,3633.00,3783.65,150.65,-53.00,151.50,4,tp
IBS<x_3,IBS<#,2020-05-12,2020-05-12,2020-05-18,1,3682.50,3766.00,83.50,-102.50,102.00,5,signal
D01_1,D01,2020-05-13,2020-05-13,2020-05-18,1,3633.00,3766.00,133.00,-53.00,151.50,4,signal
D01_4,D01,2020-05-12,2020-05-12,2020-05-18,1,3682.50,3766.00,83.50,-102.50,102.00,5,signal
CloseAtxdLow_3,CloseAt#dLow,2020-05-13,2020-05-13,2020-05-18,1,3633.00,3766.00,133.00,-53.00,151.50,4,signal
CloseAtxdLow_4,CloseAt#dLow,2020-05-13,2020-05-13,2020-05-18,1,3633.00,3766.00,133.00,-53.00,151.50,4,signal
ConnorsRSI<x_1,ConnorsRSI<#,2020-04-21,2020-04-21,2020-05-19,1,3546.75,3736.25,189.50,-9.75,249.25,21,time
ConnorsRSI<x_2,ConnorsRSI<#,2020-04-21,2020-04-21,2020-05-19,1,3546.75,3736.25,189.50,-9.75,249.25,21,time
C<dvwapxsd_2,C<dvwap#sd,2020-05-19,2020-05-19,2020-05-20,1,3736.25,3786.00,49.75,-8.00,59.25,2,signal
C<wvwapxsd_4,C<wvwap#sd,2020-05-19,2020-05-19,2020-05-20,1,3736.25,3786.00,49.75,-8.00,59.25,2,signal
IBS<x_3,IBS<#,2020-05-19,2020-05-19,2020-05-20,1,3736.25,3786.00,49.75,-8.00,59.25,2,signal
IBS<x_3,IBS<#,2020-05-21,2020-05-21,2020-05-22,1,3763.75,3770.00,6.25,-40.25,8.75,2,signal
C<wvwapxsd_4,C<wvwap#sd,2020-05-21,2020-05-21,2020-05-25,1,3763.75,3809.25,45.50,-40.25,46.00,3,signal
C<dvwapxsd_3,C<dvwap#sd,2020-04-28,2020-04-28,2020-05-26,1,3675.75,3807.50,131.75,-95.75,163.75,21,time
C06_4,C06,2020-05-25,2020-05-25,2020-05-26,1,3809.25,3836.00,26.75,-8.75,30.25,2,tp
C<wvwapxsd_1,C<wvwap#sd,2020-05-26,2020-05-26,2020-05-27,1,3807.50,3851.00,43.50,-22.25,47.25,2,signal
C<wvwapxsd_4,C<wvwap#sd,2020-05-26,2020-05-26,2020-05-27,1,3807.50,3851.00,43.50,-22.25,47.25,2,signal
IBS<x_3,IBS<#,2020-05-26,2020-05-26,2020-05-27,1,3807.50,3851.00,43.50,-22.25,47.25,2,signal
IBS<x_3,IBS<#,2020-05-28,2020-05-28,2020-05-29,1,3846.25,3858.00,11.75,-34.50,19.75,2,signal
IBS<x_2,IBS<#,2020-05-28,2020-05-28,2020-06-01,1,3846.25,3872.50,26.25,-34.50,32.50,3,signal
C06_3,C06,2020-05-18,2020-05-18,2020-06-05,1,3766.00,3996.96,230.96,-42.50,264.25,15,tp
C<wvwapxsd_2,C<wvwap#sd,2020-06-09,2020-06-09,2020-06-11,1,4025.50,3845.24,-180.26,-209.50,21.50,3,sl
C<wvwapxsd_3,C<wvwap#sd,2020-06-10,2020-06-10,2020-06-11,1,4007.75,3931.50,-76.25,-191.75,2.25,2,sl
LMT_RSIx<x_xAT_2,LMT_RSI#<#_#ATR,2020-06-11,2020-06-12,2020-06-12,1,3807.68,3858.75,51.07,-5.93,99.82,1,time
C<wvwapxsd_1,C<wvwap#sd,2020-06-09,2020-06-09,2020-06-15,1,4025.50,3886.50,-139.00,-271.00,21.50,5,signal
C<wvwapxsd_3,C<wvwap#sd,2020-06-11,2020-06-11,2020-06-15,1,3823.50,3791.87,-31.63,-69.00,84.00,3,sl
P_HixDD>x&RSIx_2,P_Hi#DD>#&RSI#<#,2020-06-11,2020-06-11,2020-06-15,1,3823.50,3886.50,63.00,-69.00,84.00,3,signal
P_HixDD>x&RSIx_3,P_Hi#DD>#&RSI#<#,2020-06-11,2020-06-11,2020-06-15,1,3823.50,3886.50,63.00,-69.00,84.00,3,signal
P_HixDD>x&RSIx_4,P_Hi#DD>#&RSI#<#,2020-06-11,2020-06-11,2020-06-15,1,3823.50,3796.75,-26.75,-69.00,84.00,3,breakeven
IBS<x_4,IBS<#,2020-06-11,2020-06-11,2020-06-15,1,3823.50,3796.75,-26.75,-69.00,84.00,3,breakeven
WRx<x_2,WR#<#,2020-06-11,2020-06-11,2020-06-15,1,3823.50,3796.75,-26.75,-69.00,84.00,3,trail
WRx<x_3,WR#<#,2020-06-11,2020-06-11,2020-06-15,1,3823.50,3886.50,63.00,-69.00,84.00,3,signal
P_HixDD>x&IBS<_2,P_Hi#DD>#&IBS<#,2020-06-11,2020-06-11,2020-06-15,1,3823.50,3886.50,63.00,-69.00,84.00,3,signal
C<wvwapxsd_4,C<wvwap#sd,2020-06-09,2020-06-09,2020-06-16,1,4025.50,3946.50,-79.00,-271.00,21.50,6,signal
C06_4,C06,2020-06-15,2020-06-15,2020-06-16,1,3886.50,3971.75,85.25,-2.50,100.50,2,tp
IBS<x_2,IBS<#,2020-06-10,2020-06-10,2020-06-16,1,4007.75,3946.50,-61.25,-253.25,2.25,5,signal
IBS<x_3,IBS<#,2020-06-10,2020-06-10,2020-06-16,1,4007.75,3946.50,-61.25,-253.25,2.25,5,signal
D01_1,D01,2020-06-12,2020-06-12,2020-06-16,1,3858.75,3946.50,87.75,-104.25,128.25,3,signal
D01_4,D01,2020-06-11,2020-06-11,2020-06-16,1,3823.50,3946.50,123.00,-69.00,163.50,4,signal
CloseAtxdLow_2,CloseAt#dLow,2020-06-11,2020-06-11,2020-06-16,1,3823.50,3971.75,148.25,-69.00,163.50,4,tp
CloseAtxdLow_3,CloseAt#dLow,2020-06-11,2020-06-11,2020-06-16,1,3823.50,3946.50,123.00,-69.00,163.50,4,signal
CloseAtxdLow_4,CloseAt#dLow,2020-06-11,2020-06-11,2020-06-16,1,3823.50,3946.50,123.00,-69.00,163.50,4,signal
ConnorsRSI<x_2,ConnorsRSI<#,2020-06-11,2020-06-11,2020-06-16,1,3823.50,3971.75,148.25,-69.00,163.50,4,tp
C06_1,C06,2020-06-15,2020-06-15,2020-06-17,1,3886.50,3958.00,71.50,-2.50,100.50,3,signal
IBS<x_3,IBS<#,2020-06-17,2020-06-17,2020-06-18,1,3932.75,3933.75,1.00,-37.50,18.00,2,signal
P_HixDD>x&IBS<_4,P_Hi#DD>#&IBS<#,2020-06-17,2020-06-17,2020-06-18,1,3932.75,3933.75,1.00,-37.50,18.00,2,signal
C<wvwapxsd_1,C<wvwap#sd,2020-06-19,2020-06-19,2020-06-22,1,3915.25,3936.75,21.50,-57.25,25.00,2,signal
C06_2,C06,2020-06-16,2020-06-16,2020-06-22,1,3946.50,3877.26,-69.24,-88.50,31.25,5,sl
C06_3,C06,2020-06-16,2020-06-16,2020-06-22,1,3946.50,3877.26,-69.24,-88.50,31.25,5,sl
IBS<x_3,IBS<#,2020-06-19,2020-06-19,2020-06-22,1,3915.25,3936.75,21.50,-57.25,25.00,2,signal
RSIx<x_1,RSI#<#,2020-06-11,2020-06-11,2020-06-22,1,3823.50,3936.75,113.25,-69.00,163.50,8,signal
P_HixDD>x&IBS<_4,P_Hi#DD>#&IBS<#,2020-06-19,2020-06-19,2020-06-22,1,3915.25,3936.75,21.50,-57.25,25.00,2,signal
C<dvwapxsd_3,C<dvwap#sd,2020-05-26,2020-05-26,2020-06-23,1,3807.50,3950.50,143.00,-53.00,243.50,21,time
C<wvwapxsd_4,C<wvwap#sd,2020-06-19,2020-06-19,2020-06-23,1,3915.25,3950.50,35.25,-57.25,61.25,3,signal
C06_4,C06,2020-06-22,2020-06-22,2020-06-23,1,3936.75,3965.00,28.25,-46.00,39.75,2,tp
IBS<x_2,IBS<#,2020-06-19,2020-06-19,2020-06-23,1,3915.25,3950.50,35.25,-57.25,61.25,3,signal
P_HixDD>x&IBS<_3,P_Hi#DD>#&IBS<#,2020-06-17,2020-06-17,2020-06-23,1,3932.75,3950.50,17.75,-74.75,43.75,5,signal
C06_1,C06,2020-06-22,2020-06-22,2020-06-24,1,3936.75,3928.25,-8.50,-46.00,39.75,3,signal
C06_2,C06,2020-06-22,2020-06-22,2020-06-24,1,3936.75,3864.28,-72.47,-86.25,39.75,3,sl
C06_3,C06,2020-06-22,2020-06-22,2020-06-24,1,3936.75,3928.25,-8.50,-86.25,39.75,3,breakeven
LMT_RSIx<x_xAT_2,LMT_RSI#<#_#ATR,2020-06-24,2020-06-25,2020-06-25,1,3851.81,3903.25,51.44,-16.06,54.94,1,time
C<wvwapxsd_1,C<wvwap#sd,2020-06-24,2020-06-24,2020-06-25,1,3871.00,3903.25,32.25,-35.25,35.75,2,signal
P_HixDD>x&RSIx_2,P_Hi#DD>#&RSI#<#,2020-06-24,2020-06-24,2020-06-25,1,3871.00,3903.25,32.25,-35.25,35.75,2,signal
P_HixDD>x&RSIx_3,P_Hi#DD>#&RSI#<#,2020-06-24,2020-06-24,2020-06-25,1,3871.00,3903.25,32.25,-35.25,35.75,2,signal
P_HixDD>x&IBS<_2,P_Hi#DD>#&IBS<#,2020-06-24,2020-06-24,2020-06-25,1,3871.00,3903.25,32.25,-35.25,35.75,2,signal
C<wvwapxsd_1,C<wvwap#sd,2020-06-25,2020-06-25,2020-06-29,1,3903.25,3874.25,-29.00,-89.00,9.50,3,signal
P_HixDD>x&RSIx_2,P_Hi#DD>#&RSI#<#,2020-06-26,2020-06-26,2020-06-29,1,3830.50,3874.25,43.75,-16.25,44.00,2,signal
P_HixDD>x&RSIx_3,P_Hi#DD>#&RSI#<#,2020-06-26,2020-06-26,2020-06-29,1,3830.50,3874.25,43.75,-16.25,44.00,2,signal
P_HixDD>x&IBS<_2,P_Hi#DD>#&IBS<#,2020-06-26,2020-06-26,2020-06-29,1,3830.50,3874.25,43.75,-16.25,44.00,2,signal
P_HixDD>x&IBS<_4,P_Hi#DD>#&IBS<#,2020-06-23,2020-06-23,2020-06-29,1,3950.50,3874.25,-76.25,-136.25,8.75,5,signal
C<wvwapxsd_4,C<wvwap#sd,2020-06-24,2020-06-24,2020-06-30,1,3871.00,3913.75,42.75,-56.75,61.00,5,signal
C06_4,C06,2020-06-29,2020-06-29,2020-06-30,1,3874.25,3904.34,30.09,-13.25,57.75,2,tp
P_HixDD>x&RSIx_1,P_Hi#DD>#&RSI#<#,2020-06-24,2020-06-24,2020-06-30,1,3871.00,3913.75,42.75,-56.75,61.00,5,signal
IBS<x_2,IBS<#,2020-06-23,2020-06-23,2020-06-30,1,3950.50,3913.75,-36.75,-136.25,8.75,6,signal
IBS<x_3,IBS<#,2020-06-23,2020-06-23,2020-06-30,1,3950.50,3913.75,-36.75,-136.25,8.75,6,signal
CloseAtxdLow_3,CloseAt#dLow,2020-06-24,2020-06-24,2020-06-30,1,3871.00,3913.75,42.75,-56.75,61.00,5,signal
CloseAtxdLow_4,CloseAt#dLow,2020-06-26,2020-06-26,2020-06-30,1,3830.50,3913.75,83.25,-16.25,101.50,3,signal
RSIx<x_1,RSI#<#,2020-06-24,2020-06-24,2020-06-30,1,3871.00,3913.75,42.75,-56.75,61.00,5,signal
P_HixDD>x&IBS<_3,P_Hi#DD>#&IBS<#,2020-06-23,2020-06-23,2020-06-30,1,3950.50,3913.75,-36.75,-136.25,8.75,6,signal
C06_1,C06,2020-06-29,2020-06-29,2020-07-01,1,3874.25,3925.25,51.00,-13.25,57.75,3,signal
C<wvwapxsd_3,C<wvwap#sd,2020-06-26,2020-06-26,2020-07-02,1,3830.50,3972.75,142.25,-16.25,156.75,5,tp
IBS<x_3,IBS<#,2020-07-02,2020-07-02,2020-07-03,1,3952.25,3946.25,-6.00,-15.75,17.25,2,signal
P_HixDD>x&IBS<_3,P_Hi#DD>#&IBS<#,2020-07-02,2020-07-02,2020-07-03,1,3952.25,3946.25,-6.00,-15.75,17.25,2,signal
P_HixDD>x&IBS<_4,P_Hi#DD>#&IBS<#,2020-07-02,2020-07-02,2020-07-03,1,3952.25,3946.25,-6.00,-15.75,17.25,2,signal
LMT_RSIx<x_xAT_3,LMT_RSI#<#_#ATR,2020-06-11,2020-06-12,2020-07-06,1,3807.68,4000.00,192.32,-53.18,197.57,17,signal
C06_2,C06,2020-06-30,2020-06-30,2020-07-06,1,3913.75,3995.39,81.64,-20.25,91.50,5,tp
IBS<x_2,IBS<#,2020-07-02,2020-07-02,2020-07-06,1,3952.25,4000.00,47.75,-15.75,53.00,3,signal
C<wvwapxsd_1,C<wvwap#sd,2020-07-07,2020-07-07,2020-07-08,1,3967.25,3991.00,23.75,-11.00,25.75,2,signal
IBS<x_3,IBS<#,2020-07-07,2020-07-07,2020-07-08,1,3967.25,3991.00,23.75,-11.00,25.75,2,signal
D01_2,D01,2020-07-07,2020-07-07,2020-07-08,1,3967.25,3991.00,23.75,-11.00,25.75,2,signal
P_HixDD>x&IBS<_4,P_Hi#DD>#&IBS<#,2020-07-07,2020-07-07,2020-07-08,1,3967.25,3991.00,23.75,-11.00,25.75,2,signal
ConnorsRSI<x_1,ConnorsRSI<#,2020-06-11,2020-06-11,2020-07-09,1,3823.50,3974.00,150.50,-69.00,191.25,21,time
C<wvwapxsd_1,C<wvwap#sd,2020-07-09,2020-07-09,2020-07-10,1,3974.00,4006.00,32.00,-31.75,34.50,2,signal
C<wvwapxsd_2,C<wvwap#sd,2020-06-12,2020-06-12,2020-07-10,1,3858.75,4006.00,147.25,-104.25,156.00,21,time
C<wvwapxsd_4,C<wvwap#sd,2020-07-07,2020-07-07,2020-07-10,1,3967.25,4006.00,38.75,-31.25,41.25,4,signal
IBS<x_2,IBS<#,2020-07-07,2020-07-07,2020-07-10,1,3967.25,4006.00,38.75,-31.25,41.25,4,signal
D01_1,D01,2020-07-08,2020-07-08,2020-07-10,1,3991.00,4006.00,15.00,-55.00,17.50,3,signal
D01_4,D01,2020-07-07,2020-07-07,2020-07-10,1,3967.25,4006.00,38.75,-31.25,41.25,4,signal
P_HixDD>x&IBS<_3,P_Hi#DD>#&IBS<#,2020-07-07,2020-07-07,2020-07-10,1,3967.25,4006.00,38.75,-31.25,41.25,4,signal
C06_1,C06,2020-07-08,2020-07-08,2020-07-13,1,3991.00,4031.25,40.25,-55.00,17.50,4,signal
C06_4,C06,2020-07-08,2020-07-08,2020-07-13,1,3991.00,4031.25,40.25,-55.00,66.00,4,tp
D01_3,D01,2020-06-15,2020-06-15,2020-07-13,1,3886.50,3978.75,92.25,-72.25,170.50,21,time
CloseAtxdLow_2,CloseAt#dLow,2020-06-24,2020-06-24,2020-07-13,1,3871.00,4031.25,160.25,-56.75,186.00,14,tp
ConnorsRSI<x_4,ConnorsRSI<#,2020-06-24,2020-06-24,2020-07-13,1,3871.00,4043.74,172.74,-56.75,186.00,14,tp
C<dvwapxsd_2,C<dvwap#sd,2020-07-13,2020-07-13,2020-07-14,1,3978.75,4018.75,40.00,-29.00,44.25,2,signal
C<dvwapxsd_4,C<dvwap#sd,2020-07-13,2020-07-13,2020-07-14,1,3978.75,4012.93,34.18,-29.00,44.25,2,tp
C<wvwapxsd_1,C<wvwap#sd,2020-07-13,2020-07-13,2020-07-14,1,3978.75,4018.75,40.00,-29.00,44.25,2,signal
IBS<x_3,IBS<#,2020-07-13,2020-07-13,2020-07-14,1,3978.75,4018.75,40.00,-29.00,44.25,2,signal
IBS<x_4,IBS<#,2020-07-07,2020-07-07,2020-07-14,1,3967.25,3962.50,-4.75,-31.25,89.75,6,breakeven
D01_2,D01,2020-07-13,2020-07-13,2020-07-14,1,3978.75,4018.75,40.00,-29.00,44.25,2,signal
D01_4,D01,2020-07-13,2020-07-13,2020-07-14,1,3978.75,4018.75,40.00,-29.00,44.25,2,signal
P_HixDD>x&IBS<_1,P_Hi#DD>#&IBS<#,2020-07-13,2020-07-13,2020-07-14,1,3978.75,4018.75,40.00,-29.00,44.25,2,signal
P_HixDD>x&IBS<_3,P_Hi#DD>#&IBS<#,2020-07-13,2020-07-13,2020-07-14,1,3978.75,4018.75,40.00,-29.00,44.25,2,signal
P_HixDD>x&IBS<_4,P_Hi#DD>#&IBS<#,2020-07-13,2020-07-13,2020-07-14,1,3978.75,4018.75,40.00,-29.00,44.25,2,signal
C<wvwapxsd_4,C<wvwap#sd,2020-07-13,2020-07-13,2020-07-15,1,3978.75,4049.00,70.25,-29.00,85.25,3,signal
C06_4,C06,2020-07-14,2020-07-14,2020-07-15,1,4018.75,4053.75,35.00,-6.75,45.25,2,tp
IBS<x_2,IBS<#,2020-07-13,2020-07-13,2020-07-15,1,3978.75,4049.00,70.25,-29.00,85.25,3,signal
D01_1,D01,2020-07-14,2020-07-14,2020-07-15,1,4018.75,4049.00,30.25,-6.75,45.25,2,signal
C06_1,C06,2020-07-14,2020-07-14,2020-07-16,1,4018.75,4028.00,9.25,-6.75,45.25,3,signal
C06_2,C06,2020-07-10,2020-07-10,2020-07-20,1,4006.00,4077.29,71.29,-56.25,75.25,7,tp
C<wvwapxsd_3,C<wvwap#sd,2020-07-07,2020-07-07,2020-07-21,1,3967.25,4094.50,127.25,-31.25,136.75,11,tp
C<dvwapxsd_3,C<dvwap#sd,2020-06-26,2020-06-26,2020-07-24,1,3830.50,4038.75,208.25,-16.25,284.75,21,time
LMT_RSIx<x_xAT_2,LMT_RSI#<#_#ATR,2020-07-24,2020-07-27,2020-07-27,1,4025.02,4061.75,36.73,-2.27,39.48,1,time
C<wvwapxsd_1,C<wvwap#sd,2020-07-23,2020-07-23,2020-07-27,1,4059.50,4061.75,2.25,-37.25,10.25,3,signal
C<wvwapxsd_4,C<wvwap#sd,2020-07-23,2020-07-23,2020-07-27,1,4059.50,4061.75,2.25,-37.25,10.25,3,signal
P_HixDD>x&RSIx_2,P_Hi#DD>#&RSI#<#,2020-07-24,2020-07-24,2020-07-27,1,4038.75,4061.75,23.00,-16.00,25.75,2,signal
D01_2,D01,2020-07-24,2020-07-24,2020-07-27,1,4038.75,4061.75,23.00,-16.00,25.75,2,signal
RSIx<x_1,RSI#<#,2020-07-23,2020-07-23,2020-07-27,1,4059.50,4061.75,2.25,-37.25,10.25,3,signal
C06_3,C06,2020-06-30,2020-06-30,2020-07-28,1,3913.75,4042.50,128.75,-20.25,201.50,21,time
C<wvwapxsd_1,C<wvwap#sd,2020-07-28,2020-07-28,2020-07-29,1,4042.50,4081.00,38.50,-7.50,45.25,2,signal
C<wvwapxsd_4,C<wvwap#sd,2020-07-28,2020-07-28,2020-07-29,1,4042.50,4081.00,38.50,-7.50,45.25,2,signal
C06_4,C06,2020-07-27,2020-07-27,2020-07-29,1,4061.75,4082.00,20.25,-26.75,26.00,3,tp
P_HixDD>x&RSIx_1,P_Hi#DD>#&RSI#<#,2020-07-24,2020-07-24,2020-07-29,1,4038.75,4081.00,42.25,-16.00,49.00,4,signal
IBS<x_2,IBS<#,2020-07-28,2020-07-28,2020-07-29,1,4042.50,4081.00,38.50,-7.50,45.25,2,signal
IBS<x_3,IBS<#,2020-07-23,2020-07-23,2020-07-29,1,4059.50,4081.00,21.50,-37.25,28.25,5,signal
D01_2,D01,2020-07-28,2020-07-28,2020-07-29,1,4042.50,4081.00,38.50,-7.50,45.25,2,signal
P_HixDD>x&IBS<_1,P_Hi#DD>#&IBS<#,2020-07-28,2020-07-28,2020-07-29,1,4042.50,4081.00,38.50,-7.50,45.25,2,signal
P_HixDD>x&IBS<_3,P_Hi#DD>#&IBS<#,2020-07-28,2020-07-28,2020-07-29,1,4042.50,4081.00,38.50,-7.50,45.25,2,signal
P_HixDD>x&IBS<_4,P_Hi#DD>#&IBS<#,2020-07-28,2020-07-28,2020-07-29,1,4042.50,4081.00,38.50,-7.50,45.25,2,signal
C06_1,C06,2020-07-27,2020-07-27,2020-07-30,1,4061.75,4049.00,-12.75,-26.75,26.00,4,signal
C<wvwapxsd_3,C<wvwap#sd,2020-07-28,2020-07-28,2020-08-03,1,4042.50,4121.08,78.58,-16.75,83.75,5,tp
C<dvwapxsd_1,C<dvwap#sd,2020-07-07,2020-07-07,2020-08-04,1,3967.25,4130.75,163.50,-31.25,164.00,21,time
IBS<x_1,IBS<#,2020-07-07,2020-07-07,2020-08-04,1,3967.25,4127.70,160.45,-31.25,164.00,21,tp
ConnorsRSI<x_4,ConnorsRSI<#,2020-07-24,2020-07-24,2020-08-06,1,4038.75,4162.33,123.58,-16.00,136.00,10,tp
C<wvwapxsd_2,C<wvwap#sd,2020-07-13,2020-07-13,2020-08-10,1,3978.75,4185.75,207.00,-29.00,209.25,21,time
C<dvwapxsd_2,C<dvwap#sd,2020-08-11,2020-08-11,2020-08-12,1,4158.75,4204.00,45.25,-6.75,54.50,2,signal
C<dvwapxsd_4,C<dvwap#sd,2020-08-11,2020-08-11,2020-08-12,1,4158.75,4184.50,25.75,-6.75,54.50,2,tp
IBS<x_3,IBS<#,2020-08-11,2020-08-11,2020-08-12,1,4158.75,4204.00,45.25,-6.75,54.50,2,signal
D01_2,D01,2020-08-11,2020-08-11,2020-08-12,1,4158.75,4204.00,45.25,-6.75,54.50,2,signal
D01_4,D01,2020-08-11,2020-08-11,2020-08-12,1,4158.75,4204.00,45.25,-6.75,54.50,2,signal
RSIx<x_1,RSI#<#,2020-08-11,2020-08-11,2020-08-12,1,4158.75,4204.00,45.25,-6.75,54.50,2,signal
P_HixDD>x&IBS<_3,P_Hi#DD>#&IBS<#,2020-08-11,2020-08-11,2020-08-12,1,4158.75,4204.00,45.25,-6.75,54.50,2,signal
P_HixDD>x&IBS<_4,P_Hi#DD>#&IBS<#,2020-08-11,2020-08-11,2020-08-12,1,4158.75,4204.00,45.25,-6.75,54.50,2,signal
D01_1,D01,2020-08-12,2020-08-12,2020-08-13,1,4204.00,4198.25,-5.75,-15.75,8.75,2,signal
C<wvwapxsd_4,C<wvwap#sd,2020-08-11,2020-08-11,2020-08-17,1,4158.75,4209.00,50.25,-6.75,54.75,5,signal
IBS<x_2,IBS<#,2020-08-11,2020-08-11,2020-08-17,1,4158.75,4209.00,50.25,-6.75,54.75,5,signal
C<wvwapxsd_1,C<wvwap#sd,2020-08-11,2020-08-11,2020-08-18,1,4158.75,4216.50,57.75,-6.75,62.75,6,signal
P_HixDD>x&IBS<_1,P_Hi#DD>#&IBS<#,2020-08-11,2020-08-11,2020-08-18,1,4158.75,4216.50,57.75,-6.75,62.75,6,signal
C<wvwapxsd_3,C<wvwap#sd,2020-08-11,2020-08-11,2020-08-19,1,4158.75,4225.84,67.09,-6.75,67.75,7,tp
C<wvwapxsd_1,C<wvwap#sd,2020-08-19,2020-08-19,2020-08-20,1,4202.50,4212.75,10.25,-27.00,15.25,2,signal
IBS<x_3,IBS<#,2020-08-19,2020-08-19,2020-08-20,1,4202.50,4212.75,10.25,-27.00,15.25,2,signal
D01_2,D01,2020-08-19,2020-08-19,2020-08-20,1,4202.50,4212.75,10.25,-27.00,15.25,2,signal
C<wvwapxsd_4,C<wvwap#sd,2020-08-19,2020-08-19,2020-08-21,1,4202.50,4224.50,22.00,-27.00,24.50,3,signal
ConnorsRSI<x_1,ConnorsRSI<#,2020-07-24,2020-07-24,2020-08-21,1,4038.75,4224.50,185.75,-16.00,188.25,21,time
IBS<x_1,IBS<#,2020-08-11,2020-08-11,2020-08-24,1,4158.75,4251.25,92.50,-6.75,101.50,10,tp
C<dvwapxsd_3,C<dvwap#sd,2020-07-28,2020-07-28,2020-08-25,1,4042.50,4271.00,228.50,-16.75,237.00,21,time
C<dvwapxsd_1,C<dvwap#sd,2020-08-11,2020-08-11,2020-08-26,1,4158.75,4292.93,134.18,-6.75,150.00,12,tp
C<wvwapxsd_1,C<wvwap#sd,2020-08-31,2020-08-31,2020-09-01,1,4323.25,4356.00,32.75,-8.25,34.00,2,signal
C<wvwapxsd_4,C<wvwap#sd,2020-08-31,2020-08-31,2020-09-01,1,4323.25,4356.00,32.75,-8.25,34.00,2,signal
IBS<x_2,IBS<#,2020-08-31,2020-08-31,2020-09-01,1,4323.25,4356.00,32.75,-8.25,34.00,2,signal
IBS<x_3,IBS<#,2020-08-31,2020-08-31,2020-09-01,1,4323.25,4356.00,32.75,-8.25,34.00,2,signal
D01_2,D01,2020-08-31,2020-08-31,2020-09-01,1,4323.25,4356.00,32.75,-8.25,34.00,2,signal
C<wvwapxsd_3,C<wvwap#sd,2020-08-31,2020-08-31,2020-09-02,1,4323.25,4377.00,53.75,-8.25,94.50,3,tp
IBS<x_1,IBS<#,2020-08-31,2020-08-31,2020-09-02,1,4323.25,4392.93,69.68,-8.25,94.50,3,tp
C<dvwapxsd_1,C<dvwap#sd,2020-08-31,2020-08-31,2020-09-03,1,4323.25,4270.99,-52.26,-68.00,94.50,4,sl
IBS<x_4,IBS<#,2020-08-31,2020-08-31,2020-09-03,1,4323.25,4323.25,0.00,-68.00,94.50,4,breakeven
LMT_RSIx<x_xAT_2,LMT_RSI#<#_#ATR,2020-09-03,2020-09-04,2020-09-04,1,4273.25,4256.25,-17.00,-94.75,41.75,1,time
LMT_RSIx<x_xAT_4,LMT_RSI#<#_#ATR,2020-09-03,2020-09-04,2020-09-04,1,4251.76,4203.20,-48.56,-73.26,63.24,1,sl
C<dvwapxsd_1,C<dvwap#sd,2020-09-03,2020-09-03,2020-09-04,1,4284.00,4219.52,-64.48,-105.50,31.00,2,sl
C<dvwapxsd_3,C<dvwap#sd,2020-08-31,2020-08-31,2020-09-04,1,4323.25,4218.74,-104.51,-144.75,94.50,5,sl
C<wvwapxsd_3,C<wvwap#sd,2020-09-03,2020-09-03,2020-09-04,1,4284.00,4262.51,-21.49,-105.50,31.00,2,sl
P_HixDD>x&RSIx_1,P_Hi#DD>#&RSI#<#,2020-09-03,2020-09-03,2020-09-04,1,4284.00,4198.02,-85.98,-105.50,31.00,2,sl
P_HixDD>x&RSIx_3,P_Hi#DD>#&RSI#<#,2020-09-03,2020-09-03,2020-09-04,1,4284.00,4198.02,-85.98,-105.50,31.00,2,sl
IBS<x_1,IBS<#,2020-09-03,2020-09-03,2020-09-04,1,4284.00,4241.01,-42.99,-105.50,31.00,2,sl
CloseAtxdLow_2,CloseAt#dLow,2020-09-03,2020-09-03,2020-09-04,1,4284.00,4198.02,-85.98,-105.50,31.00,2,sl
RSIx<x_1,RSI#<#,2020-09-03,2020-09-03,2020-09-04,1,4284.00,4198.02,-85.98,-105.50,31.00,2,sl
P_HixDD>x&IBS<_3,P_Hi#DD>#&IBS<#,2020-09-03,2020-09-03,2020-09-04,1,4284.00,4198.02,-85.98,-105.50,31.00,2,sl
P_HixDD>x&IBS<_4,P_Hi#DD>#&IBS<#,2020-09-03,2020-09-03,2020-09-04,1,4284.00,4198.02,-85.98,-105.50,31.00,2,sl
ConnorsRSI<x_2,ConnorsRSI<#,2020-09-03,2020-09-03,2020-09-04,1,4284.00,4219.52,-64.48,-105.50,31.00,2,sl
ConnorsRSI<x_4,ConnorsRSI<#,2020-09-03,2020-09-03,2020-09-04,1,4284.00,4219.52,-64.48,-105.50,31.00,2,sl
LMT_RSIx<x_xAT_2,LMT_RSI#<#_#ATR,2020-09-04,2020-09-07,2020-09-07,1,4244.11,4263.75,19.64,-33.11,25.14,1,time
LMT_RSIx<x_xAT_4,LMT_RSI#<#_#ATR,2020-09-04,2020-09-07,2020-09-08,1,4219.83,4169.77,-50.06,-61.58,57.92,2,sl
C<wvwapxsd_2,C<wvwap#sd,2020-08-11,2020-08-11,2020-09-08,1,4158.75,4163.00,4.25,-6.75,259.00,21,time
P_HixDD>x&RSIx_1,P_Hi#DD>#&RSI#<#,2020-09-04,2020-09-04,2020-09-08,1,4256.25,4159.12,-97.12,-98.00,21.50,3,sl
P_HixDD>x&RSIx_3,P_Hi#DD>#&RSI#<#,2020-09-04,2020-09-04,2020-09-08,1,4256.25,4159.12,-97.12,-98.00,21.50,3,sl
D01_3,D01,2020-09-04,2020-09-04,2020-09-08,1,4256.25,4183.41,-72.84,-98.00,21.50,3,sl
CloseAtxdLow_2,CloseAt#dLow,2020-09-04,2020-09-04,2020-09-08,1,4256.25,4159.12,-97.12,-98.00,21.50,3,sl
RSIx<x_1,RSI#<#,2020-09-04,2020-09-04,2020-09-08,1,4256.25,4159.12,-97.12,-98.00,21.50,3,sl
ConnorsRSI<x_2,ConnorsRSI<#,2020-09-04,2020-09-04,2020-09-08,1,4256.25,4183.41,-72.84,-98.00,21.50,3,sl
ConnorsRSI<x_4,ConnorsRSI<#,2020-09-04,2020-09-04,2020-09-08,1,4256.25,4183.41,-72.84,-98.00,21.50,3,sl
LMT_RSIx<x_xAT_2,LMT_RSI#<#_#ATR,2020-09-08,2020-09-09,2020-09-09,1,4149.73,4227.25,77.52,-23.48,105.02,1,time
C<wvwapxsd_4,C<wvwap#sd,2020-09-03,2020-09-03,2020-09-09,1,4284.00,4227.25,-56.75,-157.75,31.00,5,signal
IBS<x_2,IBS<#,2020-09-08,2020-09-08,2020-09-09,1,4163.00,4227.25,64.25,-36.75,91.75,2,signal
WRx<x_3,WR#<#,2020-09-08,2020-09-08,2020-09-09,1,4163.00,4227.25,64.25,-36.75,91.75,2,signal
WRx<x_4,WR#<#,2020-09-08,2020-09-08,2020-09-09,1,4163.00,4227.25,64.25,-36.75,91.75,2,signal
CloseAtxdLow_1,CloseAt#dLow,2020-09-08,2020-09-08,2020-09-09,1,4163.00,4227.25,64.25,-36.75,91.75,2,signal
RSIx<x_3,RSI#<#,2020-09-08,2020-09-08,2020-09-09,1,4163.00,4205.75,42.75,-36.75,91.75,2,tp
RSIx<x_4,RSI#<#,2020-09-08,2020-09-08,2020-09-09,1,4163.00,4136.47,-26.53,-36.75,91.75,2,sl
P_HixDD>x&IBS<_1,P_Hi#DD>#&IBS<#,2020-09-03,2020-09-03,2020-09-09,1,4284.00,4155.04,-128.96,-157.75,31.00,5,sl
P_HixDD>x&IBS<_4,P_Hi#DD>#&IBS<#,2020-09-08,2020-09-08,2020-09-09,1,4163.00,4227.25,64.25,-36.75,91.75,2,signal
ConnorsRSI<x_1,ConnorsRSI<#,2020-09-03,2020-09-03,2020-09-09,1,4284.00,4155.04,-128.96,-157.75,31.00,5,sl
C06_4,C06,2020-09-09,2020-09-09,2020-09-10,1,4227.25,4184.93,-42.32,-69.25,27.75,2,sl
P_HixDD>x&RSIx_4,P_Hi#DD>#&RSI#<#,2020-09-08,2020-09-08,2020-09-10,1,4163.00,4163.00,0.00,-36.75,92.00,3,breakeven
IBS<x_1,IBS<#,2020-09-08,2020-09-08,2020-09-10,1,4163.00,4163.00,0.00,-36.75,92.00,3,breakeven
IBS<x_4,IBS<#,2020-09-08,2020-09-08,2020-09-10,1,4163.00,4163.00,0.00,-36.75,92.00,3,breakeven
WRx<x_1,WR#<#,2020-09-08,2020-09-08,2020-09-10,1,4163.00,4163.00,0.00,-36.75,92.00,3,breakeven
WRx<x_2,WR#<#,2020-09-08,2020-09-08,2020-09-10,1,4163.00,4201.69,38.69,-36.75,92.00,3,trail
D01_3,D01,2020-09-09,2020-09-09,2020-09-11,1,4227.25,4142.61,-84.64,-87.75,27.75,3,sl
C<wvwapxsd_4,C<wvwap#sd,2020-09-10,2020-09-10,2020-09-14,1,4168.75,4214.25,45.50,-29.25,65.00,3,signal
P_HixDD>x&RSIx_1,P_Hi#DD>#&RSI#<#,2020-09-08,2020-09-08,2020-09-14,1,4163.00,4214.25,51.25,-36.75,92.00,5,signal
IBS<x_2,IBS<#,2020-09-10,2020-09-10,2020-09-14,1,4168.75,4214.25,45.50,-29.25,65.00,3,signal
IBS<x_3,IBS<#,2020-09-03,2020-09-03,2020-09-14,1,4284.00,4214.25,-69.75,-157.75,31.00,8,signal
WRx<x_4,WR#<#,2020-09-10,2020-09-10,2020-09-14,1,4168.75,4214.25,45.50,-29.25,65.00,3,signal
CloseAtxdLow_3,CloseAt#dLow,2020-09-03,2020-09-03,2020-09-14,1,4284.00,4214.25,-69.75,-157.75,31.00,8,signal
CloseAtxdLow_4,CloseAt#dLow,2020-09-04,2020-09-04,2020-09-14,1,4256.25,4214.25,-42.00,-130.00,21.50,7,signal
P_HixDD>x&IBS<_3,P_Hi#DD>#&IBS<#,2020-09-08,2020-09-08,2020-09-14,1,4163.00,4214.25,51.25,-36.75,92.00,5,signal
C06_1,C06,2020-09-09,2020-09-09,2020-09-15,1,4227.25,4241.25,14.00,-87.75,27.75,5,signal
C06_4,C06,2020-09-14,2020-09-14,2020-09-15,1,4214.25,4241.25,27.00,-6.75,36.00,2,tp
WRx<x_3,WR#<#,2020-09-10,2020-09-10,2020-09-15,1,4168.75,4231.25,62.50,-29.25,81.50,4,signal
P_HixDD>x&IBS<_4,P_Hi#DD>#&IBS<#,2020-09-10,2020-09-10,2020-09-15,1,4168.75,4231.25,62.50,-29.25,81.50,4,signal
C<dvwapxsd_4,C<dvwap#sd,2020-09-16,2020-09-16,2020-09-17,1,4218.00,4164.75,-53.25,-66.50,9.75,2,sl
C06_3,C06,2020-09-14,2020-09-14,2020-09-17,1,4214.25,4164.75,-49.50,-62.75,46.50,4,breakeven
P_HixDD>x&RSIx_2,P_Hi#DD>#&RSI#<#,2020-09-03,2020-09-03,2020-09-17,1,4284.00,4188.50,-95.50,-157.75,31.00,11,time
IBS<x_1,IBS<#,2020-09-10,2020-09-10,2020-09-17,1,4168.75,4164.75,-4.00,-29.25,92.00,6,breakeven
IBS<x_4,IBS<#,2020-09-16,2020-09-16,2020-09-17,1,4218.00,4152.04,-65.96,-66.50,9.75,2,sl
WRx<x_1,WR#<#,2020-09-10,2020-09-10,2020-09-17,1,4168.75,4164.75,-4.00,-29.25,92.00,6,breakeven
WRx<x_2,WR#<#,2020-09-10,2020-09-10,2020-09-17,1,4168.75,4164.75,-4.00,-29.25,92.00,6,trail
LMT_RSIx<x_xAT_2,LMT_RSI#<#_#ATR,2020-09-17,2020-09-18,2020-09-18,1,4171.58,4149.00,-22.58,-49.58,32.67,1,time
C06_2,C06,2020-09-14,2020-09-14,2020-09-18,1,4214.25,4149.93,-64.32,-92.25,46.50,5,sl
LMT_RSIx<x_xAT_4,LMT_RSI#<#_#ATR,2020-09-17,2020-09-18,2020-09-21,1,4137.75,4067.95,-69.80,-78.75,66.50,2,sl
C<dvwapxsd_1,C<dvwap#sd,2020-09-08,2020-09-08,2020-09-21,1,4163.00,4083.41,-79.59,-104.00,97.75,10,sl
C<wvwapxsd_1,C<wvwap#sd,2020-09-03,2020-09-03,2020-09-21,1,4284.00,4111.75,-172.25,-225.00,31.00,13,signal
C<wvwapxsd_3,C<wvwap#sd,2020-09-18,2020-09-18,2020-09-21,1,4149.00,4099.25,-49.75,-90.00,18.50,2,sl
P_HixDD>x&RSIx_3,P_Hi#DD>#&RSI#<#,2020-09-08,2020-09-08,2020-09-21,1,4163.00,4111.75,-51.25,-104.00,97.75,10,signal
D01_3,D01,2020-09-14,2020-09-14,2020-09-21,1,4214.25,4099.25,-115.00,-155.25,46.50,6,sl
P_HixDD>x&IBS<_1,P_Hi#DD>#&IBS<#,2020-09-10,2020-09-10,2020-09-21,1,4168.75,4111.75,-57.00,-109.75,92.00,8,signal
P_HixDD>x&IBS<_2,P_Hi#DD>#&IBS<#,2020-09-03,2020-09-03,2020-09-21,1,4284.00,4111.75,-172.25,-225.00,31.00,13,signal
P_HixDD>x&IBS<_3,P_Hi#DD>#&IBS<#,2020-09-16,2020-09-16,2020-09-21,1,4218.00,4086.07,-131.93,-159.00,9.75,4,sl
P_HixDD>x&IBS<_4,P_Hi#DD>#&IBS<#,2020-09-16,2020-09-16,2020-09-21,1,4218.00,4086.07,-131.93,-159.00,9.75,4,sl
ConnorsRSI<x_2,ConnorsRSI<#,2020-09-08,2020-09-08,2020-09-21,1,4163.00,4083.41,-79.59,-104.00,97.75,10,sl
ConnorsRSI<x_4,ConnorsRSI<#,2020-09-08,2020-09-08,2020-09-21,1,4163.00,4083.41,-79.59,-104.00,97.75,10,sl
C<dvwapxsd_2,C<dvwap#sd,2020-09-16,2020-09-16,2020-09-22,1,4218.00,4145.00,-73.00,-159.00,9.75,5,signal
C<wvwapxsd_4,C<wvwap#sd,2020-09-14,2020-09-14,2020-09-22,1,4214.25,4145.00,-69.25,-155.25,46.50,7,signal
P_HixDD>x&RSIx_3,P_Hi#DD>#&RSI#<#,2020-09-21,2020-09-21,2020-09-22,1,4111.75,4145.00,33.25,-14.00,39.00,2,signal
IBS<x_2,IBS<#,2020-09-16,2020-09-16,2020-09-22,1,4218.00,4145.00,-73.00,-159.00,9.75,5,signal
CloseAtxdLow_1,CloseAt#dLow,2020-09-18,2020-09-18,2020-09-22,1,4149.00,4145.00,-4.00,-90.00,18.50,3,signal
RSIx<x_4,RSI#<#,2020-09-21,2020-09-21,2020-09-23,1,4111.75,4075.09,-36.66,-49.50,49.25,3,sl
P_HixDD>x&RSIx_1,P_Hi#DD>#&RSI#<#,2020-09-17,2020-09-17,2020-09-24,1,4188.50,4053.18,-135.32,-149.25,15.75,6,sl
CloseAtxdLow_2,CloseAt#dLow,2020-09-08,2020-09-08,2020-09-24,1,4163.00,4053.50,-109.50,-123.75,97.75,13,sl
RSIx<x_1,RSI#<#,2020-09-08,2020-09-08,2020-09-24,1,4163.00,4053.50,-109.50,-123.75,97.75,13,sl
RSIx<x_3,RSI#<#,2020-09-18,2020-09-18,2020-09-24,1,4149.00,4044.30,-104.70,-109.75,18.50,5,sl
LMT_RSIx<x_xAT_1,LMT_RSI#<#_#ATR,2020-09-18,2020-09-21,2020-09-25,1,4096.65,4128.75,32.10,-57.40,70.85,5,signal
C<wvwapxsd_1,C<wvwap#sd,2020-09-23,2020-09-23,2020-09-25,1,4068.00,4128.75,60.75,-28.75,69.50,3,signal
C<wvwapxsd_4,C<wvwap#sd,2020-09-23,2020-09-23,2020-09-25,1,4068.00,4128.75,60.75,-28.75,69.50,3,signal
P_HixDD>x&RSIx_3,P_Hi#DD>#&RSI#<#,2020-09-23,2020-09-23,2020-09-25,1,4068.00,4128.75,60.75,-28.75,69.50,3,signal
IBS<x_2,IBS<#,2020-09-23,2020-09-23,2020-09-25,1,4068.00,4128.75,60.75,-28.75,69.50,3,signal
IBS<x_3,IBS<#,2020-09-16,2020-09-16,2020-09-25,1,4218.00,4128.75,-89.25,-178.75,9.75,8,signal
WRx<x_3,WR#<#,2020-09-23,2020-09-23,2020-09-25,1,4068.00,4128.75,60.75,-28.75,69.50,3,signal
WRx<x_4,WR#<#,2020-09-23,2020-09-23,2020-09-25,1,4068.00,4128.75,60.75,-28.75,69.50,3,signal
CloseAtxdLow_1,CloseAt#dLow,2020-09-23,2020-09-23,2020-09-25,1,4068.00,4128.75,60.75,-28.75,69.50,3,signal
CloseAtxdLow_4,CloseAt#dLow,2020-09-18,2020-09-18,2020-09-25,1,4149.00,4128.75,-20.25,-109.75,18.50,6,signal
RSIx<x_3,RSI#<#,2020-09-24,2020-09-24,2020-09-25,1,4076.50,4136.00,59.50,-28.75,61.00,2,tp
P_HixDD>x&IBS<_1,P_Hi#DD>#&IBS<#,2020-09-23,2020-09-23,2020-09-25,1,4068.00,4128.75,60.75,-28.75,69.50,3,signal
P_HixDD>x&IBS<_3,P_Hi#DD>#&IBS<#,2020-09-23,2020-09-23,2020-09-25,1,4068.00,4128.75,60.75,-28.75,69.50,3,signal
P_HixDD>x&IBS<_4,P_Hi#DD>#&IBS<#,2020-09-23,2020-09-23,2020-09-25,1,4068.00,4128.75,60.75,-28.75,69.50,3,signal
C06_1,C06,2020-09-22,2020-09-22,2020-09-28,1,4145.00,4174.25,29.25,-105.75,16.00,5,signal
D01_2,D01,2020-09-03,2020-09-03,2020-09-28,1,4284.00,4184.25,-99.75,-244.75,31.00,18,signal
RSIx<x_1,RSI#<#,2020-09-24,2020-09-24,2020-09-28,1,4076.50,4184.25,107.75,-28.75,115.50,3,signal
C<wvwapxsd_4,C<wvwap#sd,2020-09-29,2020-09-29,2020-09-30,1,4166.00,4191.00,25.00,-33.50,59.25,2,signal
C06_2,C06,2020-09-25,2020-09-25,2020-09-30,1,4128.75,4211.10,82.35,-4.00,96.50,4,tp
IBS<x_1,IBS<#,2020-09-23,2020-09-23,2020-09-30,1,4068.00,4223.00,155.00,-28.75,157.25,6,tp
WRx<x_1,WR#<#,2020-09-23,2020-09-23,2020-09-30,1,4068.00,4223.00,155.00,-28.75,157.25,6,tp
WRx<x_2,WR#<#,2020-09-23,2020-09-23,2020-10-02,1,4068.00,4151.75,83.75,-28.75,161.25,8,trail
C<wvwapxsd_1,C<wvwap#sd,2020-09-29,2020-09-29,2020-10-05,1,4166.00,4238.75,72.75,-33.50,75.25,5,signal
C<wvwapxsd_4,C<wvwap#sd,2020-10-02,2020-10-02,2020-10-05,1,4179.75,4238.75,59.00,-3.25,61.50,2,signal
C<dvwapxsd_3,C<dvwap#sd,2020-09-08,2020-09-08,2020-10-06,1,4163.00,4190.50,27.50,-123.75,100.00,21,time
C<wvwapxsd_2,C<wvwap#sd,2020-09-08,2020-09-08,2020-10-06,1,4163.00,4190.50,27.50,-123.75,100.00,21,time
C06_4,C06,2020-10-05,2020-10-05,2020-10-07,1,4238.75,4180.58,-58.17,-67.00,24.25,3,sl
D01_2,D01,2020-10-06,2020-10-06,2020-10-07,1,4190.50,4248.25,57.75,-18.75,67.50,2,signal
P_HixDD>x&IBS<_3,P_Hi#DD>#&IBS<#,2020-10-06,2020-10-06,2020-10-07,1,4190.50,4248.25,57.75,-18.75,67.50,2,signal
P_HixDD>x&IBS<_4,P_Hi#DD>#&IBS<#,2020-10-06,2020-10-06,2020-10-07,1,4190.50,4248.25,57.75,-18.75,67.50,2,signal
C<wvwapxsd_1,C<wvwap#sd,2020-10-06,2020-10-06,2020-10-08,1,4190.50,4278.75,88.25,-18.75,89.50,3,signal
C<wvwapxsd_4,C<wvwap#sd,2020-10-06,2020-10-06,2020-10-08,1,4190.50,4278.75,88.25,-18.75,89.50,3,signal
C06_1,C06,2020-10-05,2020-10-05,2020-10-08,1,4238.75,4269.75,31.00,-67.00,24.25,4,signal
C06_4,C06,2020-10-07,2020-10-07,2020-10-08,1,4248.25,4275.77,27.52,-3.50,31.75,2,tp
IBS<x_2,IBS<#,2020-10-06,2020-10-06,2020-10-08,1,4190.50,4278.75,88.25,-18.75,89.50,3,signal
ConnorsRSI<x_4,ConnorsRSI<#,2020-09-21,2020-09-21,2020-10-08,1,4111.75,4276.73,164.98,-72.50,168.25,14,tp
LMT_RSIx<x_xAT_3,LMT_RSI#<#_#ATR,2020-09-08,2020-09-09,2020-10-09,1,4149.73,4310.00,160.27,-110.48,165.52,23,signal
C<dvwapxsd_1,C<dvwap#sd,2020-09-23,2020-09-23,2020-10-09,1,4068.00,4300.50,232.50,-28.75,247.25,13,tp
IBS<x_4,IBS<#,2020-09-23,2020-09-23,2020-10-09,1,4068.00,4300.50,232.50,-28.75,247.25,13,tp
C06_2,C06,2020-10-05,2020-10-05,2020-10-12,1,4238.75,4338.00,99.25,-67.00,143.50,6,tp
C06_3,C06,2020-09-25,2020-09-25,2020-10-12,1,4128.75,4375.80,247.05,-4.00,253.50,12,tp
IBS<x_1,IBS<#,2020-10-06,2020-10-06,2020-10-12,1,4190.50,4341.48,150.98,-18.75,191.75,5,tp
D01_3,D01,2020-09-22,2020-09-22,2020-10-12,1,4145.00,4368.88,223.88,-105.75,237.25,15,tp
ConnorsRSI<x_3,ConnorsRSI<#,2020-09-21,2020-09-21,2020-10-12,1,4111.75,4338.00,226.25,-72.50,270.50,16,tp
C<wvwapxsd_1,C<wvwap#sd,2020-10-13,2020-10-13,2020-10-15,1,4343.25,4317.00,-26.25,-70.50,22.00,3,signal
C<wvwapxsd_3,C<wvwap#sd,2020-10-14,2020-10-14,2020-10-15,1,4321.75,4278.25,-43.50,-49.00,6.00,2,sl
D01_2,D01,2020-10-14,2020-10-14,2020-10-15,1,4321.75,4317.00,-4.75,-49.00,6.00,2,signal
IBS<x_1,IBS<#,2020-10-14,2020-10-14,2020-10-19,1,4321.75,4252.21,-69.54,-69.75,28.00,4,sl
C<wvwapxsd_1,C<wvwap#sd,2020-10-15,2020-10-15,2020-10-22,1,4317.00,4288.75,-28.25,-73.25,32.75,6,signal
P_HixDD>x&RSIx_1,P_Hi#DD>#&RSI#<#,2020-10-19,2020-10-19,2020-10-22,1,4262.25,4288.75,26.50,-18.50,48.75,4,signal
P_HixDD>x&RSIx_2,P_Hi#DD>#&RSI#<#,2020-10-19,2020-10-19,2020-10-22,1,4262.25,4288.75,26.50,-18.50,48.75,4,signal
P_HixDD>x&RSIx_3,P_Hi#DD>#&RSI#<#,2020-10-19,2020-10-19,2020-10-22,1,4262.25,4288.75,26.50,-18.50,48.75,4,signal
IBS<x_3,IBS<#,2020-10-14,2020-10-14,2020-10-22,1,4321.75,4288.75,-33.00,-78.00,28.00,7,signal
IBS<x_4,IBS<#,2020-10-16,2020-10-16,2020-10-22,1,4314.75,4248.48,-66.27,-71.00,23.00,5,sl
P_HixDD>x&IBS<_1,P_Hi#DD>#&IBS<#,2020-10-16,2020-10-16,2020-10-22,1,4314.75,4288.75,-26.00,-71.00,23.00,5,signal
P_HixDD>x&IBS<_2,P_Hi#DD>#&IBS<#,2020-10-19,2020-10-19,2020-10-22,1,4262.25,4288.75,26.50,-18.50,48.75,4,signal
P_HixDD>x&IBS<_4,P_Hi#DD>#&IBS<#,2020-10-14,2020-10-14,2020-10-22,1,4321.75,4288.75,-33.00,-78.00,28.00,7,signal
C<wvwapxsd_4,C<wvwap#sd,2020-10-13,2020-10-13,2020-10-23,1,4343.25,4299.50,-43.75,-99.50,22.00,9,signal
IBS<x_2,IBS<#,2020-10-14,2020-10-14,2020-10-23,1,4321.75,4299.50,-22.25,-78.00,28.00,8,signal
CloseAtxdLow_3,CloseAt#dLow,2020-10-19,2020-10-19,2020-10-23,1,4262.25,4299.50,37.25,-18.50,48.75,5,signal
P_HixDD>x&IBS<_3,P_Hi#DD>#&IBS<#,2020-10-14,2020-10-14,2020-10-23,1,4321.75,4299.50,-22.25,-78.00,28.00,8,signal
C<dvwapxsd_1,C<dvwap#sd,2020-10-13,2020-10-13,2020-10-26,1,4343.25,4239.41,-103.84,-146.00,22.00,10,sl
C<dvwapxsd_1,C<dvwap#sd,2020-10-27,2020-10-27,2020-10-28,1,4224.50,4136.06,-88.44,-122.50,3.75,2,sl
C<dvwapxsd_3,C<dvwap#sd,2020-10-13,2020-10-13,2020-10-28,1,4343.25,4135.57,-207.68,-241.25,22.00,12,sl
P_HixDD>x&RSIx_1,P_Hi#DD>#&RSI#<#,2020-10-26,2020-10-26,2020-10-28,1,4235.75,4116.18,-119.57,-133.75,15.50,3,sl
P_HixDD>x&RSIx_3,P_Hi#DD>#&RSI#<#,2020-10-26,2020-10-26,2020-10-28,1,4235.75,4116.18,-119.57,-133.75,15.50,3,sl
P_HixDD>x&RSIx_4,P_Hi#DD>#&RSI#<#,2020-10-19,2020-10-19,2020-10-28,1,4262.25,4162.25,-100.00,-160.25,48.75,8,sl
IBS<x_1,IBS<#,2020-10-19,2020-10-19,2020-10-28,1,4262.25,4162.25,-100.00,-160.25,48.75,8,sl
CloseAtxdLow_2,CloseAt#dLow,2020-10-19,2020-10-19,2020-10-28,1,4262.25,4131.98,-130.27,-160.25,48.75,8,sl
RSIx<x_1,RSI#<#,2020-10-16,2020-10-16,2020-10-28,1,4314.75,4162.25,-152.50,-212.75,23.00,9,sl
RSIx<x_3,RSI#<#,2020-10-27,2020-10-27,2020-10-28,1,4224.50,4136.06,-88.44,-122.50,3.75,2,sl
P_HixDD>x&IBS<_3,P_Hi#DD>#&IBS<#,2020-10-27,2020-10-27,2020-10-28,1,4224.50,4106.57,-117.93,-122.50,3.75,2,sl
P_HixDD>x&IBS<_4,P_Hi#DD>#&IBS<#,2020-10-27,2020-10-27,2020-10-28,1,4224.50,4106.57,-117.93,-122.50,3.75,2,sl
ConnorsRSI<x_3,ConnorsRSI<#,2020-10-19,2020-10-19,2020-10-28,1,4262.25,4162.25,-100.00,-160.25,48.75,8,sl
ConnorsRSI<x_4,ConnorsRSI<#,2020-10-19,2020-10-19,2020-10-28,1,4262.25,4162.25,-100.00,-160.25,48.75,8,sl
LMT_RSIx<x_xAT_4,LMT_RSI#<#_#ATR,2020-10-27,2020-10-28,2020-10-29,1,4162.25,4110.00,-52.25,-70.75,66.00,2,trail
RSIx<x_3,RSI#<#,2020-10-28,2020-10-28,2020-10-29,1,4108.00,4153.48,45.48,-16.50,67.00,2,tp
RSIx<x_4,RSI#<#,2020-10-28,2020-10-28,2020-10-30,1,4108.00,4077.68,-30.32,-41.75,67.00,3,sl
ConnorsRSI<x_1,ConnorsRSI<#,2020-10-19,2020-10-19,2020-10-30,1,4262.25,4066.84,-195.41,-196.00,48.75,10,sl
C<wvwapxsd_4,C<wvwap#sd,2020-10-26,2020-10-26,2020-11-02,1,4235.75,4143.00,-92.75,-169.50,15.50,6,signal
IBS<x_2,IBS<#,2020-10-27,2020-10-27,2020-11-02,1,4224.50,4143.00,-81.50,-158.25,3.75,5,signal
WRx<x_3,WR#<#,2020-10-28,2020-10-28,2020-11-02,1,4108.00,4143.00,35.00,-41.75,67.00,4,signal
WRx<x_4,WR#<#,2020-10-28,2020-10-28,2020-11-02,1,4108.00,4143.00,35.00,-41.75,67.00,4,signal
CloseAtxdLow_1,CloseAt#dLow,2020-10-28,2020-10-28,2020-11-02,1,4108.00,4143.00,35.00,-41.75,67.00,4,signal
P_HixDD>x&IBS<_4,P_Hi#DD>#&IBS<#,2020-10-28,2020-10-28,2020-11-02,1,4108.00,4143.00,35.00,-41.75,67.00,4,signal
C<wvwapxsd_2,C<wvwap#sd,2020-10-06,2020-10-06,2020-11-03,1,4190.50,4200.25,9.75,-124.25,191.75,21,time
P_HixDD>x&RSIx_1,P_Hi#DD>#&RSI#<#,2020-10-28,2020-10-28,2020-11-03,1,4108.00,4200.25,92.25,-41.75,116.00,5,signal
IBS<x_3,IBS<#,2020-10-27,2020-10-27,2020-11-03,1,4224.50,4200.25,-24.25,-158.25,3.75,6,signal
CloseAtxdLow_3,CloseAt#dLow,2020-10-26,2020-10-26,2020-11-03,1,4235.75,4200.25,-35.50,-169.50,15.50,7,signal
RSIx<x_3,RSI#<#,2020-10-29,2020-10-29,2020-11-03,1,4141.00,4187.58,46.58,-74.75,83.00,4,tp
P_HixDD>x&IBS<_3,P_Hi#DD>#&IBS<#,2020-10-28,2020-10-28,2020-11-03,1,4108.00,4200.25,92.25,-41.75,116.00,5,signal
LMT_RSIx<x_xAT_3,LMT_RSI#<#_#ATR,2020-10-27,2020-10-28,2020-11-04,1,4162.25,4276.25,114.00,-96.00,159.00,6,signal
C<dvwapxsd_1,C<dvwap#sd,2020-10-28,2020-10-28,2020-11-04,1,4108.00,4289.91,181.91,-41.75,213.25,6,tp
C06_1,C06,2020-11-02,2020-11-02,2020-11-04,1,4143.00,4250.25,107.25,-4.50,81.00,3,signal
C06_2,C06,2020-11-03,2020-11-03,2020-11-04,1,4200.25,4264.06,63.81,-40.00,121.00,2,tp
IBS<x_1,IBS<#,2020-10-28,2020-10-28,2020-11-04,1,4108.00,4250.25,142.25,-41.75,213.25,6,tp
WRx<x_1,WR#<#,2020-10-28,2020-10-28,2020-11-04,1,4108.00,4250.25,142.25,-41.75,213.25,6,tp
D01_2,D01,2020-10-19,2020-10-19,2020-11-04,1,4262.25,4276.25,14.00,-196.00,59.00,13,signal
RSIx<x_2,RSI#<#,2020-10-28,2020-10-28,2020-11-04,1,4108.00,4250.25,142.25,-41.75,116.00,6,signal
ConnorsRSI<x_3,ConnorsRSI<#,2020-10-28,2020-10-28,2020-11-04,1,4108.00,4289.91,181.91,-41.75,213.25,6,tp
ConnorsRSI<x_4,ConnorsRSI<#,2020-10-28,2020-10-28,2020-11-04,1,4108.00,4250.25,142.25,-41.75,213.25,6,tp
D01_3,D01,2020-11-02,2020-11-02,2020-11-05,1,4143.00,4333.50,190.50,-4.50,220.75,4,tp
C06_3,C06,2020-11-03,2020-11-03,2020-11-09,1,4200.25,4481.75,281.50,-40.00,309.00,5,tp
P_HixDD>x&RSIx_2,P_Hi#DD>#&RSI#<#,2020-10-26,2020-10-26,2020-11-09,1,4235.75,4387.75,152.00,-169.50,273.50,11,time
C<wvwapxsd_3,C<wvwap#sd,2020-11-09,2020-11-09,2020-11-10,1,4387.75,4349.65,-38.10,-40.00,16.25,2,sl
IBS<x_3,IBS<#,2020-11-09,2020-11-09,2020-11-10,1,4387.75,4383.00,-4.75,-40.00,16.25,2,signal
D01_2,D01,2020-11-09,2020-11-09,2020-11-10,1,4387.75,4383.00,-4.75,-40.00,16.25,2,signal
P_HixDD>x&IBS<_1,P_Hi#DD>#&IBS<#,2020-10-27,2020-10-27,2020-11-10,1,4224.50,4383.00,158.50,-158.25,284.75,11,time
P_HixDD>x&IBS<_3,P_Hi#DD>#&IBS<#,2020-11-09,2020-11-09,2020-11-10,1,4387.75,4383.00,-4.75,-40.00,16.25,2,signal
C<wvwapxsd_4,C<wvwap#sd,2020-11-09,2020-11-09,2020-11-11,1,4387.75,4408.25,20.50,-40.00,30.25,3,signal
P_HixDD>x&RSIx_3,P_Hi#DD>#&RSI#<#,2020-10-28,2020-10-28,2020-11-11,1,4108.00,4408.25,300.25,-41.75,401.25,11,time
IBS<x_2,IBS<#,2020-11-09,2020-11-09,2020-11-11,1,4387.75,4408.25,20.50,-40.00,30.25,3,signal
C<wvwapxsd_1,C<wvwap#sd,2020-10-26,2020-10-26,2020-11-13,1,4235.75,4423.00,187.25,-169.50,273.50,15,signal
C<wvwapxsd_4,C<wvwap#sd,2020-11-11,2020-11-11,2020-11-13,1,4408.25,4423.00,14.75,-54.00,23.00,3,signal
P_HixDD>x&IBS<_2,P_Hi#DD>#&IBS<#,2020-10-27,2020-10-27,2020-11-13,1,4224.50,4423.00,198.50,-158.25,284.75,14,signal
P_HixDD>x&IBS<_4,P_Hi#DD>#&IBS<#,2020-11-09,2020-11-09,2020-11-13,1,4387.75,4423.00,35.25,-40.00,43.50,5,signal
C<dvwapxsd_2,C<dvwap#sd,2020-11-18,2020-11-18,2020-11-19,1,4404.75,4419.25,14.50,-21.25,19.25,2,signal
C<wvwapxsd_1,C<wvwap#sd,2020-11-17,2020-11-17,2020-11-19,1,4448.75,4419.25,-29.50,-65.25,15.75,3,signal
IBS<x_4,IBS<#,2020-11-09,2020-11-09,2020-11-19,1,4387.75,4387.75,0.00,-40.00,90.50,9,breakeven
D01_2,D01,2020-11-18,2020-11-18,2020-11-19,1,4404.75,4419.25,14.50,-21.25,19.25,2,signal
RSIx<x_1,RSI#<#,2020-11-18,2020-11-18,2020-11-19,1,4404.75,4419.25,14.50,-21.25,19.25,2,signal
P_HixDD>x&IBS<_1,P_Hi#DD>#&IBS<#,2020-11-18,2020-11-18,2020-11-19,1,4404.75,4419.25,14.50,-21.25,19.25,2,signal
D01_2,D01,2020-11-20,2020-11-20,2020-11-23,1,4394.75,4416.75,22.00,-10.75,34.50,2,signal
RSIx<x_1,RSI#<#,2020-11-20,2020-11-20,2020-11-23,1,4394.75,4416.75,22.00,-10.75,34.50,2,signal
P_HixDD>x&IBS<_4,P_Hi#DD>#&IBS<#,2020-11-18,2020-11-18,2020-11-23,1,4404.75,4416.75,12.00,-21.25,24.50,4,signal
C<dvwapxsd_4,C<dvwap#sd,2020-11-18,2020-11-18,2020-11-24,1,4404.75,4443.82,39.07,-21.25,75.25,5,tp
C<wvwapxsd_1,C<wvwap#sd,2020-11-19,2020-11-19,2020-11-24,1,4419.25,4473.75,54.50,-35.25,60.75,4,signal
C<wvwapxsd_4,C<wvwap#sd,2020-11-17,2020-11-17,2020-11-24,1,4448.75,4473.75,25.00,-65.25,31.25,6,signal
P_HixDD>x&RSIx_1,P_Hi#DD>#&RSI#<#,2020-11-20,2020-11-20,2020-11-24,1,4394.75,4473.75,79.00,-10.75,85.25,3,signal
P_HixDD>x&RSIx_2,P_Hi#DD>#&RSI#<#,2020-11-20,2020-11-20,2020-11-24,1,4394.75,4473.75,79.00,-10.75,85.25,3,signal
IBS<x_2,IBS<#,2020-11-18,2020-11-18,2020-11-24,1,4404.75,4473.75,69.00,-21.25,75.25,5,signal
IBS<x_3,IBS<#,2020-11-18,2020-11-18,2020-11-24,1,4404.75,4473.75,69.00,-21.25,75.25,5,signal
D01_1,D01,2020-11-19,2020-11-19,2020-11-24,1,4419.25,4473.75,54.50,-35.25,60.75,4,signal
D01_4,D01,2020-11-18,2020-11-18,2020-11-24,1,4404.75,4473.75,69.00,-21.25,75.25,5,signal
P_HixDD>x&IBS<_1,P_Hi#DD>#&IBS<#,2020-11-20,2020-11-20,2020-11-24,1,4394.75,4473.75,79.00,-10.75,85.25,3,signal
P_HixDD>x&IBS<_3,P_Hi#DD>#&IBS<#,2020-11-18,2020-11-18,2020-11-24,1,4404.75,4473.75,69.00,-21.25,75.25,5,signal
C<dvwapxsd_2,C<dvwap#sd,2020-11-26,2020-11-26,2020-11-27,1,4459.00,4478.25,19.25,-5.00,25.00,2,signal
IBS<x_3,IBS<#,2020-11-26,2020-11-26,2020-11-27,1,4459.00,4478.25,19.25,-5.00,25.00,2,signal
C<dvwapxsd_4,C<dvwap#sd,2020-11-26,2020-11-26,2020-12-01,1,4459.00,4497.50,38.50,-25.50,59.75,4,tp
C<wvwapxsd_3,C<wvwap#sd,2020-11-18,2020-11-18,2020-12-03,1,4404.75,4521.96,117.21,-21.25,118.50,12,tp
IBS<x_1,IBS<#,2020-11-09,2020-11-09,2020-12-04,1,4387.75,4540.15,152.40,-40.00,152.50,20,tp
C<dvwapxsd_1,C<dvwap#sd,2020-11-09,2020-11-09,2020-12-07,1,4387.75,4532.50,144.75,-40.00,158.50,21,time
C<dvwapxsd_3,C<dvwap#sd,2020-11-09,2020-11-09,2020-12-07,1,4387.75,4532.50,144.75,-40.00,158.50,21,time
C<wvwapxsd_2,C<wvwap#sd,2020-11-09,2020-11-09,2020-12-07,1,4387.75,4532.50,144.75,-40.00,158.50,21,time
LMT_RSIx<x_xAT_2,LMT_RSI#<#_#ATR,2020-12-09,2020-12-10,2020-12-10,1,4494.75,4508.50,13.75,-9.50,27.75,1,time
LMT_RSIx<x_xAT_2,LMT_RSI#<#_#ATR,2020-12-10,2020-12-11,2020-12-11,1,4489.75,4503.75,14.00,-20.25,26.25,1,time
C<wvwapxsd_1,C<wvwap#sd,2020-12-09,2020-12-09,2020-12-11,1,4510.00,4503.75,-6.25,-40.50,12.50,3,signal
LMT_RSIx<x_xAT_2,LMT_RSI#<#_#ATR,2020-12-11,2020-12-14,2020-12-14,1,4492.85,4487.75,-5.10,-6.35,47.65,1,time
LMT_RSIx<x_xAT_4,LMT_RSI#<#_#ATR,2020-12-10,2020-12-11,2020-12-15,1,4474.83,4496.89,22.05,-5.33,65.67,3,trail
C<dvwapxsd_2,C<dvwap#sd,2020-12-14,2020-12-14,2020-12-15,1,4487.75,4536.75,49.00,-2.50,49.50,2,signal
C<dvwapxsd_4,C<dvwap#sd,2020-12-14,2020-12-14,2020-12-15,1,4487.75,4516.25,28.50,-2.50,49.50,2,tp
C<wvwapxsd_1,C<wvwap#sd,2020-12-11,2020-12-11,2020-12-15,1,4503.75,4536.75,33.00,-18.50,36.75,3,signal
P_HixDD>x&RSIx_1,P_Hi#DD>#&RSI#<#,2020-12-11,2020-12-11,2020-12-15,1,4503.75,4536.75,33.00,-18.50,36.75,3,signal
P_HixDD>x&RSIx_2,P_Hi#DD>#&RSI#<#,2020-12-11,2020-12-11,2020-12-15,1,4503.75,4536.75,33.00,-18.50,36.75,3,signal
IBS<x_3,IBS<#,2020-12-09,2020-12-09,2020-12-15,1,4510.00,4536.75,26.75,-40.50,30.50,5,signal
D01_2,D01,2020-12-09,2020-12-09,2020-12-15,1,4510.00,4536.75,26.75,-40.50,30.50,5,signal
D01_4,D01,2020-12-14,2020-12-14,2020-12-15,1,4487.75,4536.75,49.00,-2.50,49.50,2,signal
CloseAtxdLow_3,CloseAt#dLow,2020-12-11,2020-12-11,2020-12-15,1,4503.75,4536.75,33.00,-18.50,36.75,3,signal
CloseAtxdLow_4,CloseAt#dLow,2020-12-14,2020-12-14,2020-12-15,1,4487.75,4536.75,49.00,-2.50,49.50,2,signal
RSIx<x_1,RSI#<#,2020-12-09,2020-12-09,2020-12-15,1,4510.00,4536.75,26.75,-40.50,30.50,5,signal
P_HixDD>x&IBS<_1,P_Hi#DD>#&IBS<#,2020-12-14,2020-12-14,2020-12-15,1,4487.75,4536.75,49.00,-2.50,49.50,2,signal
P_HixDD>x&IBS<_3,P_Hi#DD>#&IBS<#,2020-12-14,2020-12-14,2020-12-15,1,4487.75,4536.75,49.00,-2.50,49.50,2,signal
P_HixDD>x&IBS<_4,P_Hi#DD>#&IBS<#,2020-12-14,2020-12-14,2020-12-15,1,4487.75,4536.75,49.00,-2.50,49.50,2,signal
C<wvwapxsd_3,C<wvwap#sd,2020-12-14,2020-12-14,2020-12-16,1,4487.75,4552.89,65.14,-2.50,65.75,3,tp
C<wvwapxsd_4,C<wvwap#sd,2020-12-09,2020-12-09,2020-12-16,1,4510.00,4543.75,33.75,-40.50,43.50,6,signal
IBS<x_2,IBS<#,2020-12-09,2020-12-09,2020-12-16,1,4510.00,4543.75,33.75,-40.50,43.50,6,signal
D01_1,D01,2020-12-15,2020-12-15,2020-12-16,1,4536.75,4543.75,7.00,-7.75,16.75,2,signal
ConnorsRSI<x_1,ConnorsRSI<#,2020-11-18,2020-11-18,2020-12-16,1,4404.75,4543.75,139.00,-21.25,151.25,21,time
ConnorsRSI<x_4,ConnorsRSI<#,2020-11-18,2020-11-18,2020-12-16,1,4404.75,4543.75,139.00,-21.25,151.25,21,time
IBS<x_4,IBS<#,2020-11-20,2020-11-20,2020-12-18,1,4394.75,4549.25,154.50,-10.75,177.25,21,time
IBS<x_1,IBS<#,2020-12-09,2020-12-09,2020-12-21,1,4510.00,4463.80,-46.20,-65.00,63.00,9,sl
D01_3,D01,2020-12-15,2020-12-15,2020-12-21,1,4536.75,4471.22,-65.53,-91.75,36.25,5,sl
RSIx<x_1,RSI#<#,2020-12-21,2020-12-21,2020-12-22,1,4534.50,4527.25,-7.25,-21.75,9.50,2,signal
LMT_RSIx<x_xAT_2,LMT_RSI#<#_#ATR,2020-12-22,2020-12-23,2020-12-23,1,4516.26,4530.00,13.74,-16.26,34.49,1,time
RSIx<x_1,RSI#<#,2020-12-22,2020-12-22,2020-12-23,1,4527.25,4530.00,2.75,-27.25,23.50,2,signal
IBS<x_3,IBS<#,2020-12-23,2020-12-23,2020-12-24,1,4530.00,4541.75,11.75,-6.50,15.00,2,signal
IBS<x_2,IBS<#,2020-12-23,2020-12-23,2020-12-28,1,4530.00,4576.75,46.75,-6.50,51.25,3,signal
CloseAtxdLow_2,CloseAt#dLow,2020-12-11,2020-12-11,2020-12-29,1,4503.75,4593.25,89.50,-58.75,93.00,12,tp
ConnorsRSI<x_2,ConnorsRSI<#,2020-12-14,2020-12-14,2020-12-29,1,4487.75,4593.25,105.50,-42.75,109.00,11,tp
IBS<x_3,IBS<#,2020-12-29,2020-12-29,2020-12-30,1,4570.25,4574.00,3.75,-4.75,17.00,2,signal
C<wvwapxsd_4,C<wvwap#sd,2020-12-29,2020-12-29,2020-12-31,1,4570.25,4593.50,23.25,-6.25,31.75,3,signal
IBS<x_3,IBS<#,2020-12-30,2020-12-30,2020-12-31,1,4574.00,4593.50,19.50,-10.00,28.00,2,signal
IBS<x_1,IBS<#,2020-12-23,2020-12-23,2021-01-04,1,4530.00,4530.00,0.00,-28.50,92.25,7,breakeven
IBS<x_4,IBS<#,2020-12-23,2020-12-23,2021-01-04,1,4530.00,4530.00,0.00,-28.50,92.25,7,breakeven
LMT_RSIx<x_xAT_2,LMT_RSI#<#_#ATR,2021-01-04,2021-01-05,2021-01-05,1,4530.56,4566.50,35.94,-8.31,48.44,1,time
RSIx<x_1,RSI#<#,2021-01-04,2021-01-04,2021-01-05,1,4542.50,4566.50,24.00,-20.25,36.50,2,signal
C<wvwapxsd_4,C<wvwap#sd,2021-01-04,2021-01-04,2021-01-06,1,4542.50,4589.50,47.00,-20.25,81.25,3,signal
P_HixDD>x&RSIx_1,P_Hi#DD>#&RSI#<#,2021-01-04,2021-01-04,2021-01-06,1,4542.50,4589.50,47.00,-20.25,81.25,3,signal
C<dvwapxsd_1,C<dvwap#sd,2020-12-09,2020-12-09,2021-01-07,1,4510.00,4648.60,138.60,-65.00,143.00,20,tp
ConnorsRSI<x_4,ConnorsRSI<#,2021-01-04,2021-01-04,2021-01-07,1,4542.50,4649.97,107.47,-20.25,110.50,4,tp
C<dvwapxsd_3,C<dvwap#sd,2020-12-09,2020-12-09,2021-01-08,1,4510.00,4666.00,156.00,-65.00,158.25,21,time
C<wvwapxsd_1,C<wvwap#sd,2020-12-29,2020-12-29,2021-01-08,1,4570.25,4666.00,95.75,-68.75,98.00,8,signal
C<wvwapxsd_2,C<wvwap#sd,2020-12-09,2020-12-09,2021-01-08,1,4510.00,4666.00,156.00,-65.00,158.25,21,time
P_HixDD>x&RSIx_2,P_Hi#DD>#&RSI#<#,2021-01-04,2021-01-04,2021-01-08,1,4542.50,4666.00,123.50,-20.25,125.75,5,signal
C<dvwapxsd_4,C<dvwap#sd,2021-01-14,2021-01-14,2021-01-15,1,4639.25,4613.82,-25.43,-48.75,7.50,2,sl
LMT_RSIx<x_xAT_2,LMT_RSI#<#_#ATR,2021-01-15,2021-01-18,2021-01-18,1,4597.64,4617.50,19.86,-8.14,20.36,1,time
C<dvwapxsd_2,C<dvwap#sd,2021-01-14,2021-01-14,2021-01-18,1,4639.25,4617.50,-21.75,-49.75,7.50,3,signal
C<wvwapxsd_1,C<wvwap#sd,2021-01-11,2021-01-11,2021-01-18,1,4641.25,4617.50,-23.75,-51.75,25.50,6,signal
P_HixDD>x&RSIx_2,P_Hi#DD>#&RSI#<#,2021-01-15,2021-01-15,2021-01-18,1,4610.75,4617.50,6.75,-21.25,7.25,2,signal
C<wvwapxsd_4,C<wvwap#sd,2021-01-11,2021-01-11,2021-01-19,1,4641.25,4639.50,-1.75,-51.75,25.50,7,signal
P_HixDD>x&RSIx_1,P_Hi#DD>#&RSI#<#,2021-01-15,2021-01-15,2021-01-19,1,4610.75,4639.50,28.75,-21.25,35.25,3,signal
IBS<x_2,IBS<#,2021-01-14,2021-01-14,2021-01-19,1,4639.25,4639.50,0.25,-49.75,7.50,4,signal
IBS<x_3,IBS<#,2021-01-14,2021-01-14,2021-01-19,1,4639.25,4639.50,0.25,-49.75,7.50,4,signal
D01_2,D01,2021-01-15,2021-01-15,2021-01-19,1,4610.75,4639.50,28.75,-21.25,35.25,3,signal
CloseAtxdLow_3,CloseAt#dLow,2021-01-15,2021-01-15,2021-01-19,1,4610.75,4639.50,28.75,-21.25,35.25,3,signal
RSIx<x_1,RSI#<#,2021-01-15,2021-01-15,2021-01-19,1,4610.75,4639.50,28.75,-21.25,35.25,3,signal
IBS<x_1,IBS<#,2021-01-14,2021-01-14,2021-01-27,1,4639.25,4588.40,-50.85,-67.00,72.00,10,sl
LMT_RSIx<x_xAT_2,LMT_RSI#<#_#ATR,2021-01-27,2021-01-28,2021-01-28,1,4584.58,4628.75,44.17,-32.08,87.92,1,time
C<dvwapxsd_1,C<dvwap#sd,2021-01-14,2021-01-14,2021-01-28,1,4639.25,4562.98,-76.27,-86.75,72.00,11,sl
RSIx<x_3,RSI#<#,2021-01-27,2021-01-27,2021-01-28,1,4598.00,4638.27,40.27,-45.50,74.50,2,tp
RSIx<x_4,RSI#<#,2021-01-27,2021-01-27,2021-01-28,1,4598.00,4571.16,-26.84,-45.50,74.50,2,sl
LMT_RSIx<x_xAT_4,LMT_RSI#<#_#ATR,2021-01-27,2021-01-28,2021-01-29,1,4557.73,4609.00,51.27,-23.23,114.77,2,trail
P_HixDD>x&RSIx_4,P_Hi#DD>#&RSI#<#,2021-01-27,2021-01-27,2021-01-29,1,4598.00,4598.00,0.00,-63.50,74.50,3,breakeven
IBS<x_1,IBS<#,2021-01-28,2021-01-28,2021-01-29,1,4628.75,4570.15,-58.60,-94.25,8.00,2,sl
CloseAtxdLow_2,CloseAt#dLow,2021-01-15,2021-01-15,2021-02-01,1,4610.75,4505.88,-104.88,-105.25,100.50,12,sl
RSIx<x_3,RSI#<#,2021-01-29,2021-01-29,2021-02-01,1,4554.00,4600.36,46.36,-48.50,72.00,2,tp
P_HixDD>x&IBS<_4,P_Hi#DD>#&IBS<#,2021-01-29,2021-01-29,2021-02-01,1,4554.00,4613.75,59.75,-48.50,72.00,2,signal
ConnorsRSI<x_1,ConnorsRSI<#,2021-01-04,2021-01-04,2021-02-01,1,4542.50,4613.75,71.25,-37.00,168.75,21,time
ConnorsRSI<x_4,ConnorsRSI<#,2021-01-15,2021-01-15,2021-02-01,1,4610.75,4532.09,-78.66,-105.25,100.50,12,sl
LMT_RSIx<x_xAT_1,LMT_RSI#<#_#ATR,2021-01-27,2021-01-28,2021-02-02,1,4557.73,4667.50,109.77,-52.23,127.02,4,signal
C<wvwapxsd_4,C<wvwap#sd,2021-01-27,2021-01-27,2021-02-02,1,4598.00,4667.50,69.50,-92.50,86.75,5,signal
P_HixDD>x&RSIx_1,P_Hi#DD>#&RSI#<#,2021-01-27,2021-01-27,2021-02-02,1,4598.00,4667.50,69.50,-92.50,86.75,5,signal
IBS<x_1,IBS<#,2021-01-29,2021-01-29,2021-02-02,1,4554.00,4677.62,123.62,-48.50,130.75,3,tp
IBS<x_2,IBS<#,2021-01-26,2021-01-26,2021-02-02,1,4691.50,4667.50,-24.00,-186.00,11.50,6,signal
IBS<x_3,IBS<#,2021-01-26,2021-01-26,2021-02-02,1,4691.50,4667.50,-24.00,-186.00,11.50,6,signal
D01_2,D01,2021-01-27,2021-01-27,2021-02-02,1,4598.00,4667.50,69.50,-92.50,86.75,5,signal
CloseAtxdLow_3,CloseAt#dLow,2021-01-27,2021-01-27,2021-02-02,1,4598.00,4667.50,69.50,-92.50,86.75,5,signal
RSIx<x_1,RSI#<#,2021-01-27,2021-01-27,2021-02-02,1,4598.00,4667.50,69.50,-92.50,86.75,5,signal
P_HixDD>x&IBS<_3,P_Hi#DD>#&IBS<#,2021-01-29,2021-01-29,2021-02-02,1,4554.00,4667.50,113.50,-48.50,130.75,3,signal
LMT_RSIx<x_xAT_3,LMT_RSI#<#_#ATR,2021-01-27,2021-01-28,2021-02-04,1,4584.58,4714.25,129.67,-79.08,130.17,6,signal
C<wvwapxsd_1,C<wvwap#sd,2021-01-27,2021-01-27,2021-02-04,1,4598.00,4714.25,116.25,-92.50,116.75,7,signal
P_HixDD>x&RSIx_2,P_Hi#DD>#&RSI#<#,2021-01-27,2021-01-27,2021-02-04,1,4598.00,4714.25,116.25,-92.50,116.75,7,signal
P_HixDD>x&RSIx_3,P_Hi#DD>#&RSI#<#,2021-01-27,2021-01-27,2021-02-04,1,4598.00,4714.25,116.25,-92.50,116.75,7,signal
P_HixDD>x&IBS<_1,P_Hi#DD>#&IBS<#,2021-01-29,2021-01-29,2021-02-04,1,4554.00,4714.25,160.25,-48.50,160.75,5,signal
P_HixDD>x&IBS<_2,P_Hi#DD>#&IBS<#,2021-01-29,2021-01-29,2021-02-04,1,4554.00,4714.25,160.25,-48.50,160.75,5,signal
C<dvwapxsd_1,C<dvwap#sd,2021-01-29,2021-01-29,2021-02-08,1,4554.00,4745.00,191.00,-48.50,204.25,7,tp
C<wvwapxsd_2,C<wvwap#sd,2021-01-11,2021-01-11,2021-02-08,1,4641.25,4758.00,116.75,-135.75,117.00,21,time
C<dvwapxsd_3,C<dvwap#sd,2021-01-14,2021-01-14,2021-02-11,1,4639.25,4760.25,121.00,-133.75,138.25,21,time
D01_3,D01,2021-02-01,2021-02-01,2021-02-15,1,4613.75,4799.15,185.40,-8.25,187.25,11,tp
LMT_RSIx<x_xAT_4,LMT_RSI#<#_#ATR,2021-01-29,2021-02-01,2021-02-17,1,4507.64,4746.45,238.81,-2.14,300.61,13,trail
C<wvwapxsd_1,C<wvwap#sd,2021-02-16,2021-02-16,2021-02-17,1,4776.25,4777.00,0.75,-30.75,5.00,2,signal
D01_2,D01,2021-02-16,2021-02-16,2021-02-17,1,4776.25,4777.00,0.75,-30.75,5.00,2,signal
LMT_RSIx<x_xAT_2,LMT_RSI#<#_#ATR,2021-02-18,2021-02-19,2021-02-19,1,4745.96,4752.50,6.54,-6.71,34.04,1,time
LMT_RSIx<x_xAT_2,LMT_RSI#<#_#ATR,2021-02-19,2021-02-22,2021-02-22,1,4722.25,4723.50,1.25,-12.00,41.25,1,time
LMT_RSIx<x_xAT_2,LMT_RSI#<#_#ATR,2021-02-22,2021-02-23,2021-02-23,1,4698.25,4727.00,28.75,-44.50,46.75,1,time
C<dvwapxsd_1,C<dvwap#sd,2021-02-16,2021-02-16,2021-02-23,1,4776.25,4690.75,-85.50,-122.50,8.75,6,sl
C<wvwapxsd_1,C<wvwap#sd,2021-02-18,2021-02-18,2021-02-23,1,4760.25,4727.00,-33.25,-106.50,19.75,4,signal
P_HixDD>x&RSIx_2,P_Hi#DD>#&RSI#<#,2021-02-22,2021-02-22,2021-02-23,1,4723.50,4727.00,3.50,-69.75,21.50,2,signal
IBS<x_1,IBS<#,2021-02-19,2021-02-19,2021-02-23,1,4752.50,4695.07,-57.43,-98.75,11.00,3,sl
WRx<x_1,WR#<#,2021-02-22,2021-02-22,2021-02-23,1,4723.50,4666.65,-56.85,-69.75,21.50,2,sl
WRx<x_2,WR#<#,2021-02-22,2021-02-22,2021-02-23,1,4723.50,4666.65,-56.85,-69.75,21.50,2,sl
WRx<x_3,WR#<#,2021-02-22,2021-02-22,2021-02-23,1,4723.50,4727.00,3.50,-69.75,21.50,2,signal
RSIx<x_4,RSI#<#,2021-02-22,2021-02-22,2021-02-23,1,4723.50,4695.07,-28.43,-69.75,21.50,2,sl
P_HixDD>x&IBS<_1,P_Hi#DD>#&IBS<#,2021-02-22,2021-02-22,2021-02-23,1,4723.50,4727.00,3.50,-69.75,21.50,2,signal
P_HixDD>x&IBS<_4,P_Hi#DD>#&IBS<#,2021-02-22,2021-02-22,2021-02-23,1,4723.50,4727.00,3.50,-69.75,21.50,2,signal
LMT_RSIx<x_xAT_1,LMT_RSI#<#_#ATR,2021-02-22,2021-02-23,2021-02-24,1,4680.86,4769.50,88.64,-27.11,93.89,2,signal
LMT_RSIx<x_xAT_2,LMT_RSI#<#_#ATR,2021-02-23,2021-02-24,2021-02-24,1,4712.16,4769.50,57.34,-11.41,62.59,1,time
C<wvwapxsd_4,C<wvwap#sd,2021-02-16,2021-02-16,2021-02-24,1,4776.25,4769.50,-6.75,-122.50,8.75,7,signal
P_HixDD>x&RSIx_1,P_Hi#DD>#&RSI#<#,2021-02-22,2021-02-22,2021-02-24,1,4723.50,4769.50,46.00,-69.75,51.25,3,signal
P_HixDD>x&RSIx_2,P_Hi#DD>#&RSI#<#,2021-02-23,2021-02-23,2021-02-24,1,4727.00,4769.50,42.50,-26.25,47.75,2,signal
IBS<x_2,IBS<#,2021-02-19,2021-02-19,2021-02-24,1,4752.50,4769.50,17.00,-98.75,22.25,4,signal
IBS<x_3,IBS<#,2021-02-19,2021-02-19,2021-02-24,1,4752.50,4769.50,17.00,-98.75,22.25,4,signal
CloseAtxdLow_3,CloseAt#dLow,2021-02-19,2021-02-19,2021-02-24,1,4752.50,4769.50,17.00,-98.75,22.25,4,signal
CloseAtxdLow_4,CloseAt#dLow,2021-02-19,2021-02-19,2021-02-24,1,4752.50,4769.50,17.00,-98.75,22.25,4,signal
RSIx<x_1,RSI#<#,2021-02-18,2021-02-18,2021-02-24,1,4760.25,4769.50,9.25,-106.50,19.75,5,signal
P_HixDD>x&IBS<_3,P_Hi#DD>#&IBS<#,2021-02-22,2021-02-22,2021-02-24,1,4723.50,4769.50,46.00,-69.75,51.25,3,signal
LMT_RSIx<x_xAT_4,LMT_RSI#<#_#ATR,2021-02-22,2021-02-23,2021-02-25,1,4680.86,4715.38,34.51,-27.11,102.64,3,trail
LMT_RSIx<x_xAT_2,LMT_RSI#<#_#ATR,2021-02-25,2021-02-26,2021-02-26,1,4661.31,4654.50,-6.81,-27.31,46.19,1,time
C<wvwapxsd_3,C<wvwap#sd,2021-02-25,2021-02-25,2021-02-26,1,4675.50,4647.12,-28.38,-41.50,32.00,2,sl
CloseAtxdLow_2,CloseAt#dLow,2021-02-19,2021-02-19,2021-02-26,1,4752.50,4637.65,-114.85,-118.50,31.00,6,sl
ConnorsRSI<x_2,ConnorsRSI<#,2021-02-22,2021-02-22,2021-02-26,1,4723.50,4638.23,-85.27,-89.50,60.00,5,sl
ConnorsRSI<x_4,ConnorsRSI<#,2021-02-22,2021-02-22,2021-02-26,1,4723.50,4638.23,-85.27,-89.50,60.00,5,sl
C<wvwapxsd_4,C<wvwap#sd,2021-02-25,2021-02-25,2021-03-01,1,4675.50,4746.75,71.25,-41.50,85.50,3,signal
P_HixDD>x&RSIx_1,P_Hi#DD>#&RSI#<#,2021-02-25,2021-02-25,2021-03-01,1,4675.50,4746.75,71.25,-41.50,85.50,3,signal
IBS<x_2,IBS<#,2021-02-25,2021-02-25,2021-03-01,1,4675.50,4746.75,71.25,-41.50,85.50,3,signal
IBS<x_3,IBS<#,2021-02-25,2021-02-25,2021-03-01,1,4675.50,4746.75,71.25,-41.50,85.50,3,signal
D01_2,D01,2021-02-25,2021-02-25,2021-03-01,1,4675.50,4746.75,71.25,-41.50,85.50,3,signal
CloseAtxdLow_3,CloseAt#dLow,2021-02-25,2021-02-25,2021-03-01,1,4675.50,4746.75,71.25,-41.50,85.50,3,signal
CloseAtxdLow_4,CloseAt#dLow,2021-02-25,2021-02-25,2021-03-01,1,4675.50,4746.75,71.25,-41.50,85.50,3,signal
RSIx<x_1,RSI#<#,2021-02-25,2021-02-25,2021-03-01,1,4675.50,4746.75,71.25,-41.50,85.50,3,signal
RSIx<x_3,RSI#<#,2021-02-25,2021-02-25,2021-03-01,1,4675.50,4718.06,42.56,-41.50,85.50,3,tp
P_HixDD>x&IBS<_3,P_Hi#DD>#&IBS<#,2021-02-25,2021-02-25,2021-03-01,1,4675.50,4746.75,71.25,-41.50,85.50,3,signal
P_HixDD>x&IBS<_4,P_Hi#DD>#&IBS<#,2021-02-25,2021-02-25,2021-03-01,1,4675.50,4746.75,71.25,-41.50,85.50,3,signal
C<dvwapxsd_4,C<dvwap#sd,2021-03-02,2021-03-02,2021-03-03,1,4717.25,4690.51,-26.74,-52.75,29.75,2,sl
IBS<x_1,IBS<#,2021-02-25,2021-02-25,2021-03-03,1,4675.50,4675.50,0.00,-41.50,85.50,5,breakeven
C<dvwapxsd_1,C<dvwap#sd,2021-02-25,2021-02-25,2021-03-04,1,4675.50,4590.38,-85.12,-106.00,85.50,6,sl
C<dvwapxsd_3,C<dvwap#sd,2021-02-16,2021-02-16,2021-03-04,1,4776.25,4605.25,-171.00,-206.75,8.75,13,sl
C<wvwapxsd_2,C<wvwap#sd,2021-02-16,2021-02-16,2021-03-04,1,4776.25,4605.25,-171.00,-206.75,8.75,13,sl
IBS<x_1,IBS<#,2021-03-03,2021-03-03,2021-03-04,1,4666.00,4610.19,-55.81,-96.50,25.25,2,sl
IBS<x_4,IBS<#,2021-03-02,2021-03-02,2021-03-04,1,4717.25,4663.25,-54.00,-147.75,29.75,3,sl
D01_3,D01,2021-03-01,2021-03-01,2021-03-04,1,4746.75,4663.25,-83.50,-177.25,8.75,4,sl
P_HixDD>x&IBS<_3,P_Hi#DD>#&IBS<#,2021-03-02,2021-03-02,2021-03-04,1,4717.25,4610.30,-106.95,-147.75,29.75,3,sl
P_HixDD>x&IBS<_4,P_Hi#DD>#&IBS<#,2021-03-02,2021-03-02,2021-03-04,1,4717.25,4610.30,-106.95,-147.75,29.75,3,sl
ConnorsRSI<x_4,ConnorsRSI<#,2021-02-26,2021-02-26,2021-03-04,1,4654.50,4571.53,-82.97,-85.00,106.50,5,sl
LMT_RSIx<x_xAT_4,LMT_RSI#<#_#ATR,2021-03-03,2021-03-04,2021-03-05,1,4624.14,4632.07,7.93,-54.64,74.86,2,trail
C<wvwapxsd_1,C<wvwap#sd,2021-02-25,2021-02-25,2021-03-05,1,4675.50,4687.00,11.50,-106.00,85.50,7,signal
P_HixDD>x&RSIx_2,P_Hi#DD>#&RSI#<#,2021-02-25,2021-02-25,2021-03-05,1,4675.50,4687.00,11.50,-106.00,85.50,7,signal
P_HixDD>x&RSIx_3,P_Hi#DD>#&RSI#<#,2021-02-25,2021-02-25,2021-03-05,1,4675.50,4687.00,11.50,-106.00,85.50,7,signal
CloseAtxdLow_1,CloseAt#dLow,2021-03-04,2021-03-04,2021-03-05,1,4618.50,4687.00,68.50,-41.00,80.50,2,signal
RSIx<x_3,RSI#<#,2021-03-04,2021-03-04,2021-03-05,1,4618.50,4662.88,44.38,-41.00,80.50,2,tp
P_HixDD>x&IBS<_1,P_Hi#DD>#&IBS<#,2021-02-25,2021-02-25,2021-03-05,1,4675.50,4687.00,11.50,-106.00,85.50,7,signal
P_HixDD>x&IBS<_2,P_Hi#DD>#&IBS<#,2021-02-25,2021-02-25,2021-03-05,1,4675.50,4687.00,11.50,-106.00,85.50,7,signal
P_HixDD>x&RSIx_1,P_Hi#DD>#&RSI#<#,2021-03-03,2021-03-03,2021-03-09,1,4666.00,4722.00,56.00,-96.50,84.25,5,signal
D01_2,D01,2021-03-03,2021-03-03,2021-03-09,1,4666.00,4722.00,56.00,-96.50,84.25,5,signal
RSIx<x_1,RSI#<#,2021-03-03,2021-03-03,2021-03-09,1,4666.00,4722.00,56.00,-96.50,84.25,5,signal
P_HixDD>x&IBS<_3,P_Hi#DD>#&IBS<#,2021-03-08,2021-03-08,2021-03-09,1,4668.75,4722.00,53.25,-1.00,81.50,2,signal
P_HixDD>x&IBS<_4,P_Hi#DD>#&IBS<#,2021-03-08,2021-03-08,2021-03-09,1,4668.75,4722.00,53.25,-1.00,81.50,2,signal
CloseAtxdLow_2,CloseAt#dLow,2021-02-26,2021-02-26,2021-03-10,1,4654.50,4765.12,110.62,-85.00,110.75,9,tp
ConnorsRSI<x_4,ConnorsRSI<#,2021-03-04,2021-03-04,2021-03-10,1,4618.50,4751.64,133.14,-41.00,146.75,5,tp
LMT_RSIx<x_xAT_3,LMT_RSI#<#_#ATR,2021-02-22,2021-02-23,2021-03-11,1,4698.25,4785.50,87.25,-128.75,109.25,13,signal
C<dvwapxsd_1,C<dvwap#sd,2021-03-04,2021-03-04,2021-03-11,1,4618.50,4796.02,177.52,-41.00,189.00,6,tp
C<wvwapxsd_4,C<wvwap#sd,2021-03-02,2021-03-02,2021-03-11,1,4717.25,4785.50,68.25,-147.75,90.25,8,signal
IBS<x_1,IBS<#,2021-03-08,2021-03-08,2021-03-11,1,4668.75,4801.68,132.93,-1.00,138.75,4,tp
IBS<x_2,IBS<#,2021-03-02,2021-03-02,2021-03-11,1,4717.25,4785.50,68.25,-147.75,90.25,8,signal
C<wvwapxsd_1,C<wvwap#sd,2021-03-08,2021-03-08,2021-03-12,1,4668.75,4792.00,123.25,-1.00,138.75,5,signal
P_HixDD>x&IBS<_1,P_Hi#DD>#&IBS<#,2021-03-08,2021-03-08,2021-03-12,1,4668.75,4792.00,123.25,-1.00,138.75,5,signal
LMT_RSIx<x_xAT_2,LMT_RSI#<#_#ATR,2021-03-18,2021-03-19,2021-03-19,1,4746.08,4756.50,10.42,-12.58,35.92,1,time
C<wvwapxsd_4,C<wvwap#sd,2021-03-18,2021-03-18,2021-03-22,1,4764.50,4788.00,23.50,-31.00,38.50,3,signal
IBS<x_2,IBS<#,2021-03-18,2021-03-18,2021-03-22,1,4764.50,4788.00,23.50,-31.00,38.50,3,signal
D01_2,D01,2021-03-18,2021-03-18,2021-03-22,1,4764.50,4788.00,23.50,-31.00,38.50,3,signal
RSIx<x_1,RSI#<#,2021-03-18,2021-03-18,2021-03-22,1,4764.50,4788.00,23.50,-31.00,38.50,3,signal
ConnorsRSI<x_1,ConnorsRSI<#,2021-02-22,2021-02-22,2021-03-22,1,4723.50,4788.00,64.50,-154.00,113.50,21,time
LMT_RSIx<x_xAT_2,LMT_RSI#<#_#ATR,2021-03-24,2021-03-25,2021-03-25,1,4719.71,4759.25,39.54,-17.96,48.29,1,time
C<dvwapxsd_1,C<dvwap#sd,2021-03-16,2021-03-16,2021-03-25,1,4810.25,4702.36,-107.89,-108.50,26.75,8,sl
C<dvwapxsd_2,C<dvwap#sd,2021-03-24,2021-03-24,2021-03-25,1,4737.50,4759.25,21.75,-35.75,30.50,2,signal
C<dvwapxsd_4,C<dvwap#sd,2021-03-24,2021-03-24,2021-03-25,1,4737.50,4701.92,-35.58,-35.75,30.50,2,sl
C<wvwapxsd_1,C<wvwap#sd,2021-03-18,2021-03-18,2021-03-25,1,4764.50,4759.25,-5.25,-62.75,38.50,6,signal
C<wvwapxsd_3,C<wvwap#sd,2021-03-18,2021-03-18,2021-03-25,1,4764.50,4722.50,-42.00,-62.75,38.50,6,sl
P_HixDD>x&RSIx_2,P_Hi#DD>#&RSI#<#,2021-03-19,2021-03-19,2021-03-25,1,4756.50,4759.25,2.75,-54.75,46.50,5,signal
WRx<x_4,WR#<#,2021-03-24,2021-03-24,2021-03-25,1,4737.50,4759.25,21.75,-35.75,30.50,2,signal
P_HixDD>x&IBS<_1,P_Hi#DD>#&IBS<#,2021-03-23,2021-03-23,2021-03-25,1,4757.50,4759.25,1.75,-55.75,32.50,3,signal
C<wvwapxsd_1,C<wvwap#sd,2021-03-25,2021-03-25,2021-03-26,1,4759.25,4821.50,62.25,-0.75,67.25,2,signal
C<wvwapxsd_4,C<wvwap#sd,2021-03-23,2021-03-23,2021-03-26,1,4757.50,4821.50,64.00,-55.75,69.00,4,signal
P_HixDD>x&RSIx_1,P_Hi#DD>#&RSI#<#,2021-03-19,2021-03-19,2021-03-26,1,4756.50,4821.50,65.00,-54.75,70.00,6,signal
IBS<x_2,IBS<#,2021-03-23,2021-03-23,2021-03-26,1,4757.50,4821.50,64.00,-55.75,69.00,4,signal
IBS<x_3,IBS<#,2021-03-18,2021-03-18,2021-03-26,1,4764.50,4821.50,57.00,-62.75,62.00,7,signal
WRx<x_3,WR#<#,2021-03-24,2021-03-24,2021-03-26,1,4737.50,4821.50,84.00,-35.75,89.00,3,signal
D01_1,D01,2021-03-19,2021-03-19,2021-03-26,1,4756.50,4821.50,65.00,-54.75,70.00,6,signal
D01_2,D01,2021-03-23,2021-03-23,2021-03-26,1,4757.50,4821.50,64.00,-55.75,69.00,4,signal
D01_4,D01,2021-03-18,2021-03-18,2021-03-26,1,4764.50,4821.50,57.00,-62.75,62.00,7,signal
CloseAtxdLow_3,CloseAt#dLow,2021-03-19,2021-03-19,2021-03-26,1,4756.50,4821.50,65.00,-54.75,70.00,6,signal
CloseAtxdLow_4,CloseAt#dLow,2021-03-24,2021-03-24,2021-03-26,1,4737.50,4821.50,84.00,-35.75,89.00,3,signal
RSIx<x_1,RSI#<#,2021-03-24,2021-03-24,2021-03-26,1,4737.50,4821.50,84.00,-35.75,89.00,3,signal
P_HixDD>x&IBS<_3,P_Hi#DD>#&IBS<#,2021-03-23,2021-03-23,2021-03-26,1,4757.50,4821.50,64.00,-55.75,69.00,4,signal
P_HixDD>x&IBS<_4,P_Hi#DD>#&IBS<#,2021-03-23,2021-03-23,2021-03-26,1,4757.50,4821.50,64.00,-55.75,69.00,4,signal
C<wvwapxsd_2,C<wvwap#sd,2021-03-04,2021-03-04,2021-04-01,1,4618.50,4868.00,249.50,-41.00,251.00,21,time
IBS<x_4,IBS<#,2021-03-08,2021-03-08,2021-04-01,1,4668.75,4868.14,199.39,-1.00,200.75,19,tp
IBS<x_1,IBS<#,2021-03-18,2021-03-18,2021-04-05,1,4764.50,4911.88,147.38,-62.75,167.75,12,tp
WRx<x_1,WR#<#,2021-03-24,2021-03-24,2021-04-05,1,4737.50,4896.75,159.25,-35.75,194.75,8,tp
D01_3,D01,2021-03-05,2021-03-05,2021-04-05,1,4687.00,4896.75,209.75,-41.75,245.25,21,tp
CloseAtxdLow_2,CloseAt#dLow,2021-03-19,2021-03-19,2021-04-05,1,4756.50,4904.65,148.15,-54.75,175.75,11,tp
ConnorsRSI<x_4,ConnorsRSI<#,2021-03-18,2021-03-18,2021-04-05,1,4764.50,4930.30,165.80,-62.75,167.75,12,tp
C<dvwapxsd_3,C<dvwap#sd,2021-03-16,2021-03-16,2021-04-14,1,4810.25,4978.50,168.25,-108.50,192.25,21,time
C<wvwapxsd_1,C<wvwap#sd,2021-04-14,2021-04-14,2021-04-15,1,4978.50,5021.75,43.25,-0.50,46.50,2,signal
C<wvwapxsd_4,C<wvwap#sd,2021-04-14,2021-04-14,2021-04-15,1,4978.50,5021.75,43.25,-0.50,46.50,2,signal
IBS<x_3,IBS<#,2021-04-14,2021-04-14,2021-04-15,1,4978.50,5021.75,43.25,-0.50,46.50,2,signal
WRx<x_2,WR#<#,2021-03-24,2021-03-24,2021-04-20,1,4737.50,4970.84,233.34,-35.75,304.50,19,trail
LMT_RSIx<x_xAT_2,LMT_RSI#<#_#ATR,2021-04-20,2021-04-21,2021-04-21,1,4974.88,5023.25,48.37,-3.38,50.87,1,time
C<wvwapxsd_1,C<wvwap#sd,2021-04-20,2021-04-20,2021-04-21,1,4985.25,5023.25,38.00,-13.75,40.50,2,signal
C<wvwapxsd_4,C<wvwap#sd,2021-04-20,2021-04-20,2021-04-21,1,4985.25,5023.25,38.00,-13.75,40.50,2,signal
P_HixDD>x&RSIx_1,P_Hi#DD>#&RSI#<#,2021-04-20,2021-04-20,2021-04-21,1,4985.25,5023.25,38.00,-13.75,40.50,2,signal
P_HixDD>x&RSIx_2,P_Hi#DD>#&RSI#<#,2021-04-20,2021-04-20,2021-04-21,1,4985.25,5023.25,38.00,-13.75,40.50,2,signal
D01_2,D01,2021-04-20,2021-04-20,2021-04-21,1,4985.25,5023.25,38.00,-13.75,40.50,2,signal
RSIx<x_1,RSI#<#,2021-04-20,2021-04-20,2021-04-21,1,4985.25,5023.25,38.00,-13.75,40.50,2,signal
ConnorsRSI<x_1,ConnorsRSI<#,2021-03-24,2021-03-24,2021-04-22,1,4737.50,4985.75,248.25,-35.75,304.50,21,time
IBS<x_3,IBS<#,2021-04-22,2021-04-22,2021-04-23,1,4985.75,5029.25,43.50,-3.25,59.50,2,signal
D01_2,D01,2021-04-22,2021-04-22,2021-04-23,1,4985.75,5029.25,43.50,-3.25,59.50,2,signal
P_HixDD>x&IBS<_4,P_Hi#DD>#&IBS<#,2021-04-22,2021-04-22,2021-04-23,1,4985.75,5029.25,43.50,-3.25,59.50,2,signal
P_HixDD>x&IBS<_3,P_Hi#DD>#&IBS<#,2021-04-22,2021-04-22,2021-04-26,1,4985.75,5038.75,53.00,-3.25,59.50,3,signal
C<wvwapxsd_1,C<wvwap#sd,2021-04-22,2021-04-22,2021-04-29,1,4985.75,5062.25,76.50,-3.25,83.75,6,signal
C<wvwapxsd_4,C<wvwap#sd,2021-04-22,2021-04-22,2021-04-29,1,4985.75,5062.25,76.50,-3.25,83.75,6,signal
IBS<x_1,IBS<#,2021-04-14,2021-04-14,2021-04-29,1,4978.50,5067.98,89.48,-9.50,91.00,12,tp
IBS<x_3,IBS<#,2021-04-28,2021-04-28,2021-04-29,1,5036.50,5062.25,25.75,-10.00,33.00,2,signal
P_HixDD>x&IBS<_1,P_Hi#DD>#&IBS<#,2021-04-22,2021-04-22,2021-04-29,1,4985.75,5062.25,76.50,-3.25,83.75,6,signal
C<dvwapxsd_1,C<dvwap#sd,2021-04-06,2021-04-06,2021-05-04,1,4923.00,5019.25,96.25,-8.00,146.50,21,time
C<wvwapxsd_1,C<wvwap#sd,2021-04-30,2021-04-30,2021-05-04,1,5035.75,5019.25,-16.50,-56.75,25.25,3,signal
IBS<x_1,IBS<#,2021-05-03,2021-05-03,2021-05-04,1,5044.75,5009.10,-35.65,-65.75,0.50,2,sl
LMT_RSIx<x_xAT_2,LMT_RSI#<#_#ATR,2021-05-05,2021-05-06,2021-05-06,1,5009.93,5053.00,43.07,-10.93,44.32,1,time
C<wvwapxsd_1,C<wvwap#sd,2021-05-04,2021-05-04,2021-05-06,1,5019.25,5053.00,33.75,-20.25,35.00,3,signal
C<wvwapxsd_4,C<wvwap#sd,2021-04-30,2021-04-30,2021-05-06,1,5035.75,5053.00,17.25,-56.75,25.25,5,signal
P_HixDD>x&RSIx_1,P_Hi#DD>#&RSI#<#,2021-05-04,2021-05-04,2021-05-06,1,5019.25,5053.00,33.75,-20.25,35.00,3,signal
P_HixDD>x&RSIx_2,P_Hi#DD>#&RSI#<#,2021-05-04,2021-05-04,2021-05-06,1,5019.25,5053.00,33.75,-20.25,35.00,3,signal
IBS<x_3,IBS<#,2021-05-03,2021-05-03,2021-05-06,1,5044.75,5053.00,8.25,-65.75,9.50,4,signal
CloseAtxdLow_3,CloseAt#dLow,2021-05-04,2021-05-04,2021-05-06,1,5019.25,5053.00,33.75,-20.25,35.00,3,signal
RSIx<x_1,RSI#<#,2021-05-04,2021-05-04,2021-05-06,1,5019.25,5053.00,33.75,-20.25,35.00,3,signal
ConnorsRSI<x_4,ConnorsRSI<#,2021-04-20,2021-04-20,2021-05-07,1,4985.25,5078.57,93.32,-13.75,105.50,14,tp
IBS<x_1,IBS<#,2021-05-05,2021-05-05,2021-05-10,1,5019.50,5096.05,76.55,-20.50,77.25,4,tp
CloseAtxdLow_2,CloseAt#dLow,2021-05-04,2021-05-04,2021-05-10,1,5019.25,5094.80,75.55,-20.25,77.50,5,tp
C<dvwapxsd_4,C<dvwap#sd,2021-05-10,2021-05-10,2021-05-11,1,5042.25,4992.75,-49.50,-80.00,2.25,2,sl
C<wvwapxsd_1,C<wvwap#sd,2021-05-10,2021-05-10,2021-05-11,1,5042.25,5004.75,-37.50,-80.00,2.25,2,signal
C<wvwapxsd_3,C<wvwap#sd,2021-05-10,2021-05-10,2021-05-11,1,5042.25,4992.75,-49.50,-80.00,2.25,2,sl
IBS<x_1,IBS<#,2021-05-10,2021-05-10,2021-05-11,1,5042.25,4992.75,-49.50,-80.00,2.25,2,sl
IBS<x_4,IBS<#,2021-05-10,2021-05-10,2021-05-11,1,5042.25,4992.75,-49.50,-80.00,2.25,2,sl
P_HixDD>x&IBS<_1,P_Hi#DD>#&IBS<#,2021-05-10,2021-05-10,2021-05-11,1,5042.25,5004.75,-37.50,-80.00,2.25,2,signal
ConnorsRSI<x_4,ConnorsRSI<#,2021-05-10,2021-05-10,2021-05-11,1,5042.25,4979.66,-62.59,-80.00,2.25,2,sl
LMT_RSIx<x_xAT_2,LMT_RSI#<#_#ATR,2021-05-11,2021-05-12,2021-05-12,1,4974.25,4916.25,-58.00,-64.75,34.75,1,time
LMT_RSIx<x_xAT_4,LMT_RSI#<#_#ATR,2021-05-11,2021-05-12,2021-05-12,1,4971.82,4924.48,-47.34,-62.32,37.18,1,sl
C<dvwapxsd_1,C<dvwap#sd,2021-05-05,2021-05-05,2021-05-12,1,5019.50,4962.09,-57.41,-110.00,77.25,6,sl
C<dvwapxsd_3,C<dvwap#sd,2021-04-14,2021-04-14,2021-05-12,1,4978.50,4916.25,-62.25,-69.00,118.25,21,time
C<wvwapxsd_2,C<wvwap#sd,2021-04-14,2021-04-14,2021-05-12,1,4978.50,4916.25,-62.25,-69.00,118.25,21,time
P_HixDD>x&RSIx_1,P_Hi#DD>#&RSI#<#,2021-05-11,2021-05-11,2021-05-12,1,5004.75,4916.93,-87.82,-95.25,4.25,2,sl
D01_4,D01,2021-05-10,2021-05-10,2021-05-12,1,5042.25,4917.07,-125.18,-132.75,2.25,3,sl
CloseAtxdLow_2,CloseAt#dLow,2021-05-11,2021-05-11,2021-05-12,1,5004.75,4916.93,-87.82,-95.25,4.25,2,sl
RSIx<x_1,RSI#<#,2021-05-11,2021-05-11,2021-05-12,1,5004.75,4916.93,-87.82,-95.25,4.25,2,sl
P_HixDD>x&IBS<_3,P_Hi#DD>#&IBS<#,2021-05-10,2021-05-10,2021-05-12,1,5042.25,4958.80,-83.45,-132.75,2.25,3,sl
P_HixDD>x&IBS<_4,P_Hi#DD>#&IBS<#,2021-05-10,2021-05-10,2021-05-12,1,5042.25,4958.80,-83.45,-132.75,2.25,3,sl
ConnorsRSI<x_1,ConnorsRSI<#,2021-05-10,2021-05-10,2021-05-12,1,5042.25,4917.07,-125.18,-132.75,2.25,3,sl
ConnorsRSI<x_2,ConnorsRSI<#,2021-05-11,2021-05-11,2021-05-12,1,5004.75,4938.88,-65.87,-95.25,4.25,2,sl
ConnorsRSI<x_4,ConnorsRSI<#,2021-05-11,2021-05-11,2021-05-12,1,5004.75,4938.88,-65.87,-95.25,4.25,2,sl
LMT_RSIx<x_xAT_2,LMT_RSI#<#_#ATR,2021-05-12,2021-05-13,2021-05-13,1,4904.42,4964.25,59.83,-16.67,80.83,1,time
C<dvwapxsd_2,C<dvwap#sd,2021-05-10,2021-05-10,2021-05-13,1,5042.25,4964.25,-78.00,-154.50,2.25,4,signal
WRx<x_4,WR#<#,2021-05-12,2021-05-12,2021-05-13,1,4916.25,4964.25,48.00,-28.50,69.00,2,signal
CloseAtxdLow_1,CloseAt#dLow,2021-05-12,2021-05-12,2021-05-13,1,4916.25,4964.25,48.00,-28.50,69.00,2,signal
RSIx<x_3,RSI#<#,2021-05-12,2021-05-12,2021-05-13,1,4916.25,4951.75,35.50,-28.50,69.00,2,tp
RSIx<x_4,RSI#<#,2021-05-12,2021-05-12,2021-05-13,1,4916.25,4892.58,-23.67,-28.50,69.00,2,sl
C<wvwapxsd_4,C<wvwap#sd,2021-05-10,2021-05-10,2021-05-14,1,5042.25,5027.50,-14.75,-154.50,2.25,5,signal
P_HixDD>x&RSIx_1,P_Hi#DD>#&RSI#<#,2021-05-12,2021-05-12,2021-05-14,1,4916.25,5027.50,111.25,-28.50,120.50,3,signal
P_HixDD>x&RSIx_4,P_Hi#DD>#&RSI#<#,2021-05-12,2021-05-12,2021-05-14,1,4916.25,5010.93,94.68,-28.50,120.50,3,tp
IBS<x_1,IBS<#,2021-05-12,2021-05-12,2021-05-14,1,4916.25,5010.93,94.68,-28.50,120.50,3,tp
IBS<x_2,IBS<#,2021-05-10,2021-05-10,2021-05-14,1,5042.25,5027.50,-14.75,-154.50,2.25,5,signal
IBS<x_3,IBS<#,2021-05-10,2021-05-10,2021-05-14,1,5042.25,5027.50,-14.75,-154.50,2.25,5,signal
WRx<x_1,WR#<#,2021-05-12,2021-05-12,2021-05-14,1,4916.25,5010.93,94.68,-28.50,120.50,3,tp
WRx<x_3,WR#<#,2021-05-12,2021-05-12,2021-05-14,1,4916.25,5027.50,111.25,-28.50,120.50,3,signal
D01_1,D01,2021-05-11,2021-05-11,2021-05-14,1,5004.75,5027.50,22.75,-117.00,32.00,4,signal
D01_2,D01,2021-05-10,2021-05-10,2021-05-14,1,5042.25,5027.50,-14.75,-154.50,2.25,5,signal
CloseAtxdLow_2,CloseAt#dLow,2021-05-12,2021-05-12,2021-05-14,1,4916.25,5010.93,94.68,-28.50,120.50,3,tp
CloseAtxdLow_3,CloseAt#dLow,2021-05-11,2021-05-11,2021-05-14,1,5004.75,5027.50,22.75,-117.00,32.00,4,signal
CloseAtxdLow_4,CloseAt#dLow,2021-05-11,2021-05-11,2021-05-14,1,5004.75,5027.50,22.75,-117.00,32.00,4,signal
RSIx<x_1,RSI#<#,2021-05-12,2021-05-12,2021-05-14,1,4916.25,5027.50,111.25,-28.50,120.50,3,signal
P_HixDD>x&IBS<_3,P_Hi#DD>#&IBS<#,2021-05-12,2021-05-12,2021-05-14,1,4916.25,5027.50,111.25,-28.50,120.50,3,signal
P_HixDD>x&IBS<_4,P_Hi#DD>#&IBS<#,2021-05-12,2021-05-12,2021-05-14,1,4916.25,5027.50,111.25,-28.50,120.50,3,signal
ConnorsRSI<x_4,ConnorsRSI<#,2021-05-12,2021-05-12,2021-05-14,1,4916.25,5022.76,106.51,-28.50,120.50,3,tp
WRx<x_2,WR#<#,2021-05-12,2021-05-12,2021-05-18,1,4916.25,4989.91,73.66,-28.50,121.75,5,trail
C<dvwapxsd_4,C<dvwap#sd,2021-05-18,2021-05-18,2021-05-19,1,4981.50,4930.25,-51.25,-67.50,3.25,2,sl
C<wvwapxsd_1,C<wvwap#sd,2021-05-11,2021-05-11,2021-05-19,1,5004.75,4970.00,-34.75,-117.00,33.25,7,signal
P_HixDD>x&RSIx_2,P_Hi#DD>#&RSI#<#,2021-05-11,2021-05-11,2021-05-19,1,5004.75,4970.00,-34.75,-117.00,33.25,7,signal
P_HixDD>x&RSIx_3,P_Hi#DD>#&RSI#<#,2021-05-12,2021-05-12,2021-05-19,1,4916.25,4970.00,53.75,-28.50,121.75,6,signal
IBS<x_1,IBS<#,2021-05-18,2021-05-18,2021-05-19,1,4981.50,4928.85,-52.65,-67.50,3.25,2,sl
IBS<x_4,IBS<#,2021-05-12,2021-05-12,2021-05-19,1,4916.25,4916.25,0.00,-28.50,121.75,6,breakeven
P_HixDD>x&IBS<_1,P_Hi#DD>#&IBS<#,2021-05-12,2021-05-12,2021-05-19,1,4916.25,4970.00,53.75,-28.50,121.75,6,signal
LMT_RSIx<x_xAT_2,LMT_RSI#<#_#ATR,2021-05-19,2021-05-20,2021-05-20,1,4956.63,5014.00,57.37,-13.63,71.12,1,time
C<wvwapxsd_4,C<wvwap#sd,2021-05-18,2021-05-18,2021-05-20,1,4981.50,5014.00,32.50,-67.50,46.25,3,signal
P_HixDD>x&RSIx_1,P_Hi#DD>#&RSI#<#,2021-05-19,2021-05-19,2021-05-20,1,4970.00,5014.00,44.00,-27.00,57.75,2,signal
IBS<x_2,IBS<#,2021-05-18,2021-05-18,2021-05-20,1,4981.50,5014.00,32.50,-67.50,46.25,3,signal
D01_2,D01,2021-05-18,2021-05-18,2021-05-20,1,4981.50,5014.00,32.50,-67.50,46.25,3,signal
RSIx<x_1,RSI#<#,2021-05-19,2021-05-19,2021-05-20,1,4970.00,5014.00,44.00,-27.00,57.75,2,signal
P_HixDD>x&IBS<_3,P_Hi#DD>#&IBS<#,2021-05-18,2021-05-18,2021-05-20,1,4981.50,5014.00,32.50,-67.50,46.25,3,signal
P_HixDD>x&IBS<_4,P_Hi#DD>#&IBS<#,2021-05-18,2021-05-18,2021-05-20,1,4981.50,5014.00,32.50,-67.50,46.25,3,signal
LMT_RSIx<x_xAT_3,LMT_RSI#<#_#ATR,2021-05-12,2021-05-13,2021-05-24,1,4904.42,5053.00,148.58,-16.67,160.33,8,signal
C<dvwapxsd_1,C<dvwap#sd,2021-05-12,2021-05-12,2021-05-24,1,4916.25,5058.26,142.01,-28.50,148.50,9,tp
IBS<x_2,IBS<#,2021-05-21,2021-05-21,2021-05-24,1,5011.00,5053.00,42.00,-10.00,53.75,2,signal
IBS<x_3,IBS<#,2021-05-21,2021-05-21,2021-05-24,1,5011.00,5053.00,42.00,-10.00,53.75,2,signal
P_HixDD>x&IBS<_3,P_Hi#DD>#&IBS<#,2021-05-21,2021-05-21,2021-05-24,1,5011.00,5053.00,42.00,-10.00,53.75,2,signal
P_HixDD>x&IBS<_4,P_Hi#DD>#&IBS<#,2021-05-21,2021-05-21,2021-05-24,1,5011.00,5053.00,42.00,-10.00,53.75,2,signal
ConnorsRSI<x_3,ConnorsRSI<#,2021-05-12,2021-05-12,2021-05-24,1,4916.25,5058.26,142.01,-28.50,148.50,9,tp
IBS<x_3,IBS<#,2021-05-25,2021-05-25,2021-05-26,1,5044.25,5052.25,8.00,-5.25,18.50,2,signal
IBS<x_3,IBS<#,2021-05-27,2021-05-27,2021-05-28,1,5053.50,5062.00,8.50,-0.75,22.50,2,signal
C<dvwapxsd_2,C<dvwap#sd,2021-05-31,2021-05-31,2021-06-01,1,5049.75,5057.75,8.00,0.00,38.75,2,signal
C<dvwapxsd_4,C<dvwap#sd,2021-05-31,2021-05-31,2021-06-01,1,5049.75,5087.25,37.50,0.00,38.75,2,tp
C<wvwapxsd_4,C<wvwap#sd,2021-05-25,2021-05-25,2021-06-01,1,5044.25,5057.75,13.50,-8.00,44.25,6,signal
IBS<x_2,IBS<#,2021-05-27,2021-05-27,2021-06-01,1,5053.50,5057.75,4.25,-5.00,35.00,4,signal
IBS<x_3,IBS<#,2021-05-28,2021-05-28,2021-06-01,1,5062.00,5057.75,-4.25,-13.50,26.50,3,signal
D01_2,D01,2021-05-31,2021-05-31,2021-06-01,1,5049.75,5057.75,8.00,0.00,38.75,2,signal
P_HixDD>x&RSIx_3,P_Hi#DD>#&RSI#<#,2021-05-19,2021-05-19,2021-06-02,1,4970.00,5064.75,94.75,-27.00,118.50,11,time
IBS<x_3,IBS<#,2021-06-01,2021-06-01,2021-06-02,1,5057.75,5064.75,7.00,-8.50,15.75,2,signal
D01_1,D01,2021-06-01,2021-06-01,2021-06-02,1,5057.75,5064.75,7.00,-8.50,15.75,2,signal
D01_4,D01,2021-05-31,2021-05-31,2021-06-02,1,5049.75,5064.75,15.00,-0.50,38.75,3,signal
C<wvwapxsd_1,C<wvwap#sd,2021-05-19,2021-05-19,2021-06-04,1,4970.00,5086.75,116.75,-27.00,120.50,13,signal
C<wvwapxsd_4,C<wvwap#sd,2021-06-01,2021-06-01,2021-06-04,1,5057.75,5086.75,29.00,-34.00,32.75,4,signal
IBS<x_2,IBS<#,2021-06-01,2021-06-01,2021-06-04,1,5057.75,5086.75,29.00,-34.00,32.75,4,signal
CloseAtxdLow_3,CloseAt#dLow,2021-06-03,2021-06-03,2021-06-04,1,5049.25,5086.75,37.50,-13.75,41.25,2,signal
RSIx<x_1,RSI#<#,2021-06-03,2021-06-03,2021-06-04,1,5049.25,5086.75,37.50,-13.75,41.25,2,signal
P_HixDD>x&IBS<_1,P_Hi#DD>#&IBS<#,2021-05-21,2021-05-21,2021-06-04,1,5011.00,5086.75,75.75,-10.00,79.50,11,time
C<dvwapxsd_3,C<dvwap#sd,2021-05-12,2021-05-12,2021-06-09,1,4916.25,5077.75,161.50,-28.50,179.00,21,time
C<wvwapxsd_2,C<wvwap#sd,2021-05-12,2021-05-12,2021-06-09,1,4916.25,5077.75,161.50,-28.50,179.00,21,time
C<dvwapxsd_2,C<dvwap#sd,2021-06-09,2021-06-09,2021-06-10,1,5077.75,5097.00,19.25,-12.25,29.75,2,signal
C<dvwapxsd_4,C<dvwap#sd,2021-06-09,2021-06-09,2021-06-10,1,5077.75,5100.23,22.48,-12.25,29.75,2,tp
C<wvwapxsd_4,C<wvwap#sd,2021-06-09,2021-06-09,2021-06-10,1,5077.75,5097.00,19.25,-12.25,29.75,2,signal
IBS<x_2,IBS<#,2021-06-09,2021-06-09,2021-06-10,1,5077.75,5097.00,19.25,-12.25,29.75,2,signal
IBS<x_3,IBS<#,2021-06-09,2021-06-09,2021-06-10,1,5077.75,5097.00,19.25,-12.25,29.75,2,signal
D01_2,D01,2021-06-09,2021-06-09,2021-06-10,1,5077.75,5097.00,19.25,-12.25,29.75,2,signal
D01_3,D01,2021-05-13,2021-05-13,2021-06-10,1,4964.25,5097.00,132.75,-50.25,143.25,21,time
ConnorsRSI<x_4,ConnorsRSI<#,2021-05-18,2021-05-18,2021-06-10,1,4981.50,5099.96,118.46,-67.50,126.00,18,tp
C<wvwapxsd_1,C<wvwap#sd,2021-06-09,2021-06-09,2021-06-11,1,5077.75,5104.00,26.25,-12.25,29.75,3,signal
IBS<x_1,IBS<#,2021-05-21,2021-05-21,2021-06-15,1,5011.00,5118.30,107.30,-10.00,115.00,18,tp
LMT_RSIx<x_xAT_2,LMT_RSI#<#_#ATR,2021-06-16,2021-06-17,2021-06-17,1,5072.55,5080.25,7.70,-21.80,17.95,1,time
IBS<x_4,IBS<#,2021-05-27,2021-05-27,2021-06-17,1,5053.50,5053.50,0.00,-29.75,72.50,16,breakeven
LMT_RSIx<x_xAT_2,LMT_RSI#<#_#ATR,2021-06-17,2021-06-18,2021-06-18,1,5043.50,5022.50,-21.00,-24.00,44.25,1,time
LMT_RSIx<x_xAT_4,LMT_RSI#<#_#ATR,2021-06-16,2021-06-17,2021-06-18,1,5054.64,5043.50,-11.14,-35.14,35.86,2,trail
C<wvwapxsd_3,C<wvwap#sd,2021-05-31,2021-05-31,2021-06-18,1,5049.75,5022.43,-27.32,-30.25,76.25,15,sl
ConnorsRSI<x_4,ConnorsRSI<#,2021-06-16,2021-06-16,2021-06-18,1,5081.50,5027.78,-53.72,-62.00,9.00,3,sl
C<wvwapxsd_1,C<wvwap#sd,2021-06-16,2021-06-16,2021-06-21,1,5081.50,5081.75,0.25,-87.00,9.00,4,signal
C<wvwapxsd_3,C<wvwap#sd,2021-06-18,2021-06-18,2021-06-21,1,5022.50,5004.96,-17.54,-28.00,61.50,2,sl
C<wvwapxsd_4,C<wvwap#sd,2021-06-16,2021-06-16,2021-06-21,1,5081.50,5081.75,0.25,-87.00,9.00,4,signal
P_HixDD>x&RSIx_1,P_Hi#DD>#&RSI#<#,2021-06-17,2021-06-17,2021-06-21,1,5080.25,5013.12,-67.12,-85.75,7.50,3,sl
P_HixDD>x&RSIx_2,P_Hi#DD>#&RSI#<#,2021-06-17,2021-06-17,2021-06-21,1,5080.25,5081.75,1.50,-85.75,7.50,3,signal
P_HixDD>x&RSIx_3,P_Hi#DD>#&RSI#<#,2021-06-18,2021-06-18,2021-06-21,1,5022.50,5081.75,59.25,-28.00,61.50,2,signal
IBS<x_2,IBS<#,2021-06-18,2021-06-18,2021-06-21,1,5022.50,5081.75,59.25,-28.00,61.50,2,signal
IBS<x_3,IBS<#,2021-06-18,2021-06-18,2021-06-21,1,5022.50,5081.75,59.25,-28.00,61.50,2,signal
WRx<x_3,WR#<#,2021-06-18,2021-06-18,2021-06-21,1,5022.50,5081.75,59.25,-28.00,61.50,2,signal
WRx<x_4,WR#<#,2021-06-18,2021-06-18,2021-06-21,1,5022.50,5081.75,59.25,-28.00,61.50,2,signal
CloseAtxdLow_1,CloseAt#dLow,2021-06-18,2021-06-18,2021-06-21,1,5022.50,5081.75,59.25,-28.00,61.50,2,signal
CloseAtxdLow_4,CloseAt#dLow,2021-06-18,2021-06-18,2021-06-21,1,5022.50,5081.75,59.25,-28.00,61.50,2,signal
RSIx<x_1,RSI#<#,2021-06-16,2021-06-16,2021-06-21,1,5081.50,5009.88,-71.62,-87.00,9.00,4,sl
RSIx<x_3,RSI#<#,2021-06-18,2021-06-18,2021-06-21,1,5022.50,5048.81,26.31,-28.00,61.50,2,tp
RSIx<x_4,RSI#<#,2021-06-18,2021-06-18,2021-06-21,1,5022.50,5004.96,-17.54,-28.00,61.50,2,sl
P_HixDD>x&IBS<_1,P_Hi#DD>#&IBS<#,2021-06-18,2021-06-18,2021-06-21,1,5022.50,5081.75,59.25,-28.00,61.50,2,signal
P_HixDD>x&IBS<_2,P_Hi#DD>#&IBS<#,2021-06-18,2021-06-18,2021-06-21,1,5022.50,5081.75,59.25,-28.00,61.50,2,signal
P_HixDD>x&IBS<_4,P_Hi#DD>#&IBS<#,2021-06-18,2021-06-18,2021-06-21,1,5022.50,5081.75,59.25,-28.00,61.50,2,signal
LMT_RSIx<x_xAT_1,LMT_RSI#<#_#ATR,2021-06-18,2021-06-21,2021-06-22,1,4996.19,5103.75,107.56,-1.69,117.06,2,signal
C<dvwapxsd_1,C<dvwap#sd,2021-05-25,2021-05-25,2021-06-22,1,5044.25,5103.75,59.50,-49.75,81.75,21,time
IBS<x_1,IBS<#,2021-06-18,2021-06-18,2021-06-22,1,5022.50,5092.65,70.15,-28.00,90.75,3,tp
WRx<x_1,WR#<#,2021-06-18,2021-06-18,2021-06-22,1,5022.50,5092.65,70.15,-28.00,90.75,3,tp
D01_1,D01,2021-06-21,2021-06-21,2021-06-22,1,5081.75,5103.75,22.00,-8.25,31.50,2,signal
D01_2,D01,2021-06-16,2021-06-16,2021-06-22,1,5081.50,5103.75,22.25,-87.00,31.75,5,signal
D01_4,D01,2021-06-18,2021-06-18,2021-06-22,1,5022.50,5103.75,81.25,-28.00,90.75,3,signal
CloseAtxdLow_3,CloseAt#dLow,2021-06-18,2021-06-18,2021-06-22,1,5022.50,5103.75,81.25,-28.00,90.75,3,signal
RSIx<x_2,RSI#<#,2021-06-18,2021-06-18,2021-06-22,1,5022.50,5081.50,59.00,-28.00,61.50,3,signal
P_HixDD>x&IBS<_3,P_Hi#DD>#&IBS<#,2021-06-18,2021-06-18,2021-06-22,1,5022.50,5103.75,81.25,-28.00,90.75,3,signal
ConnorsRSI<x_2,ConnorsRSI<#,2021-06-18,2021-06-18,2021-06-22,1,5022.50,5101.42,78.92,-28.00,90.75,3,tp
ConnorsRSI<x_4,ConnorsRSI<#,2021-06-18,2021-06-18,2021-06-22,1,5022.50,5101.42,78.92,-28.00,90.75,3,tp
C<dvwapxsd_2,C<dvwap#sd,2021-06-23,2021-06-23,2021-06-24,1,5099.50,5123.75,24.25,-0.50,29.00,2,signal
C<dvwapxsd_4,C<dvwap#sd,2021-06-23,2021-06-23,2021-06-24,1,5099.50,5122.00,22.50,-0.50,29.00,2,tp
IBS<x_2,IBS<#,2021-06-23,2021-06-23,2021-06-24,1,5099.50,5123.75,24.25,-0.50,29.00,2,signal
IBS<x_3,IBS<#,2021-06-23,2021-06-23,2021-06-24,1,5099.50,5123.75,24.25,-0.50,29.00,2,signal
IBS<x_4,IBS<#,2021-06-18,2021-06-18,2021-06-24,1,5022.50,5127.73,105.23,-28.00,106.00,5,tp
ConnorsRSI<x_3,ConnorsRSI<#,2021-06-18,2021-06-18,2021-06-24,1,5022.50,5127.73,105.23,-28.00,106.00,5,tp
LMT_RSIx<x_xAT_3,LMT_RSI#<#_#ATR,2021-06-18,2021-06-21,2021-06-25,1,5013.73,5138.50,124.77,-19.23,130.77,5,signal
CloseAtxdLow_2,CloseAt#dLow,2021-06-03,2021-06-03,2021-06-29,1,5049.25,5154.80,105.55,-54.75,109.50,19,tp
IBS<x_1,IBS<#,2021-06-23,2021-06-23,2021-07-01,1,5099.50,5172.25,72.75,-0.50,80.25,7,tp
C<dvwapxsd_1,C<dvwap#sd,2021-06-23,2021-06-23,2021-07-02,1,5099.50,5208.62,109.12,-0.50,115.25,8,tp
D01_3,D01,2021-06-21,2021-06-21,2021-07-02,1,5081.75,5190.84,109.09,-8.25,133.00,10,tp
LMT_RSIx<x_xAT_4,LMT_RSI#<#_#ATR,2021-06-18,2021-06-21,2021-07-06,1,4996.19,5178.39,182.19,-1.69,219.56,12,trail
IBS<x_1,IBS<#,2021-07-05,2021-07-05,2021-07-06,1,5209.25,5176.23,-33.02,-36.25,6.50,2,sl
IBS<x_3,IBS<#,2021-07-05,2021-07-05,2021-07-06,1,5209.25,5202.25,-7.00,-36.25,6.50,2,signal
WRx<x_2,WR#<#,2021-06-18,2021-06-18,2021-07-06,1,5022.50,5179.68,157.18,-28.00,193.25,13,trail
C<dvwapxsd_3,C<dvwap#sd,2021-06-09,2021-06-09,2021-07-07,1,5077.75,5217.50,139.75,-83.25,143.25,21,time
C<wvwapxsd_2,C<wvwap#sd,2021-06-09,2021-06-09,2021-07-07,1,5077.75,5217.50,139.75,-83.25,143.25,21,time
IBS<x_2,IBS<#,2021-07-05,2021-07-05,2021-07-07,1,5209.25,5217.50,8.25,-36.25,11.75,3,signal
LMT_RSIx<x_xAT_2,LMT_RSI#<#_#ATR,2021-07-08,2021-07-09,2021-07-09,1,5174.27,5228.00,53.73,-13.27,57.48,1,time
C<wvwapxsd_1,C<wvwap#sd,2021-07-08,2021-07-08,2021-07-09,1,5183.25,5228.00,44.75,-22.25,48.50,2,signal
C<wvwapxsd_4,C<wvwap#sd,2021-07-08,2021-07-08,2021-07-09,1,5183.25,5228.00,44.75,-22.25,48.50,2,signal
P_HixDD>x&RSIx_1,P_Hi#DD>#&RSI#<#,2021-07-08,2021-07-08,2021-07-09,1,5183.25,5228.00,44.75,-22.25,48.50,2,signal
P_HixDD>x&RSIx_2,P_Hi#DD>#&RSI#<#,2021-07-08,2021-07-08,2021-07-09,1,5183.25,5228.00,44.75,-22.25,48.50,2,signal
RSIx<x_1,RSI#<#,2021-07-08,2021-07-08,2021-07-09,1,5183.25,5228.00,44.75,-22.25,48.50,2,signal
IBS<x_3,IBS<#,2021-07-13,2021-07-13,2021-07-14,1,5229.25,5235.50,6.25,-11.50,23.00,2,signal
ConnorsRSI<x_1,ConnorsRSI<#,2021-06-16,2021-06-16,2021-07-14,1,5081.50,5235.50,154.00,-87.00,170.75,21,time
IBS<x_1,IBS<#,2021-07-13,2021-07-13,2021-07-16,1,5229.25,5190.06,-39.19,-47.25,23.00,4,sl
LMT_RSIx<x_xAT_2,LMT_RSI#<#_#ATR,2021-07-16,2021-07-19,2021-07-19,1,5134.50,5122.75,-11.75,-42.75,54.75,1,time
LMT_RSIx<x_xAT_4,LMT_RSI#<#_#ATR,2021-07-16,2021-07-19,2021-07-19,1,5134.50,5096.55,-37.95,-42.75,54.75,1,sl
C<dvwapxsd_1,C<dvwap#sd,2021-07-13,2021-07-13,2021-07-19,1,5229.25,5134.50,-94.75,-137.50,23.00,5,sl
C<dvwapxsd_3,C<dvwap#sd,2021-07-13,2021-07-13,2021-07-19,1,5229.25,5111.69,-117.56,-137.50,23.00,5,sl
P_HixDD>x&RSIx_1,P_Hi#DD>#&RSI#<#,2021-07-16,2021-07-16,2021-07-19,1,5186.75,5111.65,-75.10,-95.00,2.50,2,sl
IBS<x_1,IBS<#,2021-07-16,2021-07-16,2021-07-19,1,5186.75,5134.50,-52.25,-95.00,2.50,2,sl
IBS<x_4,IBS<#,2021-07-16,2021-07-16,2021-07-19,1,5186.75,5134.50,-52.25,-95.00,2.50,2,sl
RSIx<x_1,RSI#<#,2021-07-15,2021-07-15,2021-07-19,1,5220.75,5134.50,-86.25,-129.00,15.00,3,sl
P_HixDD>x&IBS<_3,P_Hi#DD>#&IBS<#,2021-07-16,2021-07-16,2021-07-19,1,5186.75,5111.65,-75.10,-95.00,2.50,2,sl
P_HixDD>x&IBS<_4,P_Hi#DD>#&IBS<#,2021-07-16,2021-07-16,2021-07-19,1,5186.75,5111.65,-75.10,-95.00,2.50,2,sl
ConnorsRSI<x_4,ConnorsRSI<#,2021-07-16,2021-07-16,2021-07-19,1,5186.75,5130.43,-56.32,-95.00,2.50,2,sl
C<wvwapxsd_1,C<wvwap#sd,2021-07-13,2021-07-13,2021-07-20,1,5229.25,5182.50,-46.75,-137.50,23.00,6,signal
C<wvwapxsd_4,C<wvwap#sd,2021-07-13,2021-07-13,2021-07-20,1,5229.25,5182.50,-46.75,-137.50,23.00,6,signal
P_HixDD>x&RSIx_2,P_Hi#DD>#&RSI#<#,2021-07-16,2021-07-16,2021-07-20,1,5186.75,5182.50,-4.25,-95.00,10.00,3,signal
P_HixDD>x&RSIx_3,P_Hi#DD>#&RSI#<#,2021-07-19,2021-07-19,2021-07-20,1,5122.75,5182.50,59.75,-4.50,74.00,2,signal
IBS<x_2,IBS<#,2021-07-13,2021-07-13,2021-07-20,1,5229.25,5182.50,-46.75,-137.50,23.00,6,signal
RSIx<x_3,RSI#<#,2021-07-19,2021-07-19,2021-07-20,1,5122.75,5151.21,28.46,-4.50,74.00,2,tp
RSIx<x_4,RSI#<#,2021-07-19,2021-07-19,2021-07-20,1,5122.75,5179.68,56.93,-4.50,74.00,2,tp
P_HixDD>x&IBS<_1,P_Hi#DD>#&IBS<#,2021-07-16,2021-07-16,2021-07-20,1,5186.75,5182.50,-4.25,-95.00,10.00,3,signal
LMT_RSIx<x_xAT_1,LMT_RSI#<#_#ATR,2021-07-16,2021-07-19,2021-07-21,1,5134.50,5219.00,84.50,-42.75,85.50,3,signal
P_HixDD>x&RSIx_1,P_Hi#DD>#&RSI#<#,2021-07-19,2021-07-19,2021-07-21,1,5122.75,5219.00,96.25,-4.50,97.25,3,signal
P_HixDD>x&RSIx_4,P_Hi#DD>#&RSI#<#,2021-07-19,2021-07-19,2021-07-21,1,5122.75,5198.65,75.90,-4.50,97.25,3,tp
IBS<x_3,IBS<#,2021-07-16,2021-07-16,2021-07-21,1,5186.75,5219.00,32.25,-95.00,33.25,4,signal
D01_2,D01,2021-07-16,2021-07-16,2021-07-21,1,5186.75,5219.00,32.25,-95.00,33.25,4,signal
D01_4,D01,2021-07-16,2021-07-16,2021-07-21,1,5186.75,5219.00,32.25,-95.00,33.25,4,signal
CloseAtxdLow_2,CloseAt#dLow,2021-07-19,2021-07-19,2021-07-21,1,5122.75,5198.65,75.90,-4.50,97.25,3,tp
CloseAtxdLow_3,CloseAt#dLow,2021-07-19,2021-07-19,2021-07-21,1,5122.75,5219.00,96.25,-4.50,97.25,3,signal
RSIx<x_1,RSI#<#,2021-07-19,2021-07-19,2021-07-21,1,5122.75,5219.00,96.25,-4.50,97.25,3,signal
ConnorsRSI<x_4,ConnorsRSI<#,2021-07-19,2021-07-19,2021-07-21,1,5122.75,5208.14,85.39,-4.50,97.25,3,tp
RSIx<x_2,RSI#<#,2021-07-19,2021-07-19,2021-07-22,1,5122.75,5219.75,97.00,-4.50,97.25,4,signal
ConnorsRSI<x_3,ConnorsRSI<#,2021-07-19,2021-07-19,2021-07-23,1,5122.75,5247.50,124.75,-4.50,153.25,5,tp
C<wvwapxsd_4,C<wvwap#sd,2021-07-28,2021-07-28,2021-07-29,1,5260.50,5279.50,19.00,-12.25,29.75,2,signal
LMT_RSIx<x_xAT_2,LMT_RSI#<#_#ATR,2021-08-02,2021-08-03,2021-08-03,1,5236.17,5283.25,47.08,-3.17,48.58,1,time
C<wvwapxsd_1,C<wvwap#sd,2021-07-28,2021-07-28,2021-08-03,1,5260.50,5283.25,22.75,-27.50,29.75,5,signal
C<wvwapxsd_4,C<wvwap#sd,2021-07-30,2021-07-30,2021-08-03,1,5257.75,5283.25,25.50,-24.75,29.75,3,signal
IBS<x_2,IBS<#,2021-08-02,2021-08-02,2021-08-03,1,5248.00,5283.25,35.25,-15.00,36.75,2,signal
IBS<x_3,IBS<#,2021-08-02,2021-08-02,2021-08-03,1,5248.00,5283.25,35.25,-15.00,36.75,2,signal
D01_2,D01,2021-08-02,2021-08-02,2021-08-03,1,5248.00,5283.25,35.25,-15.00,36.75,2,signal
CloseAtxdLow_3,CloseAt#dLow,2021-08-02,2021-08-02,2021-08-03,1,5248.00,5283.25,35.25,-15.00,36.75,2,signal
RSIx<x_1,RSI#<#,2021-08-02,2021-08-02,2021-08-03,1,5248.00,5283.25,35.25,-15.00,36.75,2,signal
C<wvwapxsd_1,C<wvwap#sd,2021-08-04,2021-08-04,2021-08-05,1,5261.75,5289.25,27.50,-0.50,28.75,2,signal
C<wvwapxsd_2,C<wvwap#sd,2021-07-08,2021-07-08,2021-08-05,1,5183.25,5289.25,106.00,-91.50,107.25,21,time
C<wvwapxsd_4,C<wvwap#sd,2021-08-04,2021-08-04,2021-08-05,1,5261.75,5289.25,27.50,-0.50,28.75,2,signal
IBS<x_2,IBS<#,2021-08-04,2021-08-04,2021-08-05,1,5261.75,5289.25,27.50,-0.50,28.75,2,signal
IBS<x_3,IBS<#,2021-08-04,2021-08-04,2021-08-05,1,5261.75,5289.25,27.50,-0.50,28.75,2,signal
D01_3,D01,2021-07-20,2021-07-20,2021-08-10,1,5182.50,5302.16,119.66,-4.75,123.50,16,tp
C<wvwapxsd_3,C<wvwap#sd,2021-08-02,2021-08-02,2021-08-12,1,5248.00,5318.97,70.97,-15.00,76.00,9,tp
ConnorsRSI<x_1,ConnorsRSI<#,2021-07-16,2021-07-16,2021-08-13,1,5186.75,5330.50,143.75,-95.00,144.25,21,time
IBS<x_1,IBS<#,2021-08-02,2021-08-02,2021-08-17,1,5248.00,5342.62,94.62,-15.00,96.25,12,tp
CloseAtxdLow_2,CloseAt#dLow,2021-08-02,2021-08-02,2021-08-17,1,5248.00,5342.62,94.62,-15.00,96.25,12,tp
ConnorsRSI<x_4,ConnorsRSI<#,2021-08-17,2021-08-17,2021-08-18,1,5312.25,5260.35,-51.90,-52.00,5.25,2,sl
LMT_RSIx<x_xAT_2,LMT_RSI#<#_#ATR,2021-08-18,2021-08-19,2021-08-19,1,5233.50,5270.00,36.50,-18.00,49.00,1,time
C<dvwapxsd_2,C<dvwap#sd,2021-08-18,2021-08-18,2021-08-19,1,5263.25,5270.00,6.75,-47.75,19.25,2,signal
C<dvwapxsd_4,C<dvwap#sd,2021-08-18,2021-08-18,2021-08-19,1,5263.25,5233.50,-29.75,-47.75,19.25,2,sl
C<wvwapxsd_3,C<wvwap#sd,2021-08-18,2021-08-18,2021-08-19,1,5263.25,5233.50,-29.75,-47.75,19.25,2,sl
P_HixDD>x&RSIx_4,P_Hi#DD>#&RSI#<#,2021-08-18,2021-08-18,2021-08-19,1,5263.25,5227.90,-35.35,-47.75,19.25,2,sl
IBS<x_1,IBS<#,2021-08-18,2021-08-18,2021-08-19,1,5263.25,5227.90,-35.35,-47.75,19.25,2,sl
IBS<x_4,IBS<#,2021-08-02,2021-08-02,2021-08-19,1,5248.00,5233.50,-14.50,-32.50,96.25,14,breakeven
WRx<x_1,WR#<#,2021-08-18,2021-08-18,2021-08-19,1,5263.25,5227.90,-35.35,-47.75,19.25,2,sl
WRx<x_2,WR#<#,2021-08-18,2021-08-18,2021-08-19,1,5263.25,5227.90,-35.35,-47.75,19.25,2,sl
RSIx<x_1,RSI#<#,2021-08-17,2021-08-17,2021-08-19,1,5312.25,5233.50,-78.75,-96.75,5.25,3,sl
LMT_RSIx<x_xAT_1,LMT_RSI#<#_#ATR,2021-08-18,2021-08-19,2021-08-20,1,5233.50,5304.25,70.75,-18.00,74.75,2,signal
LMT_RSIx<x_xAT_2,LMT_RSI#<#_#ATR,2021-08-19,2021-08-20,2021-08-20,1,5260.58,5304.25,43.67,-21.08,47.67,1,time
LMT_RSIx<x_xAT_4,LMT_RSI#<#_#ATR,2021-08-18,2021-08-19,2021-08-20,1,5233.50,5244.84,11.34,-18.00,74.75,2,trail
C<wvwapxsd_1,C<wvwap#sd,2021-08-18,2021-08-18,2021-08-20,1,5263.25,5304.25,41.00,-47.75,45.00,3,signal
C<wvwapxsd_4,C<wvwap#sd,2021-08-18,2021-08-18,2021-08-20,1,5263.25,5304.25,41.00,-47.75,45.00,3,signal
P_HixDD>x&RSIx_1,P_Hi#DD>#&RSI#<#,2021-08-18,2021-08-18,2021-08-20,1,5263.25,5304.25,41.00,-47.75,45.00,3,signal
P_HixDD>x&RSIx_2,P_Hi#DD>#&RSI#<#,2021-08-18,2021-08-18,2021-08-20,1,5263.25,5304.25,41.00,-47.75,45.00,3,signal
P_HixDD>x&RSIx_3,P_Hi#DD>#&RSI#<#,2021-08-18,2021-08-18,2021-08-20,1,5263.25,5304.25,41.00,-47.75,45.00,3,signal
IBS<x_2,IBS<#,2021-08-18,2021-08-18,2021-08-20,1,5263.25,5304.25,41.00,-47.75,45.00,3,signal
IBS<x_3,IBS<#,2021-08-18,2021-08-18,2021-08-20,1,5263.25,5304.25,41.00,-47.75,45.00,3,signal
WRx<x_3,WR#<#,2021-08-18,2021-08-18,2021-08-20,1,5263.25,5304.25,41.00,-47.75,45.00,3,signal
WRx<x_4,WR#<#,2021-08-18,2021-08-18,2021-08-20,1,5263.25,5304.25,41.00,-47.75,45.00,3,signal
D01_1,D01,2021-08-19,2021-08-19,2021-08-20,1,5270.00,5304.25,34.25,-30.50,38.25,2,signal
D01_4,D01,2021-08-18,2021-08-18,2021-08-20,1,5263.25,5304.25,41.00,-47.75,45.00,3,signal
CloseAtxdLow_3,CloseAt#dLow,2021-08-18,2021-08-18,2021-08-20,1,5263.25,5304.25,41.00,-47.75,45.00,3,signal
CloseAtxdLow_4,CloseAt#dLow,2021-08-18,2021-08-18,2021-08-20,1,5263.25,5304.25,41.00,-47.75,45.00,3,signal
RSIx<x_3,RSI#<#,2021-08-18,2021-08-18,2021-08-20,1,5263.25,5289.76,26.51,-47.75,45.00,3,tp
P_HixDD>x&IBS<_1,P_Hi#DD>#&IBS<#,2021-08-18,2021-08-18,2021-08-20,1,5263.25,5304.25,41.00,-47.75,45.00,3,signal
P_HixDD>x&IBS<_2,P_Hi#DD>#&IBS<#,2021-08-18,2021-08-18,2021-08-20,1,5263.25,5304.25,41.00,-47.75,45.00,3,signal
P_HixDD>x&IBS<_3,P_Hi#DD>#&IBS<#,2021-08-18,2021-08-18,2021-08-20,1,5263.25,5304.25,41.00,-47.75,45.00,3,signal
P_HixDD>x&IBS<_4,P_Hi#DD>#&IBS<#,2021-08-18,2021-08-18,2021-08-20,1,5263.25,5304.25,41.00,-47.75,45.00,3,signal
D01_2,D01,2021-08-18,2021-08-18,2021-08-23,1,5263.25,5344.00,80.75,-47.75,90.25,4,signal
CloseAtxdLow_2,CloseAt#dLow,2021-08-18,2021-08-18,2021-08-23,1,5263.25,5333.95,70.70,-47.75,90.25,4,tp
RSIx<x_1,RSI#<#,2021-08-19,2021-08-19,2021-08-23,1,5270.00,5344.00,74.00,-30.50,83.50,3,signal
ConnorsRSI<x_2,ConnorsRSI<#,2021-08-18,2021-08-18,2021-08-23,1,5263.25,5342.79,79.54,-47.75,90.25,4,tp
ConnorsRSI<x_4,ConnorsRSI<#,2021-08-18,2021-08-18,2021-08-23,1,5263.25,5342.79,79.54,-47.75,90.25,4,tp
LMT_RSIx<x_xAT_3,LMT_RSI#<#_#ATR,2021-08-18,2021-08-19,2021-08-24,1,5233.50,5350.75,117.25,-18.00,126.25,4,signal
C<wvwapxsd_1,C<wvwap#sd,2021-08-26,2021-08-26,2021-08-27,1,5333.75,5372.75,39.00,-3.75,44.00,2,signal
C<wvwapxsd_4,C<wvwap#sd,2021-08-26,2021-08-26,2021-08-27,1,5333.75,5372.75,39.00,-3.75,44.00,2,signal
IBS<x_2,IBS<#,2021-08-26,2021-08-26,2021-08-27,1,5333.75,5372.75,39.00,-3.75,44.00,2,signal
IBS<x_3,IBS<#,2021-08-26,2021-08-26,2021-08-27,1,5333.75,5372.75,39.00,-3.75,44.00,2,signal
D01_2,D01,2021-08-26,2021-08-26,2021-08-27,1,5333.75,5372.75,39.00,-3.75,44.00,2,signal
C<dvwapxsd_1,C<dvwap#sd,2021-08-02,2021-08-02,2021-08-30,1,5248.00,5389.94,141.94,-32.50,154.25,21,tp
C<dvwapxsd_3,C<dvwap#sd,2021-08-02,2021-08-02,2021-08-30,1,5248.00,5393.50,145.50,-32.50,154.25,21,time
D01_3,D01,2021-08-19,2021-08-19,2021-08-30,1,5270.00,5382.99,112.99,-30.50,132.25,8,tp
IBS<x_1,IBS<#,2021-08-26,2021-08-26,2021-08-31,1,5333.75,5406.80,73.05,-3.75,76.25,4,tp
C<wvwapxsd_4,C<wvwap#sd,2021-08-31,2021-08-31,2021-09-02,1,5388.00,5403.75,15.75,-4.25,23.75,3,signal
IBS<x_2,IBS<#,2021-09-01,2021-09-01,2021-09-02,1,5389.75,5403.75,14.00,-6.00,22.00,2,signal
IBS<x_3,IBS<#,2021-09-01,2021-09-01,2021-09-02,1,5389.75,5403.75,14.00,-6.00,22.00,2,signal
LMT_RSIx<x_xAT_2,LMT_RSI#<#_#ATR,2021-09-07,2021-09-08,2021-09-08,1,5377.62,5380.75,3.13,-17.87,14.88,1,time
LMT_RSIx<x_xAT_2,LMT_RSI#<#_#ATR,2021-09-08,2021-09-09,2021-09-09,1,5371.49,5361.00,-10.49,-18.24,25.76,1,time
IBS<x_1,IBS<#,2021-09-01,2021-09-01,2021-09-09,1,5389.75,5354.68,-35.07,-36.50,27.50,7,sl
LMT_RSIx<x_xAT_2,LMT_RSI#<#_#ATR,2021-09-09,2021-09-10,2021-09-10,1,5351.52,5326.50,-25.02,-27.27,34.48,1,time
C<dvwapxsd_1,C<dvwap#sd,2021-08-31,2021-08-31,2021-09-10,1,5388.00,5335.07,-52.93,-63.75,29.25,9,sl
C<wvwapxsd_3,C<wvwap#sd,2021-09-09,2021-09-09,2021-09-10,1,5361.00,5342.03,-18.97,-36.75,25.00,2,sl
IBS<x_4,IBS<#,2021-08-26,2021-08-26,2021-09-10,1,5333.75,5333.75,0.00,-9.50,83.50,12,breakeven
D01_3,D01,2021-09-02,2021-09-02,2021-09-10,1,5403.75,5351.23,-52.52,-79.50,13.50,7,sl
LMT_RSIx<x_xAT_2,LMT_RSI#<#_#ATR,2021-09-10,2021-09-13,2021-09-13,1,5316.40,5336.50,20.10,-4.90,44.10,1,time
LMT_RSIx<x_xAT_4,LMT_RSI#<#_#ATR,2021-09-09,2021-09-10,2021-09-13,1,5332.55,5345.59,13.04,-21.05,53.45,2,trail
IBS<x_1,IBS<#,2021-09-09,2021-09-09,2021-09-13,1,5361.00,5323.06,-37.94,-49.50,25.00,3,sl
WRx<x_3,WR#<#,2021-09-10,2021-09-10,2021-09-13,1,5326.50,5336.50,10.00,-15.00,34.00,2,signal
CloseAtxdLow_2,CloseAt#dLow,2021-09-07,2021-09-07,2021-09-13,1,5386.75,5313.70,-73.05,-75.25,10.50,5,sl
RSIx<x_1,RSI#<#,2021-09-07,2021-09-07,2021-09-13,1,5386.75,5313.70,-73.05,-75.25,10.50,5,sl
RSIx<x_3,RSI#<#,2021-09-10,2021-09-10,2021-09-13,1,5326.50,5357.50,31.00,-15.00,34.00,2,tp
P_HixDD>x&IBS<_4,P_Hi#DD>#&IBS<#,2021-09-09,2021-09-09,2021-09-13,1,5361.00,5336.50,-24.50,-49.50,25.00,3,signal
C<wvwapxsd_3,C<wvwap#sd,2021-09-10,2021-09-10,2021-09-14,1,5326.50,5306.29,-20.21,-24.25,34.00,3,sl
WRx<x_2,WR#<#,2021-09-10,2021-09-10,2021-09-14,1,5326.50,5320.09,-6.41,-24.25,34.00,3,trail
RSIx<x_4,RSI#<#,2021-09-10,2021-09-10,2021-09-14,1,5326.50,5306.29,-20.21,-24.25,34.00,3,sl
ConnorsRSI<x_1,ConnorsRSI<#,2021-08-17,2021-08-17,2021-09-14,1,5312.25,5312.75,0.50,-96.75,105.00,21,time
ConnorsRSI<x_2,ConnorsRSI<#,2021-09-09,2021-09-09,2021-09-14,1,5361.00,5304.09,-56.91,-58.75,25.00,4,sl
ConnorsRSI<x_4,ConnorsRSI<#,2021-09-09,2021-09-09,2021-09-14,1,5361.00,5304.09,-56.91,-58.75,25.00,4,sl
C<wvwapxsd_1,C<wvwap#sd,2021-08-31,2021-08-31,2021-09-15,1,5388.00,5349.25,-38.75,-85.75,29.25,12,signal
C<wvwapxsd_2,C<wvwap#sd,2021-08-18,2021-08-18,2021-09-15,1,5263.25,5349.25,86.00,-47.75,154.00,21,time
P_HixDD>x&RSIx_1,P_Hi#DD>#&RSI#<#,2021-09-09,2021-09-09,2021-09-15,1,5361.00,5349.25,-11.75,-58.75,25.00,5,signal
P_HixDD>x&RSIx_2,P_Hi#DD>#&RSI#<#,2021-09-09,2021-09-09,2021-09-15,1,5361.00,5349.25,-11.75,-58.75,25.00,5,signal
P_HixDD>x&RSIx_3,P_Hi#DD>#&RSI#<#,2021-09-10,2021-09-10,2021-09-15,1,5326.50,5349.25,22.75,-24.25,34.00,4,signal
IBS<x_3,IBS<#,2021-09-09,2021-09-09,2021-09-15,1,5361.00,5349.25,-11.75,-58.75,25.00,5,signal
WRx<x_3,WR#<#,2021-09-14,2021-09-14,2021-09-15,1,5312.75,5349.25,36.50,-8.25,42.00,2,signal
WRx<x_4,WR#<#,2021-09-10,2021-09-10,2021-09-15,1,5326.50,5349.25,22.75,-24.25,34.00,4,signal
D01_1,D01,2021-09-13,2021-09-13,2021-09-15,1,5336.50,5349.25,12.75,-34.25,20.00,3,signal
CloseAtxdLow_4,CloseAt#dLow,2021-09-09,2021-09-09,2021-09-15,1,5361.00,5349.25,-11.75,-58.75,25.00,5,signal
RSIx<x_3,RSI#<#,2021-09-14,2021-09-14,2021-09-15,1,5312.75,5342.92,30.17,-8.25,42.00,2,tp
P_HixDD>x&IBS<_1,P_Hi#DD>#&IBS<#,2021-09-09,2021-09-09,2021-09-15,1,5361.00,5349.25,-11.75,-58.75,25.00,5,signal
P_HixDD>x&IBS<_2,P_Hi#DD>#&IBS<#,2021-09-10,2021-09-10,2021-09-15,1,5326.50,5349.25,22.75,-24.25,34.00,4,signal
P_HixDD>x&IBS<_4,P_Hi#DD>#&IBS<#,2021-09-14,2021-09-14,2021-09-15,1,5312.75,5349.25,36.50,-8.25,42.00,2,signal
WRx<x_2,WR#<#,2021-09-14,2021-09-14,2021-09-16,1,5312.75,5314.52,1.77,-8.25,42.75,3,trail
RSIx<x_2,RSI#<#,2021-09-10,2021-09-10,2021-09-16,1,5326.50,5343.25,16.75,-24.25,34.00,5,signal
LMT_RSIx<x_xAT_1,LMT_RSI#<#_#ATR,2021-09-09,2021-09-10,2021-09-20,1,5332.55,5211.31,-121.24,-161.80,53.45,7,sl
LMT_RSIx<x_xAT_4,LMT_RSI#<#_#ATR,2021-09-17,2021-09-20,2021-09-20,1,5231.25,5189.36,-41.89,-60.50,66.75,1,sl
C<dvwapxsd_1,C<dvwap#sd,2021-09-10,2021-09-10,2021-09-20,1,5326.50,5231.25,-95.25,-155.75,34.00,7,sl
C<dvwapxsd_3,C<dvwap#sd,2021-09-01,2021-09-01,2021-09-20,1,5389.75,5231.25,-158.50,-219.00,27.50,14,sl
C<wvwapxsd_2,C<wvwap#sd,2021-09-17,2021-09-17,2021-09-20,1,5297.00,5182.51,-114.49,-126.25,1.00,2,sl
C<wvwapxsd_3,C<wvwap#sd,2021-09-17,2021-09-17,2021-09-20,1,5297.00,5231.25,-65.75,-126.25,1.00,2,sl
P_HixDD>x&RSIx_1,P_Hi#DD>#&RSI#<#,2021-09-17,2021-09-17,2021-09-20,1,5297.00,5220.68,-76.32,-126.25,1.00,2,sl
P_HixDD>x&RSIx_3,P_Hi#DD>#&RSI#<#,2021-09-17,2021-09-17,2021-09-20,1,5297.00,5220.68,-76.32,-126.25,1.00,2,sl
P_HixDD>x&RSIx_4,P_Hi#DD>#&RSI#<#,2021-09-10,2021-09-10,2021-09-20,1,5326.50,5231.25,-95.25,-155.75,34.00,7,sl
IBS<x_1,IBS<#,2021-09-14,2021-09-14,2021-09-20,1,5312.75,5231.25,-81.50,-142.00,42.75,5,sl
IBS<x_4,IBS<#,2021-09-10,2021-09-10,2021-09-20,1,5326.50,5231.25,-95.25,-155.75,34.00,7,sl
WRx<x_1,WR#<#,2021-09-10,2021-09-10,2021-09-20,1,5326.50,5231.25,-95.25,-155.75,34.00,7,sl
WRx<x_2,WR#<#,2021-09-17,2021-09-17,2021-09-20,1,5297.00,5231.25,-65.75,-126.25,1.00,2,sl
WRx<x_3,WR#<#,2021-09-17,2021-09-17,2021-09-20,1,5297.00,5220.68,-76.32,-126.25,1.00,2,sl
WRx<x_4,WR#<#,2021-09-17,2021-09-17,2021-09-20,1,5297.00,5182.51,-114.49,-126.25,1.00,2,sl
D01_3,D01,2021-09-15,2021-09-15,2021-09-20,1,5349.25,5231.25,-118.00,-178.50,6.25,4,sl
D01_4,D01,2021-09-10,2021-09-10,2021-09-20,1,5326.50,5205.26,-121.24,-155.75,34.00,7,sl
CloseAtxdLow_1,CloseAt#dLow,2021-09-17,2021-09-17,2021-09-20,1,5297.00,5220.68,-76.32,-126.25,1.00,2,sl
CloseAtxdLow_2,CloseAt#dLow,2021-09-14,2021-09-14,2021-09-20,1,5312.75,5231.25,-81.50,-142.00,42.75,5,sl
CloseAtxdLow_4,CloseAt#dLow,2021-09-17,2021-09-17,2021-09-20,1,5297.00,5182.51,-114.49,-126.25,1.00,2,sl
RSIx<x_1,RSI#<#,2021-09-13,2021-09-13,2021-09-20,1,5336.50,5231.25,-105.25,-165.75,20.00,6,sl
RSIx<x_3,RSI#<#,2021-09-17,2021-09-17,2021-09-20,1,5297.00,5231.25,-65.75,-126.25,1.00,2,sl
P_HixDD>x&IBS<_1,P_Hi#DD>#&IBS<#,2021-09-17,2021-09-17,2021-09-20,1,5297.00,5182.51,-114.49,-126.25,1.00,2,sl
P_HixDD>x&IBS<_3,P_Hi#DD>#&IBS<#,2021-09-09,2021-09-09,2021-09-20,1,5361.00,5231.25,-129.75,-190.25,25.00,8,sl
P_HixDD>x&IBS<_4,P_Hi#DD>#&IBS<#,2021-09-17,2021-09-17,2021-09-20,1,5297.00,5220.68,-76.32,-126.25,1.00,2,sl
ConnorsRSI<x_2,ConnorsRSI<#,2021-09-17,2021-09-17,2021-09-20,1,5297.00,5231.25,-65.75,-126.25,1.00,2,sl
ConnorsRSI<x_3,ConnorsRSI<#,2021-09-10,2021-09-10,2021-09-20,1,5326.50,5231.25,-95.25,-155.75,34.00,7,sl
ConnorsRSI<x_4,ConnorsRSI<#,2021-09-17,2021-09-17,2021-09-20,1,5297.00,5231.25,-65.75,-126.25,1.00,2,sl
CloseAtxdLow_3,CloseAt#dLow,2021-09-07,2021-09-07,2021-09-21,1,5386.75,5219.75,-167.00,-216.00,10.50,11,time
RSIx<x_3,RSI#<#,2021-09-20,2021-09-20,2021-09-21,1,5223.50,5254.92,31.42,-11.50,49.25,2,tp
CloseAtxdLow_1,CloseAt#dLow,2021-09-20,2021-09-20,2021-09-22,1,5223.50,5261.25,37.75,-25.25,60.00,3,signal
RSIx<x_3,RSI#<#,2021-09-21,2021-09-21,2021-09-22,1,5219.75,5252.81,33.06,-21.50,63.75,2,tp
RSIx<x_4,RSI#<#,2021-09-20,2021-09-20,2021-09-22,1,5223.50,5202.56,-20.94,-25.25,60.00,3,sl
P_HixDD>x&IBS<_4,P_Hi#DD>#&IBS<#,2021-09-21,2021-09-21,2021-09-22,1,5219.75,5261.25,41.50,-21.50,63.75,2,signal
C<wvwapxsd_4,C<wvwap#sd,2021-09-07,2021-09-07,2021-09-23,1,5386.75,5314.25,-72.50,-216.00,10.50,13,signal
P_HixDD>x&RSIx_1,P_Hi#DD>#&RSI#<#,2021-09-20,2021-09-20,2021-09-23,1,5223.50,5314.25,90.75,-25.25,108.50,4,signal
IBS<x_1,IBS<#,2021-09-21,2021-09-21,2021-09-23,1,5219.75,5307.90,88.15,-21.50,112.25,3,tp
IBS<x_2,IBS<#,2021-09-09,2021-09-09,2021-09-23,1,5361.00,5314.25,-46.75,-190.25,25.00,11,signal
D01_2,D01,2021-09-09,2021-09-09,2021-09-23,1,5361.00,5314.25,-46.75,-190.25,25.00,11,signal
CloseAtxdLow_2,CloseAt#dLow,2021-09-20,2021-09-20,2021-09-23,1,5223.50,5307.27,83.77,-25.25,108.50,4,tp
RSIx<x_1,RSI#<#,2021-09-20,2021-09-20,2021-09-23,1,5223.50,5314.25,90.75,-25.25,108.50,4,signal
P_HixDD>x&IBS<_3,P_Hi#DD>#&IBS<#,2021-09-21,2021-09-21,2021-09-23,1,5219.75,5314.25,94.50,-21.50,112.25,3,signal
ConnorsRSI<x_4,ConnorsRSI<#,2021-09-20,2021-09-20,2021-09-23,1,5223.50,5317.75,94.25,-25.25,108.50,4,tp
RSIx<x_2,RSI#<#,2021-09-20,2021-09-20,2021-09-24,1,5223.50,5297.25,73.75,-25.25,108.50,5,signal
D01_3,D01,2021-09-22,2021-09-22,2021-09-28,1,5261.25,5261.25,0.00,-49.50,87.75,5,breakeven
RSIx<x_3,RSI#<#,2021-09-28,2021-09-28,2021-09-30,1,5220.75,5261.04,40.29,-49.50,45.25,3,tp
ConnorsRSI<x_3,ConnorsRSI<#,2021-09-20,2021-09-20,2021-09-30,1,5223.50,5181.61,-41.89,-52.25,125.50,9,sl
LMT_RSIx<x_xAT_4,LMT_RSI#<#_#ATR,2021-09-29,2021-09-30,2021-10-01,1,5186.62,5192.00,5.38,-49.62,79.38,2,trail
C<dvwapxsd_1,C<dvwap#sd,2021-09-21,2021-09-21,2021-10-01,1,5219.75,5153.64,-66.11,-82.75,129.25,9,sl
P_HixDD>x&RSIx_3,P_Hi#DD>#&RSI#<#,2021-09-20,2021-09-20,2021-10-01,1,5223.50,5139.73,-83.77,-86.50,125.50,10,sl
IBS<x_1,IBS<#,2021-09-28,2021-09-28,2021-10-01,1,5220.75,5167.02,-53.73,-83.75,45.25,4,sl
WRx<x_4,WR#<#,2021-09-30,2021-09-30,2021-10-01,1,5173.75,5224.00,50.25,-36.75,69.00,2,signal
CloseAtxdLow_1,CloseAt#dLow,2021-09-30,2021-09-30,2021-10-01,1,5173.75,5224.00,50.25,-36.75,69.00,2,signal
RSIx<x_3,RSI#<#,2021-09-30,2021-09-30,2021-10-01,1,5173.75,5217.13,43.38,-36.75,69.00,2,tp
RSIx<x_4,RSI#<#,2021-09-30,2021-09-30,2021-10-01,1,5173.75,5144.83,-28.92,-36.75,69.00,2,sl
ConnorsRSI<x_4,ConnorsRSI<#,2021-09-28,2021-09-28,2021-10-01,1,5220.75,5140.16,-80.59,-83.75,45.25,4,sl
P_HixDD>x&RSIx_1,P_Hi#DD>#&RSI#<#,2021-09-28,2021-09-28,2021-10-05,1,5220.75,5212.00,-8.75,-83.75,45.25,6,signal
WRx<x_3,WR#<#,2021-09-30,2021-09-30,2021-10-05,1,5173.75,5212.00,38.25,-36.75,69.00,4,signal
CloseAtxdLow_1,CloseAt#dLow,2021-10-04,2021-10-04,2021-10-05,1,5169.00,5212.00,43.00,-23.00,67.75,2,signal
P_HixDD>x&IBS<_1,P_Hi#DD>#&IBS<#,2021-09-21,2021-09-21,2021-10-05,1,5219.75,5212.00,-7.75,-82.75,129.25,11,time
P_HixDD>x&IBS<_4,P_Hi#DD>#&IBS<#,2021-09-28,2021-09-28,2021-10-05,1,5220.75,5212.00,-8.75,-83.75,45.25,6,signal
C<wvwapxsd_1,C<wvwap#sd,2021-09-17,2021-09-17,2021-10-06,1,5297.00,5230.50,-66.50,-160.00,52.00,14,signal
C06_1,C06,2021-10-01,2021-10-01,2021-10-06,1,5224.00,5174.00,-50.00,-79.50,15.00,4,signal
P_HixDD>x&IBS<_3,P_Hi#DD>#&IBS<#,2021-09-28,2021-09-28,2021-10-06,1,5220.75,5230.50,9.75,-83.75,45.25,7,signal
C<wvwapxsd_4,C<wvwap#sd,2021-09-27,2021-09-27,2021-10-07,1,5310.25,5268.00,-42.25,-173.25,8.75,9,signal
IBS<x_2,IBS<#,2021-09-28,2021-09-28,2021-10-07,1,5220.75,5268.00,47.25,-83.75,77.75,8,signal
WRx<x_1,WR#<#,2021-09-30,2021-09-30,2021-10-07,1,5173.75,5289.43,115.68,-36.75,124.75,6,tp
D01_2,D01,2021-09-28,2021-09-28,2021-10-07,1,5220.75,5268.00,47.25,-83.75,77.75,8,signal
RSIx<x_1,RSI#<#,2021-09-28,2021-09-28,2021-10-07,1,5220.75,5268.00,47.25,-83.75,77.75,8,signal
P_HixDD>x&IBS<_3,P_Hi#DD>#&IBS<#,2021-10-07,2021-10-07,2021-10-08,1,5268.00,5260.00,-8.00,-14.75,16.75,2,signal
P_HixDD>x&IBS<_4,P_Hi#DD>#&IBS<#,2021-10-07,2021-10-07,2021-10-08,1,5268.00,5260.00,-8.00,-14.75,16.75,2,signal
C06_3,C06,2021-10-05,2021-10-05,2021-10-12,1,5212.00,5212.00,0.00,-61.25,86.50,6,breakeven
IBS<x_1,IBS<#,2021-10-07,2021-10-07,2021-10-12,1,5268.00,5196.23,-71.77,-73.75,16.75,4,sl
D01_2,D01,2021-10-11,2021-10-11,2021-10-13,1,5227.75,5232.25,4.50,-33.50,14.25,3,signal
P_HixDD>x&IBS<_4,P_Hi#DD>#&IBS<#,2021-10-11,2021-10-11,2021-10-13,1,5227.75,5232.25,4.50,-33.50,14.25,3,signal
LMT_RSIx<x_xAT_3,LMT_RSI#<#_#ATR,2021-09-09,2021-09-10,2021-10-14,1,5351.52,5306.00,-45.52,-214.52,34.48,25,signal
C<wvwapxsd_4,C<wvwap#sd,2021-10-11,2021-10-11,2021-10-14,1,5227.75,5306.00,78.25,-33.50,80.25,4,signal
P_HixDD>x&RSIx_1,P_Hi#DD>#&RSI#<#,2021-10-12,2021-10-12,2021-10-14,1,5217.25,5306.00,88.75,-21.50,90.75,3,signal
P_HixDD>x&RSIx_3,P_Hi#DD>#&RSI#<#,2021-10-12,2021-10-12,2021-10-14,1,5217.25,5306.00,88.75,-21.50,90.75,3,signal
IBS<x_2,IBS<#,2021-10-07,2021-10-07,2021-10-14,1,5268.00,5306.00,38.00,-73.75,40.00,6,signal
P_HixDD>x&IBS<_1,P_Hi#DD>#&IBS<#,2021-10-07,2021-10-07,2021-10-14,1,5268.00,5306.00,38.00,-73.75,40.00,6,signal
P_HixDD>x&IBS<_3,P_Hi#DD>#&IBS<#,2021-10-11,2021-10-11,2021-10-14,1,5227.75,5306.00,78.25,-33.50,80.25,4,signal
C<wvwapxsd_3,C<wvwap#sd,2021-10-11,2021-10-11,2021-10-15,1,5227.75,5333.78,106.03,-33.50,116.75,5,tp
C06_1,C06,2021-10-13,2021-10-13,2021-10-15,1,5232.25,5329.00,96.75,-2.75,75.75,3,signal
ConnorsRSI<x_4,ConnorsRSI<#,2021-10-04,2021-10-04,2021-10-15,1,5169.00,5329.00,160.00,-23.00,175.50,10,tp
C<wvwapxsd_2,C<wvwap#sd,2021-09-21,2021-09-21,2021-10-19,1,5219.75,5388.75,169.00,-82.75,169.50,21,time
IBS<x_1,IBS<#,2021-10-12,2021-10-12,2021-10-19,1,5217.25,5370.50,153.25,-21.50,172.00,6,tp
D01_3,D01,2021-10-01,2021-10-01,2021-10-20,1,5224.00,5408.84,184.84,-79.50,185.25,14,tp
C<dvwapxsd_2,C<dvwap#sd,2021-10-27,2021-10-27,2021-10-28,1,5421.00,5464.75,43.75,0.00,44.75,2,signal
C<dvwapxsd_4,C<dvwap#sd,2021-10-27,2021-10-27,2021-10-28,1,5421.00,5449.38,28.38,0.00,44.75,2,tp
C<wvwapxsd_1,C<wvwap#sd,2021-10-27,2021-10-27,2021-10-28,1,5421.00,5464.75,43.75,0.00,44.75,2,signal
C<wvwapxsd_4,C<wvwap#sd,2021-10-27,2021-10-27,2021-10-28,1,5421.00,5464.75,43.75,0.00,44.75,2,signal
IBS<x_2,IBS<#,2021-10-26,2021-10-26,2021-10-28,1,5441.75,5464.75,23.00,-21.00,24.00,3,signal
IBS<x_3,IBS<#,2021-10-26,2021-10-26,2021-10-28,1,5441.75,5464.75,23.00,-21.00,24.00,3,signal
D01_2,D01,2021-10-27,2021-10-27,2021-10-28,1,5421.00,5464.75,43.75,0.00,44.75,2,signal
C<dvwapxsd_1,C<dvwap#sd,2021-10-08,2021-10-08,2021-10-29,1,5260.00,5470.79,210.79,-65.75,218.00,16,tp
IBS<x_1,IBS<#,2021-10-26,2021-10-26,2021-11-05,1,5441.75,5574.75,133.00,-21.00,147.00,9,tp
C<wvwapxsd_1,C<wvwap#sd,2021-11-08,2021-11-08,2021-11-12,1,5571.25,5554.25,-17.00,-69.00,6.25,5,signal
C<wvwapxsd_4,C<wvwap#sd,2021-11-08,2021-11-08,2021-11-12,1,5571.25,5554.25,-17.00,-69.00,6.25,5,signal
P_HixDD>x&RSIx_1,P_Hi#DD>#&RSI#<#,2021-11-10,2021-11-10,2021-11-12,1,5518.25,5554.25,36.00,-3.25,42.25,3,signal
P_HixDD>x&RSIx_2,P_Hi#DD>#&RSI#<#,2021-11-10,2021-11-10,2021-11-12,1,5518.25,5554.25,36.00,-3.25,42.25,3,signal
IBS<x_2,IBS<#,2021-11-11,2021-11-11,2021-11-12,1,5519.75,5554.25,34.50,-0.50,40.75,2,signal
IBS<x_3,IBS<#,2021-11-10,2021-11-10,2021-11-12,1,5518.25,5554.25,36.00,-3.25,42.25,3,signal
D01_2,D01,2021-11-10,2021-11-10,2021-11-12,1,5518.25,5554.25,36.00,-3.25,42.25,3,signal
RSIx<x_1,RSI#<#,2021-11-10,2021-11-10,2021-11-12,1,5518.25,5554.25,36.00,-3.25,42.25,3,signal
P_HixDD>x&IBS<_1,P_Hi#DD>#&IBS<#,2021-11-11,2021-11-11,2021-11-12,1,5519.75,5554.25,34.50,-0.50,40.75,2,signal
P_HixDD>x&IBS<_3,P_Hi#DD>#&IBS<#,2021-11-11,2021-11-11,2021-11-12,1,5519.75,5554.25,34.50,-0.50,40.75,2,signal
P_HixDD>x&IBS<_4,P_Hi#DD>#&IBS<#,2021-11-11,2021-11-11,2021-11-12,1,5519.75,5554.25,34.50,-0.50,40.75,2,signal
C<wvwapxsd_3,C<wvwap#sd,2021-11-10,2021-11-10,2021-11-16,1,5518.25,5578.49,60.24,-3.25,68.50,5,tp
C<wvwapxsd_4,C<wvwap#sd,2021-11-15,2021-11-15,2021-11-16,1,5556.00,5574.25,18.25,-8.25,30.75,2,signal
C<wvwapxsd_1,C<wvwap#sd,2021-11-15,2021-11-15,2021-11-18,1,5556.00,5579.00,23.00,-11.00,30.75,4,signal
C<wvwapxsd_4,C<wvwap#sd,2021-11-17,2021-11-17,2021-11-18,1,5563.25,5579.00,15.75,-18.25,18.75,2,signal
IBS<x_1,IBS<#,2021-11-10,2021-11-10,2021-11-19,1,5518.25,5598.57,80.32,-3.25,82.25,8,tp
IBS<x_4,IBS<#,2021-10-27,2021-10-27,2021-11-19,1,5421.00,5591.29,170.29,0.00,179.50,18,tp
ConnorsRSI<x_2,ConnorsRSI<#,2021-11-10,2021-11-10,2021-11-22,1,5518.25,5608.62,90.37,-3.25,99.25,9,tp
ConnorsRSI<x_4,ConnorsRSI<#,2021-11-10,2021-11-10,2021-11-22,1,5518.25,5608.62,90.37,-3.25,99.25,9,tp
LMT_RSIx<x_xAT_2,LMT_RSI#<#_#ATR,2021-11-22,2021-11-23,2021-11-23,1,5547.56,5564.25,16.69,-21.56,24.94,1,time
C<dvwapxsd_2,C<dvwap#sd,2021-11-22,2021-11-22,2021-11-23,1,5557.00,5564.25,7.25,-31.00,15.50,2,signal
C<dvwapxsd_3,C<dvwap#sd,2021-10-26,2021-10-26,2021-11-23,1,5441.75,5564.25,122.50,-21.00,175.75,21,time
C<dvwapxsd_4,C<dvwap#sd,2021-11-22,2021-11-22,2021-11-23,1,5557.00,5538.12,-18.88,-31.00,15.50,2,sl
C<wvwapxsd_1,C<wvwap#sd,2021-11-22,2021-11-22,2021-11-23,1,5557.00,5564.25,7.25,-31.00,15.50,2,signal
C<wvwapxsd_3,C<wvwap#sd,2021-11-22,2021-11-22,2021-11-23,1,5557.00,5538.12,-18.88,-31.00,15.50,2,sl
P_HixDD>x&RSIx_2,P_Hi#DD>#&RSI#<#,2021-11-22,2021-11-22,2021-11-23,1,5557.00,5564.25,7.25,-31.00,15.50,2,signal
IBS<x_1,IBS<#,2021-11-19,2021-11-19,2021-11-23,1,5570.75,5534.04,-36.71,-44.75,46.75,3,sl
D01_2,D01,2021-11-22,2021-11-22,2021-11-23,1,5557.00,5564.25,7.25,-31.00,15.50,2,signal
RSIx<x_1,RSI#<#,2021-11-22,2021-11-22,2021-11-23,1,5557.00,5564.25,7.25,-31.00,15.50,2,signal
P_HixDD>x&IBS<_1,P_Hi#DD>#&IBS<#,2021-11-22,2021-11-22,2021-11-23,1,5557.00,5564.25,7.25,-31.00,15.50,2,signal
LMT_RSIx<x_xAT_4,LMT_RSI#<#_#ATR,2021-11-22,2021-11-23,2021-11-24,1,5528.68,5534.29,5.61,-2.68,49.07,2,trail
C<wvwapxsd_1,C<wvwap#sd,2021-11-23,2021-11-23,2021-11-24,1,5564.25,5575.50,11.25,-31.00,13.50,2,signal
C<wvwapxsd_2,C<wvwap#sd,2021-10-27,2021-10-27,2021-11-24,1,5421.00,5575.50,154.50,0.00,196.50,21,time
C<wvwapxsd_4,C<wvwap#sd,2021-11-22,2021-11-22,2021-11-24,1,5557.00,5575.50,18.50,-31.00,20.75,3,signal
P_HixDD>x&RSIx_1,P_Hi#DD>#&RSI#<#,2021-11-22,2021-11-22,2021-11-24,1,5557.00,5575.50,18.50,-31.00,20.75,3,signal
IBS<x_2,IBS<#,2021-11-19,2021-11-19,2021-11-24,1,5570.75,5575.50,4.75,-44.75,46.75,4,signal
IBS<x_3,IBS<#,2021-11-19,2021-11-19,2021-11-24,1,5570.75,5575.50,4.75,-44.75,46.75,4,signal
D01_1,D01,2021-11-23,2021-11-23,2021-11-24,1,5564.25,5575.50,11.25,-31.00,13.50,2,signal
D01_4,D01,2021-11-22,2021-11-22,2021-11-24,1,5557.00,5575.50,18.50,-31.00,20.75,3,signal
P_HixDD>x&IBS<_3,P_Hi#DD>#&IBS<#,2021-11-22,2021-11-22,2021-11-24,1,5557.00,5575.50,18.50,-31.00,20.75,3,signal
P_HixDD>x&IBS<_4,P_Hi#DD>#&IBS<#,2021-11-22,2021-11-22,2021-11-24,1,5557.00,5575.50,18.50,-31.00,20.75,3,signal
C<dvwapxsd_1,C<dvwap#sd,2021-11-10,2021-11-10,2021-11-26,1,5518.25,5458.01,-60.24,-64.00,99.25,13,sl
IBS<x_4,IBS<#,2021-11-22,2021-11-22,2021-11-26,1,5557.00,5505.25,-51.75,-102.75,37.00,5,sl
C<wvwapxsd_3,C<wvwap#sd,2021-11-26,2021-11-26,2021-11-29,1,5456.00,5522.00,66.00,0.00,90.75,2,tp
C<wvwapxsd_4,C<wvwap#sd,2021-11-26,2021-11-26,2021-11-29,1,5456.00,5527.50,71.50,0.00,90.75,2,signal
P_HixDD>x&RSIx_4,P_Hi#DD>#&RSI#<#,2021-11-26,2021-11-26,2021-11-29,1,5456.00,5540.07,84.07,0.00,90.75,2,tp
IBS<x_1,IBS<#,2021-11-26,2021-11-26,2021-11-29,1,5456.00,5540.07,84.07,0.00,90.75,2,tp
IBS<x_2,IBS<#,2021-11-26,2021-11-26,2021-11-29,1,5456.00,5527.50,71.50,0.00,90.75,2,signal
WRx<x_1,WR#<#,2021-11-26,2021-11-26,2021-11-29,1,5456.00,5540.07,84.07,0.00,90.75,2,tp
WRx<x_3,WR#<#,2021-11-26,2021-11-26,2021-11-29,1,5456.00,5527.50,71.50,0.00,90.75,2,signal
WRx<x_4,WR#<#,2021-11-26,2021-11-26,2021-11-29,1,5456.00,5527.50,71.50,0.00,90.75,2,signal
CloseAtxdLow_1,CloseAt#dLow,2021-11-26,2021-11-26,2021-11-29,1,5456.00,5527.50,71.50,0.00,90.75,2,signal
CloseAtxdLow_2,CloseAt#dLow,2021-11-26,2021-11-26,2021-11-29,1,5456.00,5540.07,84.07,0.00,90.75,2,tp
RSIx<x_3,RSI#<#,2021-11-26,2021-11-26,2021-11-29,1,5456.00,5522.00,66.00,0.00,90.75,2,tp
RSIx<x_4,RSI#<#,2021-11-26,2021-11-26,2021-11-29,1,5456.00,5522.00,66.00,0.00,90.75,2,tp
P_HixDD>x&IBS<_4,P_Hi#DD>#&IBS<#,2021-11-26,2021-11-26,2021-11-29,1,5456.00,5527.50,71.50,0.00,90.75,2,signal
IBS<x_4,IBS<#,2021-11-26,2021-11-26,2021-11-30,1,5456.00,5456.00,0.00,-22.00,90.75,3,breakeven
WRx<x_2,WR#<#,2021-11-26,2021-11-26,2021-11-30,1,5456.00,5501.00,45.00,-22.00,90.75,3,trail
D01_3,D01,2021-11-29,2021-11-29,2021-11-30,1,5527.50,5460.11,-67.39,-93.50,17.00,2,sl
LMT_RSIx<x_xAT_2,LMT_RSI#<#_#ATR,2021-11-30,2021-12-01,2021-12-01,1,5427.56,5385.50,-42.06,-45.06,100.19,1,time
C<dvwapxsd_1,C<dvwap#sd,2021-11-26,2021-11-26,2021-12-01,1,5456.00,5392.94,-63.06,-73.50,90.75,4,sl
C<wvwapxsd_3,C<wvwap#sd,2021-11-30,2021-11-30,2021-12-01,1,5439.75,5415.37,-24.38,-57.25,88.00,2,sl
IBS<x_1,IBS<#,2021-11-30,2021-11-30,2021-12-01,1,5439.75,5390.99,-48.76,-57.25,88.00,2,sl
IBS<x_4,IBS<#,2021-11-30,2021-11-30,2021-12-01,1,5439.75,5390.99,-48.76,-57.25,88.00,2,sl
WRx<x_1,WR#<#,2021-11-30,2021-11-30,2021-12-01,1,5439.75,5390.99,-48.76,-57.25,88.00,2,sl
WRx<x_2,WR#<#,2021-11-30,2021-11-30,2021-12-01,1,5439.75,5390.99,-48.76,-57.25,88.00,2,sl
D01_1,D01,2021-11-29,2021-11-29,2021-12-01,1,5527.50,5392.73,-134.77,-145.00,17.00,3,sl
ConnorsRSI<x_1,ConnorsRSI<#,2021-11-10,2021-11-10,2021-12-01,1,5518.25,5397.76,-120.49,-135.75,99.25,16,sl
ConnorsRSI<x_2,ConnorsRSI<#,2021-11-26,2021-11-26,2021-12-01,1,5456.00,5392.94,-63.06,-73.50,90.75,4,sl
ConnorsRSI<x_4,ConnorsRSI<#,2021-11-26,2021-11-26,2021-12-01,1,5456.00,5392.94,-63.06,-73.50,90.75,4,sl
LMT_RSIx<x_xAT_4,LMT_RSI#<#_#ATR,2021-11-30,2021-12-01,2021-12-02,1,5403.18,5387.25,-15.93,-28.43,124.57,2,trail
C<dvwapxsd_4,C<dvwap#sd,2021-12-01,2021-12-01,2021-12-02,1,5385.50,5412.41,26.91,-10.75,85.25,2,tp
C<wvwapxsd_1,C<wvwap#sd,2021-11-26,2021-11-26,2021-12-02,1,5456.00,5454.50,-1.50,-81.25,90.75,5,signal
P_HixDD>x&RSIx_1,P_Hi#DD>#&RSI#<#,2021-11-26,2021-11-26,2021-12-02,1,5456.00,5454.50,-1.50,-81.25,90.75,5,signal
P_HixDD>x&RSIx_2,P_Hi#DD>#&RSI#<#,2021-11-26,2021-11-26,2021-12-02,1,5456.00,5454.50,-1.50,-81.25,90.75,5,signal
P_HixDD>x&RSIx_3,P_Hi#DD>#&RSI#<#,2021-11-26,2021-11-26,2021-12-02,1,5456.00,5454.50,-1.50,-81.25,90.75,5,signal
IBS<x_3,IBS<#,2021-11-26,2021-11-26,2021-12-02,1,5456.00,5454.50,-1.50,-81.25,90.75,5,signal
WRx<x_4,WR#<#,2021-11-30,2021-11-30,2021-12-02,1,5439.75,5454.50,14.75,-65.00,88.00,3,signal
CloseAtxdLow_1,CloseAt#dLow,2021-11-30,2021-11-30,2021-12-02,1,5439.75,5454.50,14.75,-65.00,88.00,3,signal
CloseAtxdLow_4,CloseAt#dLow,2021-11-26,2021-11-26,2021-12-02,1,5456.00,5454.50,-1.50,-81.25,90.75,5,signal
RSIx<x_3,RSI#<#,2021-12-01,2021-12-01,2021-12-02,1,5385.50,5425.87,40.37,-10.75,85.25,2,tp
P_HixDD>x&IBS<_1,P_Hi#DD>#&IBS<#,2021-11-26,2021-11-26,2021-12-02,1,5456.00,5454.50,-1.50,-81.25,90.75,5,signal
P_HixDD>x&IBS<_2,P_Hi#DD>#&IBS<#,2021-11-26,2021-11-26,2021-12-02,1,5456.00,5454.50,-1.50,-81.25,90.75,5,signal
IBS<x_1,IBS<#,2021-12-01,2021-12-01,2021-12-03,1,5385.50,5385.50,0.00,-16.50,98.00,3,breakeven
IBS<x_4,IBS<#,2021-12-01,2021-12-01,2021-12-03,1,5385.50,5385.50,0.00,-16.50,98.00,3,breakeven
WRx<x_1,WR#<#,2021-12-01,2021-12-01,2021-12-03,1,5385.50,5385.50,0.00,-16.50,98.00,3,breakeven
WRx<x_2,WR#<#,2021-12-01,2021-12-01,2021-12-03,1,5385.50,5416.93,31.43,-16.50,98.00,3,trail
RSIx<x_1,RSI#<#,2021-11-26,2021-11-26,2021-12-03,1,5456.00,5371.93,-84.07,-87.00,90.75,6,sl
P_HixDD>x&IBS<_3,P_Hi#DD>#&IBS<#,2021-11-26,2021-11-26,2021-12-03,1,5456.00,5371.93,-84.07,-87.00,90.75,6,sl
WRx<x_3,WR#<#,2021-11-30,2021-11-30,2021-12-06,1,5439.75,5468.25,28.50,-70.75,88.00,5,signal
D01_1,D01,2021-12-02,2021-12-02,2021-12-06,1,5454.50,5468.25,13.75,-85.50,34.25,3,signal
P_HixDD>x&IBS<_4,P_Hi#DD>#&IBS<#,2021-11-30,2021-11-30,2021-12-06,1,5439.75,5468.25,28.50,-70.75,88.00,5,signal
C<dvwapxsd_1,C<dvwap#sd,2021-12-01,2021-12-01,2021-12-07,1,5385.50,5546.98,161.48,-16.50,184.00,5,tp
C<wvwapxsd_1,C<wvwap#sd,2021-12-02,2021-12-02,2021-12-07,1,5454.50,5563.25,108.75,-85.50,115.00,4,signal
C<wvwapxsd_4,C<wvwap#sd,2021-11-30,2021-11-30,2021-12-07,1,5439.75,5563.25,123.50,-70.75,129.75,6,signal
IBS<x_2,IBS<#,2021-11-30,2021-11-30,2021-12-07,1,5439.75,5563.25,123.50,-70.75,129.75,6,signal
D01_2,D01,2021-11-26,2021-11-26,2021-12-07,1,5456.00,5563.25,107.25,-87.00,113.50,8,signal
D01_4,D01,2021-11-26,2021-11-26,2021-12-07,1,5456.00,5563.25,107.25,-87.00,113.50,8,signal
CloseAtxdLow_2,CloseAt#dLow,2021-11-30,2021-11-30,2021-12-07,1,5439.75,5537.27,97.52,-70.75,129.75,6,tp
CloseAtxdLow_3,CloseAt#dLow,2021-11-26,2021-11-26,2021-12-07,1,5456.00,5563.25,107.25,-87.00,113.50,8,signal
ConnorsRSI<x_4,ConnorsRSI<#,2021-12-01,2021-12-01,2021-12-07,1,5385.50,5524.75,139.25,-16.50,184.00,5,tp
C<dvwapxsd_2,C<dvwap#sd,2021-12-09,2021-12-09,2021-12-10,1,5543.75,5587.75,44.00,-4.50,45.75,2,signal
C<dvwapxsd_4,C<dvwap#sd,2021-12-09,2021-12-09,2021-12-10,1,5543.75,5577.29,33.54,-4.50,45.75,2,tp
IBS<x_2,IBS<#,2021-12-09,2021-12-09,2021-12-10,1,5543.75,5587.75,44.00,-4.50,45.75,2,signal
IBS<x_3,IBS<#,2021-12-09,2021-12-09,2021-12-10,1,5543.75,5587.75,44.00,-4.50,45.75,2,signal
P_HixDD>x&IBS<_1,P_Hi#DD>#&IBS<#,2021-12-09,2021-12-09,2021-12-10,1,5543.75,5587.75,44.00,-4.50,45.75,2,signal
P_HixDD>x&IBS<_3,P_Hi#DD>#&IBS<#,2021-12-09,2021-12-09,2021-12-10,1,5543.75,5587.75,44.00,-4.50,45.75,2,signal
P_HixDD>x&IBS<_4,P_Hi#DD>#&IBS<#,2021-12-09,2021-12-09,2021-12-10,1,5543.75,5587.75,44.00,-4.50,45.75,2,signal
D01_2,D01,2021-12-13,2021-12-13,2021-12-14,1,5545.50,5513.25,-32.25,-64.75,15.75,2,signal
LMT_RSIx<x_xAT_2,LMT_RSI#<#_#ATR,2021-12-14,2021-12-15,2021-12-15,1,5495.41,5584.75,89.34,-8.91,92.59,1,time
C<wvwapxsd_1,C<wvwap#sd,2021-12-13,2021-12-13,2021-12-15,1,5545.50,5584.75,39.25,-64.75,42.50,3,signal
C<wvwapxsd_4,C<wvwap#sd,2021-12-13,2021-12-13,2021-12-15,1,5545.50,5584.75,39.25,-64.75,42.50,3,signal
P_HixDD>x&RSIx_1,P_Hi#DD>#&RSI#<#,2021-12-14,2021-12-14,2021-12-15,1,5513.25,5584.75,71.50,-26.75,74.75,2,signal
IBS<x_2,IBS<#,2021-12-13,2021-12-13,2021-12-15,1,5545.50,5584.75,39.25,-64.75,42.50,3,signal
IBS<x_3,IBS<#,2021-12-13,2021-12-13,2021-12-15,1,5545.50,5584.75,39.25,-64.75,42.50,3,signal
RSIx<x_1,RSI#<#,2021-12-14,2021-12-14,2021-12-15,1,5513.25,5584.75,71.50,-26.75,74.75,2,signal
P_HixDD>x&IBS<_1,P_Hi#DD>#&IBS<#,2021-12-13,2021-12-13,2021-12-15,1,5545.50,5584.75,39.25,-64.75,42.50,3,signal
P_HixDD>x&IBS<_3,P_Hi#DD>#&IBS<#,2021-12-13,2021-12-13,2021-12-15,1,5545.50,5584.75,39.25,-64.75,42.50,3,signal
P_HixDD>x&IBS<_4,P_Hi#DD>#&IBS<#,2021-12-13,2021-12-13,2021-12-15,1,5545.50,5584.75,39.25,-64.75,42.50,3,signal
D01_3,D01,2021-12-02,2021-12-02,2021-12-16,1,5454.50,5626.55,172.05,-85.50,173.25,11,tp
IBS<x_1,IBS<#,2021-12-09,2021-12-09,2021-12-17,1,5543.75,5476.68,-67.07,-69.25,84.00,7,sl
IBS<x_4,IBS<#,2021-12-09,2021-12-09,2021-12-17,1,5543.75,5509.25,-34.50,-69.25,84.00,7,breakeven
LMT_RSIx<x_xAT_2,LMT_RSI#<#_#ATR,2021-12-17,2021-12-20,2021-12-20,1,5437.25,5443.50,6.25,-32.50,68.75,1,time
C<dvwapxsd_1,C<dvwap#sd,2021-12-09,2021-12-09,2021-12-20,1,5543.75,5437.25,-106.50,-139.00,84.00,8,sl
C<wvwapxsd_1,C<wvwap#sd,2021-12-16,2021-12-16,2021-12-20,1,5542.50,5443.50,-99.00,-137.75,10.00,3,signal
IBS<x_1,IBS<#,2021-12-17,2021-12-17,2021-12-20,1,5493.00,5412.50,-80.50,-88.25,13.00,2,sl
ConnorsRSI<x_4,ConnorsRSI<#,2021-12-14,2021-12-14,2021-12-20,1,5513.25,5406.21,-107.04,-108.50,114.50,5,sl
C<wvwapxsd_4,C<wvwap#sd,2021-12-16,2021-12-16,2021-12-21,1,5542.50,5524.75,-17.75,-137.75,10.00,4,signal
P_HixDD>x&RSIx_1,P_Hi#DD>#&RSI#<#,2021-12-17,2021-12-17,2021-12-21,1,5493.00,5524.75,31.75,-88.25,33.75,3,signal
P_HixDD>x&RSIx_3,P_Hi#DD>#&RSI#<#,2021-12-20,2021-12-20,2021-12-21,1,5443.50,5524.75,81.25,-3.75,83.25,2,signal
IBS<x_2,IBS<#,2021-12-16,2021-12-16,2021-12-21,1,5542.50,5524.75,-17.75,-137.75,10.00,4,signal
IBS<x_3,IBS<#,2021-12-16,2021-12-16,2021-12-21,1,5542.50,5524.75,-17.75,-137.75,10.00,4,signal
D01_2,D01,2021-12-17,2021-12-17,2021-12-22,1,5493.00,5570.75,77.75,-88.25,79.00,4,signal
RSIx<x_1,RSI#<#,2021-12-17,2021-12-17,2021-12-22,1,5493.00,5570.75,77.75,-88.25,79.00,4,signal
C<dvwapxsd_3,C<dvwap#sd,2021-11-26,2021-11-26,2021-12-27,1,5456.00,5667.25,211.25,-87.00,212.00,21,time
C<wvwapxsd_2,C<wvwap#sd,2021-11-26,2021-11-26,2021-12-27,1,5456.00,5667.25,211.25,-87.00,212.00,21,time
CloseAtxdLow_2,CloseAt#dLow,2021-12-17,2021-12-17,2021-12-27,1,5493.00,5654.00,161.00,-88.25,175.00,6,tp
ConnorsRSI<x_4,ConnorsRSI<#,2021-12-20,2021-12-20,2021-12-27,1,5443.50,5628.98,185.48,-3.75,224.50,5,tp
C<wvwapxsd_1,C<wvwap#sd,2021-12-30,2021-12-30,2022-01-03,1,5656.75,5671.00,14.25,-24.75,19.00,3,signal
C<wvwapxsd_4,C<wvwap#sd,2021-12-30,2021-12-30,2022-01-03,1,5656.75,5671.00,14.25,-24.75,19.00,3,signal
IBS<x_2,IBS<#,2021-12-30,2021-12-30,2022-01-03,1,5656.75,5671.00,14.25,-24.75,19.00,3,signal
IBS<x_3,IBS<#,2021-12-30,2021-12-30,2022-01-03,1,5656.75,5671.00,14.25,-24.75,19.00,3,signal
D01_2,D01,2021-12-31,2021-12-31,2022-01-03,1,5644.00,5671.00,27.00,-12.00,31.75,2,signal
RSIx<x_1,RSI#<#,2021-12-31,2021-12-31,2022-01-03,1,5644.00,5671.00,27.00,-12.00,31.75,2,signal
LMT_RSIx<x_xAT_4,LMT_RSI#<#_#ATR,2021-12-17,2021-12-20,2022-01-05,1,5432.62,5610.31,177.69,-27.88,260.12,12,trail
IBS<x_1,IBS<#,2021-12-30,2021-12-30,2022-01-05,1,5656.75,5585.99,-70.76,-81.25,36.00,5,sl
LMT_RSIx<x_xAT_2,LMT_RSI#<#_#ATR,2022-01-05,2022-01-06,2022-01-06,1,5561.40,5571.50,10.10,-14.90,38.85,1,time
LMT_RSIx<x_xAT_2,LMT_RSI#<#_#ATR,2022-01-06,2022-01-07,2022-01-07,1,5555.98,5553.25,-2.73,-17.73,34.27,1,time
C<dvwapxsd_1,C<dvwap#sd,2021-12-28,2021-12-28,2022-01-07,1,5664.50,5543.56,-120.94,-126.25,28.25,9,sl
LMT_RSIx<x_xAT_2,LMT_RSI#<#_#ATR,2022-01-07,2022-01-10,2022-01-10,1,5518.25,5546.75,28.50,-61.00,48.00,1,time
C<dvwapxsd_1,C<dvwap#sd,2022-01-07,2022-01-07,2022-01-10,1,5553.25,5459.31,-93.94,-96.00,13.00,2,sl
C<wvwapxsd_1,C<wvwap#sd,2022-01-05,2022-01-05,2022-01-10,1,5576.75,5546.75,-30.00,-119.50,23.50,4,signal
P_HixDD>x&RSIx_2,P_Hi#DD>#&RSI#<#,2022-01-05,2022-01-05,2022-01-10,1,5576.75,5546.75,-30.00,-119.50,23.50,4,signal
P_HixDD>x&RSIx_3,P_Hi#DD>#&RSI#<#,2022-01-07,2022-01-07,2022-01-10,1,5553.25,5546.75,-6.50,-96.00,13.00,2,signal
P_HixDD>x&RSIx_4,P_Hi#DD>#&RSI#<#,2022-01-07,2022-01-07,2022-01-10,1,5553.25,5490.62,-62.62,-96.00,13.00,2,sl
IBS<x_1,IBS<#,2022-01-05,2022-01-05,2022-01-10,1,5576.75,5515.35,-61.40,-119.50,23.50,4,sl
IBS<x_4,IBS<#,2022-01-05,2022-01-05,2022-01-10,1,5576.75,5515.35,-61.40,-119.50,23.50,4,sl
WRx<x_1,WR#<#,2022-01-07,2022-01-07,2022-01-10,1,5553.25,5490.62,-62.62,-96.00,13.00,2,sl
WRx<x_2,WR#<#,2022-01-07,2022-01-07,2022-01-10,1,5553.25,5490.62,-62.62,-96.00,13.00,2,sl
WRx<x_3,WR#<#,2022-01-07,2022-01-07,2022-01-10,1,5553.25,5546.75,-6.50,-96.00,13.00,2,signal
RSIx<x_3,RSI#<#,2022-01-07,2022-01-07,2022-01-10,1,5553.25,5459.31,-93.94,-96.00,13.00,2,sl
RSIx<x_4,RSI#<#,2022-01-07,2022-01-07,2022-01-10,1,5553.25,5518.25,-35.00,-96.00,13.00,2,sl
P_HixDD>x&IBS<_1,P_Hi#DD>#&IBS<#,2022-01-05,2022-01-05,2022-01-10,1,5576.75,5546.75,-30.00,-119.50,23.50,4,signal
P_HixDD>x&IBS<_4,P_Hi#DD>#&IBS<#,2022-01-05,2022-01-05,2022-01-10,1,5576.75,5546.75,-30.00,-119.50,23.50,4,signal
ConnorsRSI<x_4,ConnorsRSI<#,2022-01-05,2022-01-05,2022-01-10,1,5576.75,5484.65,-92.10,-119.50,23.50,4,sl
LMT_RSIx<x_xAT_1,LMT_RSI#<#_#ATR,2022-01-07,2022-01-10,2022-01-11,1,5506.28,5589.50,83.22,-49.03,84.72,2,signal
C<wvwapxsd_4,C<wvwap#sd,2022-01-05,2022-01-05,2022-01-11,1,5576.75,5589.50,12.75,-119.50,23.50,5,signal
P_HixDD>x&RSIx_1,P_Hi#DD>#&RSI#<#,2022-01-05,2022-01-05,2022-01-11,1,5576.75,5589.50,12.75,-119.50,23.50,5,signal
P_HixDD>x&RSIx_2,P_Hi#DD>#&RSI#<#,2022-01-10,2022-01-10,2022-01-11,1,5546.75,5589.50,42.75,-35.00,44.25,2,signal
P_HixDD>x&RSIx_3,P_Hi#DD>#&RSI#<#,2022-01-10,2022-01-10,2022-01-11,1,5546.75,5589.50,42.75,-35.00,44.25,2,signal
IBS<x_2,IBS<#,2022-01-05,2022-01-05,2022-01-11,1,5576.75,5589.50,12.75,-119.50,23.50,5,signal
IBS<x_3,IBS<#,2022-01-05,2022-01-05,2022-01-11,1,5576.75,5589.50,12.75,-119.50,23.50,5,signal
D01_4,D01,2022-01-05,2022-01-05,2022-01-11,1,5576.75,5589.50,12.75,-119.50,23.50,5,signal
CloseAtxdLow_3,CloseAt#dLow,2022-01-05,2022-01-05,2022-01-11,1,5576.75,5589.50,12.75,-119.50,23.50,5,signal
RSIx<x_4,RSI#<#,2022-01-10,2022-01-10,2022-01-11,1,5546.75,5513.97,-32.78,-35.00,44.25,2,sl
P_HixDD>x&IBS<_3,P_Hi#DD>#&IBS<#,2022-01-05,2022-01-05,2022-01-11,1,5576.75,5589.50,12.75,-119.50,23.50,5,signal
RSIx<x_3,RSI#<#,2022-01-10,2022-01-10,2022-01-12,1,5546.75,5607.50,60.75,-35.00,77.25,3,tp
LMT_RSIx<x_xAT_4,LMT_RSI#<#_#ATR,2022-01-07,2022-01-10,2022-01-13,1,5506.28,5558.44,52.16,-49.03,117.72,4,trail
C<wvwapxsd_1,C<wvwap#sd,2022-01-13,2022-01-13,2022-01-14,1,5537.50,5538.25,0.75,-47.00,14.00,2,signal
P_HixDD>x&RSIx_2,P_Hi#DD>#&RSI#<#,2022-01-13,2022-01-13,2022-01-14,1,5537.50,5538.25,0.75,-47.00,14.00,2,signal
P_HixDD>x&RSIx_3,P_Hi#DD>#&RSI#<#,2022-01-13,2022-01-13,2022-01-14,1,5537.50,5538.25,0.75,-47.00,14.00,2,signal
P_HixDD>x&IBS<_1,P_Hi#DD>#&IBS<#,2022-01-13,2022-01-13,2022-01-14,1,5537.50,5538.25,0.75,-47.00,14.00,2,signal
P_HixDD>x&IBS<_2,P_Hi#DD>#&IBS<#,2022-01-13,2022-01-13,2022-01-14,1,5537.50,5538.25,0.75,-47.00,14.00,2,signal
IBS<x_1,IBS<#,2022-01-13,2022-01-13,2022-01-18,1,5537.50,5473.45,-64.05,-93.00,18.75,4,sl
D01_3,D01,2022-01-10,2022-01-10,2022-01-18,1,5546.75,5448.41,-98.34,-102.25,77.25,7,sl
CloseAtxdLow_2,CloseAt#dLow,2022-01-05,2022-01-05,2022-01-18,1,5576.75,5453.95,-122.80,-132.25,47.25,10,sl
RSIx<x_1,RSI#<#,2022-01-05,2022-01-05,2022-01-18,1,5576.75,5453.95,-122.80,-132.25,47.25,10,sl
ConnorsRSI<x_4,ConnorsRSI<#,2022-01-10,2022-01-10,2022-01-18,1,5546.75,5448.41,-98.34,-102.25,77.25,7,sl
LMT_RSIx<x_xAT_4,LMT_RSI#<#_#ATR,2022-01-17,2022-01-18,2022-01-19,1,5488.50,5428.69,-59.81,-82.75,57.75,2,sl
C<dvwapxsd_1,C<dvwap#sd,2022-01-13,2022-01-13,2022-01-19,1,5537.50,5441.43,-96.07,-131.75,18.75,5,sl
C<dvwapxsd_3,C<dvwap#sd,2021-12-30,2021-12-30,2022-01-19,1,5656.75,5444.46,-212.29,-251.00,36.00,15,sl
C<wvwapxsd_2,C<wvwap#sd,2021-12-30,2021-12-30,2022-01-19,1,5656.75,5444.46,-212.29,-251.00,36.00,15,sl
P_HixDD>x&RSIx_1,P_Hi#DD>#&RSI#<#,2022-01-13,2022-01-13,2022-01-19,1,5537.50,5409.40,-128.10,-131.75,18.75,5,sl
P_HixDD>x&RSIx_3,P_Hi#DD>#&RSI#<#,2022-01-14,2022-01-14,2022-01-19,1,5538.25,5414.18,-124.07,-132.50,18.00,4,sl
RSIx<x_4,RSI#<#,2022-01-18,2022-01-18,2022-01-19,1,5457.00,5427.09,-29.91,-51.25,30.50,2,sl
P_HixDD>x&IBS<_3,P_Hi#DD>#&IBS<#,2022-01-13,2022-01-13,2022-01-19,1,5537.50,5409.40,-128.10,-131.75,18.75,5,sl
P_HixDD>x&IBS<_4,P_Hi#DD>#&IBS<#,2022-01-13,2022-01-13,2022-01-19,1,5537.50,5409.40,-128.10,-131.75,18.75,5,sl
C<dvwapxsd_4,C<dvwap#sd,2022-01-19,2022-01-19,2022-01-20,1,5409.25,5379.48,-29.77,-55.75,69.50,2,sl
IBS<x_1,IBS<#,2022-01-18,2022-01-18,2022-01-20,1,5457.00,5397.19,-59.81,-103.50,30.50,3,sl
WRx<x_1,WR#<#,2022-01-18,2022-01-18,2022-01-20,1,5457.00,5397.19,-59.81,-103.50,30.50,3,sl
WRx<x_2,WR#<#,2022-01-18,2022-01-18,2022-01-20,1,5457.00,5427.69,-29.31,-103.50,30.50,3,trail
RSIx<x_3,RSI#<#,2022-01-18,2022-01-18,2022-01-20,1,5457.00,5367.28,-89.72,-103.50,30.50,3,sl
RSIx<x_4,RSI#<#,2022-01-19,2022-01-19,2022-01-20,1,5409.25,5379.48,-29.77,-55.75,69.50,2,sl
ConnorsRSI<x_1,ConnorsRSI<#,2022-01-05,2022-01-05,2022-01-20,1,5576.75,5392.55,-184.20,-223.25,47.25,12,sl
ConnorsRSI<x_4,ConnorsRSI<#,2022-01-18,2022-01-18,2022-01-20,1,5457.00,5367.28,-89.72,-103.50,30.50,3,sl
LMT_RSIx<x_xAT_4,LMT_RSI#<#_#ATR,2022-01-19,2022-01-20,2022-01-21,1,5364.59,5346.75,-17.84,-94.84,114.16,2,trail
C<dvwapxsd_1,C<dvwap#sd,2022-01-19,2022-01-19,2022-01-21,1,5409.25,5319.93,-89.32,-139.50,69.50,3,sl
C<dvwapxsd_4,C<dvwap#sd,2022-01-20,2022-01-20,2022-01-21,1,5358.75,5327.48,-31.27,-89.00,12.75,2,sl
P_HixDD>x&RSIx_1,P_Hi#DD>#&RSI#<#,2022-01-19,2022-01-19,2022-01-21,1,5409.25,5290.15,-119.10,-139.50,69.50,3,sl
P_HixDD>x&RSIx_3,P_Hi#DD>#&RSI#<#,2022-01-19,2022-01-19,2022-01-21,1,5409.25,5290.15,-119.10,-139.50,69.50,3,sl
IBS<x_1,IBS<#,2022-01-20,2022-01-20,2022-01-21,1,5358.75,5296.20,-62.55,-89.00,12.75,2,sl
WRx<x_1,WR#<#,2022-01-20,2022-01-20,2022-01-21,1,5358.75,5296.20,-62.55,-89.00,12.75,2,sl
WRx<x_3,WR#<#,2022-01-18,2022-01-18,2022-01-21,1,5457.00,5337.38,-119.62,-187.25,30.50,4,sl
CloseAtxdLow_1,CloseAt#dLow,2022-01-18,2022-01-18,2022-01-21,1,5457.00,5337.38,-119.62,-187.25,30.50,4,sl
CloseAtxdLow_2,CloseAt#dLow,2022-01-18,2022-01-18,2022-01-21,1,5457.00,5337.38,-119.62,-187.25,30.50,4,sl
RSIx<x_1,RSI#<#,2022-01-18,2022-01-18,2022-01-21,1,5457.00,5337.38,-119.62,-187.25,30.50,4,sl
RSIx<x_4,RSI#<#,2022-01-20,2022-01-20,2022-01-21,1,5358.75,5327.48,-31.27,-89.00,12.75,2,sl
P_HixDD>x&IBS<_3,P_Hi#DD>#&IBS<#,2022-01-19,2022-01-19,2022-01-21,1,5409.25,5290.15,-119.10,-139.50,69.50,3,sl
P_HixDD>x&IBS<_4,P_Hi#DD>#&IBS<#,2022-01-19,2022-01-19,2022-01-21,1,5409.25,5290.15,-119.10,-139.50,69.50,3,sl
ConnorsRSI<x_3,ConnorsRSI<#,2022-01-20,2022-01-20,2022-01-21,1,5358.75,5296.20,-62.55,-89.00,12.75,2,sl
LMT_RSIx<x_xAT_1,LMT_RSI#<#_#ATR,2022-01-18,2022-01-19,2022-01-24,1,5412.14,5210.75,-201.39,-314.89,75.36,4,sl
LMT_RSIx<x_xAT_4,LMT_RSI#<#_#ATR,2022-01-21,2022-01-24,2022-01-24,1,5210.75,5138.24,-72.51,-113.50,101.25,1,sl
C<dvwapxsd_1,C<dvwap#sd,2022-01-21,2022-01-21,2022-01-24,1,5270.00,5172.07,-97.93,-172.75,42.00,2,sl
C<wvwapxsd_1,C<wvwap#sd,2022-01-14,2022-01-14,2022-01-24,1,5538.25,5289.25,-249.00,-441.00,18.00,7,signal
C<wvwapxsd_2,C<wvwap#sd,2022-01-19,2022-01-19,2022-01-24,1,5409.25,5210.75,-198.50,-312.00,69.50,4,sl
P_HixDD>x&RSIx_2,P_Hi#DD>#&RSI#<#,2022-01-14,2022-01-14,2022-01-24,1,5538.25,5289.25,-249.00,-441.00,18.00,7,signal
P_HixDD>x&RSIx_3,P_Hi#DD>#&RSI#<#,2022-01-21,2022-01-21,2022-01-24,1,5270.00,5139.43,-130.57,-172.75,42.00,2,sl
IBS<x_1,IBS<#,2022-01-21,2022-01-21,2022-01-24,1,5270.00,5204.71,-65.29,-172.75,42.00,2,sl
WRx<x_1,WR#<#,2022-01-21,2022-01-21,2022-01-24,1,5270.00,5204.71,-65.29,-172.75,42.00,2,sl
WRx<x_3,WR#<#,2022-01-21,2022-01-21,2022-01-24,1,5270.00,5139.43,-130.57,-172.75,42.00,2,sl
WRx<x_4,WR#<#,2022-01-19,2022-01-19,2022-01-24,1,5409.25,5210.75,-198.50,-312.00,69.50,4,sl
RSIx<x_3,RSI#<#,2022-01-20,2022-01-20,2022-01-24,1,5358.75,5210.75,-148.00,-261.50,12.75,3,sl
P_HixDD>x&IBS<_1,P_Hi#DD>#&IBS<#,2022-01-19,2022-01-19,2022-01-24,1,5409.25,5210.75,-198.50,-312.00,69.50,4,sl
ConnorsRSI<x_3,ConnorsRSI<#,2022-01-21,2022-01-21,2022-01-24,1,5270.00,5204.71,-65.29,-172.75,42.00,2,sl
ConnorsRSI<x_4,ConnorsRSI<#,2022-01-20,2022-01-20,2022-01-24,1,5358.75,5210.75,-148.00,-261.50,12.75,3,sl
RSIx<x_3,RSI#<#,2022-01-24,2022-01-24,2022-01-25,1,5289.25,5180.48,-108.77,-128.25,6.75,2,sl
RSIx<x_3,RSI#<#,2022-01-25,2022-01-25,2022-01-26,1,5235.50,5297.50,62.00,-56.75,95.25,2,tp
LMT_RSIx<x_xAT_4,LMT_RSI#<#_#ATR,2022-01-24,2022-01-25,2022-01-27,1,5220.75,5252.86,32.11,-73.00,110.00,3,trail
IBS<x_3,IBS<#,2022-01-13,2022-01-13,2022-01-27,1,5537.50,5202.25,-335.25,-440.25,18.75,11,time
CloseAtxdLow_3,CloseAt#dLow,2022-01-13,2022-01-13,2022-01-27,1,5537.50,5202.25,-335.25,-440.25,18.75,11,time
RSIx<x_3,RSI#<#,2022-01-26,2022-01-26,2022-01-27,1,5224.50,5287.64,63.14,-76.75,82.00,2,tp
C<wvwapxsd_4,C<wvwap#sd,2022-01-13,2022-01-13,2022-01-28,1,5537.50,5308.50,-229.00,-440.25,18.75,12,signal
P_HixDD>x&RSIx_3,P_Hi#DD>#&RSI#<#,2022-01-24,2022-01-24,2022-01-28,1,5289.25,5308.50,19.25,-141.50,41.50,5,signal
IBS<x_2,IBS<#,2022-01-13,2022-01-13,2022-01-28,1,5537.50,5308.50,-229.00,-440.25,18.75,12,signal
RSIx<x_3,RSI#<#,2022-01-27,2022-01-27,2022-01-28,1,5202.25,5270.12,67.88,-51.50,107.25,2,tp
P_HixDD>x&IBS<_1,P_Hi#DD>#&IBS<#,2022-01-27,2022-01-27,2022-01-28,1,5202.25,5308.50,106.25,-51.50,107.25,2,signal
LMT_RSIx<x_xAT_3,LMT_RSI#<#_#ATR,2022-01-05,2022-01-06,2022-01-31,1,5561.40,5386.25,-175.15,-464.15,62.60,18,signal
IBS<x_1,IBS<#,2022-01-27,2022-01-27,2022-01-31,1,5202.25,5383.25,181.00,-51.50,190.00,3,tp
D01_2,D01,2022-01-05,2022-01-05,2022-01-31,1,5576.75,5386.25,-190.50,-479.50,47.25,19,signal
RSIx<x_2,RSI#<#,2022-01-18,2022-01-18,2022-01-31,1,5457.00,5301.50,-155.50,-359.75,30.50,10,signal
D01_2,D01,2022-02-07,2022-02-07,2022-02-08,1,5361.25,5397.75,36.50,-20.50,47.00,2,signal
P_HixDD>x&IBS<_1,P_Hi#DD>#&IBS<#,2022-02-03,2022-02-03,2022-02-08,1,5356.25,5397.75,41.50,-33.25,60.75,4,signal
P_HixDD>x&IBS<_4,P_Hi#DD>#&IBS<#,2022-02-03,2022-02-03,2022-02-08,1,5356.25,5397.75,41.50,-33.25,60.75,4,signal
C<wvwapxsd_4,C<wvwap#sd,2022-02-03,2022-02-03,2022-02-09,1,5356.25,5464.00,107.75,-33.25,110.75,5,signal
IBS<x_2,IBS<#,2022-02-03,2022-02-03,2022-02-09,1,5356.25,5464.00,107.75,-33.25,110.75,5,signal
P_HixDD>x&IBS<_3,P_Hi#DD>#&IBS<#,2022-02-03,2022-02-03,2022-02-09,1,5356.25,5464.00,107.75,-33.25,110.75,5,signal
C06_1,C06,2022-02-08,2022-02-08,2022-02-10,1,5397.75,5402.00,4.25,-2.00,69.25,3,signal
C06_3,C06,2022-01-28,2022-01-28,2022-02-11,1,5308.50,5308.50,0.00,-30.75,162.00,11,breakeven
IBS<x_1,IBS<#,2022-02-03,2022-02-03,2022-02-14,1,5356.25,5253.64,-102.61,-117.75,113.25,8,sl
WRx<x_3,WR#<#,2022-02-11,2022-02-11,2022-02-14,1,5292.75,5279.25,-13.50,-54.25,19.75,2,signal
P_HixDD>x&IBS<_4,P_Hi#DD>#&IBS<#,2022-02-10,2022-02-10,2022-02-14,1,5382.50,5279.25,-103.25,-144.00,22.50,3,signal
C<wvwapxsd_4,C<wvwap#sd,2022-02-10,2022-02-10,2022-02-15,1,5382.50,5349.00,-33.50,-144.00,22.50,4,signal
P_HixDD>x&RSIx_3,P_Hi#DD>#&RSI#<#,2022-02-11,2022-02-11,2022-02-15,1,5292.75,5349.00,56.25,-54.25,59.75,3,signal
P_HixDD>x&IBS<_1,P_Hi#DD>#&IBS<#,2022-02-10,2022-02-10,2022-02-15,1,5382.50,5349.00,-33.50,-144.00,22.50,4,signal
C06_1,C06,2022-02-15,2022-02-15,2022-02-17,1,5349.00,5320.50,-28.50,-41.75,20.00,3,signal
C06_3,C06,2022-02-16,2022-02-16,2022-02-18,1,5354.75,5247.80,-106.95,-149.25,4.50,3,sl
D01_3,D01,2022-02-04,2022-02-04,2022-02-18,1,5375.75,5218.68,-157.07,-170.25,93.75,11,sl
WRx<x_1,WR#<#,2022-02-11,2022-02-11,2022-02-21,1,5292.75,5186.07,-106.68,-123.00,76.25,7,sl
P_HixDD>x&IBS<_3,P_Hi#DD>#&IBS<#,2022-02-10,2022-02-10,2022-02-21,1,5382.50,5175.77,-206.73,-212.75,22.50,8,sl
ConnorsRSI<x_4,ConnorsRSI<#,2022-02-03,2022-02-03,2022-02-21,1,5356.25,5202.33,-153.92,-186.50,113.25,13,sl
IBS<x_1,IBS<#,2022-02-17,2022-02-17,2022-02-22,1,5259.50,5153.46,-106.04,-125.00,36.50,4,sl
C<dvwapxsd_1,C<dvwap#sd,2022-01-26,2022-01-26,2022-02-23,1,5224.50,5107.50,-117.00,-123.75,246.00,21,time
LMT_RSIx<x_xAT_4,LMT_RSI#<#_#ATR,2022-02-22,2022-02-23,2022-02-24,1,5110.46,4997.00,-113.46,-124.21,119.54,2,trail
C<wvwapxsd_2,C<wvwap#sd,2022-02-03,2022-02-03,2022-02-24,1,5356.25,4997.00,-359.25,-370.00,113.25,16,sl
P_HixDD>x&RSIx_3,P_Hi#DD>#&RSI#<#,2022-02-17,2022-02-17,2022-02-24,1,5259.50,4997.00,-262.50,-273.25,36.50,6,sl
IBS<x_1,IBS<#,2022-02-23,2022-02-23,2022-02-24,1,5107.50,4997.00,-110.50,-121.25,67.00,2,sl
WRx<x_1,WR#<#,2022-02-21,2022-02-21,2022-02-24,1,5174.00,4997.00,-177.00,-187.75,69.25,4,sl
WRx<x_3,WR#<#,2022-02-17,2022-02-17,2022-02-24,1,5259.50,4997.00,-262.50,-273.25,36.50,6,sl
RSIx<x_3,RSI#<#,2022-02-18,2022-02-18,2022-02-24,1,5230.50,4997.00,-233.50,-244.25,45.25,5,sl
P_HixDD>x&IBS<_1,P_Hi#DD>#&IBS<#,2022-02-17,2022-02-17,2022-02-24,1,5259.50,5170.50,-89.00,-273.25,36.50,6,signal
C<wvwapxsd_4,C<wvwap#sd,2022-02-17,2022-02-17,2022-02-25,1,5259.50,5264.50,5.00,-273.25,36.50,7,signal
D01_2,D01,2022-02-11,2022-02-11,2022-02-25,1,5292.75,5264.50,-28.25,-306.50,76.25,11,signal
C06_3,C06,2022-02-25,2022-02-25,2022-02-28,1,5264.50,5165.66,-98.84,-128.50,5.50,2,sl
C<wvwapxsd_4,C<wvwap#sd,2022-03-01,2022-03-01,2022-03-02,1,5187.75,5266.00,78.25,-25.00,96.00,2,signal
D01_2,D01,2022-03-01,2022-03-01,2022-03-02,1,5187.75,5266.00,78.25,-25.00,96.00,2,signal
C06_3,C06,2022-03-02,2022-03-02,2022-03-07,1,5266.00,5159.81,-106.19,-184.50,37.25,4,sl
IBS<x_1,IBS<#,2022-03-01,2022-03-01,2022-03-07,1,5187.75,5084.98,-102.77,-106.25,115.50,5,sl
C<wvwapxsd_4,C<wvwap#sd,2022-03-04,2022-03-04,2022-03-09,1,5210.00,5161.75,-48.25,-186.75,0.75,4,signal
RSIx<x_3,RSI#<#,2022-03-07,2022-03-07,2022-03-09,1,5082.50,5163.51,81.01,-59.25,100.25,3,tp
P_HixDD>x&RSIx_3,P_Hi#DD>#&RSI#<#,2022-03-07,2022-03-07,2022-03-10,1,5082.50,5142.50,60.00,-59.25,100.25,4,signal
P_HixDD>x&IBS<_1,P_Hi#DD>#&IBS<#,2022-03-07,2022-03-07,2022-03-10,1,5082.50,5142.50,60.00,-59.25,100.25,4,signal
C06_3,C06,2022-03-09,2022-03-09,2022-03-14,1,5161.75,5096.50,-65.25,-116.00,58.25,4,breakeven
C<wvwapxsd_4,C<wvwap#sd,2022-03-11,2022-03-11,2022-03-15,1,5088.00,5149.75,61.75,-65.00,68.75,3,signal
P_HixDD>x&RSIx_3,P_Hi#DD>#&RSI#<#,2022-03-14,2022-03-14,2022-03-15,1,5058.50,5149.75,91.25,-35.50,98.25,2,signal
WRx<x_3,WR#<#,2022-03-14,2022-03-14,2022-03-15,1,5058.50,5149.75,91.25,-35.50,98.25,2,signal
D01_2,D01,2022-03-07,2022-03-07,2022-03-15,1,5082.50,5149.75,67.25,-59.50,137.50,7,signal
IBS<x_1,IBS<#,2022-03-07,2022-03-07,2022-03-17,1,5082.50,5298.52,216.02,-59.50,217.50,9,tp
C<dvwapxsd_1,C<dvwap#sd,2022-02-23,2022-02-23,2022-03-22,1,5107.50,5400.26,292.76,-121.25,300.75,20,tp
C<wvwapxsd_4,C<wvwap#sd,2022-03-23,2022-03-23,2022-03-24,1,5340.25,5406.75,66.50,-2.00,66.75,2,signal
IBS<x_3,IBS<#,2022-03-23,2022-03-23,2022-03-24,1,5340.25,5406.75,66.50,-2.00,66.75,2,signal
P_HixDD>x&IBS<_2,P_Hi#DD>#&IBS<#,2022-03-23,2022-03-23,2022-03-24,1,5340.25,5406.75,66.50,-2.00,66.75,2,signal
C06_1,C06,2022-03-24,2022-03-24,2022-03-28,1,5406.75,5423.00,16.25,-20.00,25.75,3,signal
C06_4,C06,2022-03-24,2022-03-24,2022-03-28,1,5406.75,5446.71,39.96,-20.00,55.75,3,tp
C06_3,C06,2022-03-15,2022-03-15,2022-03-29,1,5149.75,5503.50,353.75,-17.25,374.75,11,tp
LMT_RSIx<x_xAT_2,LMT_RSI#<#_#ATR,2022-03-31,2022-04-01,2022-04-01,1,5398.36,5431.50,33.14,-3.61,50.64,1,time
C<wvwapxsd_1,C<wvwap#sd,2022-03-31,2022-03-31,2022-04-01,1,5421.25,5431.50,10.25,-26.50,27.75,2,signal
P_HixDD>x&RSIx_2,P_Hi#DD>#&RSI#<#,2022-03-31,2022-03-31,2022-04-01,1,5421.25,5431.50,10.25,-26.50,27.75,2,signal
RSIx<x_1,RSI#<#,2022-03-31,2022-03-31,2022-04-01,1,5421.25,5431.50,10.25,-26.50,27.75,2,signal
C<wvwapxsd_1,C<wvwap#sd,2022-04-01,2022-04-01,2022-04-04,1,5431.50,5471.50,40.00,-10.25,40.75,2,signal
C<wvwapxsd_4,C<wvwap#sd,2022-03-31,2022-03-31,2022-04-04,1,5421.25,5471.50,50.25,-26.50,51.00,3,signal
P_HixDD>x&RSIx_1,P_Hi#DD>#&RSI#<#,2022-03-31,2022-03-31,2022-04-04,1,5421.25,5471.50,50.25,-26.50,51.00,3,signal
IBS<x_2,IBS<#,2022-03-31,2022-03-31,2022-04-04,1,5421.25,5471.50,50.25,-26.50,51.00,3,signal
IBS<x_3,IBS<#,2022-03-31,2022-03-31,2022-04-04,1,5421.25,5471.50,50.25,-26.50,51.00,3,signal
P_HixDD>x&IBS<_3,P_Hi#DD>#&IBS<#,2022-03-31,2022-03-31,2022-04-04,1,5421.25,5471.50,50.25,-26.50,51.00,3,signal
P_HixDD>x&IBS<_4,P_Hi#DD>#&IBS<#,2022-03-31,2022-03-31,2022-04-04,1,5421.25,5471.50,50.25,-26.50,51.00,3,signal
C06_4,C06,2022-04-04,2022-04-04,2022-04-05,1,5471.50,5407.22,-64.28,-70.25,10.75,2,sl
C<wvwapxsd_3,C<wvwap#sd,2022-03-31,2022-03-31,2022-04-06,1,5421.25,5371.25,-50.00,-83.25,61.00,5,sl
C06_2,C06,2022-04-04,2022-04-04,2022-04-06,1,5471.50,5371.25,-100.25,-133.50,10.75,3,sl
C06_3,C06,2022-04-04,2022-04-04,2022-04-06,1,5471.50,5371.25,-100.25,-133.50,10.75,3,sl
LMT_RSIx<x_xAT_2,LMT_RSI#<#_#ATR,2022-04-06,2022-04-07,2022-04-07,1,5349.08,5391.25,42.17,-11.08,61.67,1,time
C06_4,C06,2022-04-08,2022-04-08,2022-04-11,1,5380.50,5324.25,-56.25,-83.50,4.25,2,sl
IBS<x_4,IBS<#,2022-03-31,2022-03-31,2022-04-11,1,5421.25,5329.68,-91.57,-124.25,61.00,8,sl
D01_3,D01,2022-04-07,2022-04-07,2022-04-12,1,5391.25,5272.26,-118.99,-122.25,22.00,4,sl
ConnorsRSI<x_4,ConnorsRSI<#,2022-03-31,2022-03-31,2022-04-12,1,5421.25,5283.89,-137.36,-152.25,61.00,9,sl
C<wvwapxsd_1,C<wvwap#sd,2022-04-05,2022-04-05,2022-04-13,1,5414.75,5336.00,-78.75,-145.75,7.50,7,signal
P_HixDD>x&RSIx_2,P_Hi#DD>#&RSI#<#,2022-04-06,2022-04-06,2022-04-13,1,5369.00,5336.00,-33.00,-100.00,44.25,6,signal
P_HixDD>x&RSIx_3,P_Hi#DD>#&RSI#<#,2022-04-11,2022-04-11,2022-04-13,1,5302.75,5336.00,33.25,-33.75,57.50,3,signal
WRx<x_3,WR#<#,2022-04-11,2022-04-11,2022-04-13,1,5302.75,5336.00,33.25,-33.75,57.50,3,signal
P_HixDD>x&IBS<_2,P_Hi#DD>#&IBS<#,2022-04-11,2022-04-11,2022-04-13,1,5302.75,5336.00,33.25,-33.75,57.50,3,signal
P_HixDD>x&IBS<_4,P_Hi#DD>#&IBS<#,2022-04-05,2022-04-05,2022-04-13,1,5414.75,5336.00,-78.75,-145.75,7.50,7,signal
C06_4,C06,2022-04-13,2022-04-13,2022-04-14,1,5336.00,5283.29,-52.71,-57.25,13.25,2,sl
WRx<x_3,WR#<#,2022-04-14,2022-04-14,2022-04-18,1,5280.75,5282.50,1.75,-31.75,19.00,2,signal
C<wvwapxsd_4,C<wvwap#sd,2022-04-05,2022-04-05,2022-04-19,1,5414.75,5352.50,-62.25,-165.75,7.50,10,signal
P_HixDD>x&RSIx_1,P_Hi#DD>#&RSI#<#,2022-04-06,2022-04-06,2022-04-19,1,5369.00,5352.50,-16.50,-120.00,44.25,9,signal
IBS<x_2,IBS<#,2022-04-05,2022-04-05,2022-04-19,1,5414.75,5352.50,-62.25,-165.75,7.50,10,signal
IBS<x_3,IBS<#,2022-04-05,2022-04-05,2022-04-19,1,5414.75,5352.50,-62.25,-165.75,7.50,10,signal
CloseAtxdLow_3,CloseAt#dLow,2022-04-05,2022-04-05,2022-04-19,1,5414.75,5352.50,-62.25,-165.75,7.50,10,signal
RSIx<x_1,RSI#<#,2022-04-05,2022-04-05,2022-04-19,1,5414.75,5352.50,-62.25,-165.75,7.50,10,signal
P_HixDD>x&IBS<_2,P_Hi#DD>#&IBS<#,2022-04-14,2022-04-14,2022-04-19,1,5280.75,5352.50,71.75,-31.75,79.75,3,signal
P_HixDD>x&IBS<_3,P_Hi#DD>#&IBS<#,2022-04-05,2022-04-05,2022-04-19,1,5414.75,5352.50,-62.25,-165.75,7.50,10,signal
C06_1,C06,2022-04-04,2022-04-04,2022-04-20,1,5471.50,5371.00,-100.50,-222.50,10.75,12,signal
C<dvwapxsd_3,C<dvwap#sd,2022-03-23,2022-03-23,2022-04-21,1,5340.25,5282.25,-58.00,-91.25,184.25,21,time
C06_3,C06,2022-04-19,2022-04-19,2022-04-21,1,5352.50,5283.24,-69.26,-79.00,50.00,3,sl
C06_4,C06,2022-04-19,2022-04-19,2022-04-21,1,5352.50,5300.55,-51.95,-79.00,50.00,3,sl
CloseAtxdLow_2,CloseAt#dLow,2022-04-05,2022-04-05,2022-04-22,1,5414.75,5248.85,-165.90,-259.00,7.50,13,sl
C<wvwapxsd_2,C<wvwap#sd,2022-03-31,2022-03-31,2022-04-25,1,5421.25,5137.50,-283.75,-332.50,61.00,17,sl
P_HixDD>x&RSIx_2,P_Hi#DD>#&RSI#<#,2022-04-21,2022-04-21,2022-04-25,1,5282.25,5186.50,-95.75,-193.50,4.50,3,signal
P_HixDD>x&RSIx_3,P_Hi#DD>#&RSI#<#,2022-04-21,2022-04-21,2022-04-25,1,5282.25,5137.50,-144.75,-193.50,4.50,3,sl
WRx<x_3,WR#<#,2022-04-22,2022-04-22,2022-04-25,1,5162.75,5186.50,23.75,-74.00,25.50,2,signal
P_HixDD>x&IBS<_2,P_Hi#DD>#&IBS<#,2022-04-21,2022-04-21,2022-04-25,1,5282.25,5186.50,-95.75,-193.50,4.50,3,signal
ConnorsRSI<x_1,ConnorsRSI<#,2022-03-31,2022-03-31,2022-04-25,1,5421.25,5137.50,-283.75,-332.50,61.00,17,sl
C<wvwapxsd_4,C<wvwap#sd,2022-04-21,2022-04-21,2022-04-28,1,5282.25,5178.75,-103.50,-252.00,4.50,6,signal
P_HixDD>x&RSIx_3,P_Hi#DD>#&RSI#<#,2022-04-26,2022-04-26,2022-04-28,1,5061.50,5178.75,117.25,-31.25,135.50,3,signal
IBS<x_3,IBS<#,2022-04-21,2022-04-21,2022-04-28,1,5282.25,5178.75,-103.50,-252.00,4.50,6,signal
WRx<x_3,WR#<#,2022-04-26,2022-04-26,2022-04-28,1,5061.50,5178.75,117.25,-31.25,135.50,3,signal
C06_3,C06,2022-04-28,2022-04-28,2022-04-29,1,5178.75,5092.84,-85.91,-166.50,3.50,2,sl
P_HixDD>x&RSIx_3,P_Hi#DD>#&RSI#<#,2022-04-29,2022-04-29,2022-05-02,1,5021.25,5045.00,23.75,-71.75,38.00,2,signal
WRx<x_3,WR#<#,2022-04-29,2022-04-29,2022-05-02,1,5021.25,5045.00,23.75,-71.75,38.00,2,signal
C<wvwapxsd_4,C<wvwap#sd,2022-04-29,2022-04-29,2022-05-03,1,5021.25,5063.75,42.50,-71.75,68.00,3,signal
C06_3,C06,2022-05-04,2022-05-04,2022-05-05,1,5190.25,5092.71,-97.54,-197.50,4.00,2,sl
C<wvwapxsd_4,C<wvwap#sd,2022-05-05,2022-05-05,2022-05-13,1,5038.00,4913.75,-124.25,-289.50,12.50,7,signal
WRx<x_3,WR#<#,2022-05-09,2022-05-09,2022-05-13,1,4880.75,4913.75,33.00,-132.25,78.25,5,signal
C<wvwapxsd_4,C<wvwap#sd,2022-05-16,2022-05-16,2022-05-17,1,4900.00,4979.75,79.75,-7.00,83.25,2,signal
P_HixDD>x&RSIx_3,P_Hi#DD>#&RSI#<#,2022-05-09,2022-05-09,2022-05-17,1,4880.75,4979.75,99.00,-132.25,102.50,7,signal
C06_3,C06,2022-05-13,2022-05-13,2022-05-18,1,4913.75,4913.75,0.00,-112.25,74.75,4,breakeven
C<wvwapxsd_4,C<wvwap#sd,2022-05-18,2022-05-18,2022-05-23,1,4817.25,4865.50,48.25,-116.25,56.75,4,signal
P_HixDD>x&RSIx_3,P_Hi#DD>#&RSI#<#,2022-05-18,2022-05-18,2022-05-23,1,4817.25,4865.50,48.25,-116.25,56.75,4,signal
C<wvwapxsd_4,C<wvwap#sd,2022-05-31,2022-05-31,2022-06-02,1,5025.75,5069.25,43.50,-60.75,44.25,3,signal
IBS<x_3,IBS<#,2022-06-01,2022-06-01,2022-06-02,1,4992.00,5069.25,77.25,-26.25,78.00,2,signal
IBS<x_3,IBS<#,2022-06-03,2022-06-03,2022-06-07,1,5001.50,5052.25,50.75,-32.00,60.25,3,signal
P_HixDD>x&IBS<_2,P_Hi#DD>#&IBS<#,2022-06-03,2022-06-03,2022-06-07,1,5001.50,5052.25,50.75,-32.00,60.25,3,signal
C06_3,C06,2022-05-23,2022-05-23,2022-06-10,1,4865.50,4843.00,-22.50,-100.00,230.25,15,breakeven
P_HixDD>x&RSIx_3,P_Hi#DD>#&RSI#<#,2022-06-09,2022-06-09,2022-06-13,1,4908.50,4690.75,-217.75,-281.25,14.50,3,sl
WRx<x_3,WR#<#,2022-06-09,2022-06-09,2022-06-13,1,4908.50,4690.75,-217.75,-281.25,14.50,3,sl
C<wvwapxsd_4,C<wvwap#sd,2022-06-03,2022-06-03,2022-06-15,1,5001.50,4687.50,-314.00,-401.00,60.25,9,signal
WRx<x_3,WR#<#,2022-06-13,2022-06-13,2022-06-15,1,4645.25,4687.50,42.25,-44.75,89.75,3,signal
C<wvwapxsd_4,C<wvwap#sd,2022-06-16,2022-06-16,2022-06-20,1,4565.50,4608.00,42.50,-34.50,51.50,3,signal
WRx<x_3,WR#<#,2022-06-16,2022-06-16,2022-06-20,1,4565.50,4608.00,42.50,-34.50,51.50,3,signal
IBS<x_3,IBS<#,2022-06-08,2022-06-08,2022-06-21,1,5007.75,4660.50,-347.25,-476.75,30.00,10,signal
RSIx<x_2,RSI#<#,2022-06-13,2022-06-13,2022-06-22,1,4645.25,4616.00,-29.25,-114.25,89.75,8,signal
P_HixDD>x&RSIx_3,P_Hi#DD>#&RSI#<#,2022-06-13,2022-06-13,2022-06-23,1,4645.25,4690.75,45.50,-114.25,89.75,9,signal
P_HixDD>x&IBS<_2,P_Hi#DD>#&IBS<#,2022-06-08,2022-06-08,2022-06-23,1,5007.75,4690.75,-317.00,-476.75,30.00,12,signal
C06_3,C06,2022-06-21,2022-06-21,2022-06-30,1,4660.50,4660.50,0.00,-75.25,181.50,8,breakeven
C<wvwapxsd_4,C<wvwap#sd,2022-06-27,2022-06-27,2022-07-01,1,4797.50,4720.00,-77.50,-164.25,44.50,5,signal
P_HixDD>x&RSIx_3,P_Hi#DD>#&RSI#<#,2022-06-30,2022-06-30,2022-07-01,1,4681.50,4720.00,38.50,-45.00,44.00,2,signal
C<wvwapxsd_4,C<wvwap#sd,2022-07-01,2022-07-01,2022-07-05,1,4720.00,4727.50,7.50,-84.00,29.75,3,signal
C06_3,C06,2022-07-05,2022-07-05,2022-07-12,1,4727.50,4727.50,0.00,-30.75,86.50,6,breakeven
P_HixDD>x&RSIx_3,P_Hi#DD>#&RSI#<#,2022-07-12,2022-07-12,2022-07-14,1,4716.00,4686.25,-29.75,-100.25,49.00,3,signal
C<wvwapxsd_4,C<wvwap#sd,2022-07-11,2022-07-11,2022-07-15,1,4749.75,4757.50,7.75,-134.00,18.75,5,signal
P_HixDD>x&RSIx_3,P_Hi#DD>#&RSI#<#,2022-07-14,2022-07-14,2022-07-15,1,4686.25,4757.50,71.25,-14.00,72.75,2,signal
C<wvwapxsd_4,C<wvwap#sd,2022-07-18,2022-07-18,2022-07-19,1,4726.00,4828.50,102.50,-2.00,109.25,2,signal
C06_3,C06,2022-07-15,2022-07-15,2022-07-19,1,4757.50,4757.50,0.00,-45.25,77.75,3,breakeven
C<wvwapxsd_3,C<wvwap#sd,2022-07-18,2022-07-18,2022-07-20,1,4726.00,4849.68,123.68,-2.00,143.25,3,tp
C<wvwapxsd_4,C<wvwap#sd,2022-07-26,2022-07-26,2022-07-27,1,4815.00,4916.00,101.00,-8.00,119.75,2,signal
IBS<x_3,IBS<#,2022-07-26,2022-07-26,2022-07-27,1,4815.00,4916.00,101.00,-8.00,119.75,2,signal
C06_4,C06,2022-07-27,2022-07-27,2022-07-28,1,4916.00,4945.62,29.62,-29.50,57.25,2,tp
P_HixDD>x&RSIx_2,P_Hi#DD>#&RSI#<#,2022-07-26,2022-07-26,2022-07-28,1,4815.00,4965.25,150.25,-8.00,158.25,3,signal
P_HixDD>x&RSIx_3,P_Hi#DD>#&RSI#<#,2022-07-26,2022-07-26,2022-07-28,1,4815.00,4965.25,150.25,-8.00,158.25,3,signal
P_HixDD>x&IBS<_2,P_Hi#DD>#&IBS<#,2022-07-26,2022-07-26,2022-07-28,1,4815.00,4965.25,150.25,-8.00,158.25,3,signal
C<wvwapxsd_4,C<wvwap#sd,2022-08-01,2022-08-01,2022-08-03,1,5011.75,5049.00,37.25,-39.25,50.25,3,signal
IBS<x_3,IBS<#,2022-08-02,2022-08-02,2022-08-03,1,4986.00,5049.00,63.00,-9.50,76.00,2,signal
C<wvwapxsd_1,C<wvwap#sd,2022-08-01,2022-08-01,2022-08-05,1,5011.75,5038.00,26.25,-39.25,53.50,5,signal
C06_4,C06,2022-08-03,2022-08-03,2022-08-08,1,5049.00,5078.01,29.01,-53.25,31.00,4,tp
C<wvwapxsd_1,C<wvwap#sd,2022-08-08,2022-08-08,2022-08-10,1,5033.50,5102.50,69.00,-28.50,71.50,3,signal
C<wvwapxsd_3,C<wvwap#sd,2022-08-02,2022-08-02,2022-08-10,1,4986.00,5100.58,114.58,-9.50,119.00,7,tp
C<wvwapxsd_4,C<wvwap#sd,2022-08-08,2022-08-08,2022-08-10,1,5033.50,5102.50,69.00,-28.50,71.50,3,signal
IBS<x_3,IBS<#,2022-08-08,2022-08-08,2022-08-10,1,5033.50,5102.50,69.00,-28.50,71.50,3,signal
RSIx<x_1,RSI#<#,2022-08-09,2022-08-09,2022-08-10,1,5017.00,5102.50,85.50,-11.25,88.00,2,signal
C06_4,C06,2022-08-10,2022-08-10,2022-08-11,1,5102.50,5132.50,30.00,-7.75,50.00,2,tp
C06_3,C06,2022-07-27,2022-07-27,2022-08-12,1,4916.00,5153.00,237.00,-29.50,258.75,13,tp
IBS<x_3,IBS<#,2022-08-11,2022-08-11,2022-08-12,1,5103.50,5173.25,69.75,-3.25,71.25,2,signal
C06_2,C06,2022-08-10,2022-08-10,2022-08-15,1,5102.50,5175.60,73.10,-7.75,94.25,4,tp
LMT_RSIx<x_xAT_2,LMT_RSI#<#_#ATR,2022-08-19,2022-08-22,2022-08-22,1,5070.75,5034.75,-36.00,-47.25,52.75,1,time
C<wvwapxsd_3,C<wvwap#sd,2022-08-19,2022-08-19,2022-08-22,1,5122.00,5070.75,-51.25,-98.50,1.50,2,sl
LMT_RSIx<x_xAT_2,LMT_RSI#<#_#ATR,2022-08-22,2022-08-23,2022-08-23,1,5017.87,5023.00,5.13,-7.87,35.88,1,time
LMT_RSIx<x_xAT_2,LMT_RSI#<#_#ATR,2022-08-23,2022-08-24,2022-08-24,1,5006.35,5035.75,29.40,-3.60,44.15,1,time
C<wvwapxsd_1,C<wvwap#sd,2022-08-17,2022-08-17,2022-08-25,1,5168.50,5094.25,-74.25,-165.75,19.00,7,signal
C<wvwapxsd_4,C<wvwap#sd,2022-08-17,2022-08-17,2022-08-25,1,5168.50,5094.25,-74.25,-165.75,19.00,7,signal
C06_4,C06,2022-08-24,2022-08-24,2022-08-25,1,5035.75,5059.22,23.47,-1.75,59.00,2,tp
P_HixDD>x&RSIx_2,P_Hi#DD>#&RSI#<#,2022-08-19,2022-08-19,2022-08-25,1,5122.00,5094.25,-27.75,-119.25,1.50,5,signal
P_HixDD>x&RSIx_3,P_Hi#DD>#&RSI#<#,2022-08-22,2022-08-22,2022-08-25,1,5034.75,5094.25,59.50,-32.00,60.00,4,signal
IBS<x_3,IBS<#,2022-08-19,2022-08-19,2022-08-25,1,5122.00,5094.25,-27.75,-119.25,1.50,5,signal
WRx<x_3,WR#<#,2022-08-23,2022-08-23,2022-08-25,1,5023.00,5094.25,71.25,-20.25,71.75,3,signal
CloseAtxdLow_3,CloseAt#dLow,2022-08-22,2022-08-22,2022-08-25,1,5034.75,5094.25,59.50,-32.00,60.00,4,signal
CloseAtxdLow_4,CloseAt#dLow,2022-08-23,2022-08-23,2022-08-25,1,5023.00,5094.25,71.25,-20.25,71.75,3,signal
P_HixDD>x&IBS<_2,P_Hi#DD>#&IBS<#,2022-08-22,2022-08-22,2022-08-25,1,5034.75,5094.25,59.50,-32.00,60.00,4,signal
C06_2,C06,2022-08-25,2022-08-25,2022-08-26,1,5094.25,5032.96,-61.29,-144.00,15.00,2,sl
C06_3,C06,2022-08-25,2022-08-25,2022-08-26,1,5094.25,5032.96,-61.29,-144.00,15.00,2,sl
P_HixDD>x&RSIx_4,P_Hi#DD>#&RSI#<#,2022-08-22,2022-08-22,2022-08-26,1,5034.75,4967.23,-67.52,-84.50,74.50,5,sl
WRx<x_2,WR#<#,2022-08-23,2022-08-23,2022-08-26,1,5023.00,5028.16,5.16,-72.75,86.25,4,trail
RSIx<x_1,RSI#<#,2022-08-19,2022-08-19,2022-08-26,1,5122.00,4992.68,-129.32,-171.75,1.50,6,sl
LMT_RSIx<x_xAT_2,LMT_RSI#<#_#ATR,2022-08-26,2022-08-29,2022-08-29,1,4920.00,4924.00,4.00,-21.25,36.00,1,time
C<wvwapxsd_3,C<wvwap#sd,2022-08-26,2022-08-26,2022-08-29,1,4951.00,4918.18,-32.82,-52.25,5.00,2,sl
CloseAtxdLow_2,CloseAt#dLow,2022-08-22,2022-08-22,2022-08-29,1,5034.75,4899.70,-135.05,-136.00,74.50,6,sl
ConnorsRSI<x_1,ConnorsRSI<#,2022-08-19,2022-08-19,2022-08-29,1,5122.00,4920.00,-202.00,-223.25,1.50,7,sl
ConnorsRSI<x_2,ConnorsRSI<#,2022-08-22,2022-08-22,2022-08-29,1,5034.75,4920.00,-114.75,-136.00,74.50,6,sl
LMT_RSIx<x_xAT_2,LMT_RSI#<#_#ATR,2022-08-29,2022-08-30,2022-08-30,1,4907.50,4878.25,-29.25,-51.00,57.25,1,time
C<dvwapxsd_3,C<dvwap#sd,2022-08-02,2022-08-02,2022-08-30,1,4986.00,4878.25,-107.75,-129.50,233.50,21,time
IBS<x_4,IBS<#,2022-08-26,2022-08-26,2022-08-30,1,4951.00,4885.36,-65.64,-94.50,13.75,3,sl
WRx<x_2,WR#<#,2022-08-26,2022-08-26,2022-08-30,1,4951.00,4890.36,-60.64,-94.50,13.75,3,trail
C<wvwapxsd_1,C<wvwap#sd,2022-08-26,2022-08-26,2022-09-01,1,4951.00,4859.50,-91.50,-155.50,13.75,5,signal
P_HixDD>x&RSIx_2,P_Hi#DD>#&RSI#<#,2022-08-26,2022-08-26,2022-09-01,1,4951.00,4859.50,-91.50,-155.50,13.75,5,signal
P_HixDD>x&RSIx_3,P_Hi#DD>#&RSI#<#,2022-08-26,2022-08-26,2022-09-01,1,4951.00,4819.73,-131.27,-155.50,13.75,5,sl
WRx<x_3,WR#<#,2022-08-26,2022-08-26,2022-09-01,1,4951.00,4819.73,-131.27,-155.50,13.75,5,sl
RSIx<x_1,RSI#<#,2022-08-26,2022-08-26,2022-09-01,1,4951.00,4819.73,-131.27,-155.50,13.75,5,sl
P_HixDD>x&IBS<_2,P_Hi#DD>#&IBS<#,2022-08-26,2022-08-26,2022-09-01,1,4951.00,4859.50,-91.50,-155.50,13.75,5,signal
WRx<x_3,WR#<#,2022-09-02,2022-09-02,2022-09-05,1,4817.50,4828.25,10.75,-10.25,16.75,2,signal
C<wvwapxsd_4,C<wvwap#sd,2022-08-26,2022-08-26,2022-09-07,1,4951.00,4872.50,-78.50,-175.50,13.75,9,signal
P_HixDD>x&RSIx_3,P_Hi#DD>#&RSI#<#,2022-09-02,2022-09-02,2022-09-07,1,4817.50,4872.50,55.00,-42.00,63.25,4,signal
IBS<x_3,IBS<#,2022-08-26,2022-08-26,2022-09-07,1,4951.00,4872.50,-78.50,-175.50,13.75,9,signal
WRx<x_3,WR#<#,2022-09-06,2022-09-06,2022-09-07,1,4803.00,4872.50,69.50,-27.50,77.75,2,signal
D01_4,D01,2022-08-26,2022-08-26,2022-09-07,1,4951.00,4872.50,-78.50,-175.50,13.75,9,signal
CloseAtxdLow_3,CloseAt#dLow,2022-08-26,2022-08-26,2022-09-07,1,4951.00,4872.50,-78.50,-175.50,13.75,9,signal
CloseAtxdLow_4,CloseAt#dLow,2022-08-26,2022-08-26,2022-09-07,1,4951.00,4872.50,-78.50,-175.50,13.75,9,signal
LMT_RSIx<x_xAT_3,LMT_RSI#<#_#ATR,2022-08-22,2022-08-23,2022-09-09,1,5017.87,4958.75,-59.12,-242.37,91.38,14,signal
C06_3,C06,2022-09-07,2022-09-07,2022-09-13,1,4872.50,4872.50,0.00,-60.25,176.25,5,breakeven
P_HixDD>x&RSIx_3,P_Hi#DD>#&RSI#<#,2022-09-13,2022-09-13,2022-09-16,1,4825.00,4762.50,-62.50,-98.25,30.00,4,signal
C<wvwapxsd_4,C<wvwap#sd,2022-09-13,2022-09-13,2022-09-19,1,4825.00,4792.50,-32.50,-105.00,30.00,5,signal
P_HixDD>x&RSIx_3,P_Hi#DD>#&RSI#<#,2022-09-16,2022-09-16,2022-09-19,1,4762.50,4792.50,30.00,-42.50,30.00,2,signal
WRx<x_3,WR#<#,2022-09-15,2022-09-15,2022-09-19,1,4792.50,4792.50,0.00,-72.50,9.50,3,signal
ConnorsRSI<x_1,ConnorsRSI<#,2022-08-29,2022-08-29,2022-09-19,1,4924.00,4726.04,-197.96,-204.00,124.75,16,sl
P_HixDD>x&RSIx_3,P_Hi#DD>#&RSI#<#,2022-09-20,2022-09-20,2022-09-23,1,4747.75,4579.20,-168.55,-213.75,51.25,4,sl
P_HixDD>x&RSIx_3,P_Hi#DD>#&RSI#<#,2022-09-23,2022-09-23,2022-09-28,1,4581.25,4606.25,25.00,-94.50,43.75,4,signal
WRx<x_3,WR#<#,2022-09-21,2022-09-21,2022-09-28,1,4677.75,4501.85,-175.90,-191.00,29.00,6,sl
C06_3,C06,2022-09-28,2022-09-28,2022-09-29,1,4606.25,4515.66,-90.59,-110.50,4.00,2,sl
RSIx<x_2,RSI#<#,2022-09-23,2022-09-23,2022-09-29,1,4581.25,4568.00,-13.25,-94.50,43.75,5,signal
C<wvwapxsd_4,C<wvwap#sd,2022-09-20,2022-09-20,2022-10-03,1,4747.75,4565.00,-182.75,-302.25,51.25,10,signal
WRx<x_3,WR#<#,2022-09-30,2022-09-30,2022-10-03,1,4471.00,4565.00,94.00,-25.50,114.50,2,signal
P_HixDD>x&RSIx_3,P_Hi#DD>#&RSI#<#,2022-09-30,2022-09-30,2022-10-04,1,4471.00,4678.75,207.75,-25.50,208.50,3,signal
D01_1,D01,2022-10-03,2022-10-03,2022-10-04,1,4565.00,4678.75,113.75,-5.00,114.50,2,signal
C06_3,C06,2022-10-03,2022-10-03,2022-10-07,1,4565.00,4565.00,0.00,-58.75,128.75,5,breakeven
C<wvwapxsd_4,C<wvwap#sd,2022-10-07,2022-10-07,2022-10-13,1,4525.00,4555.75,30.75,-149.25,46.50,5,signal
P_HixDD>x&RSIx_3,P_Hi#DD>#&RSI#<#,2022-10-07,2022-10-07,2022-10-13,1,4525.00,4555.75,30.75,-149.25,46.50,5,signal
WRx<x_3,WR#<#,2022-10-11,2022-10-11,2022-10-13,1,4473.50,4555.75,82.25,-97.75,98.00,3,signal
C06_3,C06,2022-10-13,2022-10-13,2022-10-17,1,4555.75,4536.00,-19.75,-91.50,51.75,3,breakeven
C<wvwapxsd_4,C<wvwap#sd,2022-10-14,2022-10-14,2022-10-18,1,4473.00,4607.50,134.50,-8.75,178.00,3,signal
C06_3,C06,2022-10-17,2022-10-17,2022-10-19,1,4563.75,4563.75,0.00,-13.25,87.25,3,breakeven
C<wvwapxsd_4,C<wvwap#sd,2022-10-19,2022-10-19,2022-10-21,1,4580.75,4637.50,56.75,-65.50,62.50,3,signal
C<wvwapxsd_4,C<wvwap#sd,2022-10-27,2022-10-27,2022-10-28,1,4693.75,4784.50,90.75,-62.50,96.50,2,signal
C06_3,C06,2022-10-21,2022-10-21,2022-10-28,1,4637.50,4637.50,0.00,-27.25,152.75,6,breakeven
C06_3,C06,2022-10-28,2022-10-28,2022-11-02,1,4784.50,4682.04,-102.46,-144.00,17.25,4,sl
C06_4,C06,2022-10-28,2022-10-28,2022-11-02,1,4784.50,4707.65,-76.85,-144.00,17.25,4,sl
C<wvwapxsd_3,C<wvwap#sd,2022-11-02,2022-11-02,2022-11-03,1,4640.75,4591.46,-49.29,-62.75,15.50,2,sl
C<dvwapxsd_2,C<dvwap#sd,2022-11-02,2022-11-02,2022-11-04,1,4640.75,4654.00,13.25,-62.75,38.50,3,signal
C<wvwapxsd_4,C<wvwap#sd,2022-10-31,2022-10-31,2022-11-04,1,4756.50,4654.00,-102.50,-178.50,45.25,5,signal
C<wvwapxsd_4,C<wvwap#sd,2022-11-04,2022-11-04,2022-11-07,1,4654.00,4689.75,35.75,-42.00,41.50,2,signal
P_HixDD>x&RSIx_2,P_Hi#DD>#&RSI#<#,2022-11-02,2022-11-02,2022-11-07,1,4640.75,4689.75,49.00,-62.75,54.75,4,signal
P_HixDD>x&RSIx_3,P_Hi#DD>#&RSI#<#,2022-11-02,2022-11-02,2022-11-07,1,4640.75,4689.75,49.00,-62.75,54.75,4,signal
IBS<x_3,IBS<#,2022-11-01,2022-11-01,2022-11-07,1,4738.75,4689.75,-49.00,-160.75,42.00,5,signal
D01_4,D01,2022-11-02,2022-11-02,2022-11-07,1,4640.75,4689.75,49.00,-62.75,54.75,4,signal
CloseAtxdLow_3,CloseAt#dLow,2022-11-02,2022-11-02,2022-11-07,1,4640.75,4689.75,49.00,-62.75,54.75,4,signal
P_HixDD>x&IBS<_2,P_Hi#DD>#&IBS<#,2022-11-01,2022-11-01,2022-11-07,1,4738.75,4689.75,-49.00,-160.75,42.00,5,signal
C06_3,C06,2022-11-07,2022-11-07,2022-11-09,1,4689.75,4687.00,-2.75,-66.00,51.00,3,breakeven
C<wvwapxsd_3,C<wvwap#sd,2022-11-09,2022-11-09,2022-11-10,1,4629.25,4779.44,150.19,-4.00,210.00,2,tp
C<wvwapxsd_4,C<wvwap#sd,2022-11-09,2022-11-09,2022-11-10,1,4629.25,4834.75,205.50,-4.00,210.00,2,signal
P_HixDD>x&RSIx_2,P_Hi#DD>#&RSI#<#,2022-11-09,2022-11-09,2022-11-10,1,4629.25,4834.75,205.50,-4.00,210.00,2,signal
P_HixDD>x&RSIx_3,P_Hi#DD>#&RSI#<#,2022-11-09,2022-11-09,2022-11-10,1,4629.25,4834.75,205.50,-4.00,210.00,2,signal
IBS<x_3,IBS<#,2022-11-09,2022-11-09,2022-11-10,1,4629.25,4834.75,205.50,-4.00,210.00,2,signal
P_HixDD>x&IBS<_2,P_Hi#DD>#&IBS<#,2022-11-09,2022-11-09,2022-11-10,1,4629.25,4834.75,205.50,-4.00,210.00,2,signal
C06_4,C06,2022-11-10,2022-11-10,2022-11-11,1,4834.75,4872.64,37.89,-10.00,48.75,2,tp
ConnorsRSI<x_2,ConnorsRSI<#,2022-11-02,2022-11-02,2022-11-11,1,4640.75,4862.54,221.79,-62.75,242.75,8,tp
C<dvwapxsd_2,C<dvwap#sd,2022-11-14,2022-11-14,2022-11-15,1,4841.25,4874.75,33.50,-7.50,83.25,2,signal
C06_3,C06,2022-11-10,2022-11-10,2022-11-15,1,4834.75,4834.75,0.00,-10.00,89.75,4,breakeven
IBS<x_3,IBS<#,2022-11-14,2022-11-14,2022-11-15,1,4841.25,4874.75,33.50,-7.50,83.25,2,signal
D01_4,D01,2022-11-14,2022-11-14,2022-11-15,1,4841.25,4874.75,33.50,-7.50,83.25,2,signal
C<wvwapxsd_1,C<wvwap#sd,2022-11-14,2022-11-14,2022-11-17,1,4841.25,4829.75,-11.50,-55.00,83.25,4,signal
C<wvwapxsd_3,C<wvwap#sd,2022-11-14,2022-11-14,2022-11-17,1,4841.25,4790.75,-50.50,-55.00,83.25,4,sl
C06_4,C06,2022-11-15,2022-11-15,2022-11-17,1,4874.75,4790.75,-84.00,-88.50,14.75,3,sl
C<wvwapxsd_4,C<wvwap#sd,2022-11-14,2022-11-14,2022-11-18,1,4841.25,4847.00,5.75,-55.00,83.25,5,signal
C<wvwapxsd_1,C<wvwap#sd,2022-11-17,2022-11-17,2022-11-22,1,4829.75,4883.75,54.00,-18.50,56.50,4,signal
C<wvwapxsd_4,C<wvwap#sd,2022-11-18,2022-11-18,2022-11-22,1,4847.00,4883.75,36.75,-35.75,39.25,3,signal
C06_4,C06,2022-11-18,2022-11-18,2022-11-22,1,4847.00,4879.93,32.93,-35.75,39.25,3,tp
IBS<x_3,IBS<#,2022-11-16,2022-11-16,2022-11-22,1,4843.25,4883.75,40.50,-57.00,43.00,5,signal
D01_1,D01,2022-11-15,2022-11-15,2022-11-22,1,4874.75,4883.75,9.00,-88.50,14.75,6,signal
C06_4,C06,2022-11-22,2022-11-22,2022-11-24,1,4883.75,4917.00,33.25,-8.00,39.25,3,tp
IBS<x_3,IBS<#,2022-11-24,2022-11-24,2022-11-25,1,4917.25,4908.00,-9.25,-18.75,2.50,2,signal
LMT_RSIx<x_xAT_2,LMT_RSI#<#_#ATR,2022-11-28,2022-11-29,2022-11-29,1,4823.42,4835.00,11.58,-8.42,40.58,1,time
LMT_RSIx<x_xAT_2,LMT_RSI#<#_#ATR,2022-11-29,2022-11-30,2022-11-30,1,4816.50,4956.25,139.75,-0.00,140.75,1,time
C<wvwapxsd_1,C<wvwap#sd,2022-11-28,2022-11-28,2022-11-30,1,4842.25,4956.25,114.00,-27.25,115.00,3,signal
C<wvwapxsd_4,C<wvwap#sd,2022-11-28,2022-11-28,2022-11-30,1,4842.25,4956.25,114.00,-27.25,115.00,3,signal
C06_2,C06,2022-11-10,2022-11-10,2022-11-30,1,4834.75,4935.79,101.04,-48.50,122.50,15,tp
P_HixDD>x&RSIx_2,P_Hi#DD>#&RSI#<#,2022-11-28,2022-11-28,2022-11-30,1,4842.25,4956.25,114.00,-27.25,115.00,3,signal
IBS<x_3,IBS<#,2022-11-28,2022-11-28,2022-11-30,1,4842.25,4956.25,114.00,-27.25,115.00,3,signal
RSIx<x_1,RSI#<#,2022-11-28,2022-11-28,2022-11-30,1,4842.25,4956.25,114.00,-27.25,115.00,3,signal
ConnorsRSI<x_1,ConnorsRSI<#,2022-11-02,2022-11-02,2022-11-30,1,4640.75,4956.25,315.50,-62.75,316.50,21,time
C06_2,C06,2022-11-30,2022-11-30,2022-12-02,1,4956.25,4882.24,-74.01,-75.75,27.50,3,sl
C06_3,C06,2022-11-22,2022-11-22,2022-12-02,1,4883.75,4883.75,0.00,-68.75,100.00,9,breakeven
C06_4,C06,2022-11-30,2022-11-30,2022-12-02,1,4956.25,4900.74,-55.51,-75.75,27.50,3,sl
LMT_RSIx<x_xAT_2,LMT_RSI#<#_#ATR,2022-12-05,2022-12-06,2022-12-06,1,4857.67,4817.50,-40.17,-62.42,30.83,1,time
IBS<x_4,IBS<#,2022-11-14,2022-11-14,2022-12-06,1,4841.25,4841.25,0.00,-55.00,142.50,17,breakeven
LMT_RSIx<x_xAT_2,LMT_RSI#<#_#ATR,2022-12-06,2022-12-07,2022-12-07,1,4799.18,4810.00,10.82,-11.43,36.07,1,time
LMT_RSIx<x_xAT_2,LMT_RSI#<#_#ATR,2022-12-07,2022-12-08,2022-12-08,1,4792.32,4839.50,47.18,-2.57,58.68,1,time
C<wvwapxsd_4,C<wvwap#sd,2022-12-05,2022-12-05,2022-12-08,1,4875.75,4839.50,-36.25,-88.00,12.75,4,signal
C06_4,C06,2022-12-08,2022-12-08,2022-12-09,1,4839.50,4863.16,23.66,-35.75,24.25,2,tp
C<dvwapxsd_2,C<dvwap#sd,2022-12-09,2022-12-09,2022-12-12,1,4810.00,4867.50,57.50,-12.25,57.75,2,signal
C<dvwapxsd_3,C<dvwap#sd,2022-11-14,2022-11-14,2022-12-12,1,4841.25,4867.50,26.25,-55.00,142.50,21,time
C<wvwapxsd_1,C<wvwap#sd,2022-12-05,2022-12-05,2022-12-12,1,4875.75,4867.50,-8.25,-88.00,12.75,6,signal
C<wvwapxsd_4,C<wvwap#sd,2022-12-08,2022-12-08,2022-12-12,1,4839.50,4867.50,28.00,-41.75,28.25,3,signal
P_HixDD>x&RSIx_2,P_Hi#DD>#&RSI#<#,2022-12-05,2022-12-05,2022-12-12,1,4875.75,4867.50,-8.25,-88.00,12.75,6,signal
P_HixDD>x&RSIx_3,P_Hi#DD>#&RSI#<#,2022-12-06,2022-12-06,2022-12-12,1,4817.50,4867.50,50.00,-29.75,50.25,5,signal
IBS<x_3,IBS<#,2022-12-05,2022-12-05,2022-12-12,1,4875.75,4867.50,-8.25,-88.00,12.75,6,signal
WRx<x_3,WR#<#,2022-12-07,2022-12-07,2022-12-12,1,4810.00,4867.50,57.50,-20.25,57.75,4,signal
CloseAtxdLow_3,CloseAt#dLow,2022-12-06,2022-12-06,2022-12-12,1,4817.50,4867.50,50.00,-29.75,50.25,5,signal
CloseAtxdLow_4,CloseAt#dLow,2022-12-06,2022-12-06,2022-12-12,1,4817.50,4867.50,50.00,-29.75,50.25,5,signal
P_HixDD>x&IBS<_2,P_Hi#DD>#&IBS<#,2022-12-09,2022-12-09,2022-12-12,1,4810.00,4867.50,57.50,-12.25,57.75,2,signal
C06_2,C06,2022-12-12,2022-12-12,2022-12-13,1,4867.50,4981.75,114.25,-8.25,154.25,2,tp
C06_4,C06,2022-12-12,2022-12-12,2022-12-13,1,4867.50,4981.75,114.25,-8.25,154.25,2,tp
P_HixDD>x&RSIx_4,P_Hi#DD>#&RSI#<#,2022-12-06,2022-12-06,2022-12-13,1,4817.50,4981.75,164.25,-29.75,204.25,6,tp
RSIx<x_1,RSI#<#,2022-12-05,2022-12-05,2022-12-13,1,4875.75,4898.00,22.25,-88.00,146.00,7,signal
ConnorsRSI<x_2,ConnorsRSI<#,2022-11-28,2022-11-28,2022-12-13,1,4842.25,5011.70,169.45,-54.50,179.50,12,tp
C06_3,C06,2022-12-12,2022-12-12,2022-12-14,1,4867.50,4867.50,0.00,-28.75,154.25,3,breakeven
IBS<x_3,IBS<#,2022-12-13,2022-12-13,2022-12-14,1,4898.00,4871.00,-27.00,-59.25,34.50,2,signal
LMT_RSIx<x_xAT_2,LMT_RSI#<#_#ATR,2022-12-15,2022-12-16,2022-12-16,1,4740.25,4719.50,-20.75,-43.25,36.00,1,time
ConnorsRSI<x_1,ConnorsRSI<#,2022-12-05,2022-12-05,2022-12-20,1,4875.75,4658.74,-217.01,-230.50,146.00,12,sl
ConnorsRSI<x_2,ConnorsRSI<#,2022-12-15,2022-12-15,2022-12-20,1,4768.75,4660.11,-108.64,-123.50,7.50,4,sl
C<wvwapxsd_4,C<wvwap#sd,2022-12-14,2022-12-14,2022-12-21,1,4871.00,4748.25,-122.75,-225.75,13.75,6,signal
WRx<x_3,WR#<#,2022-12-15,2022-12-15,2022-12-21,1,4768.75,4748.25,-20.50,-123.50,7.50,5,signal
CloseAtxdLow_4,CloseAt#dLow,2022-12-15,2022-12-15,2022-12-21,1,4768.75,4748.25,-20.50,-123.50,7.50,5,signal
C06_3,C06,2022-12-21,2022-12-21,2022-12-22,1,4748.25,4671.57,-76.68,-118.00,13.25,2,sl
C<wvwapxsd_1,C<wvwap#sd,2022-12-14,2022-12-14,2022-12-23,1,4871.00,4713.00,-158.00,-240.75,13.75,8,signal
P_HixDD>x&RSIx_3,P_Hi#DD>#&RSI#<#,2022-12-15,2022-12-15,2022-12-23,1,4768.75,4713.00,-55.75,-138.50,7.50,7,signal
P_HixDD>x&RSIx_3,P_Hi#DD>#&RSI#<#,2022-12-28,2022-12-28,2022-12-29,1,4648.50,4714.00,65.50,-2.00,76.00,2,signal
WRx<x_3,WR#<#,2022-12-28,2022-12-28,2022-12-29,1,4648.50,4714.00,65.50,-2.00,76.00,2,signal
C<wvwapxsd_4,C<wvwap#sd,2022-12-22,2022-12-22,2023-01-06,1,4691.75,4758.00,66.25,-45.50,78.75,10,signal
C<wvwapxsd_4,C<wvwap#sd,2023-01-09,2023-01-09,2023-01-11,1,4755.50,4831.50,76.00,-22.25,77.00,3,signal
IBS<x_3,IBS<#,2023-01-16,2023-01-16,2023-01-17,1,4851.50,4852.00,0.50,-9.25,25.50,2,signal
C<wvwapxsd_1,C<wvwap#sd,2023-01-16,2023-01-16,2023-01-20,1,4851.50,4829.50,-22.00,-108.00,25.50,5,signal
C<wvwapxsd_4,C<wvwap#sd,2023-01-16,2023-01-16,2023-01-20,1,4851.50,4829.50,-22.00,-108.00,25.50,5,signal
P_HixDD>x&RSIx_3,P_Hi#DD>#&RSI#<#,2023-01-18,2023-01-18,2023-01-20,1,4788.50,4829.50,41.00,-45.00,43.75,3,signal
IBS<x_2,IBS<#,2023-01-16,2023-01-16,2023-01-20,1,4851.50,4829.50,-22.00,-108.00,25.50,5,signal
IBS<x_3,IBS<#,2023-01-17,2023-01-17,2023-01-20,1,4852.00,4829.50,-22.50,-108.50,23.25,4,signal
RSIx<x_1,RSI#<#,2023-01-18,2023-01-18,2023-01-20,1,4788.50,4829.50,41.00,-45.00,43.75,3,signal
P_HixDD>x&IBS<_4,P_Hi#DD>#&IBS<#,2023-01-16,2023-01-16,2023-01-20,1,4851.50,4829.50,-22.00,-108.00,25.50,5,signal
C<wvwapxsd_3,C<wvwap#sd,2023-01-09,2023-01-09,2023-01-23,1,4755.50,4878.52,123.02,-22.25,143.00,11,tp
C06_2,C06,2023-01-20,2023-01-20,2023-01-23,1,4829.50,4897.09,67.59,-7.50,69.00,2,tp
C06_4,C06,2023-01-20,2023-01-20,2023-01-23,1,4829.50,4854.85,25.35,-7.50,69.00,2,tp
CloseAtxdLow_2,CloseAt#dLow,2023-01-19,2023-01-19,2023-01-23,1,4758.50,4892.98,134.48,-5.00,140.00,3,tp
C06_3,C06,2022-12-23,2022-12-23,2023-01-24,1,4713.00,4872.25,159.25,-66.75,185.50,21,time
C06_4,C06,2023-01-26,2023-01-26,2023-01-27,1,4916.50,4940.57,24.07,-17.50,34.50,2,tp
C<wvwapxsd_1,C<wvwap#sd,2023-01-30,2023-01-30,2023-01-31,1,4875.00,4932.00,57.00,-25.75,58.00,2,signal
C<wvwapxsd_4,C<wvwap#sd,2023-01-30,2023-01-30,2023-01-31,1,4875.00,4932.00,57.00,-25.75,58.00,2,signal
IBS<x_2,IBS<#,2023-01-30,2023-01-30,2023-01-31,1,4875.00,4932.00,57.00,-25.75,58.00,2,signal
IBS<x_3,IBS<#,2023-01-30,2023-01-30,2023-01-31,1,4875.00,4932.00,57.00,-25.75,58.00,2,signal
RSIx<x_1,RSI#<#,2023-01-30,2023-01-30,2023-01-31,1,4875.00,4932.00,57.00,-25.75,58.00,2,signal
P_HixDD>x&IBS<_4,P_Hi#DD>#&IBS<#,2023-01-30,2023-01-30,2023-01-31,1,4875.00,4932.00,57.00,-25.75,58.00,2,signal
C06_2,C06,2023-01-31,2023-01-31,2023-02-01,1,4932.00,4994.66,62.66,-41.75,73.00,2,tp
C06_4,C06,2023-01-31,2023-01-31,2023-02-01,1,4932.00,4955.50,23.50,-41.75,73.00,2,tp
IBS<x_4,IBS<#,2023-01-18,2023-01-18,2023-02-01,1,4788.50,4992.61,204.11,-45.00,216.50,11,tp
C<wvwapxsd_1,C<wvwap#sd,2023-02-06,2023-02-06,2023-02-07,1,4964.50,5016.75,52.25,-24.50,65.50,2,signal
C<wvwapxsd_4,C<wvwap#sd,2023-02-06,2023-02-06,2023-02-07,1,4964.50,5016.75,52.25,-24.50,65.50,2,signal
IBS<x_3,IBS<#,2023-02-03,2023-02-03,2023-02-07,1,4989.50,5016.75,27.25,-49.50,40.50,3,signal
C06_4,C06,2023-02-07,2023-02-07,2023-02-08,1,5016.75,4967.53,-49.22,-53.75,4.25,2,sl
C06_2,C06,2023-02-07,2023-02-07,2023-02-09,1,5016.75,4951.12,-65.62,-96.75,4.25,3,sl
C06_3,C06,2023-01-31,2023-01-31,2023-02-09,1,4932.00,4932.00,0.00,-41.75,118.25,8,breakeven
LMT_RSIx<x_xAT_2,LMT_RSI#<#_#ATR,2023-02-09,2023-02-10,2023-02-10,1,4917.02,4941.75,24.73,-14.52,28.98,1,time
C<wvwapxsd_1,C<wvwap#sd,2023-02-08,2023-02-08,2023-02-10,1,4971.00,4941.75,-29.25,-68.50,41.00,3,signal
P_HixDD>x&RSIx_2,P_Hi#DD>#&RSI#<#,2023-02-09,2023-02-09,2023-02-10,1,4933.75,4941.75,8.00,-31.25,12.25,2,signal
IBS<x_1,IBS<#,2023-02-08,2023-02-08,2023-02-10,1,4971.00,4905.29,-65.71,-68.50,41.00,3,sl
P_HixDD>x&IBS<_1,P_Hi#DD>#&IBS<#,2023-02-08,2023-02-08,2023-02-10,1,4971.00,4941.75,-29.25,-68.50,41.00,3,signal
C<wvwapxsd_1,C<wvwap#sd,2023-02-10,2023-02-10,2023-02-13,1,4941.75,4990.00,48.25,-21.25,49.50,2,signal
C<wvwapxsd_2,C<wvwap#sd,2023-01-16,2023-01-16,2023-02-13,1,4851.50,4990.00,138.50,-108.00,198.75,21,time
C<wvwapxsd_4,C<wvwap#sd,2023-02-08,2023-02-08,2023-02-13,1,4971.00,4990.00,19.00,-68.50,41.00,4,signal
IBS<x_2,IBS<#,2023-02-08,2023-02-08,2023-02-13,1,4971.00,4990.00,19.00,-68.50,41.00,4,signal
IBS<x_3,IBS<#,2023-02-08,2023-02-08,2023-02-13,1,4971.00,4990.00,19.00,-68.50,41.00,4,signal
D01_1,D01,2023-02-10,2023-02-10,2023-02-13,1,4941.75,4990.00,48.25,-21.25,49.50,2,signal
D01_2,D01,2023-02-09,2023-02-09,2023-02-13,1,4933.75,4990.00,56.25,-31.25,57.50,3,signal
D01_4,D01,2023-02-09,2023-02-09,2023-02-13,1,4933.75,4990.00,56.25,-31.25,57.50,3,signal
CloseAtxdLow_3,CloseAt#dLow,2023-02-09,2023-02-09,2023-02-13,1,4933.75,4990.00,56.25,-31.25,57.50,3,signal
RSIx<x_1,RSI#<#,2023-02-09,2023-02-09,2023-02-13,1,4933.75,4990.00,56.25,-31.25,57.50,3,signal
P_HixDD>x&IBS<_4,P_Hi#DD>#&IBS<#,2023-02-08,2023-02-08,2023-02-13,1,4971.00,4990.00,19.00,-68.50,41.00,4,signal
C06_1,C06,2023-02-07,2023-02-07,2023-02-14,1,5016.75,4973.25,-43.50,-114.25,4.25,6,signal
C06_4,C06,2023-02-13,2023-02-13,2023-02-14,1,4990.00,5015.48,25.48,-44.50,38.25,2,tp
C06_3,C06,2023-02-13,2023-02-13,2023-02-15,1,4990.00,4963.75,-26.25,-44.50,38.25,3,breakeven
LMT_RSIx<x_xAT_2,LMT_RSI#<#_#ATR,2023-02-16,2023-02-17,2023-02-17,1,4918.00,4930.00,12.00,-20.50,24.75,1,time
C<wvwapxsd_1,C<wvwap#sd,2023-02-16,2023-02-16,2023-02-17,1,4941.50,4930.00,-11.50,-44.00,1.25,2,signal
C<wvwapxsd_3,C<wvwap#sd,2023-02-09,2023-02-09,2023-02-17,1,4933.75,4900.28,-33.47,-36.25,94.50,7,sl
C06_2,C06,2023-02-13,2023-02-13,2023-02-17,1,4990.00,4918.00,-72.00,-92.50,38.25,5,sl
P_HixDD>x&RSIx_2,P_Hi#DD>#&RSI#<#,2023-02-16,2023-02-16,2023-02-17,1,4941.50,4930.00,-11.50,-44.00,1.25,2,signal
P_HixDD>x&IBS<_1,P_Hi#DD>#&IBS<#,2023-02-16,2023-02-16,2023-02-17,1,4941.50,4930.00,-11.50,-44.00,1.25,2,signal
LMT_RSIx<x_xAT_2,LMT_RSI#<#_#ATR,2023-02-20,2023-02-21,2023-02-21,1,4887.00,4848.00,-39.00,-43.25,32.50,1,time
C<dvwapxsd_1,C<dvwap#sd,2023-02-08,2023-02-08,2023-02-21,1,4971.00,4872.43,-98.57,-127.25,57.25,10,sl
C<wvwapxsd_3,C<wvwap#sd,2023-02-20,2023-02-20,2023-02-21,1,4917.50,4885.16,-32.34,-73.75,2.00,2,sl
P_HixDD>x&RSIx_4,P_Hi#DD>#&RSI#<#,2023-02-20,2023-02-20,2023-02-21,1,4917.50,4852.81,-64.69,-73.75,2.00,2,sl
IBS<x_1,IBS<#,2023-02-16,2023-02-16,2023-02-21,1,4941.50,4872.11,-69.39,-97.75,1.25,4,sl
IBS<x_4,IBS<#,2023-02-16,2023-02-16,2023-02-21,1,4941.50,4872.11,-69.39,-97.75,1.25,4,sl
LMT_RSIx<x_xAT_2,LMT_RSI#<#_#ATR,2023-02-21,2023-02-22,2023-02-22,1,4831.33,4842.00,10.67,-5.83,35.42,1,time
D01_3,D01,2023-02-10,2023-02-10,2023-02-22,1,4941.75,4842.77,-98.98,-116.25,86.50,9,sl
LMT_RSIx<x_xAT_2,LMT_RSI#<#_#ATR,2023-02-22,2023-02-23,2023-02-23,1,4825.87,4860.25,34.38,-9.87,50.13,1,time
WRx<x_3,WR#<#,2023-02-21,2023-02-21,2023-02-23,1,4848.00,4860.25,12.25,-32.00,28.00,3,signal
WRx<x_4,WR#<#,2023-02-21,2023-02-21,2023-02-23,1,4848.00,4860.25,12.25,-32.00,28.00,3,signal
P_HixDD>x&IBS<_4,P_Hi#DD>#&IBS<#,2023-02-16,2023-02-16,2023-02-23,1,4941.50,4860.25,-81.25,-125.50,1.25,6,signal
LMT_RSIx<x_xAT_4,LMT_RSI#<#_#ATR,2023-02-20,2023-02-21,2023-02-24,1,4868.98,4802.32,-66.66,-79.73,50.52,4,sl
C06_4,C06,2023-02-23,2023-02-23,2023-02-24,1,4860.25,4807.00,-53.25,-71.00,4.75,2,sl
WRx<x_2,WR#<#,2023-02-21,2023-02-21,2023-02-24,1,4848.00,4807.00,-41.00,-58.75,28.00,4,trail
CloseAtxdLow_2,CloseAt#dLow,2023-02-09,2023-02-09,2023-02-24,1,4933.75,4799.88,-133.88,-144.50,94.50,12,sl
RSIx<x_1,RSI#<#,2023-02-16,2023-02-16,2023-02-24,1,4941.50,4802.73,-138.77,-152.25,1.25,7,sl
C<dvwapxsd_3,C<dvwap#sd,2023-01-30,2023-01-30,2023-02-27,1,4875.00,4830.00,-45.00,-85.75,175.25,21,time
C<wvwapxsd_4,C<wvwap#sd,2023-02-16,2023-02-16,2023-02-27,1,4941.50,4830.00,-111.50,-152.25,1.25,8,signal
IBS<x_2,IBS<#,2023-02-16,2023-02-16,2023-02-27,1,4941.50,4830.00,-111.50,-152.25,1.25,8,signal
P_HixDD>x&RSIx_3,P_Hi#DD>#&RSI#<#,2023-02-20,2023-02-20,2023-03-01,1,4917.50,4788.12,-129.38,-132.75,2.00,8,sl
C<dvwapxsd_2,C<dvwap#sd,2023-02-28,2023-02-28,2023-03-02,1,4813.75,4828.00,14.25,-47.00,23.25,3,signal
C<wvwapxsd_1,C<wvwap#sd,2023-02-17,2023-02-17,2023-03-02,1,4930.00,4828.00,-102.00,-163.25,1.00,10,signal
C<wvwapxsd_4,C<wvwap#sd,2023-02-27,2023-02-27,2023-03-02,1,4830.00,4828.00,-2.00,-63.25,15.50,4,signal
P_HixDD>x&RSIx_2,P_Hi#DD>#&RSI#<#,2023-02-17,2023-02-17,2023-03-02,1,4930.00,4828.00,-102.00,-163.25,1.00,10,signal
P_HixDD>x&RSIx_3,P_Hi#DD>#&RSI#<#,2023-03-01,2023-03-01,2023-03-02,1,4799.50,4828.00,28.50,-32.75,37.50,2,signal
P_HixDD>x&RSIx_4,P_Hi#DD>#&RSI#<#,2023-02-21,2023-02-21,2023-03-02,1,4848.00,4776.75,-71.25,-81.25,28.00,8,sl
IBS<x_1,IBS<#,2023-02-21,2023-02-21,2023-03-02,1,4848.00,4776.75,-71.25,-81.25,28.00,8,sl
IBS<x_3,IBS<#,2023-02-16,2023-02-16,2023-03-02,1,4941.50,4828.00,-113.50,-174.75,1.25,11,time
IBS<x_4,IBS<#,2023-02-21,2023-02-21,2023-03-02,1,4848.00,4776.75,-71.25,-81.25,28.00,8,sl
WRx<x_1,WR#<#,2023-02-21,2023-02-21,2023-03-02,1,4848.00,4776.75,-71.25,-81.25,28.00,8,sl
WRx<x_3,WR#<#,2023-03-01,2023-03-01,2023-03-02,1,4799.50,4828.00,28.50,-32.75,37.50,2,signal
CloseAtxdLow_4,CloseAt#dLow,2023-02-17,2023-02-17,2023-03-02,1,4930.00,4828.00,-102.00,-163.25,1.00,10,signal
P_HixDD>x&IBS<_1,P_Hi#DD>#&IBS<#,2023-02-21,2023-02-21,2023-03-02,1,4848.00,4828.00,-20.00,-81.25,28.00,8,signal
P_HixDD>x&IBS<_2,P_Hi#DD>#&IBS<#,2023-02-21,2023-02-21,2023-03-02,1,4848.00,4828.00,-20.00,-81.25,28.00,8,signal
P_HixDD>x&IBS<_4,P_Hi#DD>#&IBS<#,2023-02-27,2023-02-27,2023-03-02,1,4830.00,4828.00,-2.00,-63.25,15.50,4,signal
ConnorsRSI<x_3,ConnorsRSI<#,2023-02-21,2023-02-21,2023-03-02,1,4848.00,4776.75,-71.25,-81.25,28.00,8,sl
LMT_RSIx<x_xAT_1,LMT_RSI#<#_#ATR,2023-02-20,2023-02-21,2023-03-03,1,4868.98,4891.00,22.02,-102.23,50.52,9,signal
LMT_RSIx<x_xAT_3,LMT_RSI#<#_#ATR,2023-02-21,2023-02-22,2023-03-03,1,4831.33,4891.00,59.67,-64.58,63.42,8,signal
C06_2,C06,2023-03-02,2023-03-02,2023-03-03,1,4828.00,4887.48,59.48,-12.25,66.75,2,tp
D01_2,D01,2023-02-16,2023-02-16,2023-03-03,1,4941.50,4891.00,-50.50,-174.75,1.25,12,signal
CloseAtxdLow_3,CloseAt#dLow,2023-02-17,2023-02-17,2023-03-03,1,4930.00,4891.00,-39.00,-163.25,1.00,11,time
RSIx<x_1,RSI#<#,2023-02-24,2023-02-24,2023-03-03,1,4817.50,4891.00,73.50,-50.75,77.25,6,signal
RSIx<x_2,RSI#<#,2023-02-21,2023-02-21,2023-03-03,1,4848.00,4846.75,-1.25,-81.25,28.00,9,signal
RSIx<x_3,RSI#<#,2023-02-21,2023-02-21,2023-03-06,1,4848.00,4899.50,51.50,-81.25,76.25,10,tp
C06_3,C06,2023-03-02,2023-03-02,2023-03-07,1,4828.00,4828.00,0.00,-12.25,96.25,4,breakeven
IBS<x_1,IBS<#,2023-03-06,2023-03-06,2023-03-07,1,4894.00,4834.46,-59.54,-69.75,12.25,2,sl
IBS<x_1,IBS<#,2023-03-07,2023-03-07,2023-03-09,1,4831.25,4772.11,-59.14,-80.00,30.25,3,sl
IBS<x_4,IBS<#,2023-03-07,2023-03-07,2023-03-09,1,4831.25,4772.11,-59.14,-80.00,30.25,3,sl
P_HixDD>x&IBS<_4,P_Hi#DD>#&IBS<#,2023-03-06,2023-03-06,2023-03-09,1,4894.00,4774.93,-119.07,-142.75,12.25,4,sl
C<dvwapxsd_1,C<dvwap#sd,2023-02-21,2023-02-21,2023-03-10,1,4848.00,4748.01,-99.99,-160.00,76.25,14,sl
C<wvwapxsd_2,C<wvwap#sd,2023-02-16,2023-02-16,2023-03-10,1,4941.50,4733.34,-208.16,-253.50,1.25,17,sl
P_HixDD>x&RSIx_3,P_Hi#DD>#&RSI#<#,2023-03-07,2023-03-07,2023-03-10,1,4831.25,4712.98,-118.27,-143.25,30.25,4,sl
IBS<x_1,IBS<#,2023-03-09,2023-03-09,2023-03-10,1,4762.00,4703.26,-58.74,-74.00,21.50,2,sl
WRx<x_1,WR#<#,2023-03-09,2023-03-09,2023-03-10,1,4762.00,4703.26,-58.74,-74.00,21.50,2,sl
RSIx<x_1,RSI#<#,2023-03-07,2023-03-07,2023-03-10,1,4831.25,4712.98,-118.27,-143.25,30.25,4,sl
P_HixDD>x&IBS<_1,P_Hi#DD>#&IBS<#,2023-03-06,2023-03-06,2023-03-10,1,4894.00,4715.39,-178.61,-206.00,12.25,5,sl
ConnorsRSI<x_1,ConnorsRSI<#,2023-02-16,2023-02-16,2023-03-10,1,4941.50,4733.34,-208.16,-253.50,1.25,17,sl
LMT_RSIx<x_xAT_4,LMT_RSI#<#_#ATR,2023-03-09,2023-03-10,2023-03-13,1,4717.95,4659.25,-58.70,-71.70,65.55,2,trail
CloseAtxdLow_2,CloseAt#dLow,2023-02-24,2023-02-24,2023-03-13,1,4817.50,4659.25,-158.25,-171.25,106.75,12,sl
RSIx<x_3,RSI#<#,2023-03-09,2023-03-09,2023-03-13,1,4762.00,4659.25,-102.75,-115.75,21.50,3,sl
C<wvwapxsd_4,C<wvwap#sd,2023-03-06,2023-03-06,2023-03-14,1,4894.00,4759.75,-134.25,-247.75,12.25,7,signal
IBS<x_2,IBS<#,2023-03-06,2023-03-06,2023-03-14,1,4894.00,4759.75,-134.25,-247.75,12.25,7,signal
WRx<x_3,WR#<#,2023-03-09,2023-03-09,2023-03-14,1,4762.00,4759.75,-2.25,-115.75,21.50,4,signal
RSIx<x_3,RSI#<#,2023-03-13,2023-03-13,2023-03-14,1,4696.00,4750.25,54.25,-4.00,83.50,2,tp
C<wvwapxsd_1,C<wvwap#sd,2023-03-06,2023-03-06,2023-03-15,1,4894.00,4735.75,-158.25,-247.75,12.25,8,signal
C06_3,C06,2023-03-14,2023-03-14,2023-03-15,1,4759.75,4695.10,-64.65,-87.75,11.25,2,sl
P_HixDD>x&RSIx_3,P_Hi#DD>#&RSI#<#,2023-03-10,2023-03-10,2023-03-15,1,4704.25,4735.75,31.50,-58.00,75.25,4,signal
RSIx<x_2,RSI#<#,2023-03-13,2023-03-13,2023-03-15,1,4696.00,4697.75,1.75,-4.00,83.50,3,signal
P_HixDD>x&IBS<_1,P_Hi#DD>#&IBS<#,2023-03-10,2023-03-10,2023-03-15,1,4704.25,4735.75,31.50,-58.00,75.25,4,signal
D01_2,D01,2023-03-07,2023-03-07,2023-03-16,1,4831.25,4801.75,-29.50,-185.00,30.25,8,signal
IBS<x_1,IBS<#,2023-03-10,2023-03-10,2023-03-20,1,4704.25,4704.25,0.00,-58.00,112.00,7,breakeven
WRx<x_1,WR#<#,2023-03-10,2023-03-10,2023-03-20,1,4704.25,4704.25,0.00,-58.00,112.00,7,breakeven
P_HixDD>x&IBS<_1,P_Hi#DD>#&IBS<#,2023-03-22,2023-03-22,2023-03-24,1,4776.00,4809.50,33.50,-32.00,70.50,3,signal
C<wvwapxsd_4,C<wvwap#sd,2023-03-22,2023-03-22,2023-03-27,1,4776.00,4817.25,41.25,-32.00,70.50,4,signal
C<wvwapxsd_4,C<wvwap#sd,2023-03-27,2023-03-27,2023-03-29,1,4817.25,4865.75,48.50,-29.50,51.00,3,signal
C<dvwapxsd_1,C<dvwap#sd,2023-03-10,2023-03-10,2023-03-30,1,4704.25,4892.00,187.75,-58.00,190.50,15,tp
C06_4,C06,2023-03-29,2023-03-29,2023-03-31,1,4865.75,4897.25,31.50,-6.25,82.50,3,tp
IBS<x_1,IBS<#,2023-03-22,2023-03-22,2023-03-31,1,4776.00,4929.68,153.68,-32.00,172.25,8,tp
C<wvwapxsd_1,C<wvwap#sd,2023-04-04,2023-04-04,2023-04-06,1,4937.25,4939.50,2.25,-33.75,5.25,3,signal
C<wvwapxsd_4,C<wvwap#sd,2023-04-04,2023-04-04,2023-04-06,1,4937.25,4939.50,2.25,-33.75,5.25,3,signal
C06_1,C06,2023-04-06,2023-04-06,2023-04-11,1,4939.50,4949.25,9.75,-33.75,14.25,3,signal
C06_4,C06,2023-04-06,2023-04-06,2023-04-12,1,4939.50,4966.08,26.58,-33.75,45.25,4,tp
C<wvwapxsd_1,C<wvwap#sd,2023-04-12,2023-04-12,2023-04-13,1,4927.75,4980.25,52.50,-10.50,56.25,2,signal
C<wvwapxsd_4,C<wvwap#sd,2023-04-12,2023-04-12,2023-04-13,1,4927.75,4980.25,52.50,-10.50,56.25,2,signal
IBS<x_2,IBS<#,2023-04-12,2023-04-12,2023-04-13,1,4927.75,4980.25,52.50,-10.50,56.25,2,signal
IBS<x_3,IBS<#,2023-04-12,2023-04-12,2023-04-13,1,4927.75,4980.25,52.50,-10.50,56.25,2,signal
RSIx<x_1,RSI#<#,2023-04-12,2023-04-12,2023-04-13,1,4927.75,4980.25,52.50,-10.50,56.25,2,signal
P_HixDD>x&IBS<_3,P_Hi#DD>#&IBS<#,2023-04-12,2023-04-12,2023-04-13,1,4927.75,4980.25,52.50,-10.50,56.25,2,signal
P_HixDD>x&IBS<_4,P_Hi#DD>#&IBS<#,2023-04-12,2023-04-12,2023-04-13,1,4927.75,4980.25,52.50,-10.50,56.25,2,signal
C06_1,C06,2023-04-13,2023-04-13,2023-04-17,1,4980.25,4968.00,-12.25,-35.25,15.75,3,signal
C06_4,C06,2023-04-13,2023-04-13,2023-04-18,1,4980.25,5002.85,22.60,-35.25,25.00,4,tp
LMT_RSIx<x_xAT_2,LMT_RSI#<#_#ATR,2023-04-20,2023-04-21,2023-04-21,1,4948.52,4963.00,14.48,-6.27,19.48,1,time
C<wvwapxsd_1,C<wvwap#sd,2023-04-20,2023-04-20,2023-04-21,1,4960.50,4963.00,2.50,-18.25,7.50,2,signal
C<wvwapxsd_1,C<wvwap#sd,2023-04-21,2023-04-21,2023-04-24,1,4963.00,4967.50,4.50,-22.50,8.25,2,signal
C06_3,C06,2023-03-24,2023-03-24,2023-04-24,1,4809.50,4967.50,158.00,-21.75,195.75,21,time
D01_2,D01,2023-04-20,2023-04-20,2023-04-24,1,4960.50,4967.50,7.00,-20.00,10.75,3,signal
RSIx<x_1,RSI#<#,2023-04-20,2023-04-20,2023-04-24,1,4960.50,4967.50,7.00,-20.00,10.75,3,signal
C<wvwapxsd_2,C<wvwap#sd,2023-03-27,2023-03-27,2023-04-25,1,4817.25,4900.50,83.25,-29.50,188.00,21,time
C06_4,C06,2023-04-24,2023-04-24,2023-04-25,1,4967.50,4935.35,-32.15,-68.25,1.25,2,sl
LMT_RSIx<x_xAT_2,LMT_RSI#<#_#ATR,2023-04-25,2023-04-26,2023-04-26,1,4889.38,4881.75,-7.62,-13.62,33.88,1,time
C06_2,C06,2023-04-10,2023-04-10,2023-04-26,1,4944.50,4875.99,-68.51,-68.75,60.75,13,sl
RSIx<x_4,RSI#<#,2023-04-25,2023-04-25,2023-04-26,1,4900.50,4878.25,-22.25,-24.75,22.75,2,sl
ConnorsRSI<x_4,ConnorsRSI<#,2023-04-20,2023-04-20,2023-04-26,1,4960.50,4888.63,-71.87,-84.75,10.75,5,sl
C<wvwapxsd_1,C<wvwap#sd,2023-04-25,2023-04-25,2023-04-27,1,4900.50,4961.00,60.50,-24.75,64.00,3,signal
C<wvwapxsd_4,C<wvwap#sd,2023-04-20,2023-04-20,2023-04-27,1,4960.50,4961.00,0.50,-84.75,10.75,6,signal
P_HixDD>x&RSIx_1,P_Hi#DD>#&RSI#<#,2023-04-25,2023-04-25,2023-04-27,1,4900.50,4961.00,60.50,-24.75,64.00,3,signal
P_HixDD>x&RSIx_2,P_Hi#DD>#&RSI#<#,2023-04-25,2023-04-25,2023-04-27,1,4900.50,4961.00,60.50,-24.75,64.00,3,signal
P_HixDD>x&RSIx_3,P_Hi#DD>#&RSI#<#,2023-04-25,2023-04-25,2023-04-27,1,4900.50,4961.00,60.50,-24.75,64.00,3,signal
IBS<x_2,IBS<#,2023-04-25,2023-04-25,2023-04-27,1,4900.50,4961.00,60.50,-24.75,64.00,3,signal
IBS<x_3,IBS<#,2023-04-25,2023-04-25,2023-04-27,1,4900.50,4961.00,60.50,-24.75,64.00,3,signal
WRx<x_3,WR#<#,2023-04-25,2023-04-25,2023-04-27,1,4900.50,4961.00,60.50,-24.75,64.00,3,signal
WRx<x_4,WR#<#,2023-04-25,2023-04-25,2023-04-27,1,4900.50,4961.00,60.50,-24.75,64.00,3,signal
D01_2,D01,2023-04-25,2023-04-25,2023-04-27,1,4900.50,4961.00,60.50,-24.75,64.00,3,signal
CloseAtxdLow_3,CloseAt#dLow,2023-04-25,2023-04-25,2023-04-27,1,4900.50,4961.00,60.50,-24.75,64.00,3,signal
RSIx<x_1,RSI#<#,2023-04-25,2023-04-25,2023-04-27,1,4900.50,4961.00,60.50,-24.75,64.00,3,signal
RSIx<x_3,RSI#<#,2023-04-25,2023-04-25,2023-04-27,1,4900.50,4933.88,33.38,-24.75,64.00,3,tp
RSIx<x_4,RSI#<#,2023-04-26,2023-04-26,2023-04-27,1,4881.75,4948.84,67.09,-1.00,82.75,2,tp
P_HixDD>x&IBS<_1,P_Hi#DD>#&IBS<#,2023-04-25,2023-04-25,2023-04-27,1,4900.50,4961.00,60.50,-24.75,64.00,3,signal
P_HixDD>x&IBS<_2,P_Hi#DD>#&IBS<#,2023-04-25,2023-04-25,2023-04-27,1,4900.50,4961.00,60.50,-24.75,64.00,3,signal
P_HixDD>x&IBS<_3,P_Hi#DD>#&IBS<#,2023-04-25,2023-04-25,2023-04-27,1,4900.50,4961.00,60.50,-24.75,64.00,3,signal
P_HixDD>x&IBS<_4,P_Hi#DD>#&IBS<#,2023-04-25,2023-04-25,2023-04-27,1,4900.50,4961.00,60.50,-24.75,64.00,3,signal
C06_1,C06,2023-04-24,2023-04-24,2023-04-28,1,4967.50,4951.50,-16.00,-91.75,1.25,5,signal
C06_4,C06,2023-04-27,2023-04-27,2023-04-28,1,4961.00,4978.21,17.21,-22.50,36.00,2,tp
P_HixDD>x&RSIx_4,P_Hi#DD>#&RSI#<#,2023-04-25,2023-04-25,2023-04-28,1,4900.50,4989.50,89.00,-24.75,96.50,4,tp
WRx<x_1,WR#<#,2023-04-25,2023-04-25,2023-04-28,1,4900.50,4989.50,89.00,-24.75,96.50,4,tp
CloseAtxdLow_2,CloseAt#dLow,2023-04-25,2023-04-25,2023-04-28,1,4900.50,4989.50,89.00,-24.75,96.50,4,tp
RSIx<x_2,RSI#<#,2023-04-25,2023-04-25,2023-04-28,1,4900.50,4951.50,51.00,-24.75,64.00,4,signal
ConnorsRSI<x_4,ConnorsRSI<#,2023-04-26,2023-04-26,2023-04-28,1,4881.75,4982.38,100.63,-1.00,115.25,3,tp
C06_2,C06,2023-04-27,2023-04-27,2023-05-01,1,4961.00,5006.89,45.89,-22.50,52.25,3,tp
C06_3,C06,2023-04-27,2023-04-27,2023-05-02,1,4961.00,4961.00,0.00,-48.50,52.25,4,breakeven
WRx<x_2,WR#<#,2023-04-25,2023-04-25,2023-05-02,1,4900.50,4968.75,68.25,-24.75,112.75,6,trail
C<dvwapxsd_1,C<dvwap#sd,2023-04-04,2023-04-04,2023-05-03,1,4937.25,4914.50,-22.75,-61.50,76.00,21,time
LMT_RSIx<x_xAT_2,LMT_RSI#<#_#ATR,2023-05-03,2023-05-04,2023-05-04,1,4902.25,4884.25,-18.00,-33.00,22.75,1,time
C<dvwapxsd_4,C<dvwap#sd,2023-05-03,2023-05-03,2023-05-04,1,4914.50,4890.51,-23.99,-45.25,10.50,2,sl
IBS<x_4,IBS<#,2023-04-25,2023-04-25,2023-05-04,1,4900.50,4900.50,0.00,-31.25,112.75,8,breakeven
D01_3,D01,2023-04-27,2023-04-27,2023-05-04,1,4961.00,4892.17,-68.83,-91.75,52.25,6,sl
ConnorsRSI<x_4,ConnorsRSI<#,2023-05-02,2023-05-02,2023-05-04,1,4944.25,4872.70,-71.55,-75.00,29.75,3,sl
C<wvwapxsd_4,C<wvwap#sd,2023-05-01,2023-05-01,2023-05-05,1,4991.75,4958.75,-33.00,-122.50,6.75,5,signal
P_HixDD>x&RSIx_1,P_Hi#DD>#&RSI#<#,2023-05-03,2023-05-03,2023-05-05,1,4914.50,4958.75,44.25,-45.25,55.75,3,signal
IBS<x_2,IBS<#,2023-05-01,2023-05-01,2023-05-05,1,4991.75,4958.75,-33.00,-122.50,6.75,5,signal
IBS<x_3,IBS<#,2023-05-01,2023-05-01,2023-05-05,1,4991.75,4958.75,-33.00,-122.50,6.75,5,signal
D01_2,D01,2023-05-01,2023-05-01,2023-05-05,1,4991.75,4958.75,-33.00,-122.50,6.75,5,signal
RSIx<x_1,RSI#<#,2023-05-02,2023-05-02,2023-05-05,1,4944.25,4958.75,14.50,-75.00,29.75,4,signal
RSIx<x_3,RSI#<#,2023-05-04,2023-05-04,2023-05-05,1,4884.25,4921.50,37.25,-5.75,86.00,2,tp
P_HixDD>x&IBS<_3,P_Hi#DD>#&IBS<#,2023-05-03,2023-05-03,2023-05-05,1,4914.50,4958.75,44.25,-45.25,55.75,3,signal
P_HixDD>x&IBS<_4,P_Hi#DD>#&IBS<#,2023-05-03,2023-05-03,2023-05-05,1,4914.50,4958.75,44.25,-45.25,55.75,3,signal
C06_1,C06,2023-05-05,2023-05-05,2023-05-09,1,4958.75,4942.50,-16.25,-14.25,9.25,3,signal
LMT_RSIx<x_xAT_4,LMT_RSI#<#_#ATR,2023-05-03,2023-05-04,2023-05-10,1,4878.52,4921.31,42.79,-9.27,101.73,5,trail
C<dvwapxsd_3,C<dvwap#sd,2023-04-12,2023-04-12,2023-05-10,1,4927.75,4959.50,31.75,-58.50,85.50,21,time
C<wvwapxsd_4,C<wvwap#sd,2023-05-09,2023-05-09,2023-05-10,1,4941.50,4959.50,18.00,-22.25,38.75,2,signal
C06_4,C06,2023-05-05,2023-05-05,2023-05-10,1,4958.75,4920.06,-38.69,-39.50,21.50,4,sl
IBS<x_1,IBS<#,2023-04-12,2023-04-12,2023-05-10,1,4927.75,4959.50,31.75,-58.50,85.50,21,time
D01_2,D01,2023-05-09,2023-05-09,2023-05-10,1,4941.50,4959.50,18.00,-22.25,38.75,2,signal
P_HixDD>x&IBS<_4,P_Hi#DD>#&IBS<#,2023-05-09,2023-05-09,2023-05-10,1,4941.50,4959.50,18.00,-22.25,38.75,2,signal
C<wvwapxsd_1,C<wvwap#sd,2023-05-01,2023-05-01,2023-05-11,1,4991.75,4951.00,-40.75,-122.50,6.75,9,signal
P_HixDD>x&RSIx_3,P_Hi#DD>#&RSI#<#,2023-05-03,2023-05-03,2023-05-11,1,4914.50,4951.00,36.50,-45.25,65.75,7,signal
P_HixDD>x&IBS<_1,P_Hi#DD>#&IBS<#,2023-05-03,2023-05-03,2023-05-11,1,4914.50,4951.00,36.50,-45.25,65.75,7,signal
C06_4,C06,2023-05-10,2023-05-10,2023-05-12,1,4959.50,4921.84,-37.66,-40.75,16.00,3,sl
C<wvwapxsd_1,C<wvwap#sd,2023-05-12,2023-05-12,2023-05-15,1,4945.00,4958.50,13.50,-15.00,18.25,2,signal
P_HixDD>x&IBS<_3,P_Hi#DD>#&IBS<#,2023-05-09,2023-05-09,2023-05-15,1,4941.50,4958.50,17.00,-22.75,38.75,5,signal
C06_1,C06,2023-05-10,2023-05-10,2023-05-16,1,4959.50,4946.00,-13.50,-40.75,16.00,5,signal
C<dvwapxsd_4,C<dvwap#sd,2023-05-16,2023-05-16,2023-05-17,1,4930.00,4954.62,24.62,-3.00,56.00,2,tp
C<wvwapxsd_1,C<wvwap#sd,2023-05-16,2023-05-16,2023-05-17,1,4930.00,4979.25,49.25,-3.00,56.00,2,signal
C<wvwapxsd_4,C<wvwap#sd,2023-05-12,2023-05-12,2023-05-17,1,4945.00,4979.25,34.25,-18.00,41.00,4,signal
C06_4,C06,2023-05-15,2023-05-15,2023-05-17,1,4958.50,4977.06,18.56,-31.50,27.50,3,tp
P_HixDD>x&RSIx_1,P_Hi#DD>#&RSI#<#,2023-05-16,2023-05-16,2023-05-17,1,4930.00,4979.25,49.25,-3.00,56.00,2,signal
P_HixDD>x&RSIx_4,P_Hi#DD>#&RSI#<#,2023-05-04,2023-05-04,2023-05-17,1,4884.25,4982.12,97.88,-5.75,101.75,10,tp
IBS<x_2,IBS<#,2023-05-16,2023-05-16,2023-05-17,1,4930.00,4979.25,49.25,-3.00,56.00,2,signal
D01_2,D01,2023-05-16,2023-05-16,2023-05-17,1,4930.00,4979.25,49.25,-3.00,56.00,2,signal
RSIx<x_1,RSI#<#,2023-05-16,2023-05-16,2023-05-17,1,4930.00,4979.25,49.25,-3.00,56.00,2,signal
P_HixDD>x&IBS<_1,P_Hi#DD>#&IBS<#,2023-05-16,2023-05-16,2023-05-17,1,4930.00,4979.25,49.25,-3.00,56.00,2,signal
P_HixDD>x&IBS<_3,P_Hi#DD>#&IBS<#,2023-05-16,2023-05-16,2023-05-17,1,4930.00,4979.25,49.25,-3.00,56.00,2,signal
P_HixDD>x&IBS<_4,P_Hi#DD>#&IBS<#,2023-05-16,2023-05-16,2023-05-17,1,4930.00,4979.25,49.25,-3.00,56.00,2,signal
C06_2,C06,2023-05-05,2023-05-05,2023-05-18,1,4958.75,5010.34,51.59,-40.00,63.75,10,tp
C06_4,C06,2023-05-17,2023-05-17,2023-05-18,1,4979.25,4998.13,18.88,-11.00,43.25,2,tp
D01_1,D01,2023-05-17,2023-05-17,2023-05-18,1,4979.25,5018.25,39.00,-11.00,43.25,2,signal
ConnorsRSI<x_1,ConnorsRSI<#,2023-04-20,2023-04-20,2023-05-18,1,4960.50,5018.25,57.75,-91.25,62.00,21,time
ConnorsRSI<x_4,ConnorsRSI<#,2023-05-04,2023-05-04,2023-05-18,1,4884.25,4994.36,110.11,-5.75,138.25,11,tp
C06_1,C06,2023-05-17,2023-05-17,2023-05-19,1,4979.25,5026.75,47.50,-11.00,43.25,3,signal
IBS<x_1,IBS<#,2023-05-16,2023-05-16,2023-05-19,1,4930.00,5028.50,98.50,-3.00,104.25,4,tp
CloseAtxdLow_2,CloseAt#dLow,2023-05-16,2023-05-16,2023-05-19,1,4930.00,5028.50,98.50,-3.00,104.25,4,tp
C<wvwapxsd_2,C<wvwap#sd,2023-04-25,2023-04-25,2023-05-23,1,4900.50,4965.00,64.50,-31.25,133.75,21,time
LMT_RSIx<x_xAT_2,LMT_RSI#<#_#ATR,2023-05-23,2023-05-24,2023-05-24,1,4947.00,4933.75,-13.25,-26.00,26.25,1,time
C<wvwapxsd_3,C<wvwap#sd,2023-05-23,2023-05-23,2023-05-24,1,4965.00,4939.14,-25.86,-44.00,8.25,2,sl
C06_3,C06,2023-05-05,2023-05-05,2023-05-24,1,4958.75,4947.00,-11.75,-40.00,75.50,14,breakeven
IBS<x_4,IBS<#,2023-05-16,2023-05-16,2023-05-24,1,4930.00,4930.00,0.00,-9.00,104.25,7,breakeven
C<wvwapxsd_4,C<wvwap#sd,2023-05-22,2023-05-22,2023-05-25,1,5012.75,4967.00,-45.75,-91.75,17.00,4,signal
IBS<x_2,IBS<#,2023-05-23,2023-05-23,2023-05-25,1,4965.00,4967.00,2.00,-44.00,17.50,3,signal
C<wvwapxsd_1,C<wvwap#sd,2023-05-22,2023-05-22,2023-05-26,1,5012.75,5020.50,7.75,-91.75,17.00,5,signal
C<wvwapxsd_4,C<wvwap#sd,2023-05-25,2023-05-25,2023-05-26,1,4967.00,5020.50,53.50,-14.00,61.25,2,signal
C06_4,C06,2023-05-25,2023-05-25,2023-05-26,1,4967.00,4985.88,18.88,-14.00,61.25,2,tp
P_HixDD>x&RSIx_1,P_Hi#DD>#&RSI#<#,2023-05-23,2023-05-23,2023-05-26,1,4965.00,5020.50,55.50,-44.00,63.25,4,signal
P_HixDD>x&RSIx_2,P_Hi#DD>#&RSI#<#,2023-05-23,2023-05-23,2023-05-26,1,4965.00,5020.50,55.50,-44.00,63.25,4,signal
IBS<x_3,IBS<#,2023-05-23,2023-05-23,2023-05-26,1,4965.00,5020.50,55.50,-44.00,63.25,4,signal
D01_2,D01,2023-05-23,2023-05-23,2023-05-26,1,4965.00,5020.50,55.50,-44.00,63.25,4,signal
RSIx<x_1,RSI#<#,2023-05-23,2023-05-23,2023-05-26,1,4965.00,5020.50,55.50,-44.00,63.25,4,signal
P_HixDD>x&IBS<_1,P_Hi#DD>#&IBS<#,2023-05-23,2023-05-23,2023-05-26,1,4965.00,5020.50,55.50,-44.00,63.25,4,signal
P_HixDD>x&IBS<_3,P_Hi#DD>#&IBS<#,2023-05-23,2023-05-23,2023-05-26,1,4965.00,5020.50,55.50,-44.00,63.25,4,signal
P_HixDD>x&IBS<_4,P_Hi#DD>#&IBS<#,2023-05-23,2023-05-23,2023-05-26,1,4965.00,5020.50,55.50,-44.00,63.25,4,signal
C06_1,C06,2023-05-25,2023-05-25,2023-05-29,1,4967.00,5028.50,61.50,-14.00,61.25,3,signal
C06_3,C06,2023-05-26,2023-05-26,2023-05-30,1,5020.50,5020.50,0.00,-13.50,29.75,3,breakeven
LMT_RSIx<x_xAT_4,LMT_RSI#<#_#ATR,2023-05-23,2023-05-24,2023-05-31,1,4926.22,4998.30,72.08,-5.22,124.03,6,trail
C<dvwapxsd_1,C<dvwap#sd,2023-05-03,2023-05-03,2023-05-31,1,4914.50,4998.25,83.75,-45.25,135.75,21,time
C<wvwapxsd_1,C<wvwap#sd,2023-05-30,2023-05-30,2023-06-01,1,5022.00,5035.75,13.75,-41.00,24.75,3,signal
C<wvwapxsd_4,C<wvwap#sd,2023-05-30,2023-05-30,2023-06-01,1,5022.00,5035.75,13.75,-41.00,24.75,3,signal
RSIx<x_1,RSI#<#,2023-05-31,2023-05-31,2023-06-01,1,4998.25,5035.75,37.50,-13.25,48.50,2,signal
LMT_RSIx<x_xAT_3,LMT_RSI#<#_#ATR,2023-04-25,2023-04-26,2023-06-02,1,4889.38,5096.25,206.88,-20.12,215.38,28,signal
C06_2,C06,2023-05-26,2023-05-26,2023-06-02,1,5020.50,5071.69,51.19,-39.50,84.25,6,tp
C06_4,C06,2023-06-01,2023-06-01,2023-06-02,1,5035.75,5061.75,26.00,-2.00,69.00,2,tp
IBS<x_1,IBS<#,2023-05-23,2023-05-23,2023-06-02,1,4965.00,5068.43,103.43,-44.00,139.75,9,tp
D01_3,D01,2023-05-05,2023-05-05,2023-06-02,1,4958.75,5096.25,137.50,-40.00,146.00,21,time
ConnorsRSI<x_4,ConnorsRSI<#,2023-05-23,2023-05-23,2023-06-02,1,4965.00,5081.35,116.35,-44.00,139.75,9,tp
C06_1,C06,2023-06-01,2023-06-01,2023-06-05,1,5035.75,5099.00,63.25,-2.00,69.00,3,signal
C<wvwapxsd_1,C<wvwap#sd,2023-06-05,2023-06-05,2023-06-06,1,5087.50,5096.75,9.25,-12.00,14.25,2,signal
IBS<x_3,IBS<#,2023-06-05,2023-06-05,2023-06-06,1,5087.50,5096.75,9.25,-12.00,14.25,2,signal
D01_2,D01,2023-06-05,2023-06-05,2023-06-06,1,5087.50,5096.75,9.25,-12.00,14.25,2,signal
C<wvwapxsd_1,C<wvwap#sd,2023-06-07,2023-06-07,2023-06-08,1,5081.50,5104.75,23.25,-11.75,28.00,2,signal
IBS<x_3,IBS<#,2023-06-07,2023-06-07,2023-06-08,1,5081.50,5104.75,23.25,-11.75,28.00,2,signal
D01_2,D01,2023-06-07,2023-06-07,2023-06-08,1,5081.50,5104.75,23.25,-11.75,28.00,2,signal
C<wvwapxsd_4,C<wvwap#sd,2023-06-05,2023-06-05,2023-06-09,1,5087.50,5112.00,24.50,-17.75,45.00,5,signal
IBS<x_2,IBS<#,2023-06-07,2023-06-07,2023-06-09,1,5081.50,5112.00,30.50,-11.75,51.00,3,signal
C<dvwapxsd_3,C<dvwap#sd,2023-05-16,2023-05-16,2023-06-13,1,4930.00,5179.25,249.25,-9.00,256.25,21,time
C06_3,C06,2023-06-01,2023-06-01,2023-06-13,1,5035.75,5181.81,146.06,-2.00,150.50,9,tp
IBS<x_1,IBS<#,2023-06-05,2023-06-05,2023-06-13,1,5087.50,5183.73,96.23,-17.75,98.75,7,tp
C<dvwapxsd_1,C<dvwap#sd,2023-06-05,2023-06-05,2023-06-15,1,5087.50,5231.84,144.34,-17.75,161.00,9,tp
IBS<x_3,IBS<#,2023-06-16,2023-06-16,2023-06-19,1,5218.75,5211.25,-7.50,-12.75,7.25,2,signal
C<wvwapxsd_2,C<wvwap#sd,2023-05-23,2023-05-23,2023-06-20,1,4965.00,5197.00,232.00,-44.00,291.75,21,time
ConnorsRSI<x_1,ConnorsRSI<#,2023-05-23,2023-05-23,2023-06-20,1,4965.00,5197.00,232.00,-44.00,291.75,21,time
IBS<x_1,IBS<#,2023-06-16,2023-06-16,2023-06-21,1,5218.75,5169.59,-49.16,-52.25,7.25,4,sl
LMT_RSIx<x_xAT_2,LMT_RSI#<#_#ATR,2023-06-21,2023-06-22,2023-06-22,1,5160.98,5186.75,25.77,-4.98,26.52,1,time
C<wvwapxsd_1,C<wvwap#sd,2023-06-19,2023-06-19,2023-06-22,1,5211.25,5186.75,-24.50,-55.25,2.75,4,signal
P_HixDD>x&RSIx_2,P_Hi#DD>#&RSI#<#,2023-06-21,2023-06-21,2023-06-22,1,5172.50,5186.75,14.25,-16.50,15.00,2,signal
D01_2,D01,2023-06-21,2023-06-21,2023-06-22,1,5172.50,5186.75,14.25,-16.50,15.00,2,signal
RSIx<x_1,RSI#<#,2023-06-20,2023-06-20,2023-06-22,1,5197.00,5186.75,-10.25,-41.00,4.50,3,signal
P_HixDD>x&IBS<_1,P_Hi#DD>#&IBS<#,2023-06-21,2023-06-21,2023-06-22,1,5172.50,5186.75,14.25,-16.50,15.00,2,signal
P_HixDD>x&IBS<_4,P_Hi#DD>#&IBS<#,2023-06-21,2023-06-21,2023-06-22,1,5172.50,5186.75,14.25,-16.50,15.00,2,signal
C<dvwapxsd_1,C<dvwap#sd,2023-06-16,2023-06-16,2023-06-23,1,5218.75,5145.01,-73.74,-74.25,7.25,6,sl
LMT_RSIx<x_xAT_2,LMT_RSI#<#_#ATR,2023-06-23,2023-06-26,2023-06-26,1,5142.36,5134.25,-8.11,-10.86,23.64,1,time
C<wvwapxsd_1,C<wvwap#sd,2023-06-23,2023-06-23,2023-06-27,1,5153.25,5181.00,27.75,-21.75,34.50,3,signal
C<wvwapxsd_4,C<wvwap#sd,2023-06-19,2023-06-19,2023-06-27,1,5211.25,5181.00,-30.25,-79.75,2.75,7,signal
P_HixDD>x&RSIx_1,P_Hi#DD>#&RSI#<#,2023-06-21,2023-06-21,2023-06-27,1,5172.50,5181.00,8.50,-41.00,17.50,5,signal
P_HixDD>x&RSIx_2,P_Hi#DD>#&RSI#<#,2023-06-23,2023-06-23,2023-06-27,1,5153.25,5181.00,27.75,-21.75,34.50,3,signal
P_HixDD>x&RSIx_3,P_Hi#DD>#&RSI#<#,2023-06-23,2023-06-23,2023-06-27,1,5153.25,5181.00,27.75,-21.75,34.50,3,signal
IBS<x_2,IBS<#,2023-06-16,2023-06-16,2023-06-27,1,5218.75,5181.00,-37.75,-87.25,7.25,8,signal
IBS<x_3,IBS<#,2023-06-21,2023-06-21,2023-06-27,1,5172.50,5181.00,8.50,-41.00,17.50,5,signal
WRx<x_3,WR#<#,2023-06-26,2023-06-26,2023-06-27,1,5134.25,5181.00,46.75,-0.25,53.50,2,signal
WRx<x_4,WR#<#,2023-06-26,2023-06-26,2023-06-27,1,5134.25,5181.00,46.75,-0.25,53.50,2,signal
CloseAtxdLow_3,CloseAt#dLow,2023-06-21,2023-06-21,2023-06-27,1,5172.50,5181.00,8.50,-41.00,17.50,5,signal
CloseAtxdLow_4,CloseAt#dLow,2023-06-26,2023-06-26,2023-06-27,1,5134.25,5181.00,46.75,-0.25,53.50,2,signal
P_HixDD>x&IBS<_1,P_Hi#DD>#&IBS<#,2023-06-26,2023-06-26,2023-06-27,1,5134.25,5181.00,46.75,-0.25,53.50,2,signal
P_HixDD>x&IBS<_2,P_Hi#DD>#&IBS<#,2023-06-26,2023-06-26,2023-06-27,1,5134.25,5181.00,46.75,-0.25,53.50,2,signal
P_HixDD>x&IBS<_3,P_Hi#DD>#&IBS<#,2023-06-21,2023-06-21,2023-06-27,1,5172.50,5181.00,8.50,-41.00,17.50,5,signal
P_HixDD>x&IBS<_4,P_Hi#DD>#&IBS<#,2023-06-26,2023-06-26,2023-06-27,1,5134.25,5181.00,46.75,-0.25,53.50,2,signal
C<wvwapxsd_3,C<wvwap#sd,2023-06-26,2023-06-26,2023-06-29,1,5134.25,5199.91,65.66,-0.25,66.50,4,tp
D01_2,D01,2023-06-23,2023-06-23,2023-06-29,1,5153.25,5199.50,46.25,-21.75,47.50,5,signal
RSIx<x_1,RSI#<#,2023-06-23,2023-06-23,2023-06-29,1,5153.25,5199.50,46.25,-21.75,47.50,5,signal
P_HixDD>x&RSIx_4,P_Hi#DD>#&RSI#<#,2023-06-26,2023-06-26,2023-06-30,1,5134.25,5231.25,97.00,-0.25,126.75,5,tp
WRx<x_1,WR#<#,2023-06-26,2023-06-26,2023-06-30,1,5134.25,5231.25,97.00,-0.25,126.75,5,tp
C<wvwapxsd_1,C<wvwap#sd,2023-07-05,2023-07-05,2023-07-06,1,5246.50,5209.50,-37.00,-64.00,0.75,2,signal
WRx<x_2,WR#<#,2023-06-26,2023-06-26,2023-07-06,1,5134.25,5206.75,72.50,-0.25,126.75,9,trail
LMT_RSIx<x_xAT_2,LMT_RSI#<#_#ATR,2023-07-06,2023-07-07,2023-07-07,1,5197.75,5197.75,0.00,-3.25,41.25,1,time
LMT_RSIx<x_xAT_2,LMT_RSI#<#_#ATR,2023-07-07,2023-07-10,2023-07-10,1,5187.55,5208.50,20.95,-13.30,22.20,1,time
C<wvwapxsd_1,C<wvwap#sd,2023-07-06,2023-07-06,2023-07-10,1,5209.50,5208.50,-1.00,-35.25,29.50,3,signal
P_HixDD>x&RSIx_2,P_Hi#DD>#&RSI#<#,2023-07-06,2023-07-06,2023-07-10,1,5209.50,5208.50,-1.00,-35.25,29.50,3,signal
P_HixDD>x&IBS<_1,P_Hi#DD>#&IBS<#,2023-07-07,2023-07-07,2023-07-10,1,5197.75,5208.50,10.75,-23.50,12.00,2,signal
P_HixDD>x&IBS<_4,P_Hi#DD>#&IBS<#,2023-07-07,2023-07-07,2023-07-10,1,5197.75,5208.50,10.75,-23.50,12.00,2,signal
C<wvwapxsd_4,C<wvwap#sd,2023-07-05,2023-07-05,2023-07-11,1,5246.50,5236.00,-10.50,-72.25,0.75,5,signal
P_HixDD>x&RSIx_1,P_Hi#DD>#&RSI#<#,2023-07-06,2023-07-06,2023-07-11,1,5209.50,5236.00,26.50,-35.25,32.00,4,signal
IBS<x_2,IBS<#,2023-07-07,2023-07-07,2023-07-11,1,5197.75,5236.00,38.25,-23.50,43.75,3,signal
IBS<x_3,IBS<#,2023-07-07,2023-07-07,2023-07-11,1,5197.75,5236.00,38.25,-23.50,43.75,3,signal
D01_2,D01,2023-07-07,2023-07-07,2023-07-11,1,5197.75,5236.00,38.25,-23.50,43.75,3,signal
CloseAtxdLow_3,CloseAt#dLow,2023-07-07,2023-07-07,2023-07-11,1,5197.75,5236.00,38.25,-23.50,43.75,3,signal
RSIx<x_1,RSI#<#,2023-07-06,2023-07-06,2023-07-11,1,5209.50,5236.00,26.50,-35.25,32.00,4,signal
P_HixDD>x&IBS<_3,P_Hi#DD>#&IBS<#,2023-07-07,2023-07-07,2023-07-11,1,5197.75,5236.00,38.25,-23.50,43.75,3,signal
C<dvwapxsd_1,C<dvwap#sd,2023-06-23,2023-06-23,2023-07-12,1,5153.25,5283.98,130.73,-21.75,133.50,14,tp
IBS<x_1,IBS<#,2023-06-21,2023-06-21,2023-07-12,1,5172.50,5275.50,103.00,-41.00,114.25,16,tp
IBS<x_4,IBS<#,2023-06-26,2023-06-26,2023-07-12,1,5134.25,5275.50,141.25,-0.25,152.50,13,tp
CloseAtxdLow_2,CloseAt#dLow,2023-06-21,2023-06-21,2023-07-12,1,5172.50,5275.50,103.00,-41.00,114.25,16,tp
ConnorsRSI<x_2,ConnorsRSI<#,2023-06-21,2023-06-21,2023-07-12,1,5172.50,5276.17,103.67,-41.00,114.25,16,tp
ConnorsRSI<x_4,ConnorsRSI<#,2023-06-21,2023-06-21,2023-07-12,1,5172.50,5276.17,103.67,-41.00,114.25,16,tp
C<dvwapxsd_3,C<dvwap#sd,2023-06-16,2023-06-16,2023-07-14,1,5218.75,5302.00,83.25,-87.25,104.75,21,time
IBS<x_3,IBS<#,2023-07-14,2023-07-14,2023-07-17,1,5302.00,5317.50,15.50,-11.00,26.75,2,signal
C<wvwapxsd_2,C<wvwap#sd,2023-06-20,2023-06-20,2023-07-18,1,5197.00,5350.75,153.75,-65.50,160.50,21,time
D01_3,D01,2023-07-10,2023-07-10,2023-07-18,1,5208.50,5330.00,121.50,-6.50,149.00,7,tp
ConnorsRSI<x_1,ConnorsRSI<#,2023-06-21,2023-06-21,2023-07-19,1,5172.50,5359.00,186.50,-41.00,199.75,21,time
C<wvwapxsd_4,C<wvwap#sd,2023-07-20,2023-07-20,2023-07-24,1,5328.00,5347.25,19.25,-5.00,27.50,3,signal
IBS<x_2,IBS<#,2023-07-21,2023-07-21,2023-07-24,1,5326.75,5347.25,20.50,-3.75,28.75,2,signal
IBS<x_3,IBS<#,2023-07-20,2023-07-20,2023-07-24,1,5328.00,5347.25,19.25,-5.00,27.50,3,signal
P_HixDD>x&IBS<_3,P_Hi#DD>#&IBS<#,2023-07-20,2023-07-20,2023-07-24,1,5328.00,5347.25,19.25,-5.00,27.50,3,signal
P_HixDD>x&IBS<_4,P_Hi#DD>#&IBS<#,2023-07-20,2023-07-20,2023-07-24,1,5328.00,5347.25,19.25,-5.00,27.50,3,signal
IBS<x_1,IBS<#,2023-07-14,2023-07-14,2023-07-27,1,5302.00,5392.25,90.25,-11.00,95.50,10,tp
IBS<x_4,IBS<#,2023-07-21,2023-07-21,2023-07-27,1,5326.75,5326.75,0.00,-10.00,70.75,5,breakeven
P_HixDD>x&RSIx_1,P_Hi#DD>#&RSI#<#,2023-07-27,2023-07-27,2023-07-28,1,5326.50,5369.75,43.25,-5.50,53.00,2,signal
IBS<x_3,IBS<#,2023-07-27,2023-07-27,2023-07-28,1,5326.50,5369.75,43.25,-5.50,53.00,2,signal
D01_2,D01,2023-07-27,2023-07-27,2023-07-28,1,5326.50,5369.75,43.25,-5.50,53.00,2,signal
CloseAtxdLow_3,CloseAt#dLow,2023-07-27,2023-07-27,2023-07-28,1,5326.50,5369.75,43.25,-5.50,53.00,2,signal
RSIx<x_1,RSI#<#,2023-07-27,2023-07-27,2023-07-28,1,5326.50,5369.75,43.25,-5.50,53.00,2,signal
P_HixDD>x&IBS<_3,P_Hi#DD>#&IBS<#,2023-07-27,2023-07-27,2023-07-28,1,5326.50,5369.75,43.25,-5.50,53.00,2,signal
P_HixDD>x&IBS<_4,P_Hi#DD>#&IBS<#,2023-07-27,2023-07-27,2023-07-28,1,5326.50,5369.75,43.25,-5.50,53.00,2,signal
C<wvwapxsd_1,C<wvwap#sd,2023-07-20,2023-07-20,2023-07-31,1,5328.00,5379.00,51.00,-11.25,69.50,8,signal
P_HixDD>x&RSIx_2,P_Hi#DD>#&RSI#<#,2023-07-27,2023-07-27,2023-07-31,1,5326.50,5379.00,52.50,-5.50,55.75,3,signal
P_HixDD>x&IBS<_1,P_Hi#DD>#&IBS<#,2023-07-20,2023-07-20,2023-07-31,1,5328.00,5379.00,51.00,-11.25,69.50,8,signal
C<wvwapxsd_3,C<wvwap#sd,2023-07-27,2023-07-27,2023-08-02,1,5326.50,5306.80,-19.70,-35.75,58.25,5,sl
LMT_RSIx<x_xAT_2,LMT_RSI#<#_#ATR,2023-08-02,2023-08-03,2023-08-03,1,5276.25,5283.25,7.00,-7.50,34.25,1,time
IBS<x_1,IBS<#,2023-07-27,2023-07-27,2023-08-03,1,5326.50,5276.25,-50.25,-57.75,58.25,6,sl
LMT_RSIx<x_xAT_2,LMT_RSI#<#_#ATR,2023-08-03,2023-08-04,2023-08-04,1,5272.77,5262.25,-10.52,-16.02,50.98,1,time
WRx<x_2,WR#<#,2023-08-02,2023-08-02,2023-08-04,1,5299.25,5267.43,-31.82,-42.50,24.50,3,trail
RSIx<x_3,RSI#<#,2023-08-03,2023-08-03,2023-08-04,1,5283.25,5314.69,31.44,-26.50,40.50,2,tp
ConnorsRSI<x_4,ConnorsRSI<#,2023-07-27,2023-07-27,2023-08-04,1,5326.50,5267.40,-59.10,-69.75,58.25,7,sl
C<wvwapxsd_1,C<wvwap#sd,2023-08-01,2023-08-01,2023-08-07,1,5364.00,5301.25,-62.75,-107.25,0.50,5,signal
P_HixDD>x&RSIx_3,P_Hi#DD>#&RSI#<#,2023-08-02,2023-08-02,2023-08-07,1,5299.25,5301.25,2.00,-42.50,24.50,4,signal
WRx<x_3,WR#<#,2023-08-02,2023-08-02,2023-08-07,1,5299.25,5301.25,2.00,-42.50,24.50,4,signal
WRx<x_4,WR#<#,2023-08-04,2023-08-04,2023-08-07,1,5262.25,5301.25,39.00,-1.75,40.50,2,signal
RSIx<x_3,RSI#<#,2023-08-04,2023-08-04,2023-08-07,1,5262.25,5294.54,32.29,-1.75,40.50,2,tp
P_HixDD>x&IBS<_1,P_Hi#DD>#&IBS<#,2023-08-02,2023-08-02,2023-08-07,1,5299.25,5301.25,2.00,-42.50,24.50,4,signal
P_HixDD>x&IBS<_4,P_Hi#DD>#&IBS<#,2023-08-02,2023-08-02,2023-08-07,1,5299.25,5301.25,2.00,-42.50,24.50,4,signal
C<dvwapxsd_1,C<dvwap#sd,2023-07-14,2023-07-14,2023-08-08,1,5302.00,5246.16,-55.84,-57.00,95.50,18,sl
P_HixDD>x&RSIx_4,P_Hi#DD>#&RSI#<#,2023-08-02,2023-08-02,2023-08-08,1,5299.25,5256.18,-43.07,-54.25,24.50,5,sl
WRx<x_1,WR#<#,2023-08-02,2023-08-02,2023-08-08,1,5299.25,5256.18,-43.07,-54.25,24.50,5,sl
WRx<x_2,WR#<#,2023-08-04,2023-08-04,2023-08-08,1,5262.25,5259.70,-2.55,-17.25,42.50,3,trail
CloseAtxdLow_2,CloseAt#dLow,2023-07-27,2023-07-27,2023-08-08,1,5326.50,5247.70,-78.80,-81.50,58.25,9,sl
RSIx<x_4,RSI#<#,2023-08-04,2023-08-04,2023-08-10,1,5262.25,5240.73,-21.52,-25.75,42.50,5,sl
LMT_RSIx<x_xAT_2,LMT_RSI#<#_#ATR,2023-08-10,2023-08-11,2023-08-11,1,5228.50,5245.00,16.50,-6.50,30.75,1,time
C<dvwapxsd_3,C<dvwap#sd,2023-07-14,2023-07-14,2023-08-11,1,5302.00,5245.00,-57.00,-80.00,95.50,21,time
D01_3,D01,2023-08-07,2023-08-07,2023-08-11,1,5301.25,5228.50,-72.75,-79.25,3.50,5,sl
LMT_RSIx<x_xAT_2,LMT_RSI#<#_#ATR,2023-08-11,2023-08-14,2023-08-14,1,5233.63,5269.75,36.12,-5.63,36.37,1,time
C<wvwapxsd_1,C<wvwap#sd,2023-08-09,2023-08-09,2023-08-14,1,5268.00,5269.75,1.75,-46.00,21.75,4,signal
C<wvwapxsd_4,C<wvwap#sd,2023-07-27,2023-07-27,2023-08-14,1,5326.50,5269.75,-56.75,-104.50,58.25,13,signal
P_HixDD>x&RSIx_1,P_Hi#DD>#&RSI#<#,2023-08-02,2023-08-02,2023-08-14,1,5299.25,5269.75,-29.50,-77.25,24.50,9,signal
P_HixDD>x&RSIx_3,P_Hi#DD>#&RSI#<#,2023-08-10,2023-08-10,2023-08-14,1,5249.25,5269.75,20.50,-27.25,20.75,3,signal
IBS<x_2,IBS<#,2023-07-27,2023-07-27,2023-08-14,1,5326.50,5269.75,-56.75,-104.50,58.25,13,signal
WRx<x_3,WR#<#,2023-08-10,2023-08-10,2023-08-14,1,5249.25,5269.75,20.50,-27.25,20.75,3,signal
CloseAtxdLow_1,CloseAt#dLow,2023-08-10,2023-08-10,2023-08-14,1,5249.25,5269.75,20.50,-27.25,20.75,3,signal
P_HixDD>x&IBS<_1,P_Hi#DD>#&IBS<#,2023-08-10,2023-08-10,2023-08-14,1,5249.25,5269.75,20.50,-27.25,20.75,3,signal
P_HixDD>x&IBS<_3,P_Hi#DD>#&IBS<#,2023-08-02,2023-08-02,2023-08-14,1,5299.25,5269.75,-29.50,-77.25,24.50,9,signal
P_HixDD>x&IBS<_4,P_Hi#DD>#&IBS<#,2023-08-10,2023-08-10,2023-08-14,1,5249.25,5269.75,20.50,-27.25,20.75,3,signal
C<wvwapxsd_2,C<wvwap#sd,2023-07-20,2023-07-20,2023-08-15,1,5328.00,5212.09,-115.91,-118.00,69.50,19,sl
IBS<x_1,IBS<#,2023-08-04,2023-08-04,2023-08-15,1,5262.25,5219.20,-43.05,-52.25,42.50,8,sl
IBS<x_4,IBS<#,2023-08-04,2023-08-04,2023-08-15,1,5262.25,5219.20,-43.05,-52.25,42.50,8,sl
WRx<x_2,WR#<#,2023-08-10,2023-08-10,2023-08-15,1,5249.25,5224.91,-24.34,-39.25,31.50,4,trail
RSIx<x_1,RSI#<#,2023-08-02,2023-08-02,2023-08-15,1,5299.25,5213.10,-86.15,-89.25,24.50,10,sl
C<dvwapxsd_1,C<dvwap#sd,2023-08-10,2023-08-10,2023-08-16,1,5249.25,5181.62,-67.63,-67.75,31.50,5,sl
WRx<x_1,WR#<#,2023-08-10,2023-08-10,2023-08-16,1,5249.25,5204.16,-45.09,-67.75,31.50,5,sl
D01_3,D01,2023-08-14,2023-08-14,2023-08-16,1,5269.75,5201.22,-68.53,-88.25,11.00,3,sl
RSIx<x_3,RSI#<#,2023-08-10,2023-08-10,2023-08-16,1,5249.25,5181.62,-67.63,-67.75,31.50,5,sl
ConnorsRSI<x_1,ConnorsRSI<#,2023-07-27,2023-07-27,2023-08-16,1,5326.50,5208.30,-118.20,-145.00,58.25,15,sl
ConnorsRSI<x_4,ConnorsRSI<#,2023-08-04,2023-08-04,2023-08-16,1,5262.25,5197.68,-64.57,-80.75,42.50,9,sl
LMT_RSIx<x_xAT_4,LMT_RSI#<#_#ATR,2023-08-15,2023-08-16,2023-08-17,1,5181.95,5182.43,0.48,-40.45,48.30,2,trail
IBS<x_1,IBS<#,2023-08-15,2023-08-15,2023-08-17,1,5217.00,5170.26,-46.74,-75.50,13.25,3,sl
WRx<x_2,WR#<#,2023-08-15,2023-08-15,2023-08-17,1,5217.00,5183.51,-33.49,-75.50,13.25,3,trail
CloseAtxdLow_2,CloseAt#dLow,2023-08-10,2023-08-10,2023-08-17,1,5249.25,5159.07,-90.18,-107.75,31.50,6,sl
RSIx<x_4,RSI#<#,2023-08-16,2023-08-16,2023-08-17,1,5182.50,5158.59,-23.91,-41.00,17.25,2,sl
P_HixDD>x&RSIx_1,P_Hi#DD>#&RSI#<#,2023-08-15,2023-08-15,2023-08-18,1,5217.00,5116.50,-100.50,-104.00,13.25,4,sl
P_HixDD>x&RSIx_3,P_Hi#DD>#&RSI#<#,2023-08-15,2023-08-15,2023-08-18,1,5217.00,5116.50,-100.50,-104.00,13.25,4,sl
IBS<x_4,IBS<#,2023-08-16,2023-08-16,2023-08-18,1,5182.50,5116.50,-66.00,-69.50,17.25,3,sl
WRx<x_1,WR#<#,2023-08-16,2023-08-16,2023-08-18,1,5182.50,5116.50,-66.00,-69.50,17.25,3,sl
WRx<x_3,WR#<#,2023-08-15,2023-08-15,2023-08-18,1,5217.00,5116.50,-100.50,-104.00,13.25,4,sl
CloseAtxdLow_1,CloseAt#dLow,2023-08-15,2023-08-15,2023-08-18,1,5217.00,5116.50,-100.50,-104.00,13.25,4,sl
RSIx<x_1,RSI#<#,2023-08-15,2023-08-15,2023-08-18,1,5217.00,5116.50,-100.50,-104.00,13.25,4,sl
RSIx<x_4,RSI#<#,2023-08-17,2023-08-17,2023-08-18,1,5146.50,5116.50,-30.00,-33.50,12.50,2,sl
P_HixDD>x&IBS<_3,P_Hi#DD>#&IBS<#,2023-08-15,2023-08-15,2023-08-18,1,5217.00,5116.50,-100.50,-104.00,13.25,4,sl
P_HixDD>x&IBS<_4,P_Hi#DD>#&IBS<#,2023-08-15,2023-08-15,2023-08-18,1,5217.00,5116.50,-100.50,-104.00,13.25,4,sl
C<wvwapxsd_1,C<wvwap#sd,2023-08-15,2023-08-15,2023-08-21,1,5217.00,5175.75,-41.25,-104.00,13.25,5,signal
C<wvwapxsd_4,C<wvwap#sd,2023-08-15,2023-08-15,2023-08-21,1,5217.00,5175.75,-41.25,-104.00,13.25,5,signal
P_HixDD>x&RSIx_1,P_Hi#DD>#&RSI#<#,2023-08-18,2023-08-18,2023-08-21,1,5147.75,5175.75,28.00,-12.50,36.25,2,signal
P_HixDD>x&RSIx_3,P_Hi#DD>#&RSI#<#,2023-08-18,2023-08-18,2023-08-21,1,5147.75,5175.75,28.00,-12.50,36.25,2,signal
IBS<x_2,IBS<#,2023-08-15,2023-08-15,2023-08-21,1,5217.00,5175.75,-41.25,-104.00,13.25,5,signal
WRx<x_4,WR#<#,2023-08-16,2023-08-16,2023-08-21,1,5182.50,5175.75,-6.75,-69.50,17.25,4,signal
P_HixDD>x&IBS<_1,P_Hi#DD>#&IBS<#,2023-08-15,2023-08-15,2023-08-21,1,5217.00,5175.75,-41.25,-104.00,13.25,5,signal
RSIx<x_2,RSI#<#,2023-08-17,2023-08-17,2023-08-22,1,5146.50,5194.00,47.50,-33.50,37.50,4,signal
LMT_RSIx<x_xAT_1,LMT_RSI#<#_#ATR,2023-08-16,2023-08-17,2023-08-23,1,5146.63,5211.00,64.37,-33.63,71.62,5,signal
C<wvwapxsd_1,C<wvwap#sd,2023-08-22,2023-08-22,2023-08-23,1,5162.75,5211.00,48.25,-1.75,55.50,2,signal
C<wvwapxsd_4,C<wvwap#sd,2023-08-22,2023-08-22,2023-08-23,1,5162.75,5211.00,48.25,-1.75,55.50,2,signal
C06_3,C06,2023-08-21,2023-08-21,2023-08-23,1,5175.75,5173.50,-2.25,-18.50,42.50,3,breakeven
IBS<x_2,IBS<#,2023-08-22,2023-08-22,2023-08-23,1,5162.75,5211.00,48.25,-1.75,55.50,2,signal
D01_2,D01,2023-08-02,2023-08-02,2023-08-23,1,5299.25,5211.00,-88.25,-186.25,24.50,16,signal
RSIx<x_1,RSI#<#,2023-08-18,2023-08-18,2023-08-23,1,5147.75,5211.00,63.25,-12.50,70.50,4,signal
P_HixDD>x&IBS<_1,P_Hi#DD>#&IBS<#,2023-08-22,2023-08-22,2023-08-23,1,5162.75,5211.00,48.25,-1.75,55.50,2,signal
P_HixDD>x&IBS<_3,P_Hi#DD>#&IBS<#,2023-08-22,2023-08-22,2023-08-23,1,5162.75,5211.00,48.25,-1.75,55.50,2,signal
P_HixDD>x&IBS<_4,P_Hi#DD>#&IBS<#,2023-08-22,2023-08-22,2023-08-23,1,5162.75,5211.00,48.25,-1.75,55.50,2,signal
C06_1,C06,2023-08-21,2023-08-21,2023-08-24,1,5175.75,5226.50,50.75,-18.50,42.50,4,signal
C06_2,C06,2023-08-21,2023-08-21,2023-08-24,1,5175.75,5226.50,50.75,-28.50,72.75,4,tp
C06_3,C06,2023-08-23,2023-08-23,2023-08-24,1,5211.00,5158.77,-52.23,-63.75,37.50,2,sl
IBS<x_1,IBS<#,2023-08-17,2023-08-17,2023-08-24,1,5146.50,5243.90,97.40,-33.50,102.00,6,tp
WRx<x_2,WR#<#,2023-08-17,2023-08-17,2023-08-24,1,5146.50,5169.55,23.05,-33.50,102.00,6,trail
CloseAtxdLow_2,CloseAt#dLow,2023-08-17,2023-08-17,2023-08-24,1,5146.50,5243.90,97.40,-33.50,102.00,6,tp
RSIx<x_3,RSI#<#,2023-08-16,2023-08-16,2023-08-24,1,5182.50,5226.50,44.00,-69.50,66.00,7,tp
RSIx<x_4,RSI#<#,2023-08-18,2023-08-18,2023-08-24,1,5147.75,5226.50,78.75,-12.50,100.75,5,tp
D01_3,D01,2023-08-23,2023-08-23,2023-08-25,1,5211.00,5132.66,-78.34,-82.75,37.50,3,sl
P_HixDD>x&IBS<_4,P_Hi#DD>#&IBS<#,2023-08-24,2023-08-24,2023-08-25,1,5148.00,5178.00,30.00,-19.75,44.00,2,signal
C<wvwapxsd_4,C<wvwap#sd,2023-08-24,2023-08-24,2023-08-28,1,5148.00,5204.75,56.75,-19.75,64.50,3,signal
IBS<x_2,IBS<#,2023-08-24,2023-08-24,2023-08-28,1,5148.00,5204.75,56.75,-19.75,64.50,3,signal
D01_2,D01,2023-08-24,2023-08-24,2023-08-28,1,5148.00,5204.75,56.75,-19.75,64.50,3,signal
RSIx<x_1,RSI#<#,2023-08-24,2023-08-24,2023-08-28,1,5148.00,5204.75,56.75,-19.75,64.50,3,signal
P_HixDD>x&IBS<_3,P_Hi#DD>#&IBS<#,2023-08-24,2023-08-24,2023-08-28,1,5148.00,5204.75,56.75,-19.75,64.50,3,signal
LMT_RSIx<x_xAT_3,LMT_RSI#<#_#ATR,2023-08-02,2023-08-03,2023-08-29,1,5276.25,5269.00,-7.25,-163.25,47.50,19,signal
C<wvwapxsd_1,C<wvwap#sd,2023-08-24,2023-08-24,2023-08-29,1,5148.00,5269.00,121.00,-19.75,124.00,4,signal
C06_2,C06,2023-08-25,2023-08-25,2023-08-29,1,5178.00,5231.51,53.51,-2.50,94.00,3,tp
IBS<x_1,IBS<#,2023-08-24,2023-08-24,2023-08-29,1,5148.00,5254.50,106.50,-19.75,124.00,4,tp
P_HixDD>x&IBS<_1,P_Hi#DD>#&IBS<#,2023-08-24,2023-08-24,2023-08-29,1,5148.00,5269.00,121.00,-19.75,124.00,4,signal
C06_1,C06,2023-08-28,2023-08-28,2023-08-30,1,5204.75,5272.25,67.50,-8.25,67.25,3,signal
ConnorsRSI<x_4,ConnorsRSI<#,2023-08-16,2023-08-16,2023-08-30,1,5182.50,5290.11,107.61,-69.50,111.25,11,tp
C<dvwapxsd_4,C<dvwap#sd,2023-08-31,2023-08-31,2023-09-01,1,5277.25,5305.75,28.50,-7.00,33.50,2,tp
IBS<x_4,IBS<#,2023-08-24,2023-08-24,2023-09-01,1,5148.00,5307.75,159.75,-19.75,162.75,7,tp
P_HixDD>x&IBS<_3,P_Hi#DD>#&IBS<#,2023-08-31,2023-08-31,2023-09-01,1,5277.25,5285.75,8.50,-7.00,33.50,2,signal
P_HixDD>x&IBS<_4,P_Hi#DD>#&IBS<#,2023-08-31,2023-08-31,2023-09-01,1,5277.25,5285.75,8.50,-7.00,33.50,2,signal
D01_2,D01,2023-09-04,2023-09-04,2023-09-05,1,5281.75,5265.25,-16.50,-18.75,2.75,2,signal
LMT_RSIx<x_xAT_2,LMT_RSI#<#_#ATR,2023-09-05,2023-09-06,2023-09-06,1,5252.94,5234.00,-18.94,-42.94,14.56,1,time
IBS<x_1,IBS<#,2023-08-31,2023-08-31,2023-09-06,1,5277.25,5223.48,-53.77,-67.25,33.50,5,sl
IBS<x_4,IBS<#,2023-09-05,2023-09-05,2023-09-06,1,5265.25,5216.02,-49.23,-55.25,2.25,2,sl
C<wvwapxsd_1,C<wvwap#sd,2023-09-04,2023-09-04,2023-09-11,1,5281.75,5253.50,-28.25,-84.50,2.75,6,signal
C<wvwapxsd_4,C<wvwap#sd,2023-09-04,2023-09-04,2023-09-11,1,5281.75,5253.50,-28.25,-84.50,2.75,6,signal
P_HixDD>x&RSIx_1,P_Hi#DD>#&RSI#<#,2023-09-06,2023-09-06,2023-09-11,1,5234.00,5253.50,19.50,-36.75,23.00,4,signal
P_HixDD>x&RSIx_3,P_Hi#DD>#&RSI#<#,2023-09-05,2023-09-05,2023-09-11,1,5265.25,5253.50,-11.75,-68.00,2.25,5,signal
IBS<x_2,IBS<#,2023-08-31,2023-08-31,2023-09-11,1,5277.25,5253.50,-23.75,-80.00,33.50,8,signal
IBS<x_3,IBS<#,2023-09-04,2023-09-04,2023-09-11,1,5281.75,5253.50,-28.25,-84.50,2.75,6,signal
P_HixDD>x&IBS<_2,P_Hi#DD>#&IBS<#,2023-09-05,2023-09-05,2023-09-11,1,5265.25,5253.50,-11.75,-68.00,2.25,5,signal
P_HixDD>x&IBS<_3,P_Hi#DD>#&IBS<#,2023-09-05,2023-09-05,2023-09-11,1,5265.25,5253.50,-11.75,-68.00,2.25,5,signal
P_HixDD>x&IBS<_4,P_Hi#DD>#&IBS<#,2023-09-05,2023-09-05,2023-09-11,1,5265.25,5253.50,-11.75,-68.00,2.25,5,signal
C<wvwapxsd_2,C<wvwap#sd,2023-08-15,2023-08-15,2023-09-12,1,5217.00,5227.00,10.00,-104.00,93.75,21,time
C<dvwapxsd_1,C<dvwap#sd,2023-08-16,2023-08-16,2023-09-13,1,5182.50,5231.50,49.00,-69.50,128.25,21,time
C<wvwapxsd_4,C<wvwap#sd,2023-09-12,2023-09-12,2023-09-14,1,5227.00,5268.50,41.50,-18.50,48.50,3,signal
IBS<x_2,IBS<#,2023-09-12,2023-09-12,2023-09-14,1,5227.00,5268.50,41.50,-18.50,48.50,3,signal
D01_2,D01,2023-09-05,2023-09-05,2023-09-14,1,5265.25,5268.50,3.25,-68.00,10.25,8,signal
RSIx<x_1,RSI#<#,2023-09-05,2023-09-05,2023-09-14,1,5265.25,5268.50,3.25,-68.00,10.25,8,signal
P_HixDD>x&IBS<_3,P_Hi#DD>#&IBS<#,2023-09-12,2023-09-12,2023-09-14,1,5227.00,5268.50,41.50,-18.50,48.50,3,signal
P_HixDD>x&IBS<_4,P_Hi#DD>#&IBS<#,2023-09-12,2023-09-12,2023-09-14,1,5227.00,5268.50,41.50,-18.50,48.50,3,signal
C06_2,C06,2023-09-13,2023-09-13,2023-09-15,1,5231.50,5276.89,45.39,-24.00,48.00,3,tp
LMT_RSIx<x_xAT_4,LMT_RSI#<#_#ATR,2023-09-05,2023-09-06,2023-09-18,1,5228.33,5208.00,-20.33,-31.08,51.17,9,trail
C<wvwapxsd_1,C<wvwap#sd,2023-09-12,2023-09-12,2023-09-19,1,5227.00,5204.50,-22.50,-51.25,52.50,6,signal
C06_3,C06,2023-08-25,2023-08-25,2023-09-19,1,5178.00,5178.00,0.00,-2.50,132.75,18,breakeven
IBS<x_1,IBS<#,2023-09-12,2023-09-12,2023-09-19,1,5227.00,5180.94,-46.06,-51.25,52.50,6,sl
D01_3,D01,2023-08-25,2023-08-25,2023-09-19,1,5178.00,5178.00,0.00,-2.50,132.75,18,breakeven
P_HixDD>x&IBS<_1,P_Hi#DD>#&IBS<#,2023-09-12,2023-09-12,2023-09-19,1,5227.00,5204.50,-22.50,-51.25,52.50,6,signal
IBS<x_4,IBS<#,2023-09-15,2023-09-15,2023-09-20,1,5211.25,5165.19,-46.06,-51.75,16.75,4,sl
ConnorsRSI<x_4,ConnorsRSI<#,2023-09-06,2023-09-06,2023-09-20,1,5234.00,5160.20,-73.80,-74.50,45.50,11,sl
LMT_RSIx<x_xAT_4,LMT_RSI#<#_#ATR,2023-09-19,2023-09-20,2023-09-21,1,5170.69,5129.25,-41.44,-86.44,50.81,2,trail
C<dvwapxsd_1,C<dvwap#sd,2023-09-15,2023-09-15,2023-09-21,1,5211.25,5129.25,-82.00,-127.00,16.75,5,sl
C<dvwapxsd_3,C<dvwap#sd,2023-08-31,2023-08-31,2023-09-21,1,5277.25,5115.93,-161.32,-193.00,33.50,16,sl
C<dvwapxsd_4,C<dvwap#sd,2023-09-20,2023-09-20,2023-09-21,1,5161.50,5129.25,-32.25,-77.25,1.50,2,sl
C<wvwapxsd_2,C<wvwap#sd,2023-09-12,2023-09-12,2023-09-21,1,5227.00,5088.81,-138.19,-142.75,52.50,8,sl
P_HixDD>x&RSIx_1,P_Hi#DD>#&RSI#<#,2023-09-19,2023-09-19,2023-09-21,1,5204.50,5114.35,-90.15,-120.25,17.00,3,sl
P_HixDD>x&RSIx_3,P_Hi#DD>#&RSI#<#,2023-09-19,2023-09-19,2023-09-21,1,5204.50,5114.35,-90.15,-120.25,17.00,3,sl
IBS<x_1,IBS<#,2023-09-20,2023-09-20,2023-09-21,1,5161.50,5116.19,-45.31,-77.25,1.50,2,sl
WRx<x_1,WR#<#,2023-09-20,2023-09-20,2023-09-21,1,5161.50,5116.19,-45.31,-77.25,1.50,2,sl
CloseAtxdLow_2,CloseAt#dLow,2023-09-06,2023-09-06,2023-09-21,1,5234.00,5129.25,-104.75,-149.75,45.50,12,sl
RSIx<x_1,RSI#<#,2023-09-15,2023-09-15,2023-09-21,1,5211.25,5119.12,-92.12,-127.00,16.75,5,sl
RSIx<x_3,RSI#<#,2023-09-20,2023-09-20,2023-09-21,1,5161.50,5093.53,-67.97,-77.25,1.50,2,sl
RSIx<x_4,RSI#<#,2023-09-20,2023-09-20,2023-09-21,1,5161.50,5129.25,-32.25,-77.25,1.50,2,sl
P_HixDD>x&IBS<_3,P_Hi#DD>#&IBS<#,2023-09-15,2023-09-15,2023-09-21,1,5211.25,5119.12,-92.12,-127.00,16.75,5,sl
P_HixDD>x&IBS<_4,P_Hi#DD>#&IBS<#,2023-09-15,2023-09-15,2023-09-21,1,5211.25,5119.12,-92.12,-127.00,16.75,5,sl
ConnorsRSI<x_4,ConnorsRSI<#,2023-09-20,2023-09-20,2023-09-21,1,5161.50,5093.53,-67.97,-77.25,1.50,2,sl
WRx<x_3,WR#<#,2023-09-20,2023-09-20,2023-09-22,1,5161.50,5070.88,-90.62,-90.75,1.50,3,sl
C<wvwapxsd_1,C<wvwap#sd,2023-09-19,2023-09-19,2023-09-25,1,5204.50,5093.00,-111.50,-152.75,17.00,5,signal
P_HixDD>x&RSIx_3,P_Hi#DD>#&RSI#<#,2023-09-21,2023-09-21,2023-09-25,1,5086.50,5093.00,6.50,-34.75,26.00,3,signal
WRx<x_3,WR#<#,2023-09-22,2023-09-22,2023-09-25,1,5075.00,5093.00,18.00,-23.25,18.75,2,signal
WRx<x_4,WR#<#,2023-09-20,2023-09-20,2023-09-25,1,5161.50,5093.00,-68.50,-109.75,1.50,4,signal
CloseAtxdLow_1,CloseAt#dLow,2023-09-21,2023-09-21,2023-09-25,1,5086.50,5093.00,6.50,-34.75,26.00,3,signal
RSIx<x_4,RSI#<#,2023-09-21,2023-09-21,2023-09-25,1,5086.50,5061.75,-24.75,-34.75,26.00,3,sl
P_HixDD>x&IBS<_1,P_Hi#DD>#&IBS<#,2023-09-20,2023-09-20,2023-09-25,1,5161.50,5093.00,-68.50,-109.75,1.50,4,signal
P_HixDD>x&IBS<_4,P_Hi#DD>#&IBS<#,2023-09-21,2023-09-21,2023-09-25,1,5086.50,5093.00,6.50,-34.75,26.00,3,signal
C<dvwapxsd_1,C<dvwap#sd,2023-09-21,2023-09-21,2023-09-26,1,5086.50,5020.22,-66.28,-67.50,26.00,4,sl
IBS<x_1,IBS<#,2023-09-21,2023-09-21,2023-09-26,1,5086.50,5042.31,-44.19,-67.50,26.00,4,sl
WRx<x_1,WR#<#,2023-09-21,2023-09-21,2023-09-26,1,5086.50,5042.31,-44.19,-67.50,26.00,4,sl
RSIx<x_3,RSI#<#,2023-09-21,2023-09-21,2023-09-26,1,5086.50,5020.22,-66.28,-67.50,26.00,4,sl
ConnorsRSI<x_3,ConnorsRSI<#,2023-09-21,2023-09-21,2023-09-26,1,5086.50,5042.31,-44.19,-67.50,26.00,4,sl
ConnorsRSI<x_4,ConnorsRSI<#,2023-09-21,2023-09-21,2023-09-26,1,5086.50,5020.22,-66.28,-67.50,26.00,4,sl
LMT_RSIx<x_xAT_1,LMT_RSI#<#_#ATR,2023-09-20,2023-09-21,2023-09-27,1,5127.52,4994.95,-132.56,-137.02,35.48,5,sl
P_HixDD>x&RSIx_1,P_Hi#DD>#&RSI#<#,2023-09-21,2023-09-21,2023-09-27,1,5086.50,4998.12,-88.38,-96.00,26.00,5,sl
RSIx<x_4,RSI#<#,2023-09-26,2023-09-26,2023-09-27,1,5027.50,5005.77,-21.73,-37.00,22.50,2,sl
P_HixDD>x&IBS<_3,P_Hi#DD>#&IBS<#,2023-09-21,2023-09-21,2023-09-27,1,5086.50,4998.12,-88.38,-96.00,26.00,5,sl
C<wvwapxsd_4,C<wvwap#sd,2023-09-15,2023-09-15,2023-09-28,1,5211.25,5051.75,-159.50,-220.75,16.75,10,signal
IBS<x_2,IBS<#,2023-09-15,2023-09-15,2023-09-28,1,5211.25,5051.75,-159.50,-220.75,16.75,10,signal
WRx<x_3,WR#<#,2023-09-26,2023-09-26,2023-09-28,1,5027.50,5051.75,24.25,-37.00,41.75,3,signal
WRx<x_4,WR#<#,2023-09-26,2023-09-26,2023-09-28,1,5027.50,5051.75,24.25,-37.00,41.75,3,signal
CloseAtxdLow_1,CloseAt#dLow,2023-09-26,2023-09-26,2023-09-28,1,5027.50,5051.75,24.25,-37.00,41.75,3,signal
RSIx<x_3,RSI#<#,2023-09-26,2023-09-26,2023-09-28,1,5027.50,5060.10,32.60,-37.00,41.75,3,tp
P_HixDD>x&IBS<_4,P_Hi#DD>#&IBS<#,2023-09-26,2023-09-26,2023-09-28,1,5027.50,5051.75,24.25,-37.00,41.75,3,signal
LMT_RSIx<x_xAT_4,LMT_RSI#<#_#ATR,2023-09-26,2023-09-27,2023-09-29,1,4994.90,5024.54,29.63,-4.40,89.85,3,trail
P_HixDD>x&RSIx_1,P_Hi#DD>#&RSI#<#,2023-09-27,2023-09-27,2023-10-02,1,5028.50,5038.25,9.75,-19.50,56.25,4,signal
C06_1,C06,2023-09-25,2023-09-25,2023-10-03,1,5093.00,5014.50,-78.50,-102.50,4.00,7,signal
C06_3,C06,2023-10-02,2023-10-02,2023-10-03,1,5038.25,4989.04,-49.21,-73.50,11.00,2,sl
IBS<x_1,IBS<#,2023-09-26,2023-09-26,2023-10-03,1,5027.50,4984.04,-43.46,-62.75,57.25,6,sl
WRx<x_1,WR#<#,2023-09-26,2023-09-26,2023-10-03,1,5027.50,4984.04,-43.46,-62.75,57.25,6,sl
RSIx<x_2,RSI#<#,2023-09-21,2023-09-21,2023-10-03,1,5086.50,5014.50,-72.00,-96.00,26.00,9,signal
RSIx<x_3,RSI#<#,2023-09-28,2023-09-28,2023-10-03,1,5051.75,4982.71,-69.04,-87.00,33.00,4,sl
RSIx<x_4,RSI#<#,2023-09-27,2023-09-27,2023-10-03,1,5028.50,5006.14,-22.36,-63.75,56.25,5,sl
C<dvwapxsd_1,C<dvwap#sd,2023-09-26,2023-09-26,2023-10-04,1,5027.50,4962.31,-65.19,-78.50,57.25,7,sl
C<wvwapxsd_2,C<wvwap#sd,2023-09-21,2023-09-21,2023-10-04,1,5086.50,4953.94,-132.56,-137.50,26.00,10,sl
P_HixDD>x&RSIx_3,P_Hi#DD>#&RSI#<#,2023-09-26,2023-09-26,2023-10-04,1,5027.50,5009.75,-17.75,-78.50,57.25,7,signal
WRx<x_3,WR#<#,2023-10-03,2023-10-03,2023-10-04,1,4980.25,5009.75,29.50,-31.25,37.25,2,signal
D01_3,D01,2023-10-02,2023-10-02,2023-10-04,1,5038.25,4964.43,-73.82,-89.25,11.00,3,sl
P_HixDD>x&IBS<_1,P_Hi#DD>#&IBS<#,2023-09-26,2023-09-26,2023-10-04,1,5027.50,5009.75,-17.75,-78.50,57.25,7,signal
ConnorsRSI<x_4,ConnorsRSI<#,2023-09-26,2023-09-26,2023-10-04,1,5027.50,4962.31,-65.19,-78.50,57.25,7,sl
C<wvwapxsd_4,C<wvwap#sd,2023-09-29,2023-09-29,2023-10-06,1,5039.75,5055.50,15.75,-90.75,32.25,6,signal
D01_2,D01,2023-09-15,2023-09-15,2023-10-06,1,5211.25,5055.50,-155.75,-262.25,16.75,16,signal
RSIx<x_3,RSI#<#,2023-10-03,2023-10-03,2023-10-06,1,4980.25,5019.52,39.27,-31.25,91.75,4,tp
LMT_RSIx<x_xAT_3,LMT_RSI#<#_#ATR,2023-09-07,2023-09-08,2023-10-09,1,5206.15,5083.50,-122.65,-257.15,73.35,22,signal
IBS<x_1,IBS<#,2023-10-03,2023-10-03,2023-10-09,1,4980.25,5084.98,104.73,-31.25,109.00,5,tp
WRx<x_1,WR#<#,2023-10-03,2023-10-03,2023-10-09,1,4980.25,5084.98,104.73,-31.25,109.00,5,tp
ConnorsRSI<x_3,ConnorsRSI<#,2023-10-03,2023-10-03,2023-10-12,1,4980.25,5137.34,157.09,-31.25,163.75,8,tp
C06_3,C06,2023-10-06,2023-10-06,2023-10-13,1,5055.50,5055.50,0.00,-42.50,88.50,6,breakeven
P_HixDD>x&RSIx_1,P_Hi#DD>#&RSI#<#,2023-10-13,2023-10-13,2023-10-16,1,5071.50,5116.00,44.50,-7.75,56.25,2,signal
C06_1,C06,2023-10-16,2023-10-16,2023-10-18,1,5116.00,5096.25,-19.75,-36.75,20.75,3,signal
C06_3,C06,2023-10-16,2023-10-16,2023-10-18,1,5116.00,5052.66,-63.34,-71.75,20.75,3,sl
IBS<x_1,IBS<#,2023-10-13,2023-10-13,2023-10-19,1,5071.50,5009.99,-61.51,-63.25,65.25,5,sl
C<dvwapxsd_1,C<dvwap#sd,2023-10-12,2023-10-12,2023-10-20,1,5094.25,5001.61,-92.64,-133.50,42.50,7,sl
ConnorsRSI<x_4,ConnorsRSI<#,2023-10-13,2023-10-13,2023-10-20,1,5071.50,4979.23,-92.27,-110.75,65.25,6,sl
P_HixDD>x&RSIx_1,P_Hi#DD>#&RSI#<#,2023-10-18,2023-10-18,2023-10-23,1,5056.50,4927.75,-128.75,-129.75,23.50,4,sl
P_HixDD>x&RSIx_3,P_Hi#DD>#&RSI#<#,2023-10-13,2023-10-13,2023-10-23,1,5071.50,4944.75,-126.75,-144.75,65.25,7,sl
IBS<x_1,IBS<#,2023-10-19,2023-10-19,2023-10-23,1,5015.00,4944.75,-70.25,-88.25,2.75,3,sl
P_HixDD>x&IBS<_3,P_Hi#DD>#&IBS<#,2023-10-18,2023-10-18,2023-10-23,1,5056.50,4927.75,-128.75,-129.75,23.50,4,sl
P_HixDD>x&IBS<_4,P_Hi#DD>#&IBS<#,2023-10-18,2023-10-18,2023-10-23,1,5056.50,4927.75,-128.75,-129.75,23.50,4,sl
WRx<x_3,WR#<#,2023-10-20,2023-10-20,2023-10-24,1,4962.00,4984.50,22.50,-35.25,35.00,3,signal
RSIx<x_3,RSI#<#,2023-10-19,2023-10-19,2023-10-25,1,5015.00,4918.96,-96.04,-97.75,2.75,5,sl
LMT_RSIx<x_xAT_4,LMT_RSI#<#_#ATR,2023-10-19,2023-10-20,2023-10-26,1,4966.98,4902.19,-64.79,-107.23,50.77,5,sl
C<dvwapxsd_1,C<dvwap#sd,2023-10-20,2023-10-20,2023-10-26,1,4962.00,4864.82,-97.18,-102.25,42.00,5,sl
C<wvwapxsd_2,C<wvwap#sd,2023-10-12,2023-10-12,2023-10-26,1,5094.25,4908.96,-185.29,-234.50,42.50,11,sl
WRx<x_1,WR#<#,2023-10-20,2023-10-20,2023-10-26,1,4962.00,4897.21,-64.79,-102.25,42.00,5,sl
P_HixDD>x&IBS<_1,P_Hi#DD>#&IBS<#,2023-10-18,2023-10-18,2023-10-26,1,5056.50,4863.38,-193.12,-196.75,23.50,7,sl
ConnorsRSI<x_3,ConnorsRSI<#,2023-10-20,2023-10-20,2023-10-26,1,4962.00,4897.21,-64.79,-102.25,42.00,5,sl
IBS<x_1,IBS<#,2023-10-25,2023-10-25,2023-10-27,1,4923.75,4858.06,-65.69,-88.00,13.00,3,sl
C<wvwapxsd_4,C<wvwap#sd,2023-10-12,2023-10-12,2023-10-30,1,5094.25,4899.50,-194.75,-258.50,42.50,13,signal
IBS<x_2,IBS<#,2023-10-18,2023-10-18,2023-10-30,1,5056.50,4899.50,-157.00,-220.75,23.50,9,signal
WRx<x_3,WR#<#,2023-10-25,2023-10-25,2023-10-30,1,4923.75,4899.50,-24.25,-88.00,13.00,4,signal
P_HixDD>x&RSIx_3,P_Hi#DD>#&RSI#<#,2023-10-23,2023-10-23,2023-10-31,1,4954.00,4925.75,-28.25,-118.25,50.00,7,signal
P_HixDD>x&IBS<_1,P_Hi#DD>#&IBS<#,2023-10-26,2023-10-26,2023-10-31,1,4870.25,4925.75,55.50,-34.50,58.25,4,signal
D01_2,D01,2023-10-18,2023-10-18,2023-11-01,1,5056.50,4970.00,-86.50,-220.75,23.50,11,signal
RSIx<x_2,RSI#<#,2023-10-20,2023-10-20,2023-11-01,1,4962.00,4935.00,-27.00,-126.25,42.00,9,signal
RSIx<x_3,RSI#<#,2023-10-25,2023-10-25,2023-11-01,1,4923.75,4973.02,49.27,-88.00,54.50,6,tp
IBS<x_1,IBS<#,2023-10-27,2023-10-27,2023-11-02,1,4851.50,5007.50,156.00,-2.00,199.75,5,tp
WRx<x_1,WR#<#,2023-10-26,2023-10-26,2023-11-02,1,4870.25,5007.50,137.25,-34.50,181.00,6,tp
C<dvwapxsd_1,C<dvwap#sd,2023-10-26,2023-10-26,2023-11-03,1,4870.25,5073.00,202.75,-34.50,235.00,7,tp
C06_3,C06,2023-10-31,2023-10-31,2023-11-09,1,4925.75,5122.50,196.75,-21.00,200.75,8,tp
C<wvwapxsd_4,C<wvwap#sd,2023-11-09,2023-11-09,2023-11-10,1,5076.50,5143.75,67.25,-8.75,70.50,2,signal
P_HixDD>x&RSIx_3,P_Hi#DD>#&RSI#<#,2023-11-09,2023-11-09,2023-11-10,1,5076.50,5143.75,67.25,-8.75,70.50,2,signal
IBS<x_2,IBS<#,2023-11-09,2023-11-09,2023-11-10,1,5076.50,5143.75,67.25,-8.75,70.50,2,signal
IBS<x_3,IBS<#,2023-11-09,2023-11-09,2023-11-10,1,5076.50,5143.75,67.25,-8.75,70.50,2,signal
D01_2,D01,2023-11-09,2023-11-09,2023-11-10,1,5076.50,5143.75,67.25,-8.75,70.50,2,signal
P_HixDD>x&IBS<_2,P_Hi#DD>#&IBS<#,2023-11-09,2023-11-09,2023-11-10,1,5076.50,5143.75,67.25,-8.75,70.50,2,signal
P_HixDD>x&IBS<_3,P_Hi#DD>#&IBS<#,2023-11-09,2023-11-09,2023-11-10,1,5076.50,5143.75,67.25,-8.75,70.50,2,signal
P_HixDD>x&IBS<_4,P_Hi#DD>#&IBS<#,2023-11-09,2023-11-09,2023-11-10,1,5076.50,5143.75,67.25,-8.75,70.50,2,signal
C<wvwapxsd_3,C<wvwap#sd,2023-11-09,2023-11-09,2023-11-14,1,5076.50,5200.00,123.50,-8.75,161.25,4,tp
C06_1,C06,2023-11-10,2023-11-10,2023-11-14,1,5143.75,5200.00,56.25,-23.00,6.50,3,signal
C06_4,C06,2023-11-10,2023-11-10,2023-11-14,1,5143.75,5200.00,56.25,-23.00,94.00,3,tp
IBS<x_1,IBS<#,2023-11-09,2023-11-09,2023-11-14,1,5076.50,5200.00,123.50,-8.75,161.25,4,tp
ConnorsRSI<x_4,ConnorsRSI<#,2023-11-09,2023-11-09,2023-11-14,1,5076.50,5212.77,136.27,-8.75,161.25,4,tp
C<dvwapxsd_1,C<dvwap#sd,2023-11-09,2023-11-09,2023-11-20,1,5076.50,5258.19,181.69,-8.75,208.00,8,tp
C<wvwapxsd_1,C<wvwap#sd,2023-11-27,2023-11-27,2023-11-30,1,5273.75,5288.25,14.50,-15.50,36.75,4,signal
IBS<x_3,IBS<#,2023-11-29,2023-11-29,2023-11-30,1,5273.50,5288.25,14.75,-15.25,19.50,2,signal
C<wvwapxsd_4,C<wvwap#sd,2023-11-27,2023-11-27,2023-12-01,1,5273.75,5314.75,41.00,-15.50,47.50,5,signal
IBS<x_2,IBS<#,2023-11-29,2023-11-29,2023-12-01,1,5273.50,5314.75,41.25,-15.25,47.75,3,signal
C<wvwapxsd_2,C<wvwap#sd,2023-11-09,2023-11-09,2023-12-07,1,5076.50,5302.00,225.50,-8.75,244.75,21,time
P_HixDD>x&RSIx_1,P_Hi#DD>#&RSI#<#,2023-12-06,2023-12-06,2023-12-07,1,5269.50,5302.00,32.50,-7.25,40.00,2,signal
IBS<x_3,IBS<#,2023-12-06,2023-12-06,2023-12-07,1,5269.50,5302.00,32.50,-7.25,40.00,2,signal
D01_2,D01,2023-12-06,2023-12-06,2023-12-07,1,5269.50,5302.00,32.50,-7.25,40.00,2,signal
CloseAtxdLow_3,CloseAt#dLow,2023-12-06,2023-12-06,2023-12-07,1,5269.50,5302.00,32.50,-7.25,40.00,2,signal
CloseAtxdLow_4,CloseAt#dLow,2023-12-06,2023-12-06,2023-12-07,1,5269.50,5302.00,32.50,-7.25,40.00,2,signal
RSIx<x_1,RSI#<#,2023-12-06,2023-12-06,2023-12-07,1,5269.50,5302.00,32.50,-7.25,40.00,2,signal
P_HixDD>x&IBS<_3,P_Hi#DD>#&IBS<#,2023-12-06,2023-12-06,2023-12-07,1,5269.50,5302.00,32.50,-7.25,40.00,2,signal
P_HixDD>x&IBS<_4,P_Hi#DD>#&IBS<#,2023-12-06,2023-12-06,2023-12-07,1,5269.50,5302.00,32.50,-7.25,40.00,2,signal
ConnorsRSI<x_1,ConnorsRSI<#,2023-11-09,2023-11-09,2023-12-07,1,5076.50,5302.00,225.50,-8.75,244.75,21,time
C<wvwapxsd_1,C<wvwap#sd,2023-12-06,2023-12-06,2023-12-08,1,5269.50,5321.25,51.75,-7.25,57.75,3,signal
C<wvwapxsd_4,C<wvwap#sd,2023-12-06,2023-12-06,2023-12-08,1,5269.50,5321.25,51.75,-7.25,57.75,3,signal
C06_3,C06,2023-11-10,2023-11-10,2023-12-08,1,5143.75,5321.25,177.50,-23.00,183.50,21,time
P_HixDD>x&RSIx_2,P_Hi#DD>#&RSI#<#,2023-12-06,2023-12-06,2023-12-08,1,5269.50,5321.25,51.75,-7.25,57.75,3,signal
IBS<x_2,IBS<#,2023-12-06,2023-12-06,2023-12-08,1,5269.50,5321.25,51.75,-7.25,57.75,3,signal
P_HixDD>x&IBS<_1,P_Hi#DD>#&IBS<#,2023-12-06,2023-12-06,2023-12-08,1,5269.50,5321.25,51.75,-7.25,57.75,3,signal
C<wvwapxsd_3,C<wvwap#sd,2023-12-06,2023-12-06,2023-12-11,1,5269.50,5329.07,59.57,-7.25,70.75,4,tp
IBS<x_1,IBS<#,2023-11-29,2023-11-29,2023-12-12,1,5273.50,5356.70,83.20,-15.25,85.75,10,tp
CloseAtxdLow_2,CloseAt#dLow,2023-12-06,2023-12-06,2023-12-12,1,5269.50,5348.93,79.43,-7.25,89.75,5,tp
ConnorsRSI<x_4,ConnorsRSI<#,2023-12-06,2023-12-06,2023-12-12,1,5269.50,5358.85,89.35,-7.25,89.75,5,tp
C<dvwapxsd_1,C<dvwap#sd,2023-11-27,2023-11-27,2023-12-13,1,5273.75,5406.05,132.30,-15.50,151.25,13,tp
IBS<x_4,IBS<#,2023-12-06,2023-12-06,2023-12-13,1,5269.50,5388.64,119.14,-7.25,155.50,6,tp
D01_3,D01,2023-12-07,2023-12-07,2023-12-13,1,5302.00,5419.94,117.94,-26.75,123.00,5,tp
C<wvwapxsd_1,C<wvwap#sd,2023-12-20,2023-12-20,2023-12-21,1,5410.50,5456.00,45.50,-6.50,48.50,2,signal
P_HixDD>x&RSIx_1,P_Hi#DD>#&RSI#<#,2023-12-20,2023-12-20,2023-12-21,1,5410.50,5456.00,45.50,-6.50,48.50,2,signal
P_HixDD>x&RSIx_2,P_Hi#DD>#&RSI#<#,2023-12-20,2023-12-20,2023-12-21,1,5410.50,5456.00,45.50,-6.50,48.50,2,signal
P_HixDD>x&RSIx_3,P_Hi#DD>#&RSI#<#,2023-12-20,2023-12-20,2023-12-21,1,5410.50,5456.00,45.50,-6.50,48.50,2,signal
IBS<x_3,IBS<#,2023-12-20,2023-12-20,2023-12-21,1,5410.50,5456.00,45.50,-6.50,48.50,2,signal
D01_2,D01,2023-12-20,2023-12-20,2023-12-21,1,5410.50,5456.00,45.50,-6.50,48.50,2,signal
RSIx<x_1,RSI#<#,2023-12-20,2023-12-20,2023-12-21,1,5410.50,5456.00,45.50,-6.50,48.50,2,signal
P_HixDD>x&IBS<_1,P_Hi#DD>#&IBS<#,2023-12-20,2023-12-20,2023-12-21,1,5410.50,5456.00,45.50,-6.50,48.50,2,signal
P_HixDD>x&IBS<_2,P_Hi#DD>#&IBS<#,2023-12-20,2023-12-20,2023-12-21,1,5410.50,5456.00,45.50,-6.50,48.50,2,signal
P_HixDD>x&IBS<_4,P_Hi#DD>#&IBS<#,2023-12-20,2023-12-20,2023-12-21,1,5410.50,5456.00,45.50,-6.50,48.50,2,signal
C<wvwapxsd_3,C<wvwap#sd,2023-12-20,2023-12-20,2023-12-22,1,5410.50,5469.04,58.54,-6.50,72.00,3,tp
C<wvwapxsd_4,C<wvwap#sd,2023-12-20,2023-12-20,2023-12-22,1,5410.50,5466.00,55.50,-6.50,72.00,3,signal
IBS<x_2,IBS<#,2023-12-20,2023-12-20,2023-12-22,1,5410.50,5466.00,55.50,-6.50,72.00,3,signal
D01_1,D01,2023-12-21,2023-12-21,2023-12-22,1,5456.00,5466.00,10.00,-10.50,26.50,2,signal
IBS<x_1,IBS<#,2023-12-20,2023-12-20,2023-12-26,1,5410.50,5488.55,78.05,-6.50,84.75,4,tp
D01_4,D01,2023-12-20,2023-12-20,2023-12-26,1,5410.50,5485.75,75.25,-6.50,84.75,4,signal
P_HixDD>x&IBS<_3,P_Hi#DD>#&IBS<#,2023-12-20,2023-12-20,2023-12-26,1,5410.50,5485.75,75.25,-6.50,84.75,4,signal
C<dvwapxsd_3,C<dvwap#sd,2023-11-29,2023-11-29,2023-12-28,1,5273.50,5493.75,220.25,-15.25,228.75,21,time
ConnorsRSI<x_4,ConnorsRSI<#,2023-12-20,2023-12-20,2023-12-28,1,5410.50,5498.31,87.81,-6.50,91.75,6,tp
LMT_RSIx<x_xAT_2,LMT_RSI#<#_#ATR,2024-01-02,2024-01-03,2024-01-03,1,5425.00,5407.75,-17.25,-23.25,26.50,1,time
IBS<x_4,IBS<#,2023-12-20,2023-12-20,2024-01-03,1,5410.50,5410.50,0.00,-8.75,91.75,9,breakeven
LMT_RSIx<x_xAT_2,LMT_RSI#<#_#ATR,2024-01-03,2024-01-04,2024-01-04,1,5397.06,5390.50,-6.56,-9.31,30.19,1,time
LMT_RSIx<x_xAT_2,LMT_RSI#<#_#ATR,2024-01-04,2024-01-05,2024-01-05,1,5379.69,5396.25,16.56,-16.94,41.31,1,time
LMT_RSIx<x_xAT_4,LMT_RSI#<#_#ATR,2024-01-02,2024-01-03,2024-01-05,1,5416.61,5373.85,-42.76,-53.86,34.89,3,sl
C<dvwapxsd_1,C<dvwap#sd,2023-12-15,2023-12-15,2024-01-05,1,5427.50,5371.12,-56.38,-64.75,74.75,14,sl
C<dvwapxsd_2,C<dvwap#sd,2024-01-04,2024-01-04,2024-01-05,1,5390.50,5396.25,5.75,-27.75,30.50,2,signal
C<dvwapxsd_4,C<dvwap#sd,2024-01-04,2024-01-04,2024-01-05,1,5390.50,5368.88,-21.62,-27.75,30.50,2,sl
P_HixDD>x&RSIx_1,P_Hi#DD>#&RSI#<#,2024-01-02,2024-01-02,2024-01-05,1,5448.75,5363.05,-85.70,-86.00,2.75,4,sl
P_HixDD>x&RSIx_4,P_Hi#DD>#&RSI#<#,2024-01-03,2024-01-03,2024-01-05,1,5407.75,5364.99,-42.76,-45.00,19.50,3,sl
IBS<x_1,IBS<#,2024-01-03,2024-01-03,2024-01-05,1,5407.75,5364.99,-42.76,-45.00,19.50,3,sl
WRx<x_1,WR#<#,2024-01-03,2024-01-03,2024-01-05,1,5407.75,5364.99,-42.76,-45.00,19.50,3,sl
WRx<x_2,WR#<#,2024-01-03,2024-01-03,2024-01-05,1,5407.75,5384.49,-23.26,-45.00,19.50,3,trail
CloseAtxdLow_2,CloseAt#dLow,2024-01-02,2024-01-02,2024-01-05,1,5448.75,5363.05,-85.70,-86.00,2.75,4,sl
RSIx<x_1,RSI#<#,2024-01-02,2024-01-02,2024-01-05,1,5448.75,5363.05,-85.70,-86.00,2.75,4,sl
RSIx<x_4,RSI#<#,2024-01-03,2024-01-03,2024-01-05,1,5407.75,5386.37,-21.38,-45.00,19.50,3,sl
ConnorsRSI<x_2,ConnorsRSI<#,2024-01-02,2024-01-02,2024-01-05,1,5448.75,5384.48,-64.27,-86.00,2.75,4,sl
ConnorsRSI<x_4,ConnorsRSI<#,2024-01-02,2024-01-02,2024-01-05,1,5448.75,5384.48,-64.27,-86.00,2.75,4,sl
LMT_RSIx<x_xAT_1,LMT_RSI#<#_#ATR,2024-01-02,2024-01-03,2024-01-08,1,5416.61,5462.25,45.64,-53.86,47.39,4,signal
LMT_RSIx<x_xAT_2,LMT_RSI#<#_#ATR,2024-01-05,2024-01-08,2024-01-08,1,5385.29,5462.25,76.96,-9.29,78.71,1,time
C<wvwapxsd_1,C<wvwap#sd,2023-12-29,2023-12-29,2024-01-08,1,5479.50,5462.25,-17.25,-116.75,9.25,6,signal
C<wvwapxsd_4,C<wvwap#sd,2023-12-29,2023-12-29,2024-01-08,1,5479.50,5462.25,-17.25,-116.75,9.25,6,signal
P_HixDD>x&RSIx_1,P_Hi#DD>#&RSI#<#,2024-01-05,2024-01-05,2024-01-08,1,5396.25,5462.25,66.00,-20.25,67.75,2,signal
P_HixDD>x&RSIx_2,P_Hi#DD>#&RSI#<#,2024-01-02,2024-01-02,2024-01-08,1,5448.75,5462.25,13.50,-86.00,15.25,5,signal
P_HixDD>x&RSIx_3,P_Hi#DD>#&RSI#<#,2024-01-03,2024-01-03,2024-01-08,1,5407.75,5462.25,54.50,-45.00,56.25,4,signal
IBS<x_2,IBS<#,2024-01-03,2024-01-03,2024-01-08,1,5407.75,5462.25,54.50,-45.00,56.25,4,signal
IBS<x_3,IBS<#,2024-01-03,2024-01-03,2024-01-08,1,5407.75,5462.25,54.50,-45.00,56.25,4,signal
WRx<x_3,WR#<#,2024-01-03,2024-01-03,2024-01-08,1,5407.75,5462.25,54.50,-45.00,56.25,4,signal
WRx<x_4,WR#<#,2024-01-04,2024-01-04,2024-01-08,1,5390.50,5462.25,71.75,-27.75,73.50,3,signal
D01_2,D01,2024-01-03,2024-01-03,2024-01-08,1,5407.75,5462.25,54.50,-45.00,56.25,4,signal
CloseAtxdLow_3,CloseAt#dLow,2024-01-02,2024-01-02,2024-01-08,1,5448.75,5462.25,13.50,-86.00,15.25,5,signal
RSIx<x_1,RSI#<#,2024-01-05,2024-01-05,2024-01-08,1,5396.25,5462.25,66.00,-20.25,67.75,2,signal
RSIx<x_3,RSI#<#,2024-01-03,2024-01-03,2024-01-08,1,5407.75,5439.82,32.07,-45.00,56.25,4,tp
P_HixDD>x&IBS<_1,P_Hi#DD>#&IBS<#,2024-01-03,2024-01-03,2024-01-08,1,5407.75,5462.25,54.50,-45.00,56.25,4,signal
P_HixDD>x&IBS<_2,P_Hi#DD>#&IBS<#,2024-01-03,2024-01-03,2024-01-08,1,5407.75,5462.25,54.50,-45.00,56.25,4,signal
P_HixDD>x&IBS<_3,P_Hi#DD>#&IBS<#,2024-01-03,2024-01-03,2024-01-08,1,5407.75,5462.25,54.50,-45.00,56.25,4,signal
P_HixDD>x&IBS<_4,P_Hi#DD>#&IBS<#,2024-01-03,2024-01-03,2024-01-08,1,5407.75,5462.25,54.50,-45.00,56.25,4,signal
RSIx<x_2,RSI#<#,2024-01-04,2024-01-04,2024-01-09,1,5390.50,5433.75,43.25,-27.75,73.50,4,signal
LMT_RSIx<x_xAT_2,LMT_RSI#<#_#ATR,2024-01-16,2024-01-17,2024-01-17,1,5426.75,5431.75,5.00,-19.75,34.75,1,time
C<wvwapxsd_1,C<wvwap#sd,2024-01-16,2024-01-16,2024-01-17,1,5459.25,5431.75,-27.50,-52.25,2.25,2,signal
C<wvwapxsd_1,C<wvwap#sd,2024-01-17,2024-01-17,2024-01-18,1,5431.75,5471.75,40.00,-7.50,46.00,2,signal
C<wvwapxsd_4,C<wvwap#sd,2024-01-16,2024-01-16,2024-01-18,1,5459.25,5471.75,12.50,-52.25,18.50,3,signal
P_HixDD>x&RSIx_1,P_Hi#DD>#&RSI#<#,2024-01-17,2024-01-17,2024-01-18,1,5431.75,5471.75,40.00,-7.50,46.00,2,signal
P_HixDD>x&RSIx_2,P_Hi#DD>#&RSI#<#,2024-01-17,2024-01-17,2024-01-18,1,5431.75,5471.75,40.00,-7.50,46.00,2,signal
RSIx<x_1,RSI#<#,2024-01-16,2024-01-16,2024-01-18,1,5459.25,5471.75,12.50,-52.25,18.50,3,signal
C<wvwapxsd_2,C<wvwap#sd,2023-12-20,2023-12-20,2024-01-19,1,5410.50,5531.50,121.00,-47.75,124.50,21,time
IBS<x_4,IBS<#,2024-01-04,2024-01-04,2024-01-19,1,5390.50,5520.21,129.71,-27.75,144.50,12,tp
D01_3,D01,2024-01-05,2024-01-05,2024-01-19,1,5396.25,5527.73,131.48,-20.25,138.75,11,tp
CloseAtxdLow_2,CloseAt#dLow,2024-01-17,2024-01-17,2024-01-19,1,5431.75,5523.43,91.68,-7.50,103.25,3,tp
CloseAtxdLow_3,CloseAt#dLow,2024-01-17,2024-01-17,2024-01-19,1,5431.75,5531.50,99.75,-7.50,103.25,3,signal
ConnorsRSI<x_1,ConnorsRSI<#,2023-12-20,2023-12-20,2024-01-19,1,5410.50,5531.50,121.00,-47.75,124.50,21,time
ConnorsRSI<x_4,ConnorsRSI<#,2024-01-17,2024-01-17,2024-01-19,1,5431.75,5534.88,103.13,-7.50,103.25,3,tp
LMT_RSIx<x_xAT_3,LMT_RSI#<#_#ATR,2024-01-03,2024-01-04,2024-01-22,1,5397.06,5542.50,145.44,-34.31,161.94,13,signal
C<wvwapxsd_1,C<wvwap#sd,2024-01-22,2024-01-22,2024-01-23,1,5542.50,5555.50,13.00,-7.50,15.25,2,signal
C<wvwapxsd_4,C<wvwap#sd,2024-01-22,2024-01-22,2024-01-24,1,5542.50,5559.50,17.00,-7.50,51.50,3,signal
IBS<x_3,IBS<#,2024-01-24,2024-01-24,2024-01-25,1,5559.50,5584.75,25.25,-9.75,27.75,2,signal
IBS<x_2,IBS<#,2024-01-24,2024-01-24,2024-01-29,1,5559.50,5615.50,56.00,-9.75,57.25,4,signal
LMT_RSIx<x_xAT_4,LMT_RSI#<#_#ATR,2024-01-16,2024-01-17,2024-01-31,1,5425.56,5572.16,146.61,-18.56,192.44,11,trail
C<dvwapxsd_3,C<dvwap#sd,2024-01-03,2024-01-03,2024-01-31,1,5407.75,5529.50,121.75,-45.00,210.25,21,time
IBS<x_4,IBS<#,2024-01-24,2024-01-24,2024-01-31,1,5559.50,5559.50,0.00,-30.50,58.50,6,breakeven
C<wvwapxsd_1,C<wvwap#sd,2024-01-31,2024-01-31,2024-02-01,1,5529.50,5590.50,61.00,-2.75,61.00,2,signal
P_HixDD>x&RSIx_1,P_Hi#DD>#&RSI#<#,2024-01-31,2024-01-31,2024-02-01,1,5529.50,5590.50,61.00,-2.75,61.00,2,signal
P_HixDD>x&RSIx_2,P_Hi#DD>#&RSI#<#,2024-01-31,2024-01-31,2024-02-01,1,5529.50,5590.50,61.00,-2.75,61.00,2,signal
IBS<x_3,IBS<#,2024-01-31,2024-01-31,2024-02-01,1,5529.50,5590.50,61.00,-2.75,61.00,2,signal
D01_2,D01,2024-01-31,2024-01-31,2024-02-01,1,5529.50,5590.50,61.00,-2.75,61.00,2,signal
RSIx<x_1,RSI#<#,2024-01-31,2024-01-31,2024-02-01,1,5529.50,5590.50,61.00,-2.75,61.00,2,signal
P_HixDD>x&IBS<_1,P_Hi#DD>#&IBS<#,2024-01-31,2024-01-31,2024-02-01,1,5529.50,5590.50,61.00,-2.75,61.00,2,signal
P_HixDD>x&IBS<_4,P_Hi#DD>#&IBS<#,2024-01-31,2024-01-31,2024-02-01,1,5529.50,5590.50,61.00,-2.75,61.00,2,signal
C<wvwapxsd_3,C<wvwap#sd,2024-01-31,2024-01-31,2024-02-02,1,5529.50,5598.86,69.36,-2.75,129.00,3,tp
C<wvwapxsd_4,C<wvwap#sd,2024-01-31,2024-01-31,2024-02-02,1,5529.50,5640.25,110.75,-2.75,129.00,3,signal
IBS<x_1,IBS<#,2024-01-24,2024-01-24,2024-02-02,1,5559.50,5648.10,88.60,-32.75,99.00,8,tp
IBS<x_2,IBS<#,2024-01-31,2024-01-31,2024-02-02,1,5529.50,5640.25,110.75,-2.75,129.00,3,signal
D01_1,D01,2024-02-01,2024-02-01,2024-02-02,1,5590.50,5640.25,49.75,-4.00,68.00,2,signal
D01_4,D01,2024-01-31,2024-01-31,2024-02-02,1,5529.50,5640.25,110.75,-2.75,129.00,3,signal
CloseAtxdLow_2,CloseAt#dLow,2024-01-31,2024-01-31,2024-02-02,1,5529.50,5621.98,92.48,-2.75,129.00,3,tp
CloseAtxdLow_3,CloseAt#dLow,2024-01-31,2024-01-31,2024-02-02,1,5529.50,5640.25,110.75,-2.75,129.00,3,signal
P_HixDD>x&IBS<_3,P_Hi#DD>#&IBS<#,2024-01-31,2024-01-31,2024-02-02,1,5529.50,5640.25,110.75,-2.75,129.00,3,signal
ConnorsRSI<x_2,ConnorsRSI<#,2024-01-31,2024-01-31,2024-02-02,1,5529.50,5633.53,104.03,-2.75,129.00,3,tp
ConnorsRSI<x_4,ConnorsRSI<#,2024-01-31,2024-01-31,2024-02-02,1,5529.50,5633.53,104.03,-2.75,129.00,3,tp
C<wvwapxsd_1,C<wvwap#sd,2024-02-05,2024-02-05,2024-02-06,1,5621.75,5635.75,14.00,-6.50,17.25,2,signal
C<wvwapxsd_4,C<wvwap#sd,2024-02-05,2024-02-05,2024-02-07,1,5621.75,5676.25,54.50,-6.50,59.00,3,signal
IBS<x_4,IBS<#,2024-01-31,2024-01-31,2024-02-07,1,5529.50,5668.21,138.71,-2.75,151.25,6,tp
C<dvwapxsd_1,C<dvwap#sd,2024-01-24,2024-01-24,2024-02-09,1,5559.50,5692.40,132.90,-32.75,149.75,13,tp
C<dvwapxsd_1,C<dvwap#sd,2024-02-12,2024-02-12,2024-02-13,1,5702.25,5635.75,-66.50,-105.00,1.00,2,sl
IBS<x_1,IBS<#,2024-02-12,2024-02-12,2024-02-13,1,5702.25,5635.75,-66.50,-105.00,1.00,2,sl
C<wvwapxsd_1,C<wvwap#sd,2024-02-12,2024-02-12,2024-02-14,1,5702.25,5676.00,-26.25,-105.00,1.00,3,signal
C<wvwapxsd_4,C<wvwap#sd,2024-02-12,2024-02-12,2024-02-14,1,5702.25,5676.00,-26.25,-105.00,1.00,3,signal
P_HixDD>x&RSIx_2,P_Hi#DD>#&RSI#<#,2024-02-13,2024-02-13,2024-02-14,1,5632.50,5676.00,43.50,-3.50,48.50,2,signal
P_HixDD>x&RSIx_3,P_Hi#DD>#&RSI#<#,2024-02-13,2024-02-13,2024-02-14,1,5632.50,5676.00,43.50,-3.50,48.50,2,signal
RSIx<x_1,RSI#<#,2024-02-13,2024-02-13,2024-02-14,1,5632.50,5676.00,43.50,-3.50,48.50,2,signal
P_HixDD>x&RSIx_1,P_Hi#DD>#&RSI#<#,2024-02-13,2024-02-13,2024-02-15,1,5632.50,5707.50,75.00,-3.50,76.75,3,signal
IBS<x_3,IBS<#,2024-02-12,2024-02-12,2024-02-15,1,5702.25,5707.50,5.25,-105.00,7.00,4,signal
C<wvwapxsd_2,C<wvwap#sd,2024-01-22,2024-01-22,2024-02-19,1,5542.50,5685.25,142.75,-15.75,184.75,21,time
IBS<x_3,IBS<#,2024-02-16,2024-02-16,2024-02-19,1,5681.25,5685.25,4.00,-7.50,9.00,2,signal
P_HixDD>x&IBS<_4,P_Hi#DD>#&IBS<#,2024-02-16,2024-02-16,2024-02-19,1,5681.25,5685.25,4.00,-7.50,9.00,2,signal
IBS<x_1,IBS<#,2024-02-16,2024-02-16,2024-02-20,1,5681.25,5636.15,-45.10,-52.25,9.00,3,sl
LMT_RSIx<x_xAT_2,LMT_RSI#<#_#ATR,2024-02-20,2024-02-21,2024-02-21,1,5638.75,5656.50,17.75,-19.00,20.25,1,time
C<wvwapxsd_1,C<wvwap#sd,2024-02-20,2024-02-20,2024-02-21,1,5653.25,5656.50,3.25,-33.50,5.75,2,signal
P_HixDD>x&RSIx_2,P_Hi#DD>#&RSI#<#,2024-02-20,2024-02-20,2024-02-21,1,5653.25,5656.50,3.25,-33.50,5.75,2,signal
P_HixDD>x&IBS<_1,P_Hi#DD>#&IBS<#,2024-02-16,2024-02-16,2024-02-21,1,5681.25,5656.50,-24.75,-61.50,9.00,4,signal
C<wvwapxsd_4,C<wvwap#sd,2024-02-20,2024-02-20,2024-02-22,1,5653.25,5758.25,105.00,-33.50,115.25,3,signal
P_HixDD>x&RSIx_1,P_Hi#DD>#&RSI#<#,2024-02-20,2024-02-20,2024-02-22,1,5653.25,5758.25,105.00,-33.50,115.25,3,signal
IBS<x_2,IBS<#,2024-02-16,2024-02-16,2024-02-22,1,5681.25,5758.25,77.00,-61.50,87.25,5,signal
IBS<x_3,IBS<#,2024-02-19,2024-02-19,2024-02-22,1,5685.25,5758.25,73.00,-65.50,83.25,4,signal
RSIx<x_1,RSI#<#,2024-02-20,2024-02-20,2024-02-22,1,5653.25,5758.25,105.00,-33.50,115.25,3,signal
P_HixDD>x&IBS<_3,P_Hi#DD>#&IBS<#,2024-02-16,2024-02-16,2024-02-22,1,5681.25,5758.25,77.00,-61.50,87.25,5,signal
ConnorsRSI<x_2,ConnorsRSI<#,2024-02-13,2024-02-13,2024-02-22,1,5632.50,5738.45,105.95,-12.75,136.00,8,tp
ConnorsRSI<x_4,ConnorsRSI<#,2024-02-13,2024-02-13,2024-02-22,1,5632.50,5738.45,105.95,-12.75,136.00,8,tp
IBS<x_3,IBS<#,2024-02-23,2024-02-23,2024-02-26,1,5760.50,5740.75,-19.75,-21.00,8.25,2,signal
C<dvwapxsd_2,C<dvwap#sd,2024-02-26,2024-02-26,2024-02-27,1,5740.75,5749.25,8.50,-13.00,11.75,2,signal
C<wvwapxsd_1,C<wvwap#sd,2024-02-26,2024-02-26,2024-02-27,1,5740.75,5749.25,8.50,-13.00,11.75,2,signal
IBS<x_3,IBS<#,2024-02-26,2024-02-26,2024-02-27,1,5740.75,5749.25,8.50,-13.00,11.75,2,signal
D01_2,D01,2024-02-26,2024-02-26,2024-02-27,1,5740.75,5749.25,8.50,-13.00,11.75,2,signal
C<dvwapxsd_3,C<dvwap#sd,2024-01-31,2024-01-31,2024-02-28,1,5529.50,5742.25,212.75,-2.75,254.75,21,time
ConnorsRSI<x_1,ConnorsRSI<#,2024-01-31,2024-01-31,2024-02-28,1,5529.50,5742.25,212.75,-2.75,254.75,21,time
C<dvwapxsd_4,C<dvwap#sd,2024-02-26,2024-02-26,2024-02-29,1,5740.75,5765.46,24.71,-20.00,34.50,4,tp
C<wvwapxsd_4,C<wvwap#sd,2024-02-26,2024-02-26,2024-02-29,1,5740.75,5757.50,16.75,-20.00,34.50,4,signal
IBS<x_2,IBS<#,2024-02-26,2024-02-26,2024-02-29,1,5740.75,5757.50,16.75,-20.00,34.50,4,signal
D01_1,D01,2024-02-27,2024-02-27,2024-02-29,1,5749.25,5757.50,8.25,-28.50,26.00,3,signal
D01_4,D01,2024-02-26,2024-02-26,2024-02-29,1,5740.75,5757.50,16.75,-20.00,34.50,4,signal
C<wvwapxsd_1,C<wvwap#sd,2024-02-28,2024-02-28,2024-03-01,1,5742.25,5805.75,63.50,-21.50,67.75,3,signal
C<dvwapxsd_1,C<dvwap#sd,2024-02-16,2024-02-16,2024-03-04,1,5681.25,5816.55,135.30,-61.50,137.25,12,tp
C<wvwapxsd_3,C<wvwap#sd,2024-02-26,2024-02-26,2024-03-04,1,5740.75,5814.89,74.14,-20.00,77.75,6,tp
C<dvwapxsd_1,C<dvwap#sd,2024-03-04,2024-03-04,2024-03-05,1,5798.50,5730.68,-67.82,-74.75,0.75,2,sl
IBS<x_4,IBS<#,2024-02-26,2024-02-26,2024-03-05,1,5740.75,5740.75,0.00,-20.00,77.75,7,breakeven
D01_2,D01,2024-03-05,2024-03-05,2024-03-06,1,5746.50,5772.75,26.25,-2.00,48.75,2,signal
RSIx<x_1,RSI#<#,2024-03-05,2024-03-05,2024-03-06,1,5746.50,5772.75,26.25,-2.00,48.75,2,signal
C<wvwapxsd_4,C<wvwap#sd,2024-03-04,2024-03-04,2024-03-07,1,5798.50,5820.50,22.00,-74.75,32.75,4,signal
P_HixDD>x&RSIx_1,P_Hi#DD>#&RSI#<#,2024-03-05,2024-03-05,2024-03-07,1,5746.50,5820.50,74.00,-2.00,84.75,3,signal
IBS<x_2,IBS<#,2024-03-04,2024-03-04,2024-03-07,1,5798.50,5820.50,22.00,-74.75,32.75,4,signal
IBS<x_3,IBS<#,2024-03-04,2024-03-04,2024-03-07,1,5798.50,5820.50,22.00,-74.75,32.75,4,signal
C<wvwapxsd_1,C<wvwap#sd,2024-03-04,2024-03-04,2024-03-11,1,5798.50,5783.00,-15.50,-74.75,55.25,6,signal
P_HixDD>x&RSIx_2,P_Hi#DD>#&RSI#<#,2024-03-05,2024-03-05,2024-03-11,1,5746.50,5783.00,36.50,-2.00,107.25,5,signal
IBS<x_1,IBS<#,2024-02-23,2024-02-23,2024-03-11,1,5760.50,5760.50,0.00,-39.75,93.25,12,breakeven
IBS<x_3,IBS<#,2024-03-08,2024-03-08,2024-03-11,1,5789.00,5783.00,-6.00,-34.75,9.00,2,signal
D01_3,D01,2024-03-06,2024-03-06,2024-03-11,1,5772.75,5772.75,0.00,-25.50,81.00,4,breakeven
P_HixDD>x&IBS<_1,P_Hi#DD>#&IBS<#,2024-03-08,2024-03-08,2024-03-11,1,5789.00,5783.00,-6.00,-34.75,9.00,2,signal
P_HixDD>x&IBS<_4,P_Hi#DD>#&IBS<#,2024-03-08,2024-03-08,2024-03-11,1,5789.00,5783.00,-6.00,-34.75,9.00,2,signal
C<wvwapxsd_4,C<wvwap#sd,2024-03-08,2024-03-08,2024-03-12,1,5789.00,5838.75,49.75,-34.75,55.00,3,signal
IBS<x_2,IBS<#,2024-03-08,2024-03-08,2024-03-12,1,5789.00,5838.75,49.75,-34.75,55.00,3,signal
P_HixDD>x&IBS<_3,P_Hi#DD>#&IBS<#,2024-03-08,2024-03-08,2024-03-12,1,5789.00,5838.75,49.75,-34.75,55.00,3,signal
IBS<x_4,IBS<#,2024-03-08,2024-03-08,2024-03-14,1,5789.00,5789.00,0.00,-34.75,61.75,5,breakeven
C<wvwapxsd_4,C<wvwap#sd,2024-03-15,2024-03-15,2024-03-18,1,5780.00,5812.50,32.50,-1.75,57.50,2,signal
D01_2,D01,2024-03-15,2024-03-15,2024-03-18,1,5780.00,5812.50,32.50,-1.75,57.50,2,signal
RSIx<x_1,RSI#<#,2024-03-15,2024-03-15,2024-03-18,1,5780.00,5812.50,32.50,-1.75,57.50,2,signal
C<wvwapxsd_1,C<wvwap#sd,2024-03-15,2024-03-15,2024-03-19,1,5780.00,5839.75,59.75,-1.75,62.00,3,signal
C<wvwapxsd_2,C<wvwap#sd,2024-02-20,2024-02-20,2024-03-19,1,5653.25,5839.75,186.50,-33.50,200.50,21,time
C<wvwapxsd_4,C<wvwap#sd,2024-03-18,2024-03-18,2024-03-19,1,5812.50,5839.75,27.25,-29.25,29.50,2,signal
P_HixDD>x&RSIx_1,P_Hi#DD>#&RSI#<#,2024-03-15,2024-03-15,2024-03-19,1,5780.00,5839.75,59.75,-1.75,62.00,3,signal
P_HixDD>x&RSIx_2,P_Hi#DD>#&RSI#<#,2024-03-15,2024-03-15,2024-03-19,1,5780.00,5839.75,59.75,-1.75,62.00,3,signal
IBS<x_2,IBS<#,2024-03-18,2024-03-18,2024-03-19,1,5812.50,5839.75,27.25,-29.25,29.50,2,signal
IBS<x_3,IBS<#,2024-03-18,2024-03-18,2024-03-19,1,5812.50,5839.75,27.25,-29.25,29.50,2,signal
CloseAtxdLow_3,CloseAt#dLow,2024-03-15,2024-03-15,2024-03-19,1,5780.00,5839.75,59.75,-1.75,62.00,3,signal
CloseAtxdLow_2,CloseAt#dLow,2024-03-15,2024-03-15,2024-03-20,1,5780.00,5885.65,105.65,-1.75,106.75,4,tp
ConnorsRSI<x_2,ConnorsRSI<#,2024-03-05,2024-03-05,2024-03-20,1,5746.50,5854.05,107.55,-2.00,140.25,12,tp
ConnorsRSI<x_4,ConnorsRSI<#,2024-03-05,2024-03-05,2024-03-20,1,5746.50,5854.05,107.55,-2.00,140.25,12,tp
C<dvwapxsd_1,C<dvwap#sd,2024-03-05,2024-03-05,2024-03-21,1,5746.50,5912.25,165.75,-2.00,173.50,13,tp
IBS<x_3,IBS<#,2024-03-21,2024-03-21,2024-03-22,1,5900.00,5889.25,-10.75,-13.75,9.00,2,signal
D01_2,D01,2024-03-25,2024-03-25,2024-03-26,1,5874.25,5863.25,-11.00,-14.00,23.50,2,signal
C<dvwapxsd_2,C<dvwap#sd,2024-03-26,2024-03-26,2024-03-27,1,5863.25,5907.50,44.25,-1.25,44.50,2,signal
C<dvwapxsd_4,C<dvwap#sd,2024-03-26,2024-03-26,2024-03-27,1,5863.25,5890.25,27.00,-1.25,44.50,2,tp
C<wvwapxsd_1,C<wvwap#sd,2024-03-25,2024-03-25,2024-03-27,1,5874.25,5907.50,33.25,-14.00,33.50,3,signal
C<wvwapxsd_4,C<wvwap#sd,2024-03-25,2024-03-25,2024-03-27,1,5874.25,5907.50,33.25,-14.00,33.50,3,signal
P_HixDD>x&RSIx_1,P_Hi#DD>#&RSI#<#,2024-03-26,2024-03-26,2024-03-27,1,5863.25,5907.50,44.25,-1.25,44.50,2,signal
P_HixDD>x&RSIx_2,P_Hi#DD>#&RSI#<#,2024-03-26,2024-03-26,2024-03-27,1,5863.25,5907.50,44.25,-1.25,44.50,2,signal
IBS<x_2,IBS<#,2024-03-21,2024-03-21,2024-03-27,1,5900.00,5907.50,7.50,-39.75,9.00,5,signal
IBS<x_3,IBS<#,2024-03-22,2024-03-22,2024-03-27,1,5889.25,5907.50,18.25,-29.00,18.50,4,signal
D01_2,D01,2024-03-26,2024-03-26,2024-03-27,1,5863.25,5907.50,44.25,-1.25,44.50,2,signal
D01_4,D01,2024-03-26,2024-03-26,2024-03-27,1,5863.25,5907.50,44.25,-1.25,44.50,2,signal
RSIx<x_1,RSI#<#,2024-03-26,2024-03-26,2024-03-27,1,5863.25,5907.50,44.25,-1.25,44.50,2,signal
P_HixDD>x&IBS<_1,P_Hi#DD>#&IBS<#,2024-03-26,2024-03-26,2024-03-27,1,5863.25,5907.50,44.25,-1.25,44.50,2,signal
P_HixDD>x&IBS<_3,P_Hi#DD>#&IBS<#,2024-03-26,2024-03-26,2024-03-27,1,5863.25,5907.50,44.25,-1.25,44.50,2,signal
P_HixDD>x&IBS<_4,P_Hi#DD>#&IBS<#,2024-03-26,2024-03-26,2024-03-27,1,5863.25,5907.50,44.25,-1.25,44.50,2,signal
D01_1,D01,2024-03-27,2024-03-27,2024-03-28,1,5907.50,5902.50,-5.00,-9.25,10.75,2,signal
IBS<x_1,IBS<#,2024-03-18,2024-03-18,2024-04-01,1,5812.50,5922.43,109.93,-29.25,118.25,10,tp
IBS<x_3,IBS<#,2024-03-28,2024-03-28,2024-04-01,1,5902.50,5891.50,-11.00,-23.00,28.25,2,signal
C<wvwapxsd_1,C<wvwap#sd,2024-04-01,2024-04-01,2024-04-02,1,5891.50,5858.25,-33.25,-59.25,2.00,2,signal
C<wvwapxsd_3,C<wvwap#sd,2024-03-26,2024-03-26,2024-04-02,1,5863.25,5837.77,-25.48,-31.00,67.50,5,sl
IBS<x_4,IBS<#,2024-03-26,2024-03-26,2024-04-02,1,5863.25,5850.50,-12.75,-31.00,67.50,5,breakeven
LMT_RSIx<x_xAT_2,LMT_RSI#<#_#ATR,2024-04-02,2024-04-03,2024-04-03,1,5845.00,5862.50,17.50,-3.25,33.00,1,time
C<wvwapxsd_4,C<wvwap#sd,2024-04-01,2024-04-01,2024-04-03,1,5891.50,5862.50,-29.00,-59.25,2.00,3,signal
IBS<x_2,IBS<#,2024-03-28,2024-03-28,2024-04-03,1,5902.50,5862.50,-40.00,-70.25,28.25,4,signal
ConnorsRSI<x_1,ConnorsRSI<#,2024-03-05,2024-03-05,2024-04-03,1,5746.50,5862.50,116.00,-2.00,184.25,21,time
C<dvwapxsd_1,C<dvwap#sd,2024-03-21,2024-03-21,2024-04-04,1,5900.00,5823.35,-76.65,-108.50,30.75,10,sl
WRx<x_4,WR#<#,2024-04-04,2024-04-04,2024-04-05,1,5794.75,5848.50,53.75,-6.00,75.00,2,signal
RSIx<x_3,RSI#<#,2024-04-04,2024-04-04,2024-04-05,1,5794.75,5834.19,39.44,-6.00,75.00,2,tp
C<dvwapxsd_3,C<dvwap#sd,2024-03-08,2024-03-08,2024-04-08,1,5789.00,5851.50,62.50,-34.75,141.75,21,time
P_HixDD>x&RSIx_1,P_Hi#DD>#&RSI#<#,2024-04-02,2024-04-02,2024-04-08,1,5858.25,5851.50,-6.75,-69.50,47.50,5,signal
WRx<x_2,WR#<#,2024-04-04,2024-04-04,2024-04-09,1,5794.75,5817.16,22.41,-6.00,76.75,4,trail
WRx<x_3,WR#<#,2024-04-04,2024-04-04,2024-04-09,1,5794.75,5857.25,62.50,-6.00,76.75,4,signal
P_HixDD>x&IBS<_4,P_Hi#DD>#&IBS<#,2024-04-04,2024-04-04,2024-04-09,1,5794.75,5857.25,62.50,-6.00,76.75,4,signal
P_HixDD>x&RSIx_4,P_Hi#DD>#&RSI#<#,2024-04-04,2024-04-04,2024-04-10,1,5794.75,5794.75,0.00,-21.00,87.50,5,breakeven
IBS<x_4,IBS<#,2024-04-04,2024-04-04,2024-04-10,1,5794.75,5794.75,0.00,-21.00,87.50,5,breakeven
RSIx<x_4,RSI#<#,2024-04-04,2024-04-04,2024-04-10,1,5794.75,5873.63,78.88,-21.00,87.50,5,tp
ConnorsRSI<x_4,ConnorsRSI<#,2024-03-26,2024-03-26,2024-04-10,1,5863.25,5786.81,-76.44,-89.50,67.50,11,sl
LMT_RSIx<x_xAT_2,LMT_RSI#<#_#ATR,2024-04-10,2024-04-11,2024-04-11,1,5789.12,5839.75,50.63,-18.37,65.63,1,time
C<wvwapxsd_1,C<wvwap#sd,2024-04-02,2024-04-02,2024-04-11,1,5858.25,5839.75,-18.50,-87.50,47.50,8,signal
C<wvwapxsd_4,C<wvwap#sd,2024-04-03,2024-04-03,2024-04-11,1,5862.50,5839.75,-22.75,-91.75,43.25,7,signal
P_HixDD>x&RSIx_2,P_Hi#DD>#&RSI#<#,2024-04-02,2024-04-02,2024-04-11,1,5858.25,5839.75,-18.50,-87.50,47.50,8,signal
P_HixDD>x&RSIx_3,P_Hi#DD>#&RSI#<#,2024-04-04,2024-04-04,2024-04-11,1,5794.75,5839.75,45.00,-24.00,87.50,6,signal
IBS<x_1,IBS<#,2024-04-04,2024-04-04,2024-04-11,1,5794.75,5794.75,0.00,-24.00,87.50,6,breakeven
IBS<x_2,IBS<#,2024-04-04,2024-04-04,2024-04-11,1,5794.75,5839.75,45.00,-24.00,87.50,6,signal
WRx<x_1,WR#<#,2024-04-04,2024-04-04,2024-04-11,1,5794.75,5794.75,0.00,-24.00,87.50,6,breakeven
P_HixDD>x&IBS<_1,P_Hi#DD>#&IBS<#,2024-04-04,2024-04-04,2024-04-11,1,5794.75,5839.75,45.00,-24.00,87.50,6,signal
D01_3,D01,2024-04-05,2024-04-05,2024-04-12,1,5848.50,5769.84,-78.66,-101.25,33.75,6,sl
CloseAtxdLow_2,CloseAt#dLow,2024-04-02,2024-04-02,2024-04-12,1,5858.25,5755.50,-102.75,-111.00,47.50,9,sl
RSIx<x_1,RSI#<#,2024-04-02,2024-04-02,2024-04-12,1,5858.25,5755.50,-102.75,-111.00,47.50,9,sl
C<dvwapxsd_1,C<dvwap#sd,2024-04-04,2024-04-04,2024-04-15,1,5794.75,5715.87,-78.88,-103.50,87.50,8,sl
C<wvwapxsd_2,C<wvwap#sd,2024-03-25,2024-03-25,2024-04-15,1,5874.25,5723.27,-150.98,-183.00,56.50,15,sl
P_HixDD>x&RSIx_1,P_Hi#DD>#&RSI#<#,2024-04-10,2024-04-10,2024-04-15,1,5802.50,5695.45,-107.05,-111.25,52.25,4,sl
IBS<x_1,IBS<#,2024-04-12,2024-04-12,2024-04-15,1,5765.00,5707.11,-57.89,-73.75,45.50,2,sl
ConnorsRSI<x_4,ConnorsRSI<#,2024-04-10,2024-04-10,2024-04-15,1,5802.50,5722.21,-80.29,-111.25,52.25,4,sl
LMT_RSIx<x_xAT_4,LMT_RSI#<#_#ATR,2024-04-12,2024-04-15,2024-04-16,1,5721.58,5704.25,-17.33,-45.58,88.92,2,trail
CloseAtxdLow_3,CloseAt#dLow,2024-04-02,2024-04-02,2024-04-16,1,5858.25,5689.25,-169.00,-182.25,47.50,11,time
P_HixDD>x&IBS<_3,P_Hi#DD>#&IBS<#,2024-04-04,2024-04-04,2024-04-16,1,5794.75,5689.57,-105.18,-118.75,87.50,9,sl
P_HixDD>x&RSIx_3,P_Hi#DD>#&RSI#<#,2024-04-12,2024-04-12,2024-04-17,1,5765.00,5649.23,-115.77,-120.75,45.50,4,sl
WRx<x_2,WR#<#,2024-04-15,2024-04-15,2024-04-17,1,5700.50,5659.80,-40.70,-56.25,20.00,3,trail
CloseAtxdLow_1,CloseAt#dLow,2024-04-12,2024-04-12,2024-04-17,1,5765.00,5649.23,-115.77,-120.75,45.50,4,sl
CloseAtxdLow_2,CloseAt#dLow,2024-04-12,2024-04-12,2024-04-17,1,5765.00,5649.23,-115.77,-120.75,45.50,4,sl
RSIx<x_1,RSI#<#,2024-04-12,2024-04-12,2024-04-17,1,5765.00,5649.23,-115.77,-120.75,45.50,4,sl
RSIx<x_4,RSI#<#,2024-04-15,2024-04-15,2024-04-17,1,5700.50,5670.15,-30.35,-56.25,20.00,3,sl
LMT_RSIx<x_xAT_4,LMT_RSI#<#_#ATR,2024-04-16,2024-04-17,2024-04-18,1,5644.28,5657.05,12.77,-8.53,73.47,2,trail
IBS<x_1,IBS<#,2024-04-15,2024-04-15,2024-04-18,1,5700.50,5639.80,-60.70,-64.75,20.00,4,sl
IBS<x_4,IBS<#,2024-04-15,2024-04-15,2024-04-18,1,5700.50,5639.80,-60.70,-64.75,20.00,4,sl
WRx<x_1,WR#<#,2024-04-15,2024-04-15,2024-04-18,1,5700.50,5639.80,-60.70,-64.75,20.00,4,sl
C<dvwapxsd_1,C<dvwap#sd,2024-04-15,2024-04-15,2024-04-19,1,5700.50,5609.45,-91.05,-139.75,20.00,5,sl
P_HixDD>x&RSIx_1,P_Hi#DD>#&RSI#<#,2024-04-15,2024-04-15,2024-04-19,1,5700.50,5579.10,-121.40,-139.75,20.00,5,sl
IBS<x_1,IBS<#,2024-04-18,2024-04-18,2024-04-19,1,5645.50,5584.79,-60.71,-84.75,9.75,2,sl
WRx<x_1,WR#<#,2024-04-18,2024-04-18,2024-04-19,1,5645.50,5584.79,-60.71,-84.75,9.75,2,sl
WRx<x_2,WR#<#,2024-04-17,2024-04-17,2024-04-19,1,5658.00,5631.80,-26.20,-97.25,34.50,3,trail
WRx<x_3,WR#<#,2024-04-15,2024-04-15,2024-04-19,1,5700.50,5579.10,-121.40,-139.75,20.00,5,sl
RSIx<x_3,RSI#<#,2024-04-15,2024-04-15,2024-04-19,1,5700.50,5609.45,-91.05,-139.75,20.00,5,sl
RSIx<x_4,RSI#<#,2024-04-17,2024-04-17,2024-04-19,1,5658.00,5627.65,-30.35,-97.25,34.50,3,sl
P_HixDD>x&IBS<_4,P_Hi#DD>#&IBS<#,2024-04-15,2024-04-15,2024-04-19,1,5700.50,5579.10,-121.40,-139.75,20.00,5,sl
ConnorsRSI<x_4,ConnorsRSI<#,2024-04-15,2024-04-15,2024-04-19,1,5700.50,5609.45,-91.05,-139.75,20.00,5,sl
WRx<x_3,WR#<#,2024-04-19,2024-04-19,2024-04-22,1,5600.50,5645.75,45.25,-3.75,73.50,2,signal
WRx<x_4,WR#<#,2024-04-15,2024-04-15,2024-04-22,1,5700.50,5645.75,-54.75,-139.75,20.00,6,signal
CloseAtxdLow_1,CloseAt#dLow,2024-04-17,2024-04-17,2024-04-22,1,5658.00,5645.75,-12.25,-97.25,34.50,4,signal
RSIx<x_3,RSI#<#,2024-04-19,2024-04-19,2024-04-22,1,5600.50,5648.16,47.66,-3.75,73.50,2,tp
P_HixDD>x&IBS<_4,P_Hi#DD>#&IBS<#,2024-04-19,2024-04-19,2024-04-22,1,5600.50,5645.75,45.25,-3.75,73.50,2,signal
LMT_RSIx<x_xAT_1,LMT_RSI#<#_#ATR,2024-04-16,2024-04-17,2024-04-23,1,5644.28,5705.00,60.72,-83.53,73.47,5,signal
C<wvwapxsd_1,C<wvwap#sd,2024-04-12,2024-04-12,2024-04-23,1,5765.00,5705.00,-60.00,-204.25,45.50,8,signal
C<wvwapxsd_4,C<wvwap#sd,2024-04-12,2024-04-12,2024-04-23,1,5765.00,5705.00,-60.00,-204.25,45.50,8,signal
P_HixDD>x&RSIx_1,P_Hi#DD>#&RSI#<#,2024-04-19,2024-04-19,2024-04-23,1,5600.50,5705.00,104.50,-3.75,109.50,3,signal
P_HixDD>x&RSIx_3,P_Hi#DD>#&RSI#<#,2024-04-17,2024-04-17,2024-04-23,1,5658.00,5705.00,47.00,-97.25,52.00,5,signal
IBS<x_2,IBS<#,2024-04-15,2024-04-15,2024-04-23,1,5700.50,5705.00,4.50,-139.75,20.00,7,signal
RSIx<x_4,RSI#<#,2024-04-19,2024-04-19,2024-04-23,1,5600.50,5695.82,95.32,-3.75,109.50,3,tp
P_HixDD>x&IBS<_1,P_Hi#DD>#&IBS<#,2024-04-15,2024-04-15,2024-04-23,1,5700.50,5705.00,4.50,-139.75,20.00,7,signal
P_HixDD>x&IBS<_3,P_Hi#DD>#&IBS<#,2024-04-17,2024-04-17,2024-04-23,1,5658.00,5705.00,47.00,-97.25,52.00,5,signal
C06_1,C06,2024-04-22,2024-04-22,2024-04-24,1,5645.75,5714.00,68.25,-10.75,64.25,3,signal
D01_2,D01,2024-04-04,2024-04-04,2024-04-24,1,5794.75,5702.50,-92.25,-234.00,87.50,15,signal
RSIx<x_1,RSI#<#,2024-04-17,2024-04-17,2024-04-24,1,5658.00,5702.50,44.50,-97.25,68.00,6,signal
RSIx<x_2,RSI#<#,2024-04-17,2024-04-17,2024-04-24,1,5658.00,5714.00,56.00,-97.25,52.00,6,signal
LMT_RSIx<x_xAT_4,LMT_RSI#<#_#ATR,2024-04-18,2024-04-19,2024-04-25,1,5599.97,5636.75,36.78,-39.22,126.03,5,trail
C06_2,C06,2024-04-23,2024-04-23,2024-04-25,1,5705.00,5636.10,-68.90,-85.50,21.00,3,sl
C06_3,C06,2024-04-23,2024-04-23,2024-04-25,1,5705.00,5636.10,-68.90,-85.50,21.00,3,sl
IBS<x_1,IBS<#,2024-04-19,2024-04-19,2024-04-26,1,5600.50,5727.60,127.10,-3.75,143.25,6,tp
WRx<x_1,WR#<#,2024-04-19,2024-04-19,2024-04-26,1,5600.50,5727.60,127.10,-3.75,143.25,6,tp
ConnorsRSI<x_4,ConnorsRSI<#,2024-04-19,2024-04-19,2024-04-26,1,5600.50,5743.49,142.99,-3.75,143.25,6,tp
C06_1,C06,2024-04-26,2024-04-26,2024-04-30,1,5726.75,5728.25,1.50,-10.75,24.75,3,signal
C<dvwapxsd_4,C<dvwap#sd,2024-04-30,2024-04-30,2024-05-01,1,5662.25,5699.38,37.13,-27.25,61.75,2,tp
C<wvwapxsd_1,C<wvwap#sd,2024-04-30,2024-04-30,2024-05-02,1,5662.25,5689.00,26.75,-28.75,61.75,3,signal
P_HixDD>x&RSIx_3,P_Hi#DD>#&RSI#<#,2024-04-30,2024-04-30,2024-05-02,1,5662.25,5689.00,26.75,-28.75,61.75,3,signal
D01_2,D01,2024-04-30,2024-04-30,2024-05-02,1,5662.25,5689.00,26.75,-28.75,61.75,3,signal
RSIx<x_1,RSI#<#,2024-04-30,2024-04-30,2024-05-02,1,5662.25,5689.00,26.75,-28.75,61.75,3,signal
P_HixDD>x&IBS<_1,P_Hi#DD>#&IBS<#,2024-04-30,2024-04-30,2024-05-02,1,5662.25,5689.00,26.75,-28.75,61.75,3,signal
C<wvwapxsd_4,C<wvwap#sd,2024-04-30,2024-04-30,2024-05-03,1,5662.25,5751.50,89.25,-28.75,101.75,4,signal
P_HixDD>x&RSIx_1,P_Hi#DD>#&RSI#<#,2024-04-30,2024-04-30,2024-05-03,1,5662.25,5751.50,89.25,-28.75,101.75,4,signal
IBS<x_2,IBS<#,2024-04-30,2024-04-30,2024-05-03,1,5662.25,5751.50,89.25,-28.75,101.75,4,signal
P_HixDD>x&IBS<_3,P_Hi#DD>#&IBS<#,2024-04-30,2024-04-30,2024-05-03,1,5662.25,5751.50,89.25,-28.75,101.75,4,signal
P_HixDD>x&IBS<_4,P_Hi#DD>#&IBS<#,2024-04-30,2024-04-30,2024-05-03,1,5662.25,5751.50,89.25,-28.75,101.75,4,signal
LMT_RSIx<x_xAT_3,LMT_RSI#<#_#ATR,2024-04-15,2024-04-16,2024-05-06,1,5685.32,5804.25,118.93,-124.57,119.43,15,signal
C<dvwapxsd_1,C<dvwap#sd,2024-04-19,2024-04-19,2024-05-06,1,5600.50,5791.15,190.65,-3.75,204.25,12,tp
C<wvwapxsd_1,C<wvwap#sd,2024-05-02,2024-05-02,2024-05-06,1,5689.00,5804.25,115.25,-4.75,115.75,3,signal
C06_1,C06,2024-05-02,2024-05-02,2024-05-06,1,5689.00,5775.75,86.75,-4.75,75.00,3,signal
CloseAtxdLow_2,CloseAt#dLow,2024-04-17,2024-04-17,2024-05-06,1,5658.00,5779.40,121.40,-97.25,146.75,14,tp
ConnorsRSI<x_3,ConnorsRSI<#,2024-04-19,2024-04-19,2024-05-06,1,5600.50,5791.15,190.65,-3.75,204.25,12,tp
IBS<x_1,IBS<#,2024-04-30,2024-04-30,2024-05-07,1,5662.25,5813.50,151.25,-28.75,161.75,6,tp
ConnorsRSI<x_4,ConnorsRSI<#,2024-04-30,2024-04-30,2024-05-09,1,5662.25,5829.34,167.09,-28.75,175.00,8,tp
C<wvwapxsd_2,C<wvwap#sd,2024-04-15,2024-04-15,2024-05-13,1,5700.50,5842.75,142.25,-139.75,160.75,21,time
C<wvwapxsd_1,C<wvwap#sd,2024-05-13,2024-05-13,2024-05-14,1,5842.75,5865.75,23.00,-28.75,28.75,2,signal
C<wvwapxsd_4,C<wvwap#sd,2024-05-13,2024-05-13,2024-05-14,1,5842.75,5865.75,23.00,-28.75,28.75,2,signal
IBS<x_4,IBS<#,2024-04-30,2024-04-30,2024-05-15,1,5662.25,5890.75,228.50,-28.75,272.25,12,tp
D01_3,D01,2024-04-23,2024-04-23,2024-05-15,1,5705.00,5911.70,206.70,-85.50,229.50,17,tp
C<dvwapxsd_2,C<dvwap#sd,2024-05-16,2024-05-16,2024-05-17,1,5917.25,5925.00,7.75,-14.25,8.75,2,signal
IBS<x_3,IBS<#,2024-05-16,2024-05-16,2024-05-17,1,5917.25,5925.00,7.75,-14.25,8.75,2,signal
IBS<x_2,IBS<#,2024-05-16,2024-05-16,2024-05-20,1,5917.25,5930.50,13.25,-14.25,28.25,3,signal
C<wvwapxsd_1,C<wvwap#sd,2024-05-20,2024-05-20,2024-05-21,1,5930.50,5943.25,12.75,-10.75,14.25,2,signal
C<dvwapxsd_4,C<dvwap#sd,2024-05-16,2024-05-16,2024-05-23,1,5917.25,5887.84,-29.41,-46.50,48.25,6,sl
D01_2,D01,2024-05-23,2024-05-23,2024-05-24,1,5883.50,5919.00,35.50,-4.50,43.00,2,signal
RSIx<x_1,RSI#<#,2024-05-23,2024-05-23,2024-05-24,1,5883.50,5919.00,35.50,-4.50,43.00,2,signal
C<wvwapxsd_1,C<wvwap#sd,2024-05-22,2024-05-22,2024-05-27,1,5926.50,5931.25,4.75,-55.75,39.00,4,signal
C<wvwapxsd_4,C<wvwap#sd,2024-05-20,2024-05-20,2024-05-27,1,5930.50,5931.25,0.75,-59.75,35.00,6,signal
P_HixDD>x&RSIx_1,P_Hi#DD>#&RSI#<#,2024-05-23,2024-05-23,2024-05-27,1,5883.50,5931.25,47.75,-4.50,48.50,3,signal
P_HixDD>x&RSIx_2,P_Hi#DD>#&RSI#<#,2024-05-23,2024-05-23,2024-05-27,1,5883.50,5931.25,47.75,-4.50,48.50,3,signal
IBS<x_2,IBS<#,2024-05-23,2024-05-23,2024-05-27,1,5883.50,5931.25,47.75,-4.50,48.50,3,signal
IBS<x_3,IBS<#,2024-05-23,2024-05-23,2024-05-27,1,5883.50,5931.25,47.75,-4.50,48.50,3,signal
D01_1,D01,2024-05-24,2024-05-24,2024-05-27,1,5919.00,5931.25,12.25,-9.25,13.00,2,signal
D01_4,D01,2024-05-23,2024-05-23,2024-05-27,1,5883.50,5931.25,47.75,-4.50,48.50,3,signal
CloseAtxdLow_3,CloseAt#dLow,2024-05-23,2024-05-23,2024-05-27,1,5883.50,5931.25,47.75,-4.50,48.50,3,signal
P_HixDD>x&IBS<_1,P_Hi#DD>#&IBS<#,2024-05-23,2024-05-23,2024-05-27,1,5883.50,5931.25,47.75,-4.50,48.50,3,signal
P_HixDD>x&IBS<_3,P_Hi#DD>#&IBS<#,2024-05-23,2024-05-23,2024-05-27,1,5883.50,5931.25,47.75,-4.50,48.50,3,signal
P_HixDD>x&IBS<_4,P_Hi#DD>#&IBS<#,2024-05-23,2024-05-23,2024-05-27,1,5883.50,5931.25,47.75,-4.50,48.50,3,signal
LMT_RSIx<x_xAT_2,LMT_RSI#<#_#ATR,2024-05-29,2024-05-30,2024-05-30,1,5867.00,5848.75,-18.25,-31.50,19.50,1,time
C<wvwapxsd_3,C<wvwap#sd,2024-05-23,2024-05-23,2024-05-30,1,5883.50,5858.36,-25.14,-48.00,52.75,6,sl
IBS<x_1,IBS<#,2024-05-16,2024-05-16,2024-05-30,1,5917.25,5858.44,-58.81,-81.75,48.25,11,sl
IBS<x_4,IBS<#,2024-05-16,2024-05-16,2024-05-30,1,5917.25,5858.44,-58.81,-81.75,48.25,11,sl
LMT_RSIx<x_xAT_2,LMT_RSI#<#_#ATR,2024-05-30,2024-05-31,2024-05-31,1,5837.78,5894.00,56.22,-35.03,58.97,1,time
LMT_RSIx<x_xAT_4,LMT_RSI#<#_#ATR,2024-05-29,2024-05-30,2024-05-31,1,5851.33,5807.44,-43.89,-48.58,45.42,2,sl
C<dvwapxsd_1,C<dvwap#sd,2024-05-16,2024-05-16,2024-05-31,1,5917.25,5829.03,-88.22,-114.50,48.25,12,sl
C<wvwapxsd_1,C<wvwap#sd,2024-05-29,2024-05-29,2024-05-31,1,5884.75,5894.00,9.25,-82.00,12.00,3,signal
C<wvwapxsd_3,C<wvwap#sd,2024-05-30,2024-05-30,2024-05-31,1,5848.75,5826.81,-21.94,-46.00,48.00,2,sl
C<wvwapxsd_4,C<wvwap#sd,2024-05-29,2024-05-29,2024-05-31,1,5884.75,5894.00,9.25,-82.00,12.00,3,signal
P_HixDD>x&RSIx_2,P_Hi#DD>#&RSI#<#,2024-05-29,2024-05-29,2024-05-31,1,5884.75,5894.00,9.25,-82.00,12.00,3,signal
P_HixDD>x&RSIx_3,P_Hi#DD>#&RSI#<#,2024-05-30,2024-05-30,2024-05-31,1,5848.75,5894.00,45.25,-46.00,48.00,2,signal
P_HixDD>x&RSIx_4,P_Hi#DD>#&RSI#<#,2024-05-30,2024-05-30,2024-05-31,1,5848.75,5804.86,-43.89,-46.00,48.00,2,sl
RSIx<x_3,RSI#<#,2024-05-30,2024-05-30,2024-05-31,1,5848.75,5881.67,32.92,-46.00,48.00,2,tp
ConnorsRSI<x_2,ConnorsRSI<#,2024-05-23,2024-05-23,2024-05-31,1,5883.50,5808.07,-75.43,-80.75,52.75,7,sl
ConnorsRSI<x_4,ConnorsRSI<#,2024-05-23,2024-05-23,2024-05-31,1,5883.50,5808.07,-75.43,-80.75,52.75,7,sl
P_HixDD>x&RSIx_1,P_Hi#DD>#&RSI#<#,2024-05-29,2024-05-29,2024-06-03,1,5884.75,5896.50,11.75,-82.00,25.75,4,signal
CloseAtxdLow_4,CloseAt#dLow,2024-05-30,2024-05-30,2024-06-03,1,5848.75,5896.50,47.75,-46.00,61.75,3,signal
LMT_RSIx<x_xAT_1,LMT_RSI#<#_#ATR,2024-05-30,2024-05-31,2024-06-04,1,5815.83,5901.25,85.42,-13.08,94.67,3,signal
D01_2,D01,2024-05-29,2024-05-29,2024-06-04,1,5884.75,5901.25,16.50,-82.00,25.75,5,signal
CloseAtxdLow_3,CloseAt#dLow,2024-05-30,2024-05-30,2024-06-04,1,5848.75,5901.25,52.50,-46.00,61.75,4,signal
RSIx<x_1,RSI#<#,2024-05-29,2024-05-29,2024-06-04,1,5884.75,5901.25,16.50,-82.00,25.75,5,signal
LMT_RSIx<x_xAT_3,LMT_RSI#<#_#ATR,2024-05-30,2024-05-31,2024-06-05,1,5837.78,5963.75,125.97,-35.03,126.47,4,signal
C<wvwapxsd_2,C<wvwap#sd,2024-05-13,2024-05-13,2024-06-10,1,5842.75,5970.00,127.25,-40.00,140.00,21,time
CloseAtxdLow_2,CloseAt#dLow,2024-05-23,2024-05-23,2024-06-12,1,5883.50,6027.25,143.75,-80.75,168.25,15,tp
C<dvwapxsd_3,C<dvwap#sd,2024-05-16,2024-05-16,2024-06-13,1,5917.25,6033.75,116.50,-114.50,134.50,21,time
IBS<x_3,IBS<#,2024-06-12,2024-06-12,2024-06-13,1,6024.00,6033.75,9.75,-18.25,26.00,2,signal
C<dvwapxsd_1,C<dvwap#sd,2024-06-07,2024-06-07,2024-06-20,1,5953.25,6102.75,149.50,-21.50,167.25,10,tp
IBS<x_3,IBS<#,2024-06-19,2024-06-19,2024-06-20,1,6094.25,6077.50,-16.75,-36.25,26.25,2,signal
ConnorsRSI<x_1,ConnorsRSI<#,2024-05-23,2024-05-23,2024-06-20,1,5883.50,6077.50,194.00,-80.75,237.00,21,time
LMT_RSIx<x_xAT_2,LMT_RSI#<#_#ATR,2024-06-21,2024-06-24,2024-06-24,1,6050.53,6047.25,-3.28,-3.53,40.47,1,time
C<dvwapxsd_2,C<dvwap#sd,2024-06-24,2024-06-24,2024-06-25,1,6047.25,6067.75,20.50,-4.50,25.00,2,signal
C<dvwapxsd_4,C<dvwap#sd,2024-06-24,2024-06-24,2024-06-25,1,6047.25,6072.23,24.98,-4.50,25.00,2,tp
C<wvwapxsd_1,C<wvwap#sd,2024-06-20,2024-06-20,2024-06-25,1,6077.50,6067.75,-9.75,-34.75,13.50,4,signal
P_HixDD>x&RSIx_2,P_Hi#DD>#&RSI#<#,2024-06-24,2024-06-24,2024-06-25,1,6047.25,6067.75,20.50,-4.50,25.00,2,signal
D01_2,D01,2024-06-24,2024-06-24,2024-06-25,1,6047.25,6067.75,20.50,-4.50,25.00,2,signal
RSIx<x_1,RSI#<#,2024-06-21,2024-06-21,2024-06-25,1,6062.75,6067.75,5.00,-20.00,28.25,3,signal
P_HixDD>x&IBS<_1,P_Hi#DD>#&IBS<#,2024-06-24,2024-06-24,2024-06-25,1,6047.25,6067.75,20.50,-4.50,25.00,2,signal
P_HixDD>x&IBS<_4,P_Hi#DD>#&IBS<#,2024-06-24,2024-06-24,2024-06-25,1,6047.25,6067.75,20.50,-4.50,25.00,2,signal
C<wvwapxsd_4,C<wvwap#sd,2024-06-20,2024-06-20,2024-06-26,1,6077.50,6074.00,-3.50,-34.75,13.50,5,signal
P_HixDD>x&RSIx_1,P_Hi#DD>#&RSI#<#,2024-06-24,2024-06-24,2024-06-26,1,6047.25,6074.00,26.75,-4.50,37.00,3,signal
IBS<x_2,IBS<#,2024-06-24,2024-06-24,2024-06-26,1,6047.25,6074.00,26.75,-4.50,37.00,3,signal
IBS<x_3,IBS<#,2024-06-24,2024-06-24,2024-06-26,1,6047.25,6074.00,26.75,-4.50,37.00,3,signal
D01_1,D01,2024-06-25,2024-06-25,2024-06-26,1,6067.75,6074.00,6.25,-19.00,16.50,2,signal
D01_4,D01,2024-06-24,2024-06-24,2024-06-26,1,6047.25,6074.00,26.75,-4.50,37.00,3,signal
P_HixDD>x&IBS<_3,P_Hi#DD>#&IBS<#,2024-06-24,2024-06-24,2024-06-26,1,6047.25,6074.00,26.75,-4.50,37.00,3,signal
LMT_RSIx<x_xAT_2,LMT_RSI#<#_#ATR,2024-06-28,2024-07-01,2024-07-01,1,6044.02,6066.25,22.23,-7.02,29.48,1,time
C<wvwapxsd_1,C<wvwap#sd,2024-06-28,2024-06-28,2024-07-01,1,6055.75,6066.25,10.50,-18.75,17.75,2,signal
P_HixDD>x&RSIx_2,P_Hi#DD>#&RSI#<#,2024-06-28,2024-06-28,2024-07-01,1,6055.75,6066.25,10.50,-18.75,17.75,2,signal
IBS<x_4,IBS<#,2024-06-24,2024-06-24,2024-07-01,1,6047.25,6047.25,0.00,-10.25,70.25,6,breakeven
P_HixDD>x&IBS<_1,P_Hi#DD>#&IBS<#,2024-06-28,2024-06-28,2024-07-01,1,6055.75,6066.25,10.50,-18.75,17.75,2,signal
P_HixDD>x&IBS<_4,P_Hi#DD>#&IBS<#,2024-06-28,2024-06-28,2024-07-01,1,6055.75,6066.25,10.50,-18.75,17.75,2,signal
C<wvwapxsd_4,C<wvwap#sd,2024-06-28,2024-06-28,2024-07-02,1,6055.75,6102.00,46.25,-20.50,46.50,3,signal
P_HixDD>x&RSIx_1,P_Hi#DD>#&RSI#<#,2024-06-28,2024-06-28,2024-07-02,1,6055.75,6102.00,46.25,-20.50,46.50,3,signal
IBS<x_2,IBS<#,2024-06-28,2024-06-28,2024-07-02,1,6055.75,6102.00,46.25,-20.50,46.50,3,signal
IBS<x_3,IBS<#,2024-06-28,2024-06-28,2024-07-02,1,6055.75,6102.00,46.25,-20.50,46.50,3,signal
D01_2,D01,2024-06-28,2024-06-28,2024-07-02,1,6055.75,6102.00,46.25,-20.50,46.50,3,signal
RSIx<x_1,RSI#<#,2024-06-28,2024-06-28,2024-07-02,1,6055.75,6102.00,46.25,-20.50,46.50,3,signal
P_HixDD>x&IBS<_3,P_Hi#DD>#&IBS<#,2024-06-28,2024-06-28,2024-07-02,1,6055.75,6102.00,46.25,-20.50,46.50,3,signal
C<wvwapxsd_3,C<wvwap#sd,2024-06-24,2024-06-24,2024-07-03,1,6047.25,6122.18,74.93,-12.00,81.00,8,tp
IBS<x_1,IBS<#,2024-06-12,2024-06-12,2024-07-03,1,6024.00,6121.95,97.95,-29.00,104.25,16,tp
ConnorsRSI<x_2,ConnorsRSI<#,2024-06-24,2024-06-24,2024-07-08,1,6047.25,6161.50,114.25,-12.00,122.75,11,tp
ConnorsRSI<x_4,ConnorsRSI<#,2024-06-21,2024-06-21,2024-07-09,1,6062.75,6172.69,109.94,-27.50,115.50,13,tp
IBS<x_3,IBS<#,2024-07-09,2024-07-09,2024-07-10,1,6164.25,6218.75,54.50,-1.25,58.75,2,signal
C<dvwapxsd_1,C<dvwap#sd,2024-06-20,2024-06-20,2024-07-11,1,6077.50,6226.45,148.95,-42.25,162.75,16,tp
IBS<x_1,IBS<#,2024-07-09,2024-07-09,2024-07-12,1,6164.25,6164.25,0.00,-10.50,76.50,4,breakeven
IBS<x_3,IBS<#,2024-07-11,2024-07-11,2024-07-12,1,6168.50,6202.75,34.25,-14.75,72.25,2,signal
P_HixDD>x&IBS<_4,P_Hi#DD>#&IBS<#,2024-07-11,2024-07-11,2024-07-12,1,6168.50,6202.75,34.25,-14.75,72.25,2,signal
P_HixDD>x&IBS<_3,P_Hi#DD>#&IBS<#,2024-07-11,2024-07-11,2024-07-15,1,6168.50,6218.00,49.50,-14.75,82.75,3,signal
C<wvwapxsd_1,C<wvwap#sd,2024-07-11,2024-07-11,2024-07-16,1,6168.50,6250.25,81.75,-14.75,85.25,4,signal
P_HixDD>x&IBS<_1,P_Hi#DD>#&IBS<#,2024-07-11,2024-07-11,2024-07-16,1,6168.50,6250.25,81.75,-14.75,85.25,4,signal
IBS<x_4,IBS<#,2024-07-11,2024-07-11,2024-07-17,1,6168.50,6168.50,0.00,-14.75,85.25,5,breakeven
LMT_RSIx<x_xAT_2,LMT_RSI#<#_#ATR,2024-07-17,2024-07-18,2024-07-18,1,6157.66,6125.75,-31.91,-54.91,38.84,1,time
C<dvwapxsd_1,C<dvwap#sd,2024-07-11,2024-07-11,2024-07-18,1,6168.50,6105.44,-63.06,-65.75,85.25,6,sl
C<wvwapxsd_2,C<wvwap#sd,2024-06-20,2024-06-20,2024-07-18,1,6077.50,6125.75,48.25,-42.25,176.25,21,time
C<wvwapxsd_3,C<wvwap#sd,2024-07-17,2024-07-17,2024-07-18,1,6169.75,6145.57,-24.18,-67.00,26.75,2,sl
IBS<x_1,IBS<#,2024-07-17,2024-07-17,2024-07-18,1,6169.75,6121.39,-48.36,-67.00,26.75,2,sl
ConnorsRSI<x_4,ConnorsRSI<#,2024-07-11,2024-07-11,2024-07-18,1,6168.50,6105.44,-63.06,-65.75,85.25,6,sl
LMT_RSIx<x_xAT_2,LMT_RSI#<#_#ATR,2024-07-18,2024-07-19,2024-07-19,1,6113.27,6086.25,-27.02,-38.77,26.73,1,time
LMT_RSIx<x_xAT_4,LMT_RSI#<#_#ATR,2024-07-17,2024-07-18,2024-07-19,1,6133.48,6119.75,-13.73,-58.98,63.02,2,trail
IBS<x_1,IBS<#,2024-07-18,2024-07-18,2024-07-19,1,6125.75,6075.82,-49.93,-51.25,14.25,2,sl
ConnorsRSI<x_1,ConnorsRSI<#,2024-06-21,2024-06-21,2024-07-19,1,6062.75,6086.25,23.50,-27.50,191.00,21,time
ConnorsRSI<x_2,ConnorsRSI<#,2024-07-17,2024-07-17,2024-07-19,1,6169.75,6097.21,-72.54,-95.25,26.75,3,sl
C<dvwapxsd_3,C<dvwap#sd,2024-06-24,2024-06-24,2024-07-22,1,6047.25,6142.00,94.75,-12.00,206.50,21,time
C<wvwapxsd_1,C<wvwap#sd,2024-07-17,2024-07-17,2024-07-22,1,6169.75,6142.00,-27.75,-95.25,26.75,4,signal
C<wvwapxsd_4,C<wvwap#sd,2024-07-11,2024-07-11,2024-07-22,1,6168.50,6142.00,-26.50,-94.00,85.25,8,signal
P_HixDD>x&RSIx_2,P_Hi#DD>#&RSI#<#,2024-07-17,2024-07-17,2024-07-22,1,6169.75,6142.00,-27.75,-95.25,26.75,4,signal
P_HixDD>x&RSIx_3,P_Hi#DD>#&RSI#<#,2024-07-18,2024-07-18,2024-07-22,1,6125.75,6142.00,16.25,-51.25,22.75,3,signal
IBS<x_2,IBS<#,2024-07-11,2024-07-11,2024-07-22,1,6168.50,6142.00,-26.50,-94.00,85.25,8,signal
WRx<x_3,WR#<#,2024-07-19,2024-07-19,2024-07-22,1,6086.25,6142.00,55.75,-6.50,62.25,2,signal
RSIx<x_3,RSI#<#,2024-07-19,2024-07-19,2024-07-22,1,6086.25,6126.00,39.75,-6.50,62.25,2,tp
P_HixDD>x&IBS<_1,P_Hi#DD>#&IBS<#,2024-07-17,2024-07-17,2024-07-22,1,6169.75,6142.00,-27.75,-95.25,26.75,4,signal
P_HixDD>x&IBS<_2,P_Hi#DD>#&IBS<#,2024-07-19,2024-07-19,2024-07-22,1,6086.25,6142.00,55.75,-6.50,62.25,2,signal
P_HixDD>x&IBS<_4,P_Hi#DD>#&IBS<#,2024-07-17,2024-07-17,2024-07-22,1,6169.75,6142.00,-27.75,-95.25,26.75,4,signal
P_HixDD>x&RSIx_1,P_Hi#DD>#&RSI#<#,2024-07-17,2024-07-17,2024-07-23,1,6169.75,6131.25,-38.50,-95.25,26.75,5,signal
IBS<x_3,IBS<#,2024-07-17,2024-07-17,2024-07-23,1,6169.75,6131.25,-38.50,-95.25,26.75,5,signal
C<dvwapxsd_1,C<dvwap#sd,2024-07-18,2024-07-18,2024-07-24,1,6125.75,6050.86,-74.89,-131.25,36.50,5,sl
P_HixDD>x&RSIx_4,P_Hi#DD>#&RSI#<#,2024-07-19,2024-07-19,2024-07-24,1,6086.25,6081.00,-5.25,-91.75,76.00,4,breakeven
IBS<x_1,IBS<#,2024-07-19,2024-07-19,2024-07-24,1,6086.25,6034.64,-51.61,-91.75,76.00,4,sl
WRx<x_1,WR#<#,2024-07-19,2024-07-19,2024-07-24,1,6086.25,6034.64,-51.61,-91.75,76.00,4,sl
WRx<x_2,WR#<#,2024-07-19,2024-07-19,2024-07-24,1,6086.25,6081.00,-5.25,-91.75,76.00,4,trail
D01_3,D01,2024-07-22,2024-07-22,2024-07-24,1,6142.00,6062.73,-79.27,-147.50,20.25,3,sl
CloseAtxdLow_2,CloseAt#dLow,2024-07-18,2024-07-18,2024-07-24,1,6125.75,6025.90,-99.85,-131.25,36.50,5,sl
RSIx<x_1,RSI#<#,2024-07-17,2024-07-17,2024-07-24,1,6169.75,6073.02,-96.73,-175.25,26.75,6,sl
P_HixDD>x&IBS<_3,P_Hi#DD>#&IBS<#,2024-07-17,2024-07-17,2024-07-24,1,6169.75,6073.02,-96.73,-175.25,26.75,6,sl
P_HixDD>x&IBS<_4,P_Hi#DD>#&IBS<#,2024-07-23,2024-07-23,2024-07-24,1,6131.25,6024.30,-106.95,-136.75,12.75,2,sl
ConnorsRSI<x_4,ConnorsRSI<#,2024-07-18,2024-07-18,2024-07-24,1,6125.75,6050.86,-74.89,-131.25,36.50,5,sl
C<dvwapxsd_3,C<dvwap#sd,2024-07-23,2024-07-23,2024-07-25,1,6131.25,5970.82,-160.43,-166.25,12.75,3,sl
C<wvwapxsd_2,C<wvwap#sd,2024-07-18,2024-07-18,2024-07-25,1,6125.75,5975.98,-149.77,-160.75,36.50,6,sl
RSIx<x_3,RSI#<#,2024-07-24,2024-07-24,2024-07-25,1,6004.25,6048.63,44.38,-39.25,61.50,2,tp
P_HixDD>x&IBS<_1,P_Hi#DD>#&IBS<#,2024-07-23,2024-07-23,2024-07-25,1,6131.25,5970.82,-160.43,-166.25,12.75,3,sl
WRx<x_2,WR#<#,2024-07-24,2024-07-24,2024-07-26,1,6004.25,6006.57,2.32,-39.25,61.50,3,trail
WRx<x_4,WR#<#,2024-07-24,2024-07-24,2024-07-26,1,6004.25,6031.75,27.50,-39.25,61.50,3,signal
CloseAtxdLow_1,CloseAt#dLow,2024-07-24,2024-07-24,2024-07-26,1,6004.25,6031.75,27.50,-39.25,61.50,3,signal
RSIx<x_3,RSI#<#,2024-07-25,2024-07-25,2024-07-26,1,5973.75,6020.44,46.69,-8.00,87.00,2,tp
P_HixDD>x&RSIx_1,P_Hi#DD>#&RSI#<#,2024-07-24,2024-07-24,2024-07-29,1,6004.25,6035.50,31.25,-39.25,62.75,4,signal
IBS<x_3,IBS<#,2024-07-23,2024-07-23,2024-07-29,1,6131.25,6035.50,-95.75,-166.25,12.75,5,signal
C06_1,C06,2024-07-26,2024-07-26,2024-07-30,1,6031.75,6048.75,17.00,-18.25,35.25,3,signal
C06_2,C06,2024-07-29,2024-07-29,2024-07-30,1,6035.50,5971.36,-64.14,-65.00,24.50,2,sl
C06_3,C06,2024-07-29,2024-07-29,2024-07-30,1,6035.50,5971.36,-64.14,-65.00,24.50,2,sl
IBS<x_4,IBS<#,2024-07-25,2024-07-25,2024-07-30,1,5973.75,5973.75,0.00,-8.00,93.25,4,breakeven
C<wvwapxsd_4,C<wvwap#sd,2024-07-23,2024-07-23,2024-07-31,1,6131.25,6089.00,-42.25,-166.25,12.75,7,signal
IBS<x_2,IBS<#,2024-07-23,2024-07-23,2024-07-31,1,6131.25,6089.00,-42.25,-166.25,12.75,7,signal
WRx<x_3,WR#<#,2024-07-24,2024-07-24,2024-07-31,1,6004.25,6089.00,84.75,-39.25,116.75,6,signal
D01_2,D01,2024-07-17,2024-07-17,2024-07-31,1,6169.75,6089.00,-80.75,-204.75,26.75,11,signal
CloseAtxdLow_3,CloseAt#dLow,2024-07-18,2024-07-18,2024-07-31,1,6125.75,6089.00,-36.75,-160.75,36.50,10,signal
RSIx<x_1,RSI#<#,2024-07-24,2024-07-24,2024-07-31,1,6004.25,6089.00,84.75,-39.25,116.75,6,signal
RSIx<x_4,RSI#<#,2024-07-25,2024-07-25,2024-07-31,1,5973.75,6075.75,102.00,-8.25,147.25,5,tp
P_HixDD>x&IBS<_3,P_Hi#DD>#&IBS<#,2024-07-24,2024-07-24,2024-07-31,1,6004.25,6089.00,84.75,-39.25,116.75,6,signal
P_HixDD>x&IBS<_4,P_Hi#DD>#&IBS<#,2024-07-24,2024-07-24,2024-07-31,1,6004.25,6089.00,84.75,-39.25,116.75,6,signal
IBS<x_1,IBS<#,2024-07-24,2024-07-24,2024-08-01,1,6004.25,6004.25,0.00,-39.25,129.00,7,breakeven
WRx<x_1,WR#<#,2024-07-24,2024-07-24,2024-08-01,1,6004.25,6004.25,0.00,-39.25,129.00,7,breakeven
D01_3,D01,2024-07-31,2024-07-31,2024-08-01,1,6089.00,5982.14,-106.86,-111.75,44.25,2,sl
CloseAtxdLow_2,CloseAt#dLow,2024-07-24,2024-07-24,2024-08-01,1,6004.25,6122.60,118.35,-39.25,129.00,7,tp
C<dvwapxsd_1,C<dvwap#sd,2024-07-24,2024-07-24,2024-08-02,1,6004.25,5915.49,-88.76,-140.00,129.00,8,sl
P_HixDD>x&RSIx_3,P_Hi#DD>#&RSI#<#,2024-07-24,2024-07-24,2024-08-02,1,6004.25,5885.90,-118.35,-140.00,129.00,8,sl
IBS<x_1,IBS<#,2024-08-01,2024-08-01,2024-08-02,1,6013.25,5934.80,-78.45,-149.00,4.75,2,sl
ConnorsRSI<x_1,ConnorsRSI<#,2024-07-19,2024-07-19,2024-08-02,1,6086.25,5931.41,-154.84,-222.00,76.00,11,sl
ConnorsRSI<x_4,ConnorsRSI<#,2024-07-24,2024-07-24,2024-08-02,1,6004.25,5915.49,-88.76,-140.00,129.00,8,sl
C<wvwapxsd_2,C<wvwap#sd,2024-07-25,2024-07-25,2024-08-05,1,5973.75,5692.00,-281.75,-321.25,159.50,8,sl
P_HixDD>x&RSIx_1,P_Hi#DD>#&RSI#<#,2024-08-02,2024-08-02,2024-08-05,1,5908.75,5692.00,-216.75,-256.25,0.50,2,sl
P_HixDD>x&RSIx_3,P_Hi#DD>#&RSI#<#,2024-08-02,2024-08-02,2024-08-05,1,5908.75,5692.00,-216.75,-256.25,0.50,2,sl
CloseAtxdLow_1,CloseAt#dLow,2024-08-02,2024-08-02,2024-08-05,1,5908.75,5692.00,-216.75,-256.25,0.50,2,sl
RSIx<x_3,RSI#<#,2024-08-02,2024-08-02,2024-08-05,1,5908.75,5692.00,-216.75,-256.25,0.50,2,sl
P_HixDD>x&IBS<_1,P_Hi#DD>#&IBS<#,2024-07-25,2024-07-25,2024-08-05,1,5973.75,5692.00,-281.75,-321.25,159.50,8,sl
P_HixDD>x&IBS<_3,P_Hi#DD>#&IBS<#,2024-08-01,2024-08-01,2024-08-05,1,6013.25,5692.00,-321.25,-360.75,4.75,3,sl
P_HixDD>x&IBS<_4,P_Hi#DD>#&IBS<#,2024-08-01,2024-08-01,2024-08-05,1,6013.25,5692.00,-321.25,-360.75,4.75,3,sl
ConnorsRSI<x_4,ConnorsRSI<#,2024-08-02,2024-08-02,2024-08-05,1,5908.75,5692.00,-216.75,-256.25,0.50,2,sl
LMT_RSIx<x_xAT_4,LMT_RSI#<#_#ATR,2024-08-02,2024-08-05,2024-08-06,1,5692.00,5767.75,75.75,-39.50,217.25,2,trail
RSIx<x_3,RSI#<#,2024-08-05,2024-08-05,2024-08-06,1,5751.50,5823.19,71.69,-5.50,123.00,2,tp
RSIx<x_3,RSI#<#,2024-08-06,2024-08-06,2024-08-07,1,5797.25,5872.99,75.74,-42.50,94.50,2,tp
C<wvwapxsd_1,C<wvwap#sd,2024-07-23,2024-07-23,2024-08-08,1,6131.25,5880.75,-250.50,-478.75,12.75,13,signal
P_HixDD>x&RSIx_1,P_Hi#DD>#&RSI#<#,2024-08-05,2024-08-05,2024-08-08,1,5751.50,5880.75,129.25,-37.00,140.25,4,signal
P_HixDD>x&RSIx_3,P_Hi#DD>#&RSI#<#,2024-08-05,2024-08-05,2024-08-08,1,5751.50,5880.75,129.25,-37.00,140.25,4,signal
CloseAtxdLow_1,CloseAt#dLow,2024-08-05,2024-08-05,2024-08-08,1,5751.50,5880.75,129.25,-37.00,140.25,4,signal
RSIx<x_3,RSI#<#,2024-08-07,2024-08-07,2024-08-08,1,5761.25,5839.88,78.63,-46.75,126.75,2,tp
P_HixDD>x&IBS<_1,P_Hi#DD>#&IBS<#,2024-08-07,2024-08-07,2024-08-08,1,5761.25,5880.75,119.50,-46.75,126.75,2,signal
P_HixDD>x&IBS<_2,P_Hi#DD>#&IBS<#,2024-07-23,2024-07-23,2024-08-08,1,6131.25,5880.75,-250.50,-478.75,12.75,13,signal
P_HixDD>x&IBS<_3,P_Hi#DD>#&IBS<#,2024-08-07,2024-08-07,2024-08-08,1,5761.25,5880.75,119.50,-46.75,126.75,2,signal
P_HixDD>x&IBS<_4,P_Hi#DD>#&IBS<#,2024-08-07,2024-08-07,2024-08-08,1,5761.25,5880.75,119.50,-46.75,126.75,2,signal
C<wvwapxsd_4,C<wvwap#sd,2024-08-01,2024-08-01,2024-08-09,1,6013.25,5901.00,-112.25,-360.75,4.75,7,signal
IBS<x_2,IBS<#,2024-08-07,2024-08-07,2024-08-09,1,5761.25,5901.00,139.75,-46.75,156.50,3,signal
RSIx<x_4,RSI#<#,2024-08-05,2024-08-05,2024-08-09,1,5751.50,5894.88,143.38,-37.00,166.25,5,tp
C06_1,C06,2024-08-08,2024-08-08,2024-08-12,1,5880.75,5913.50,32.75,-28.75,37.00,3,signal
D01_2,D01,2024-08-02,2024-08-02,2024-08-12,1,5908.75,5904.25,-4.50,-256.25,20.50,7,signal
LMT_RSIx<x_xAT_3,LMT_RSI#<#_#ATR,2024-07-24,2024-07-25,2024-08-13,1,5989.46,5991.25,1.79,-336.96,143.79,14,signal
IBS<x_1,IBS<#,2024-08-07,2024-08-07,2024-08-13,1,5761.25,5970.93,209.68,-46.75,232.50,5,tp
ConnorsRSI<x_4,ConnorsRSI<#,2024-08-05,2024-08-05,2024-08-13,1,5751.50,5966.57,215.07,-37.00,242.25,7,tp
C<dvwapxsd_1,C<dvwap#sd,2024-08-06,2024-08-06,2024-08-15,1,5797.25,6100.21,302.96,-82.75,307.00,8,tp
D01_3,D01,2024-08-06,2024-08-06,2024-08-15,1,5797.25,6100.21,302.96,-82.75,307.00,8,tp
ConnorsRSI<x_3,ConnorsRSI<#,2024-08-05,2024-08-05,2024-08-15,1,5751.50,6065.00,313.50,-37.00,352.75,9,tp
C<wvwapxsd_1,C<wvwap#sd,2024-08-22,2024-08-22,2024-08-23,1,6127.75,6183.75,56.00,-5.00,67.00,2,signal
IBS<x_3,IBS<#,2024-08-22,2024-08-22,2024-08-23,1,6127.75,6183.75,56.00,-5.00,67.00,2,signal
D01_2,D01,2024-08-22,2024-08-22,2024-08-23,1,6127.75,6183.75,56.00,-5.00,67.00,2,signal
P_HixDD>x&IBS<_3,P_Hi#DD>#&IBS<#,2024-08-22,2024-08-22,2024-08-23,1,6127.75,6183.75,56.00,-5.00,67.00,2,signal
P_HixDD>x&IBS<_4,P_Hi#DD>#&IBS<#,2024-08-22,2024-08-22,2024-08-23,1,6127.75,6183.75,56.00,-5.00,67.00,2,signal
C<wvwapxsd_1,C<wvwap#sd,2024-08-26,2024-08-26,2024-08-27,1,6169.75,6176.25,6.50,-25.75,12.25,2,signal
LMT_RSIx<x_xAT_2,LMT_RSI#<#_#ATR,2024-08-28,2024-08-29,2024-08-29,1,6120.59,6142.75,22.16,-26.84,75.66,1,time
C<wvwapxsd_1,C<wvwap#sd,2024-08-28,2024-08-28,2024-08-30,1,6144.00,6190.75,46.75,-50.25,53.50,3,signal
IBS<x_3,IBS<#,2024-08-29,2024-08-29,2024-08-30,1,6142.75,6190.75,48.00,-16.00,54.75,2,signal
D01_2,D01,2024-08-28,2024-08-28,2024-08-30,1,6144.00,6190.75,46.75,-50.25,53.50,3,signal
RSIx<x_1,RSI#<#,2024-08-28,2024-08-28,2024-08-30,1,6144.00,6190.75,46.75,-50.25,53.50,3,signal
P_HixDD>x&IBS<_3,P_Hi#DD>#&IBS<#,2024-08-29,2024-08-29,2024-08-30,1,6142.75,6190.75,48.00,-16.00,54.75,2,signal
P_HixDD>x&IBS<_4,P_Hi#DD>#&IBS<#,2024-08-29,2024-08-29,2024-08-30,1,6142.75,6190.75,48.00,-16.00,54.75,2,signal
C<wvwapxsd_2,C<wvwap#sd,2024-08-05,2024-08-05,2024-09-02,1,5751.50,6197.50,446.00,-37.00,450.00,21,time
C06_3,C06,2024-08-08,2024-08-08,2024-09-05,1,5880.75,6047.50,166.75,-28.75,321.50,21,time
IBS<x_1,IBS<#,2024-08-22,2024-08-22,2024-09-05,1,6127.75,6026.04,-101.71,-105.25,74.50,11,sl
C<dvwapxsd_1,C<dvwap#sd,2024-08-20,2024-08-20,2024-09-06,1,6153.50,5991.48,-162.02,-210.75,48.75,14,sl
WRx<x_1,WR#<#,2024-09-04,2024-09-04,2024-09-06,1,6060.50,5987.77,-72.73,-117.75,29.25,3,sl
WRx<x_2,WR#<#,2024-09-04,2024-09-04,2024-09-06,1,6060.50,6017.02,-43.48,-117.75,29.25,3,trail
D01_3,D01,2024-09-04,2024-09-04,2024-09-06,1,6060.50,5951.41,-109.09,-117.75,29.25,3,sl
RSIx<x_3,RSI#<#,2024-09-04,2024-09-04,2024-09-06,1,6060.50,5951.41,-109.09,-117.75,29.25,3,sl
RSIx<x_4,RSI#<#,2024-09-05,2024-09-05,2024-09-06,1,6047.50,6013.79,-33.71,-104.75,17.50,2,sl
ConnorsRSI<x_2,ConnorsRSI<#,2024-09-03,2024-09-03,2024-09-06,1,6075.75,5960.76,-114.99,-133.00,21.75,4,sl
ConnorsRSI<x_4,ConnorsRSI<#,2024-09-03,2024-09-03,2024-09-06,1,6075.75,5960.76,-114.99,-133.00,21.75,4,sl
LMT_RSIx<x_xAT_4,LMT_RSI#<#_#ATR,2024-09-05,2024-09-06,2024-09-09,1,5996.94,5926.70,-70.24,-70.44,68.06,2,sl
WRx<x_3,WR#<#,2024-09-04,2024-09-04,2024-09-09,1,6060.50,6012.00,-48.50,-134.00,29.25,4,signal
WRx<x_4,WR#<#,2024-09-06,2024-09-06,2024-09-09,1,5953.00,6012.00,59.00,-26.50,72.50,2,signal
RSIx<x_3,RSI#<#,2024-09-06,2024-09-06,2024-09-09,1,5953.00,6005.68,52.68,-26.50,72.50,2,tp
P_HixDD>x&IBS<_4,P_Hi#DD>#&IBS<#,2024-09-03,2024-09-03,2024-09-09,1,6075.75,6012.00,-63.75,-149.25,21.75,5,signal
C<wvwapxsd_1,C<wvwap#sd,2024-09-03,2024-09-03,2024-09-10,1,6075.75,6034.50,-41.25,-149.25,21.75,6,signal
C<wvwapxsd_4,C<wvwap#sd,2024-08-22,2024-08-22,2024-09-10,1,6127.75,6034.50,-93.25,-201.25,74.50,14,signal
P_HixDD>x&RSIx_1,P_Hi#DD>#&RSI#<#,2024-09-03,2024-09-03,2024-09-10,1,6075.75,6034.50,-41.25,-149.25,21.75,6,signal
P_HixDD>x&RSIx_2,P_Hi#DD>#&RSI#<#,2024-09-03,2024-09-03,2024-09-10,1,6075.75,6034.50,-41.25,-149.25,21.75,6,signal
P_HixDD>x&RSIx_3,P_Hi#DD>#&RSI#<#,2024-09-03,2024-09-03,2024-09-10,1,6075.75,6034.50,-41.25,-149.25,21.75,6,signal
IBS<x_2,IBS<#,2024-08-22,2024-08-22,2024-09-10,1,6127.75,6034.50,-93.25,-201.25,74.50,14,signal
IBS<x_3,IBS<#,2024-09-03,2024-09-03,2024-09-10,1,6075.75,6034.50,-41.25,-149.25,21.75,6,signal
CloseAtxdLow_4,CloseAt#dLow,2024-09-03,2024-09-03,2024-09-10,1,6075.75,6034.50,-41.25,-149.25,21.75,6,signal
P_HixDD>x&IBS<_1,P_Hi#DD>#&IBS<#,2024-09-03,2024-09-03,2024-09-10,1,6075.75,6034.50,-41.25,-149.25,21.75,6,signal
P_HixDD>x&IBS<_2,P_Hi#DD>#&IBS<#,2024-09-03,2024-09-03,2024-09-10,1,6075.75,6034.50,-41.25,-149.25,21.75,6,signal
LMT_RSIx<x_xAT_1,LMT_RSI#<#_#ATR,2024-09-05,2024-09-06,2024-09-11,1,5996.94,6089.25,92.31,-70.44,103.06,4,signal
C06_1,C06,2024-09-09,2024-09-09,2024-09-11,1,6012.00,6033.00,21.00,-31.25,26.50,3,signal
C06_2,C06,2024-09-10,2024-09-10,2024-09-11,1,6034.50,5963.65,-70.85,-90.00,65.50,2,sl
C06_3,C06,2024-09-10,2024-09-10,2024-09-11,1,6034.50,5963.65,-70.85,-90.00,65.50,2,sl
IBS<x_1,IBS<#,2024-09-06,2024-09-06,2024-09-11,1,5953.00,6093.48,140.48,-26.50,147.00,4,tp
WRx<x_1,WR#<#,2024-09-06,2024-09-06,2024-09-11,1,5953.00,6093.48,140.48,-26.50,147.00,4,tp
D01_2,D01,2024-09-03,2024-09-03,2024-09-11,1,6075.75,6089.25,13.50,-149.25,24.25,7,signal
CloseAtxdLow_3,CloseAt#dLow,2024-09-03,2024-09-03,2024-09-11,1,6075.75,6089.25,13.50,-149.25,24.25,7,signal
RSIx<x_1,RSI#<#,2024-09-03,2024-09-03,2024-09-11,1,6075.75,6089.25,13.50,-149.25,24.25,7,signal
RSIx<x_2,RSI#<#,2024-09-06,2024-09-06,2024-09-11,1,5953.00,6033.00,80.00,-26.50,85.50,4,signal
RSIx<x_4,RSI#<#,2024-09-06,2024-09-06,2024-09-11,1,5953.00,6058.36,105.36,-26.50,147.00,4,tp
P_HixDD>x&IBS<_3,P_Hi#DD>#&IBS<#,2024-09-03,2024-09-03,2024-09-11,1,6075.75,6089.25,13.50,-149.25,24.25,7,signal
LMT_RSIx<x_xAT_3,LMT_RSI#<#_#ATR,2024-09-03,2024-09-04,2024-09-12,1,6055.25,6136.00,80.75,-128.75,84.25,7,signal
ConnorsRSI<x_4,ConnorsRSI<#,2024-09-06,2024-09-06,2024-09-12,1,5953.00,6111.03,158.03,-26.50,186.50,5,tp
C<dvwapxsd_1,C<dvwap#sd,2024-09-06,2024-09-06,2024-09-13,1,5953.00,6163.71,210.71,-26.50,221.00,6,tp
ConnorsRSI<x_3,ConnorsRSI<#,2024-09-06,2024-09-06,2024-09-13,1,5953.00,6163.71,210.71,-26.50,221.00,6,tp
C<dvwapxsd_3,C<dvwap#sd,2024-08-22,2024-08-22,2024-09-19,1,6127.75,6249.25,121.50,-201.25,141.00,21,time
C<wvwapxsd_4,C<wvwap#sd,2024-09-18,2024-09-18,2024-09-19,1,6152.00,6249.25,97.25,-3.00,116.75,2,signal
IBS<x_2,IBS<#,2024-09-18,2024-09-18,2024-09-19,1,6152.00,6249.25,97.25,-3.00,116.75,2,signal
IBS<x_3,IBS<#,2024-09-18,2024-09-18,2024-09-19,1,6152.00,6249.25,97.25,-3.00,116.75,2,signal
D01_2,D01,2024-09-18,2024-09-18,2024-09-19,1,6152.00,6249.25,97.25,-3.00,116.75,2,signal
D01_3,D01,2024-09-09,2024-09-09,2024-09-19,1,6012.00,6249.50,237.50,-67.50,256.75,9,tp
CloseAtxdLow_2,CloseAt#dLow,2024-09-03,2024-09-03,2024-09-19,1,6075.75,6249.50,173.75,-149.25,193.00,13,tp
P_HixDD>x&IBS<_3,P_Hi#DD>#&IBS<#,2024-09-18,2024-09-18,2024-09-19,1,6152.00,6249.25,97.25,-3.00,116.75,2,signal
P_HixDD>x&IBS<_4,P_Hi#DD>#&IBS<#,2024-09-18,2024-09-18,2024-09-19,1,6152.00,6249.25,97.25,-3.00,116.75,2,signal
C<wvwapxsd_1,C<wvwap#sd,2024-09-18,2024-09-18,2024-09-24,1,6152.00,6264.25,112.25,-3.00,116.75,5,signal
IBS<x_3,IBS<#,2024-09-27,2024-09-27,2024-09-30,1,6262.25,6287.25,25.00,-34.75,29.25,2,signal
C<wvwapxsd_2,C<wvwap#sd,2024-09-03,2024-09-03,2024-10-01,1,6075.75,6231.75,156.00,-149.25,225.50,21,time
ConnorsRSI<x_1,ConnorsRSI<#,2024-09-03,2024-09-03,2024-10-01,1,6075.75,6231.75,156.00,-149.25,225.50,21,time
LMT_RSIx<x_xAT_2,LMT_RSI#<#_#ATR,2024-10-01,2024-10-02,2024-10-02,1,6214.67,6232.00,17.33,-19.42,28.83,1,time
LMT_RSIx<x_xAT_2,LMT_RSI#<#_#ATR,2024-10-02,2024-10-03,2024-10-03,1,6215.05,6220.25,5.20,-18.05,29.45,1,time
C<wvwapxsd_1,C<wvwap#sd,2024-10-01,2024-10-01,2024-10-04,1,6231.75,6271.00,39.25,-36.50,44.25,4,signal
C<wvwapxsd_4,C<wvwap#sd,2024-10-01,2024-10-01,2024-10-04,1,6231.75,6271.00,39.25,-36.50,44.25,4,signal
P_HixDD>x&RSIx_1,P_Hi#DD>#&RSI#<#,2024-10-03,2024-10-03,2024-10-04,1,6220.25,6271.00,50.75,-8.00,55.75,2,signal
P_HixDD>x&RSIx_2,P_Hi#DD>#&RSI#<#,2024-10-03,2024-10-03,2024-10-04,1,6220.25,6271.00,50.75,-8.00,55.75,2,signal
CloseAtxdLow_3,CloseAt#dLow,2024-10-01,2024-10-01,2024-10-04,1,6231.75,6271.00,39.25,-36.50,44.25,4,signal
RSIx<x_1,RSI#<#,2024-10-01,2024-10-01,2024-10-04,1,6231.75,6271.00,39.25,-36.50,44.25,4,signal
C<wvwapxsd_1,C<wvwap#sd,2024-10-07,2024-10-07,2024-10-08,1,6218.25,6272.00,53.75,-21.75,59.75,2,signal
C<wvwapxsd_4,C<wvwap#sd,2024-10-07,2024-10-07,2024-10-08,1,6218.25,6272.00,53.75,-21.75,59.75,2,signal
IBS<x_3,IBS<#,2024-10-07,2024-10-07,2024-10-08,1,6218.25,6272.00,53.75,-21.75,59.75,2,signal
D01_2,D01,2024-10-07,2024-10-07,2024-10-08,1,6218.25,6272.00,53.75,-21.75,59.75,2,signal
P_HixDD>x&IBS<_1,P_Hi#DD>#&IBS<#,2024-10-07,2024-10-07,2024-10-08,1,6218.25,6272.00,53.75,-21.75,59.75,2,signal
P_HixDD>x&IBS<_4,P_Hi#DD>#&IBS<#,2024-10-07,2024-10-07,2024-10-08,1,6218.25,6272.00,53.75,-21.75,59.75,2,signal
IBS<x_1,IBS<#,2024-09-18,2024-09-18,2024-10-09,1,6152.00,6303.70,151.70,-3.00,165.75,16,tp
CloseAtxdLow_3,CloseAt#dLow,2024-10-07,2024-10-07,2024-10-09,1,6218.25,6311.00,92.75,-21.75,99.50,3,signal
P_HixDD>x&IBS<_3,P_Hi#DD>#&IBS<#,2024-10-07,2024-10-07,2024-10-09,1,6218.25,6311.00,92.75,-21.75,99.50,3,signal
C<dvwapxsd_1,C<dvwap#sd,2024-09-18,2024-09-18,2024-10-14,1,6152.00,6379.55,227.55,-3.00,237.75,19,tp
IBS<x_4,IBS<#,2024-09-18,2024-09-18,2024-10-14,1,6152.00,6379.55,227.55,-3.00,237.75,19,tp
CloseAtxdLow_2,CloseAt#dLow,2024-10-01,2024-10-01,2024-10-14,1,6231.75,6368.38,136.62,-36.50,158.00,10,tp
ConnorsRSI<x_4,ConnorsRSI<#,2024-10-01,2024-10-01,2024-10-14,1,6231.75,6385.45,153.70,-36.50,158.00,10,tp
C<wvwapxsd_1,C<wvwap#sd,2024-10-15,2024-10-15,2024-10-16,1,6334.25,6357.25,23.00,-9.75,29.75,2,signal
IBS<x_3,IBS<#,2024-10-15,2024-10-15,2024-10-16,1,6334.25,6357.25,23.00,-9.75,29.75,2,signal
D01_2,D01,2024-10-15,2024-10-15,2024-10-16,1,6334.25,6357.25,23.00,-9.75,29.75,2,signal
IBS<x_3,IBS<#,2024-10-17,2024-10-17,2024-10-18,1,6357.50,6377.50,20.00,-10.00,29.25,2,signal
IBS<x_1,IBS<#,2024-10-15,2024-10-15,2024-10-23,1,6334.25,6274.30,-59.95,-62.00,64.25,7,sl
IBS<x_4,IBS<#,2024-10-17,2024-10-17,2024-10-23,1,6357.50,6302.79,-54.71,-85.25,29.25,5,sl
LMT_RSIx<x_xAT_2,LMT_RSI#<#_#ATR,2024-10-23,2024-10-24,2024-10-24,1,6293.93,6320.25,26.32,-0.18,47.32,1,time
C<dvwapxsd_3,C<dvwap#sd,2024-09-27,2024-09-27,2024-10-25,1,6262.25,6316.75,54.50,-67.00,136.25,21,time
P_HixDD>x&RSIx_1,P_Hi#DD>#&RSI#<#,2024-10-23,2024-10-23,2024-10-28,1,6308.50,6334.00,25.50,-14.75,63.50,4,signal
IBS<x_3,IBS<#,2024-10-25,2024-10-25,2024-10-28,1,6316.75,6334.00,17.25,-5.75,39.00,2,signal
C<wvwapxsd_2,C<wvwap#sd,2024-10-01,2024-10-01,2024-10-29,1,6231.75,6343.00,111.25,-36.50,166.75,21,time
IBS<x_3,IBS<#,2024-10-28,2024-10-28,2024-10-29,1,6334.00,6343.00,9.00,-25.25,20.50,2,signal
CloseAtxdLow_3,CloseAt#dLow,2024-10-23,2024-10-23,2024-10-29,1,6308.50,6343.00,34.50,-14.75,63.50,5,signal
P_HixDD>x&IBS<_3,P_Hi#DD>#&IBS<#,2024-10-25,2024-10-25,2024-10-29,1,6316.75,6343.00,26.25,-8.00,39.00,3,signal
P_HixDD>x&IBS<_4,P_Hi#DD>#&IBS<#,2024-10-25,2024-10-25,2024-10-29,1,6316.75,6343.00,26.25,-8.00,39.00,3,signal
ConnorsRSI<x_1,ConnorsRSI<#,2024-10-01,2024-10-01,2024-10-29,1,6231.75,6343.00,111.25,-36.50,166.75,21,time
C<dvwapxsd_1,C<dvwap#sd,2024-10-15,2024-10-15,2024-10-31,1,6334.25,6244.32,-89.93,-128.50,64.25,13,sl
IBS<x_1,IBS<#,2024-10-25,2024-10-25,2024-10-31,1,6316.75,6257.40,-59.35,-111.00,47.50,5,sl
P_HixDD>x&IBS<_3,P_Hi#DD>#&IBS<#,2024-10-30,2024-10-30,2024-10-31,1,6324.25,6211.93,-112.32,-118.50,6.75,2,sl
P_HixDD>x&IBS<_4,P_Hi#DD>#&IBS<#,2024-10-30,2024-10-30,2024-10-31,1,6324.25,6211.93,-112.32,-118.50,6.75,2,sl
ConnorsRSI<x_2,ConnorsRSI<#,2024-10-23,2024-10-23,2024-10-31,1,6308.50,6221.11,-87.39,-102.75,63.50,7,sl
ConnorsRSI<x_4,ConnorsRSI<#,2024-10-23,2024-10-23,2024-10-31,1,6308.50,6221.11,-87.39,-102.75,63.50,7,sl
RSIx<x_3,RSI#<#,2024-10-31,2024-10-31,2024-11-01,1,6206.75,6251.79,45.04,-3.00,68.25,2,tp
IBS<x_4,IBS<#,2024-10-31,2024-10-31,2024-11-04,1,6206.75,6206.75,0.00,-11.25,68.25,3,breakeven
WRx<x_2,WR#<#,2024-10-31,2024-10-31,2024-11-04,1,6206.75,6214.95,8.20,-11.25,68.25,3,trail
C<wvwapxsd_1,C<wvwap#sd,2024-10-17,2024-10-17,2024-11-05,1,6357.50,6284.25,-73.25,-162.00,29.25,14,signal
C<wvwapxsd_4,C<wvwap#sd,2024-10-15,2024-10-15,2024-11-05,1,6334.25,6284.25,-50.00,-138.75,64.25,16,signal
P_HixDD>x&RSIx_1,P_Hi#DD>#&RSI#<#,2024-10-31,2024-10-31,2024-11-05,1,6206.75,6284.25,77.50,-11.25,78.00,4,signal
P_HixDD>x&RSIx_2,P_Hi#DD>#&RSI#<#,2024-10-23,2024-10-23,2024-11-05,1,6308.50,6284.25,-24.25,-113.00,63.50,10,signal
P_HixDD>x&RSIx_3,P_Hi#DD>#&RSI#<#,2024-10-31,2024-10-31,2024-11-05,1,6206.75,6284.25,77.50,-11.25,78.00,4,signal
IBS<x_2,IBS<#,2024-10-17,2024-10-17,2024-11-05,1,6357.50,6284.25,-73.25,-162.00,29.25,14,signal
IBS<x_3,IBS<#,2024-10-30,2024-10-30,2024-11-05,1,6324.25,6284.25,-40.00,-128.75,6.75,5,signal
WRx<x_3,WR#<#,2024-10-31,2024-10-31,2024-11-05,1,6206.75,6284.25,77.50,-11.25,78.00,4,signal
WRx<x_4,WR#<#,2024-10-31,2024-10-31,2024-11-05,1,6206.75,6284.25,77.50,-11.25,78.00,4,signal
D01_4,D01,2024-10-31,2024-10-31,2024-11-05,1,6206.75,6284.25,77.50,-11.25,78.00,4,signal
CloseAtxdLow_1,CloseAt#dLow,2024-10-31,2024-10-31,2024-11-05,1,6206.75,6284.25,77.50,-11.25,78.00,4,signal
CloseAtxdLow_3,CloseAt#dLow,2024-10-31,2024-10-31,2024-11-05,1,6206.75,6284.25,77.50,-11.25,78.00,4,signal
RSIx<x_3,RSI#<#,2024-11-01,2024-11-01,2024-11-05,1,6228.00,6273.32,45.32,-32.50,56.75,3,tp
P_HixDD>x&IBS<_1,P_Hi#DD>#&IBS<#,2024-10-25,2024-10-25,2024-11-05,1,6316.75,6284.25,-32.50,-121.25,47.50,8,signal
P_HixDD>x&IBS<_2,P_Hi#DD>#&IBS<#,2024-10-31,2024-10-31,2024-11-05,1,6206.75,6284.25,77.50,-11.25,78.00,4,signal
P_HixDD>x&IBS<_3,P_Hi#DD>#&IBS<#,2024-10-31,2024-10-31,2024-11-05,1,6206.75,6284.25,77.50,-11.25,78.00,4,signal
P_HixDD>x&IBS<_4,P_Hi#DD>#&IBS<#,2024-10-31,2024-10-31,2024-11-05,1,6206.75,6284.25,77.50,-11.25,78.00,4,signal
LMT_RSIx<x_xAT_3,LMT_RSI#<#_#ATR,2024-10-23,2024-10-24,2024-11-06,1,6293.93,6428.75,134.82,-98.43,144.32,10,signal
C<dvwapxsd_1,C<dvwap#sd,2024-10-31,2024-10-31,2024-11-06,1,6206.75,6410.25,203.50,-11.25,231.50,5,tp
IBS<x_1,IBS<#,2024-10-31,2024-10-31,2024-11-06,1,6206.75,6410.25,203.50,-11.25,231.50,5,tp
WRx<x_1,WR#<#,2024-10-31,2024-10-31,2024-11-06,1,6206.75,6410.25,203.50,-11.25,231.50,5,tp
D01_2,D01,2024-10-23,2024-10-23,2024-11-06,1,6308.50,6428.75,120.25,-113.00,129.75,11,signal
D01_3,D01,2024-11-01,2024-11-01,2024-11-06,1,6228.00,6410.25,182.25,-32.50,210.25,4,tp
CloseAtxdLow_2,CloseAt#dLow,2024-10-23,2024-10-23,2024-11-06,1,6308.50,6425.02,116.52,-113.00,129.75,11,tp
RSIx<x_1,RSI#<#,2024-10-23,2024-10-23,2024-11-06,1,6308.50,6428.75,120.25,-113.00,129.75,11,signal
RSIx<x_2,RSI#<#,2024-10-31,2024-10-31,2024-11-06,1,6206.75,6410.25,203.50,-11.25,78.00,5,signal
RSIx<x_4,RSI#<#,2024-10-31,2024-10-31,2024-11-06,1,6206.75,6410.25,203.50,-11.25,231.50,5,tp
ConnorsRSI<x_4,ConnorsRSI<#,2024-10-31,2024-10-31,2024-11-06,1,6206.75,6410.25,203.50,-11.25,231.50,5,tp
LMT_RSIx<x_xAT_2,LMT_RSI#<#_#ATR,2024-11-14,2024-11-15,2024-11-15,1,6408.00,6368.25,-39.75,-60.00,41.00,1,time
C<dvwapxsd_1,C<dvwap#sd,2024-11-14,2024-11-14,2024-11-15,1,6448.00,6353.43,-94.57,-100.00,1.00,2,sl
C<wvwapxsd_3,C<wvwap#sd,2024-11-14,2024-11-14,2024-11-15,1,6448.00,6408.00,-40.00,-100.00,1.00,2,sl
IBS<x_1,IBS<#,2024-11-14,2024-11-14,2024-11-15,1,6448.00,6384.95,-63.05,-100.00,1.00,2,sl
P_HixDD>x&IBS<_4,P_Hi#DD>#&IBS<#,2024-11-14,2024-11-14,2024-11-18,1,6448.00,6391.50,-56.50,-100.00,1.00,3,signal
LMT_RSIx<x_xAT_4,LMT_RSI#<#_#ATR,2024-11-14,2024-11-15,2024-11-19,1,6400.71,6334.57,-66.14,-74.46,48.29,3,sl
C<wvwapxsd_1,C<wvwap#sd,2024-11-11,2024-11-11,2024-11-19,1,6503.50,6410.25,-93.25,-177.25,4.25,7,signal
C<wvwapxsd_3,C<wvwap#sd,2024-11-15,2024-11-15,2024-11-19,1,6368.25,6335.18,-33.07,-42.00,50.50,3,sl
C<wvwapxsd_4,C<wvwap#sd,2024-11-11,2024-11-11,2024-11-19,1,6503.50,6410.25,-93.25,-177.25,4.25,7,signal
P_HixDD>x&RSIx_2,P_Hi#DD>#&RSI#<#,2024-11-14,2024-11-14,2024-11-19,1,6448.00,6410.25,-37.75,-121.75,1.00,4,signal
P_HixDD>x&RSIx_3,P_Hi#DD>#&RSI#<#,2024-11-15,2024-11-15,2024-11-19,1,6368.25,6410.25,42.00,-42.00,50.50,3,signal
IBS<x_2,IBS<#,2024-11-14,2024-11-14,2024-11-19,1,6448.00,6410.25,-37.75,-121.75,1.00,4,signal
P_HixDD>x&IBS<_1,P_Hi#DD>#&IBS<#,2024-11-14,2024-11-14,2024-11-19,1,6448.00,6410.25,-37.75,-121.75,1.00,4,signal
P_HixDD>x&RSIx_1,P_Hi#DD>#&RSI#<#,2024-11-14,2024-11-14,2024-11-20,1,6448.00,6410.50,-37.50,-121.75,1.00,5,signal
IBS<x_3,IBS<#,2024-11-14,2024-11-14,2024-11-20,1,6448.00,6410.50,-37.50,-121.75,1.00,5,signal
D01_1,D01,2024-11-15,2024-11-15,2024-11-20,1,6368.25,6410.50,42.25,-42.00,60.75,4,signal
D01_4,D01,2024-11-14,2024-11-14,2024-11-21,1,6448.00,6441.25,-6.75,-121.75,8.25,6,signal
CloseAtxdLow_3,CloseAt#dLow,2024-11-15,2024-11-15,2024-11-21,1,6368.25,6441.25,73.00,-42.00,88.00,5,signal
P_HixDD>x&IBS<_3,P_Hi#DD>#&IBS<#,2024-11-14,2024-11-14,2024-11-21,1,6448.00,6441.25,-6.75,-121.75,8.25,6,signal
C<dvwapxsd_3,C<dvwap#sd,2024-10-25,2024-10-25,2024-11-22,1,6316.75,6457.25,140.50,-121.25,207.75,21,time
D01_2,D01,2024-11-14,2024-11-14,2024-11-22,1,6448.00,6457.25,9.25,-121.75,16.75,7,signal
RSIx<x_1,RSI#<#,2024-11-14,2024-11-14,2024-11-22,1,6448.00,6457.25,9.25,-121.75,16.75,7,signal
P_HixDD>x&RSIx_4,P_Hi#DD>#&RSI#<#,2024-11-15,2024-11-15,2024-11-25,1,6368.25,6500.52,132.27,-42.00,143.00,7,tp
CloseAtxdLow_2,CloseAt#dLow,2024-11-15,2024-11-15,2024-11-25,1,6368.25,6500.52,132.27,-42.00,143.00,7,tp
C<wvwapxsd_2,C<wvwap#sd,2024-10-30,2024-10-30,2024-11-27,1,6324.25,6487.00,162.75,-128.75,200.25,21,time
ConnorsRSI<x_2,ConnorsRSI<#,2024-11-15,2024-11-15,2024-11-27,1,6368.25,6517.06,148.81,-42.00,150.00,9,tp
ConnorsRSI<x_4,ConnorsRSI<#,2024-11-15,2024-11-15,2024-11-27,1,6368.25,6517.06,148.81,-42.00,150.00,9,tp
ConnorsRSI<x_1,ConnorsRSI<#,2024-10-31,2024-10-31,2024-11-28,1,6206.75,6501.00,294.25,-11.25,317.75,21,time
C<wvwapxsd_4,C<wvwap#sd,2024-11-25,2024-11-25,2024-11-29,1,6477.00,6522.75,45.75,-29.50,54.25,5,signal
C<wvwapxsd_1,C<wvwap#sd,2024-11-25,2024-11-25,2024-12-03,1,6477.00,6534.00,57.00,-29.50,62.75,7,signal
C<dvwapxsd_1,C<dvwap#sd,2024-11-15,2024-11-15,2024-12-04,1,6368.25,6566.66,198.41,-42.00,205.25,14,tp
IBS<x_3,IBS<#,2024-12-05,2024-12-05,2024-12-06,1,6560.00,6569.75,9.75,-12.75,22.25,2,signal
LMT_RSIx<x_xAT_2,LMT_RSI#<#_#ATR,2024-12-09,2024-12-10,2024-12-10,1,6524.14,6519.00,-5.14,-13.14,22.36,1,time
C<wvwapxsd_4,C<wvwap#sd,2024-12-09,2024-12-09,2024-12-11,1,6537.00,6563.50,26.50,-26.00,36.75,3,signal
P_HixDD>x&RSIx_1,P_Hi#DD>#&RSI#<#,2024-12-10,2024-12-10,2024-12-11,1,6519.00,6563.50,44.50,-2.25,54.75,2,signal
IBS<x_2,IBS<#,2024-12-05,2024-12-05,2024-12-11,1,6560.00,6563.50,3.50,-49.00,22.25,5,signal
IBS<x_3,IBS<#,2024-12-09,2024-12-09,2024-12-11,1,6537.00,6563.50,26.50,-26.00,36.75,3,signal
D01_2,D01,2024-12-09,2024-12-09,2024-12-11,1,6537.00,6563.50,26.50,-26.00,36.75,3,signal
CloseAtxdLow_3,CloseAt#dLow,2024-12-10,2024-12-10,2024-12-11,1,6519.00,6563.50,44.50,-2.25,54.75,2,signal
RSIx<x_1,RSI#<#,2024-12-09,2024-12-09,2024-12-11,1,6537.00,6563.50,26.50,-26.00,36.75,3,signal
P_HixDD>x&IBS<_3,P_Hi#DD>#&IBS<#,2024-12-10,2024-12-10,2024-12-11,1,6519.00,6563.50,44.50,-2.25,54.75,2,signal
P_HixDD>x&IBS<_4,P_Hi#DD>#&IBS<#,2024-12-10,2024-12-10,2024-12-11,1,6519.00,6563.50,44.50,-2.25,54.75,2,signal
C<dvwapxsd_4,C<dvwap#sd,2024-12-12,2024-12-12,2024-12-13,1,6531.00,6556.13,25.13,-18.50,25.50,2,tp
C<dvwapxsd_2,C<dvwap#sd,2024-12-12,2024-12-12,2024-12-16,1,6531.00,6555.25,24.25,-18.50,33.75,3,signal
IBS<x_3,IBS<#,2024-12-12,2024-12-12,2024-12-16,1,6531.00,6555.25,24.25,-18.50,33.75,3,signal
D01_2,D01,2024-12-12,2024-12-12,2024-12-16,1,6531.00,6555.25,24.25,-18.50,33.75,3,signal
P_HixDD>x&IBS<_3,P_Hi#DD>#&IBS<#,2024-12-12,2024-12-12,2024-12-16,1,6531.00,6555.25,24.25,-18.50,33.75,3,signal
P_HixDD>x&IBS<_4,P_Hi#DD>#&IBS<#,2024-12-12,2024-12-12,2024-12-16,1,6531.00,6555.25,24.25,-18.50,33.75,3,signal
C<dvwapxsd_1,C<dvwap#sd,2024-12-05,2024-12-05,2024-12-18,1,6560.00,6482.13,-77.87,-224.25,22.25,10,sl
C<dvwapxsd_3,C<dvwap#sd,2024-12-05,2024-12-05,2024-12-18,1,6560.00,6404.26,-155.74,-224.25,22.25,10,sl
C<wvwapxsd_3,C<wvwap#sd,2024-12-10,2024-12-10,2024-12-18,1,6519.00,6493.63,-25.37,-183.25,54.75,7,sl
IBS<x_1,IBS<#,2024-12-05,2024-12-05,2024-12-18,1,6560.00,6508.09,-51.91,-224.25,22.25,10,sl
IBS<x_4,IBS<#,2024-12-12,2024-12-12,2024-12-18,1,6531.00,6480.74,-50.26,-195.25,33.75,5,sl
D01_3,D01,2024-12-11,2024-12-11,2024-12-18,1,6563.50,6486.38,-77.12,-227.75,1.25,6,sl
CloseAtxdLow_2,CloseAt#dLow,2024-12-10,2024-12-10,2024-12-18,1,6519.00,6417.52,-101.48,-183.25,54.75,7,sl
P_HixDD>x&IBS<_1,P_Hi#DD>#&IBS<#,2024-12-10,2024-12-10,2024-12-18,1,6519.00,6366.79,-152.21,-183.25,54.75,7,sl
ConnorsRSI<x_1,ConnorsRSI<#,2024-12-10,2024-12-10,2024-12-18,1,6519.00,6366.79,-152.21,-183.25,54.75,7,sl
ConnorsRSI<x_4,ConnorsRSI<#,2024-12-10,2024-12-10,2024-12-18,1,6519.00,6442.89,-76.11,-183.25,54.75,7,sl
RSIx<x_3,RSI#<#,2024-12-18,2024-12-18,2024-12-19,1,6340.50,6389.75,49.25,-33.00,65.75,2,tp
RSIx<x_4,RSI#<#,2024-12-18,2024-12-18,2024-12-19,1,6340.50,6314.69,-25.81,-33.00,65.75,2,sl
C<wvwapxsd_2,C<wvwap#sd,2024-11-27,2024-11-27,2024-12-20,1,6487.00,6276.02,-210.98,-220.00,95.25,18,sl
IBS<x_1,IBS<#,2024-12-18,2024-12-18,2024-12-20,1,6340.50,6288.88,-51.62,-73.50,111.25,3,sl
IBS<x_4,IBS<#,2024-12-18,2024-12-18,2024-12-20,1,6340.50,6308.25,-32.25,-73.50,111.25,3,breakeven
WRx<x_1,WR#<#,2024-12-18,2024-12-18,2024-12-20,1,6340.50,6288.88,-51.62,-73.50,111.25,3,sl
WRx<x_2,WR#<#,2024-12-18,2024-12-18,2024-12-20,1,6340.50,6308.25,-32.25,-73.50,111.25,3,trail
WRx<x_4,WR#<#,2024-12-18,2024-12-18,2024-12-20,1,6340.50,6403.25,62.75,-73.50,111.25,3,signal
CloseAtxdLow_1,CloseAt#dLow,2024-12-18,2024-12-18,2024-12-20,1,6340.50,6403.25,62.75,-73.50,111.25,3,signal
CloseAtxdLow_2,CloseAt#dLow,2024-12-18,2024-12-18,2024-12-20,1,6340.50,6443.75,103.25,-73.50,111.25,3,tp
RSIx<x_3,RSI#<#,2024-12-19,2024-12-19,2024-12-20,1,6335.25,6374.68,39.43,-68.25,116.50,2,tp
RSIx<x_4,RSI#<#,2024-12-19,2024-12-19,2024-12-20,1,6335.25,6308.25,-27.00,-68.25,116.50,2,sl
LMT_RSIx<x_xAT_1,LMT_RSI#<#_#ATR,2024-12-19,2024-12-20,2024-12-23,1,6295.82,6437.75,141.93,-28.82,155.93,2,signal
LMT_RSIx<x_xAT_4,LMT_RSI#<#_#ATR,2024-12-19,2024-12-20,2024-12-23,1,6295.82,6392.57,96.76,-28.82,155.93,2,trail
C<wvwapxsd_1,C<wvwap#sd,2024-12-09,2024-12-09,2024-12-23,1,6537.00,6437.75,-99.25,-270.00,36.75,11,signal
P_HixDD>x&RSIx_1,P_Hi#DD>#&RSI#<#,2024-12-18,2024-12-18,2024-12-23,1,6340.50,6437.75,97.25,-73.50,111.25,4,signal
P_HixDD>x&RSIx_2,P_Hi#DD>#&RSI#<#,2024-12-10,2024-12-10,2024-12-23,1,6519.00,6437.75,-81.25,-252.00,54.75,10,signal
P_HixDD>x&RSIx_3,P_Hi#DD>#&RSI#<#,2024-12-18,2024-12-18,2024-12-23,1,6340.50,6437.75,97.25,-73.50,111.25,4,signal
WRx<x_3,WR#<#,2024-12-18,2024-12-18,2024-12-23,1,6340.50,6437.75,97.25,-73.50,111.25,4,signal
P_HixDD>x&IBS<_1,P_Hi#DD>#&IBS<#,2024-12-18,2024-12-18,2024-12-23,1,6340.50,6437.75,97.25,-73.50,111.25,4,signal
P_HixDD>x&IBS<_3,P_Hi#DD>#&IBS<#,2024-12-18,2024-12-18,2024-12-23,1,6340.50,6437.75,97.25,-73.50,111.25,4,signal
P_HixDD>x&IBS<_4,P_Hi#DD>#&IBS<#,2024-12-18,2024-12-18,2024-12-23,1,6340.50,6437.75,97.25,-73.50,111.25,4,signal
C<dvwapxsd_1,C<dvwap#sd,2024-12-18,2024-12-18,2024-12-24,1,6340.50,6495.38,154.88,-73.50,160.00,5,tp
C<wvwapxsd_4,C<wvwap#sd,2024-12-12,2024-12-12,2024-12-24,1,6531.00,6500.00,-31.00,-264.00,33.75,9,signal
IBS<x_2,IBS<#,2024-12-12,2024-12-12,2024-12-24,1,6531.00,6500.00,-31.00,-264.00,33.75,9,signal
D01_2,D01,2024-12-18,2024-12-18,2024-12-24,1,6340.50,6500.00,159.50,-73.50,160.00,5,signal
RSIx<x_1,RSI#<#,2024-12-18,2024-12-18,2024-12-24,1,6340.50,6500.00,159.50,-73.50,160.00,5,signal
RSIx<x_2,RSI#<#,2024-12-18,2024-12-18,2024-12-24,1,6340.50,6449.00,108.50,-73.50,111.25,5,signal
ConnorsRSI<x_4,ConnorsRSI<#,2024-12-18,2024-12-18,2024-12-24,1,6340.50,6456.66,116.16,-73.50,160.00,5,tp
D01_3,D01,2024-12-23,2024-12-23,2024-12-30,1,6437.75,6347.45,-90.30,-118.50,70.75,5,sl
ConnorsRSI<x_4,ConnorsRSI<#,2024-12-27,2024-12-27,2024-12-30,1,6429.50,6331.98,-97.52,-110.25,7.75,2,sl
RSIx<x_1,RSI#<#,2024-12-27,2024-12-27,2025-01-02,1,6429.50,6299.48,-130.02,-153.75,7.75,4,sl
RSIx<x_3,RSI#<#,2024-12-31,2024-12-31,2025-01-02,1,6336.00,6388.87,52.87,-60.25,60.25,2,tp
LMT_RSIx<x_xAT_1,LMT_RSI#<#_#ATR,2024-12-31,2025-01-02,2025-01-03,1,6283.13,6389.00,105.87,-7.38,114.62,2,signal
LMT_RSIx<x_xAT_4,LMT_RSI#<#_#ATR,2024-12-31,2025-01-02,2025-01-03,1,6283.13,6320.75,37.62,-7.38,114.62,2,trail
C<wvwapxsd_1,C<wvwap#sd,2024-12-27,2024-12-27,2025-01-03,1,6429.50,6389.00,-40.50,-153.75,7.75,5,signal
C<wvwapxsd_4,C<wvwap#sd,2024-12-27,2024-12-27,2025-01-03,1,6429.50,6389.00,-40.50,-153.75,7.75,5,signal
P_HixDD>x&RSIx_1,P_Hi#DD>#&RSI#<#,2024-12-30,2024-12-30,2025-01-03,1,6359.00,6389.00,30.00,-83.25,38.75,4,signal
P_HixDD>x&RSIx_3,P_Hi#DD>#&RSI#<#,2024-12-30,2024-12-30,2025-01-03,1,6359.00,6389.00,30.00,-83.25,38.75,4,signal
CloseAtxdLow_1,CloseAt#dLow,2025-01-02,2025-01-02,2025-01-03,1,6318.25,6389.00,70.75,-6.00,79.50,2,signal
RSIx<x_3,RSI#<#,2025-01-02,2025-01-02,2025-01-03,1,6318.25,6374.88,56.62,-6.00,79.50,2,tp
D01_2,D01,2025-01-02,2025-01-02,2025-01-06,1,6318.25,6423.50,105.25,-6.00,151.00,3,signal
RSIx<x_1,RSI#<#,2025-01-02,2025-01-02,2025-01-06,1,6318.25,6423.50,105.25,-6.00,151.00,3,signal
RSIx<x_4,RSI#<#,2025-01-02,2025-01-02,2025-01-06,1,6318.25,6433.75,115.50,-6.00,151.00,3,tp
IBS<x_1,IBS<#,2024-12-31,2024-12-31,2025-01-07,1,6336.00,6336.00,0.00,-60.25,133.25,5,breakeven
D01_3,D01,2025-01-02,2025-01-02,2025-01-08,1,6318.25,6318.25,0.00,-6.00,151.00,5,breakeven
IBS<x_1,IBS<#,2025-01-07,2025-01-07,2025-01-10,1,6356.00,6271.21,-84.79,-109.75,20.00,3,sl
ConnorsRSI<x_4,ConnorsRSI<#,2024-12-30,2024-12-30,2025-01-10,1,6359.00,6255.78,-103.22,-112.75,110.25,8,sl
C<dvwapxsd_1,C<dvwap#sd,2024-12-31,2024-12-31,2025-01-13,1,6336.00,6218.50,-117.50,-126.00,133.25,8,sl
C<wvwapxsd_1,C<wvwap#sd,2025-01-06,2025-01-06,2025-01-13,1,6423.50,6276.25,-147.25,-213.50,23.00,5,signal
C<wvwapxsd_2,C<wvwap#sd,2024-12-20,2024-12-20,2025-01-13,1,6403.25,6218.50,-184.75,-193.25,105.25,14,sl
P_HixDD>x&RSIx_3,P_Hi#DD>#&RSI#<#,2025-01-10,2025-01-10,2025-01-13,1,6267.50,6276.25,8.75,-57.50,11.75,2,signal
WRx<x_3,WR#<#,2025-01-10,2025-01-10,2025-01-13,1,6267.50,6276.25,8.75,-57.50,11.75,2,signal
P_HixDD>x&IBS<_1,P_Hi#DD>#&IBS<#,2025-01-07,2025-01-07,2025-01-13,1,6356.00,6276.25,-79.75,-146.00,20.00,4,signal
P_HixDD>x&IBS<_4,P_Hi#DD>#&IBS<#,2025-01-07,2025-01-07,2025-01-13,1,6356.00,6276.25,-79.75,-146.00,20.00,4,signal
ConnorsRSI<x_1,ConnorsRSI<#,2024-12-27,2024-12-27,2025-01-13,1,6429.50,6218.50,-211.00,-219.50,39.75,10,sl
C<wvwapxsd_4,C<wvwap#sd,2025-01-06,2025-01-06,2025-01-14,1,6423.50,6283.00,-140.50,-213.50,23.00,6,signal
IBS<x_2,IBS<#,2025-01-07,2025-01-07,2025-01-14,1,6356.00,6283.00,-73.00,-146.00,20.00,5,signal
CloseAtxdLow_1,CloseAt#dLow,2025-01-10,2025-01-10,2025-01-14,1,6267.50,6283.00,15.50,-57.50,52.00,3,signal
P_HixDD>x&RSIx_1,P_Hi#DD>#&RSI#<#,2025-01-10,2025-01-10,2025-01-15,1,6267.50,6389.50,122.00,-57.50,134.75,4,signal
D01_2,D01,2025-01-07,2025-01-07,2025-01-15,1,6356.00,6389.50,33.50,-146.00,46.25,6,signal
RSIx<x_3,RSI#<#,2025-01-10,2025-01-10,2025-01-15,1,6267.50,6365.75,98.25,-57.50,134.75,4,tp
P_HixDD>x&IBS<_3,P_Hi#DD>#&IBS<#,2025-01-07,2025-01-07,2025-01-15,1,6356.00,6389.50,33.50,-146.00,46.25,6,signal
C06_1,C06,2025-01-14,2025-01-14,2025-01-16,1,6283.00,6402.75,119.75,-2.50,119.25,3,signal
IBS<x_1,IBS<#,2025-01-10,2025-01-10,2025-01-17,1,6267.50,6446.75,179.25,-57.50,185.00,6,tp
WRx<x_1,WR#<#,2025-01-10,2025-01-10,2025-01-17,1,6267.50,6446.75,179.25,-57.50,185.00,6,tp
P_HixDD>x&IBS<_3,P_Hi#DD>#&IBS<#,2025-01-16,2025-01-16,2025-01-17,1,6377.25,6434.00,56.75,-14.50,75.25,2,signal
P_HixDD>x&IBS<_4,P_Hi#DD>#&IBS<#,2025-01-16,2025-01-16,2025-01-17,1,6377.25,6434.00,56.75,-14.50,75.25,2,signal
LMT_RSIx<x_xAT_3,LMT_RSI#<#_#ATR,2024-12-18,2024-12-19,2025-01-20,1,6327.59,6456.25,128.66,-117.59,180.91,20,signal
CloseAtxdLow_2,CloseAt#dLow,2024-12-31,2024-12-31,2025-01-20,1,6336.00,6476.98,140.98,-126.00,143.25,13,tp
ConnorsRSI<x_4,ConnorsRSI<#,2025-01-10,2025-01-10,2025-01-20,1,6267.50,6469.16,201.66,-57.50,211.75,7,tp
P_HixDD>x&RSIx_3,P_Hi#DD>#&RSI#<#,2025-01-13,2025-01-13,2025-01-21,1,6276.25,6487.50,211.25,-32.75,212.00,7,signal
P_HixDD>x&IBS<_1,P_Hi#DD>#&IBS<#,2025-01-16,2025-01-16,2025-01-21,1,6377.25,6487.50,110.25,-14.50,111.00,4,signal
D01_3,D01,2025-01-13,2025-01-13,2025-01-23,1,6276.25,6546.96,270.71,-32.75,278.75,9,tp
IBS<x_1,IBS<#,2025-01-24,2025-01-24,2025-01-27,1,6533.75,6399.00,-134.75,-184.75,0.75,2,sl
RSIx<x_1,RSI#<#,2025-01-27,2025-01-27,2025-01-28,1,6447.75,6497.00,49.25,-23.25,58.75,2,signal
P_HixDD>x&RSIx_1,P_Hi#DD>#&RSI#<#,2025-01-27,2025-01-27,2025-01-30,1,6447.75,6500.25,52.50,-23.25,69.50,4,signal
IBS<x_3,IBS<#,2025-01-24,2025-01-24,2025-01-30,1,6533.75,6500.25,-33.50,-184.75,0.75,5,signal
IBS<x_1,IBS<#,2025-01-31,2025-01-31,2025-02-03,1,6465.75,6373.25,-92.50,-129.25,4.25,2,sl
IBS<x_4,IBS<#,2025-01-31,2025-01-31,2025-02-03,1,6465.75,6373.25,-92.50,-129.25,4.25,2,sl
P_HixDD>x&IBS<_4,P_Hi#DD>#&IBS<#,2025-01-31,2025-01-31,2025-02-03,1,6465.75,6424.00,-41.75,-129.25,4.25,2,signal
C<wvwapxsd_1,C<wvwap#sd,2025-01-31,2025-01-31,2025-02-04,1,6465.75,6463.50,-2.25,-129.25,4.25,3,signal
C<wvwapxsd_4,C<wvwap#sd,2025-01-31,2025-01-31,2025-02-04,1,6465.75,6463.50,-2.25,-129.25,4.25,3,signal
P_HixDD>x&RSIx_2,P_Hi#DD>#&RSI#<#,2025-02-03,2025-02-03,2025-02-04,1,6424.00,6463.50,39.50,-36.00,46.00,2,signal
IBS<x_2,IBS<#,2025-01-31,2025-01-31,2025-02-04,1,6465.75,6463.50,-2.25,-129.25,4.25,3,signal
P_HixDD>x&IBS<_1,P_Hi#DD>#&IBS<#,2025-01-31,2025-01-31,2025-02-04,1,6465.75,6463.50,-2.25,-129.25,4.25,3,signal
P_HixDD>x&RSIx_1,P_Hi#DD>#&RSI#<#,2025-02-03,2025-02-03,2025-02-05,1,6424.00,6487.00,63.00,-36.00,65.50,3,signal
CloseAtxdLow_3,CloseAt#dLow,2025-02-03,2025-02-03,2025-02-05,1,6424.00,6487.00,63.00,-36.00,65.50,3,signal
CloseAtxdLow_4,CloseAt#dLow,2025-02-03,2025-02-03,2025-02-05,1,6424.00,6487.00,63.00,-36.00,65.50,3,signal
RSIx<x_1,RSI#<#,2025-02-03,2025-02-03,2025-02-05,1,6424.00,6487.00,63.00,-36.00,65.50,3,signal
P_HixDD>x&IBS<_3,P_Hi#DD>#&IBS<#,2025-01-31,2025-01-31,2025-02-05,1,6465.75,6487.00,21.25,-129.25,23.75,4,signal
IBS<x_3,IBS<#,2025-02-07,2025-02-07,2025-02-10,1,6450.25,6489.25,39.00,-35.25,46.75,2,signal
RSIx<x_1,RSI#<#,2025-02-07,2025-02-07,2025-02-10,1,6450.25,6489.25,39.00,-35.25,46.75,2,signal
P_HixDD>x&IBS<_4,P_Hi#DD>#&IBS<#,2025-02-07,2025-02-07,2025-02-10,1,6450.25,6489.25,39.00,-35.25,46.75,2,signal
P_HixDD>x&IBS<_1,P_Hi#DD>#&IBS<#,2025-02-07,2025-02-07,2025-02-11,1,6450.25,6493.50,43.25,-35.25,49.50,3,signal
C<dvwapxsd_1,C<dvwap#sd,2025-01-16,2025-01-16,2025-02-13,1,6377.25,6536.25,159.00,-40.75,186.00,21,time
IBS<x_2,IBS<#,2025-02-07,2025-02-07,2025-02-13,1,6450.25,6536.25,86.00,-35.25,88.75,5,signal
P_HixDD>x&IBS<_3,P_Hi#DD>#&IBS<#,2025-02-07,2025-02-07,2025-02-13,1,6450.25,6536.25,86.00,-35.25,88.75,5,signal
IBS<x_4,IBS<#,2025-02-07,2025-02-07,2025-02-21,1,6450.25,6450.25,0.00,-35.25,117.25,11,breakeven
C<dvwapxsd_1,C<dvwap#sd,2025-02-14,2025-02-14,2025-02-24,1,6532.75,6419.56,-113.19,-137.25,34.75,7,sl
ConnorsRSI<x_2,ConnorsRSI<#,2025-01-27,2025-01-27,2025-02-24,1,6447.75,6403.25,-44.50,-111.25,119.75,21,time
ConnorsRSI<x_4,ConnorsRSI<#,2025-01-27,2025-01-27,2025-02-24,1,6447.75,6403.25,-44.50,-111.25,119.75,21,time
IBS<x_1,IBS<#,2025-02-07,2025-02-07,2025-02-25,1,6450.25,6370.04,-80.21,-125.25,117.25,13,sl
IBS<x_4,IBS<#,2025-02-21,2025-02-21,2025-02-25,1,6431.25,6356.88,-74.38,-106.25,37.25,3,sl
WRx<x_1,WR#<#,2025-02-21,2025-02-21,2025-02-25,1,6431.25,6356.88,-74.38,-106.25,37.25,3,sl
WRx<x_2,WR#<#,2025-02-21,2025-02-21,2025-02-25,1,6431.25,6394.12,-37.12,-106.25,37.25,3,trail
RSIx<x_4,RSI#<#,2025-02-21,2025-02-21,2025-02-25,1,6431.25,6394.06,-37.19,-106.25,37.25,3,sl
ConnorsRSI<x_3,ConnorsRSI<#,2025-02-21,2025-02-21,2025-02-25,1,6431.25,6356.88,-74.38,-106.25,37.25,3,sl
LMT_RSIx<x_xAT_4,LMT_RSI#<#_#ATR,2025-02-24,2025-02-25,2025-02-27,1,6351.69,6355.50,3.81,-77.69,73.06,3,trail
C<dvwapxsd_1,C<dvwap#sd,2025-02-24,2025-02-24,2025-02-27,1,6403.25,6300.12,-103.12,-129.25,21.50,4,sl
P_HixDD>x&RSIx_1,P_Hi#DD>#&RSI#<#,2025-02-21,2025-02-21,2025-02-27,1,6431.25,6282.50,-148.75,-157.25,37.25,5,sl
WRx<x_3,WR#<#,2025-02-21,2025-02-21,2025-02-27,1,6431.25,6282.50,-148.75,-157.25,37.25,5,sl
RSIx<x_1,RSI#<#,2025-02-21,2025-02-21,2025-02-27,1,6431.25,6282.50,-148.75,-157.25,37.25,5,sl
RSIx<x_3,RSI#<#,2025-02-21,2025-02-21,2025-02-27,1,6431.25,6319.69,-111.56,-157.25,37.25,5,sl
RSIx<x_4,RSI#<#,2025-02-25,2025-02-25,2025-02-27,1,6371.50,6336.88,-34.62,-97.50,53.25,3,sl
P_HixDD>x&IBS<_3,P_Hi#DD>#&IBS<#,2025-02-21,2025-02-21,2025-02-27,1,6431.25,6282.50,-148.75,-157.25,37.25,5,sl
P_HixDD>x&IBS<_4,P_Hi#DD>#&IBS<#,2025-02-21,2025-02-21,2025-02-27,1,6431.25,6282.50,-148.75,-157.25,37.25,5,sl
ConnorsRSI<x_4,ConnorsRSI<#,2025-02-24,2025-02-24,2025-02-27,1,6403.25,6300.12,-103.12,-129.25,21.50,4,sl
C<dvwapxsd_3,C<dvwap#sd,2025-01-31,2025-01-31,2025-02-28,1,6465.75,6365.00,-100.75,-216.75,101.75,21,time
C<dvwapxsd_4,C<dvwap#sd,2025-02-27,2025-02-27,2025-02-28,1,6278.50,6315.07,36.57,-29.50,93.50,2,tp
C<wvwapxsd_1,C<wvwap#sd,2025-02-21,2025-02-21,2025-02-28,1,6431.25,6365.00,-66.25,-182.25,37.25,6,signal
C<wvwapxsd_2,C<wvwap#sd,2025-01-31,2025-01-31,2025-02-28,1,6465.75,6365.00,-100.75,-216.75,101.75,21,time
P_HixDD>x&RSIx_1,P_Hi#DD>#&RSI#<#,2025-02-27,2025-02-27,2025-02-28,1,6278.50,6365.00,86.50,-29.50,93.50,2,signal
P_HixDD>x&RSIx_2,P_Hi#DD>#&RSI#<#,2025-02-21,2025-02-21,2025-02-28,1,6431.25,6365.00,-66.25,-182.25,37.25,6,signal
P_HixDD>x&RSIx_3,P_Hi#DD>#&RSI#<#,2025-02-24,2025-02-24,2025-02-28,1,6403.25,6265.75,-137.50,-154.25,21.50,5,sl
IBS<x_3,IBS<#,2025-02-21,2025-02-21,2025-02-28,1,6431.25,6365.00,-66.25,-182.25,37.25,6,signal
WRx<x_3,WR#<#,2025-02-27,2025-02-27,2025-02-28,1,6278.50,6365.00,86.50,-29.50,93.50,2,signal
WRx<x_4,WR#<#,2025-02-21,2025-02-21,2025-02-28,1,6431.25,6365.00,-66.25,-182.25,37.25,6,signal
CloseAtxdLow_1,CloseAt#dLow,2025-02-24,2025-02-24,2025-02-28,1,6403.25,6265.75,-137.50,-154.25,21.50,5,sl
CloseAtxdLow_2,CloseAt#dLow,2025-02-03,2025-02-03,2025-02-28,1,6424.00,6253.05,-170.95,-175.00,143.50,20,sl
RSIx<x_3,RSI#<#,2025-02-27,2025-02-27,2025-02-28,1,6278.50,6333.36,54.86,-29.50,93.50,2,tp
P_HixDD>x&IBS<_1,P_Hi#DD>#&IBS<#,2025-02-21,2025-02-21,2025-02-28,1,6431.25,6365.00,-66.25,-182.25,37.25,6,signal
P_HixDD>x&IBS<_4,P_Hi#DD>#&IBS<#,2025-02-27,2025-02-27,2025-02-28,1,6278.50,6365.00,86.50,-29.50,93.50,2,signal
C06_3,C06,2025-02-28,2025-02-28,2025-03-03,1,6365.00,6290.20,-74.80,-142.25,36.50,2,sl
D01_3,D01,2025-02-28,2025-02-28,2025-03-03,1,6365.00,6252.80,-112.20,-142.25,36.50,2,sl
RSIx<x_2,RSI#<#,2025-02-24,2025-02-24,2025-03-03,1,6403.25,6385.75,-17.50,-154.25,21.50,6,signal
RSIx<x_4,RSI#<#,2025-02-27,2025-02-27,2025-03-03,1,6278.50,6241.93,-36.57,-55.75,123.00,3,sl
ConnorsRSI<x_1,ConnorsRSI<#,2025-02-03,2025-02-03,2025-03-03,1,6424.00,6263.75,-160.25,-201.25,143.50,21,time
C<dvwapxsd_1,C<dvwap#sd,2025-02-27,2025-02-27,2025-03-04,1,6278.50,6168.77,-109.73,-133.50,123.00,4,sl
IBS<x_1,IBS<#,2025-02-27,2025-02-27,2025-03-04,1,6278.50,6220.00,-58.50,-133.50,123.00,4,breakeven
WRx<x_1,WR#<#,2025-02-27,2025-02-27,2025-03-04,1,6278.50,6220.00,-58.50,-133.50,123.00,4,breakeven
D01_4,D01,2025-02-21,2025-02-21,2025-03-04,1,6431.25,6208.12,-223.12,-286.25,37.25,8,sl
RSIx<x_3,RSI#<#,2025-03-03,2025-03-03,2025-03-04,1,6263.75,6148.16,-115.59,-118.75,21.25,2,sl
ConnorsRSI<x_4,ConnorsRSI<#,2025-02-27,2025-02-27,2025-03-04,1,6278.50,6168.77,-109.73,-133.50,123.00,4,sl
P_HixDD>x&RSIx_3,P_Hi#DD>#&RSI#<#,2025-03-04,2025-03-04,2025-03-05,1,6191.75,6251.75,60.00,-40.00,78.75,2,signal
CloseAtxdLow_1,CloseAt#dLow,2025-03-03,2025-03-03,2025-03-05,1,6263.75,6251.75,-12.00,-118.75,21.25,3,signal
RSIx<x_3,RSI#<#,2025-03-04,2025-03-04,2025-03-05,1,6191.75,6251.72,59.97,-40.00,78.75,2,tp
P_HixDD>x&IBS<_1,P_Hi#DD>#&IBS<#,2025-03-03,2025-03-03,2025-03-05,1,6263.75,6251.75,-12.00,-118.75,21.25,3,signal
P_HixDD>x&IBS<_4,P_Hi#DD>#&IBS<#,2025-03-03,2025-03-03,2025-03-05,1,6263.75,6251.75,-12.00,-118.75,21.25,3,signal
LMT_RSIx<x_xAT_1,LMT_RSI#<#_#ATR,2025-02-24,2025-02-25,2025-03-06,1,6351.69,6143.94,-207.75,-230.69,73.06,8,sl
P_HixDD>x&IBS<_3,P_Hi#DD>#&IBS<#,2025-02-27,2025-02-27,2025-03-06,1,6278.50,6132.20,-146.30,-157.50,123.00,6,sl
P_HixDD>x&RSIx_3,P_Hi#DD>#&RSI#<#,2025-03-06,2025-03-06,2025-03-07,1,6148.75,6176.00,27.25,-74.75,43.25,2,signal
CloseAtxdLow_3,CloseAt#dLow,2025-02-21,2025-02-21,2025-03-07,1,6431.25,6176.00,-255.25,-357.25,37.25,11,time
LMT_RSIx<x_xAT_4,LMT_RSI#<#_#ATR,2025-03-06,2025-03-07,2025-03-10,1,6083.32,6092.25,8.93,-110.82,108.68,2,trail
C<dvwapxsd_1,C<dvwap#sd,2025-03-06,2025-03-06,2025-03-10,1,6148.75,6017.89,-130.86,-176.25,43.25,3,sl
C<wvwapxsd_2,C<wvwap#sd,2025-03-03,2025-03-03,2025-03-10,1,6263.75,6032.56,-231.19,-291.25,21.25,6,sl
IBS<x_1,IBS<#,2025-03-06,2025-03-06,2025-03-10,1,6148.75,6061.51,-87.24,-176.25,43.25,3,sl
WRx<x_1,WR#<#,2025-03-06,2025-03-06,2025-03-10,1,6148.75,6061.51,-87.24,-176.25,43.25,3,sl
WRx<x_3,WR#<#,2025-03-06,2025-03-06,2025-03-10,1,6148.75,5974.27,-174.48,-176.25,43.25,3,sl
RSIx<x_3,RSI#<#,2025-03-06,2025-03-06,2025-03-10,1,6148.75,6017.89,-130.86,-176.25,43.25,3,sl
LMT_RSIx<x_xAT_4,LMT_RSI#<#_#ATR,2025-03-10,2025-03-11,2025-03-12,1,5953.08,5953.69,0.61,-18.08,122.92,2,trail
C<wvwapxsd_4,C<wvwap#sd,2025-02-21,2025-02-21,2025-03-14,1,6431.25,6038.75,-392.50,-521.00,37.25,16,signal
P_HixDD>x&RSIx_3,P_Hi#DD>#&RSI#<#,2025-03-10,2025-03-10,2025-03-14,1,6024.50,6038.75,14.25,-114.25,51.50,5,signal
IBS<x_2,IBS<#,2025-02-21,2025-02-21,2025-03-14,1,6431.25,6038.75,-392.50,-521.00,37.25,16,signal
WRx<x_3,WR#<#,2025-03-11,2025-03-11,2025-03-14,1,5976.25,6038.75,62.50,-66.00,99.75,4,signal
P_HixDD>x&IBS<_1,P_Hi#DD>#&IBS<#,2025-03-13,2025-03-13,2025-03-14,1,5929.25,6038.75,109.50,-1.50,120.50,2,signal
C06_1,C06,2025-02-28,2025-02-28,2025-03-17,1,6365.00,6038.00,-327.00,-454.75,36.50,12,signal
RSIx<x_3,RSI#<#,2025-03-10,2025-03-10,2025-03-17,1,6024.50,6095.92,71.42,-114.25,84.00,6,tp
C06_3,C06,2025-03-14,2025-03-14,2025-03-18,1,6038.75,6038.75,0.00,-39.25,69.75,3,breakeven
C<wvwapxsd_4,C<wvwap#sd,2025-03-18,2025-03-18,2025-03-19,1,6020.50,6079.50,59.00,-14.25,98.75,2,signal
D01_2,D01,2025-02-21,2025-02-21,2025-03-19,1,6431.25,6079.50,-351.75,-521.00,37.25,19,signal
LMT_RSIx<x_xAT_3,LMT_RSI#<#_#ATR,2025-02-21,2025-02-24,2025-03-24,1,6412.66,6162.25,-250.41,-502.41,55.84,21,signal
IBS<x_1,IBS<#,2025-03-13,2025-03-13,2025-03-24,1,5929.25,6135.05,205.80,-1.50,245.00,8,tp
WRx<x_1,WR#<#,2025-03-11,2025-03-11,2025-03-25,1,5976.25,6174.75,198.50,-66.00,209.75,11,tp
D01_2,D01,2025-03-26,2025-03-26,2025-03-27,1,6107.00,6089.25,-17.75,-38.25,21.50,2,signal
IBS<x_1,IBS<#,2025-03-26,2025-03-26,2025-03-28,1,6107.00,5989.82,-117.18,-141.00,21.50,3,sl
LMT_RSIx<x_xAT_4,LMT_RSI#<#_#ATR,2025-03-27,2025-03-28,2025-03-31,1,6004.43,5890.97,-113.46,-121.93,92.07,2,sl
P_HixDD>x&RSIx_3,P_Hi#DD>#&RSI#<#,2025-03-27,2025-03-27,2025-03-31,1,6089.25,6005.00,-84.25,-206.75,7.25,3,signal
WRx<x_3,WR#<#,2025-03-28,2025-03-28,2025-03-31,1,5973.25,6005.00,31.75,-90.75,48.25,2,signal
P_HixDD>x&IBS<_1,P_Hi#DD>#&IBS<#,2025-03-26,2025-03-26,2025-03-31,1,6107.00,6005.00,-102.00,-224.50,21.50,4,signal
C<wvwapxsd_4,C<wvwap#sd,2025-03-26,2025-03-26,2025-04-01,1,6107.00,6023.50,-83.50,-224.50,21.50,5,signal
RSIx<x_3,RSI#<#,2025-03-28,2025-03-28,2025-04-02,1,5973.25,6058.35,85.10,-90.75,114.75,4,tp
C<dvwapxsd_1,C<dvwap#sd,2025-03-10,2025-03-10,2025-04-03,1,6024.50,5860.75,-163.75,-247.25,161.50,19,sl
C06_3,C06,2025-04-02,2025-04-02,2025-04-03,1,6058.75,5860.75,-198.00,-281.50,63.25,2,sl
IBS<x_1,IBS<#,2025-03-28,2025-03-28,2025-04-03,1,5973.25,5859.79,-113.46,-196.00,148.75,5,sl
WRx<x_1,WR#<#,2025-03-28,2025-03-28,2025-04-03,1,5973.25,5859.79,-113.46,-196.00,148.75,5,sl
ConnorsRSI<x_3,ConnorsRSI<#,2025-03-28,2025-03-28,2025-04-03,1,5973.25,5859.79,-113.46,-196.00,148.75,5,sl
LMT_RSIx<x_xAT_4,LMT_RSI#<#_#ATR,2025-04-03,2025-04-04,2025-04-04,1,5640.75,5509.62,-131.12,-189.00,146.50,1,sl
C<dvwapxsd_1,C<dvwap#sd,2025-04-03,2025-04-03,2025-04-04,1,5784.75,5604.38,-180.38,-333.00,2.50,2,sl
P_HixDD>x&RSIx_3,P_Hi#DD>#&RSI#<#,2025-04-03,2025-04-03,2025-04-04,1,5784.75,5544.25,-240.50,-333.00,2.50,2,sl
IBS<x_1,IBS<#,2025-04-03,2025-04-03,2025-04-04,1,5784.75,5640.75,-144.00,-333.00,2.50,2,sl
WRx<x_1,WR#<#,2025-04-03,2025-04-03,2025-04-04,1,5784.75,5640.75,-144.00,-333.00,2.50,2,sl
WRx<x_3,WR#<#,2025-04-03,2025-04-03,2025-04-04,1,5784.75,5544.25,-240.50,-333.00,2.50,2,sl
RSIx<x_3,RSI#<#,2025-04-03,2025-04-03,2025-04-04,1,5784.75,5604.38,-180.38,-333.00,2.50,2,sl
P_HixDD>x&RSIx_3,P_Hi#DD>#&RSI#<#,2025-04-04,2025-04-04,2025-04-07,1,5457.25,5195.00,-262.25,-276.50,178.00,2,sl
WRx<x_3,WR#<#,2025-04-04,2025-04-04,2025-04-07,1,5457.25,5195.00,-262.25,-276.50,178.00,2,sl
P_HixDD>x&IBS<_1,P_Hi#DD>#&IBS<#,2025-04-03,2025-04-03,2025-04-07,1,5784.75,5290.50,-494.25,-604.00,2.50,3,sl
C<wvwapxsd_4,C<wvwap#sd,2025-04-03,2025-04-03,2025-04-09,1,5784.75,5838.25,53.50,-604.00,84.00,5,signal
P_HixDD>x&RSIx_3,P_Hi#DD>#&RSI#<#,2025-04-07,2025-04-07,2025-04-09,1,5447.50,5838.25,390.75,-227.00,421.25,3,signal
D01_2,D01,2025-03-27,2025-03-27,2025-04-09,1,6089.25,5838.25,-251.00,-908.50,32.75,10,signal
C06_3,C06,2025-04-09,2025-04-09,2025-04-10,1,5838.25,5656.16,-182.09,-342.75,39.25,2,sl
RSIx<x_2,RSI#<#,2025-04-04,2025-04-04,2025-04-10,1,5457.25,5724.25,267.00,-276.50,411.50,5,signal
C<wvwapxsd_4,C<wvwap#sd,2025-04-14,2025-04-14,2025-04-22,1,5791.25,5663.00,-128.25,-315.25,42.50,6,signal
P_HixDD>x&RSIx_3,P_Hi#DD>#&RSI#<#,2025-04-16,2025-04-16,2025-04-24,1,5654.00,5859.25,205.25,-178.00,214.75,6,signal
IBS<x_3,IBS<#,2025-05-01,2025-05-01,2025-05-02,1,5973.75,6054.50,80.75,-24.00,99.75,2,signal
C<wvwapxsd_4,C<wvwap#sd,2025-05-05,2025-05-05,2025-05-08,1,6023.25,6035.25,12.00,-78.50,66.50,4,signal
IBS<x_3,IBS<#,2025-05-06,2025-05-06,2025-05-08,1,5974.25,6035.25,61.00,-29.50,115.50,3,signal
C06_4,C06,2025-05-08,2025-05-08,2025-05-12,1,6035.25,6199.00,163.75,-24.00,179.75,3,tp
P_HixDD>x&IBS<_2,P_Hi#DD>#&IBS<#,2025-05-01,2025-05-01,2025-05-12,1,5973.75,6213.00,239.25,-29.00,241.25,8,signal
C06_3,C06,2025-04-22,2025-04-22,2025-05-16,1,5663.00,6301.10,638.10,-2.75,663.25,19,tp
LMT_RSIx<x_xAT_2,LMT_RSI#<#_#ATR,2025-05-21,2025-05-22,2025-05-22,1,6184.37,6207.25,22.88,-6.87,59.38,1,time
LMT_RSIx<x_xAT_2,LMT_RSI#<#_#ATR,2025-05-22,2025-05-23,2025-05-23,1,6132.75,6165.75,33.00,-27.50,88.00,1,time
C<wvwapxsd_3,C<wvwap#sd,2025-05-21,2025-05-21,2025-05-23,1,6208.00,6132.75,-75.25,-102.75,35.75,3,sl
C<wvwapxsd_1,C<wvwap#sd,2025-05-21,2025-05-21,2025-05-26,1,6208.00,6239.75,31.75,-102.75,35.75,4,signal
C<wvwapxsd_4,C<wvwap#sd,2025-05-21,2025-05-21,2025-05-26,1,6208.00,6239.75,31.75,-102.75,35.75,4,signal
P_HixDD>x&RSIx_2,P_Hi#DD>#&RSI#<#,2025-05-21,2025-05-21,2025-05-26,1,6208.00,6239.75,31.75,-102.75,35.75,4,signal
IBS<x_3,IBS<#,2025-05-21,2025-05-21,2025-05-26,1,6208.00,6239.75,31.75,-102.75,35.75,4,signal
D01_1,D01,2025-05-22,2025-05-22,2025-05-26,1,6207.25,6239.75,32.50,-102.00,36.50,3,signal
CloseAtxdLow_4,CloseAt#dLow,2025-05-23,2025-05-23,2025-05-26,1,6165.75,6239.75,74.00,-10.00,78.00,2,signal
C06_4,C06,2025-05-26,2025-05-26,2025-05-27,1,6239.75,6274.15,34.40,-28.50,47.75,2,tp
D01_4,D01,2025-05-21,2025-05-21,2025-05-27,1,6208.00,6284.75,76.75,-102.75,79.50,5,signal
CloseAtxdLow_3,CloseAt#dLow,2025-05-21,2025-05-21,2025-05-27,1,6208.00,6284.75,76.75,-102.75,79.50,5,signal
RSIx<x_1,RSI#<#,2025-05-21,2025-05-21,2025-05-27,1,6208.00,6284.75,76.75,-102.75,79.50,5,signal
C<dvwapxsd_2,C<dvwap#sd,2025-05-28,2025-05-28,2025-05-29,1,6250.25,6272.00,21.75,-17.50,106.50,2,signal
C<dvwapxsd_4,C<dvwap#sd,2025-05-28,2025-05-28,2025-05-29,1,6250.25,6303.75,53.50,-17.50,106.50,2,tp
C06_2,C06,2025-05-26,2025-05-26,2025-05-29,1,6239.75,6331.48,91.73,-28.50,117.00,4,tp
C06_3,C06,2025-05-26,2025-05-26,2025-05-29,1,6239.75,6239.75,0.00,-28.50,117.00,4,breakeven
IBS<x_3,IBS<#,2025-05-28,2025-05-28,2025-05-29,1,6250.25,6272.00,21.75,-17.50,106.50,2,signal
C06_4,C06,2025-05-29,2025-05-29,2025-05-30,1,6272.00,6206.21,-65.79,-70.00,9.50,2,sl
C<wvwapxsd_1,C<wvwap#sd,2025-05-28,2025-05-28,2025-06-02,1,6250.25,6296.00,45.75,-48.25,106.50,4,signal
C<wvwapxsd_4,C<wvwap#sd,2025-05-28,2025-05-28,2025-06-02,1,6250.25,6296.00,45.75,-48.25,106.50,4,signal
C06_1,C06,2025-05-29,2025-05-29,2025-06-02,1,6272.00,6246.25,-25.75,-70.00,9.50,3,signal
IBS<x_2,IBS<#,2025-05-28,2025-05-28,2025-06-02,1,6250.25,6296.00,45.75,-48.25,106.50,4,signal
IBS<x_3,IBS<#,2025-06-04,2025-06-04,2025-06-06,1,6327.00,6355.25,28.25,-49.50,46.75,3,signal
RSIx<x_1,RSI#<#,2025-06-05,2025-06-05,2025-06-06,1,6296.50,6355.25,58.75,-17.75,77.25,2,signal
C<wvwapxsd_1,C<wvwap#sd,2025-06-05,2025-06-05,2025-06-10,1,6296.50,6393.75,97.25,-17.75,101.75,4,signal
C<wvwapxsd_4,C<wvwap#sd,2025-06-05,2025-06-05,2025-06-10,1,6296.50,6393.75,97.25,-17.75,101.75,4,signal
C06_1,C06,2025-06-06,2025-06-06,2025-06-10,1,6355.25,6365.00,9.75,-14.25,21.25,3,signal
C06_4,C06,2025-06-06,2025-06-06,2025-06-10,1,6355.25,6387.18,31.93,-15.25,43.00,3,tp
IBS<x_2,IBS<#,2025-06-04,2025-06-04,2025-06-10,1,6327.00,6393.75,66.75,-49.50,71.25,5,signal
CloseAtxdLow_2,CloseAt#dLow,2025-05-21,2025-05-21,2025-06-10,1,6208.00,6397.05,189.05,-102.75,190.25,15,tp
C06_3,C06,2025-06-06,2025-06-06,2025-06-11,1,6355.25,6355.25,0.00,-15.25,68.25,4,breakeven
ConnorsRSI<x_2,ConnorsRSI<#,2025-05-21,2025-05-21,2025-06-11,1,6208.00,6420.68,212.68,-102.75,215.50,16,tp
C<wvwapxsd_1,C<wvwap#sd,2025-06-11,2025-06-11,2025-06-12,1,6377.25,6399.50,22.25,-40.75,22.50,2,signal
LMT_RSIx<x_xAT_2,LMT_RSI#<#_#ATR,2025-06-13,2025-06-16,2025-06-16,1,6308.73,6388.50,79.77,-12.23,96.77,1,time
C<wvwapxsd_4,C<wvwap#sd,2025-06-11,2025-06-11,2025-06-16,1,6377.25,6388.50,11.25,-101.00,28.25,4,signal
P_HixDD>x&RSIx_1,P_Hi#DD>#&RSI#<#,2025-06-13,2025-06-13,2025-06-16,1,6328.75,6388.50,59.75,-32.25,76.75,2,signal
IBS<x_3,IBS<#,2025-06-13,2025-06-13,2025-06-16,1,6328.75,6388.50,59.75,-32.25,76.75,2,signal
RSIx<x_1,RSI#<#,2025-06-13,2025-06-13,2025-06-16,1,6328.75,6388.50,59.75,-32.25,76.75,2,signal
P_HixDD>x&IBS<_4,P_Hi#DD>#&IBS<#,2025-06-13,2025-06-13,2025-06-16,1,6328.75,6388.50,59.75,-32.25,76.75,2,signal
C<dvwapxsd_3,C<dvwap#sd,2025-05-21,2025-05-21,2025-06-18,1,6208.00,6332.00,124.00,-102.75,215.50,21,time
ConnorsRSI<x_1,ConnorsRSI<#,2025-05-21,2025-05-21,2025-06-18,1,6208.00,6332.00,124.00,-102.75,215.50,21,time
C<wvwapxsd_3,C<wvwap#sd,2025-06-13,2025-06-13,2025-06-19,1,6328.75,6288.70,-40.05,-62.75,76.75,5,sl
C06_2,C06,2025-06-06,2025-06-06,2025-06-19,1,6355.25,6270.10,-85.15,-89.25,68.25,10,sl
C<wvwapxsd_4,C<wvwap#sd,2025-06-17,2025-06-17,2025-06-20,1,6334.75,6313.25,-21.50,-68.75,35.50,4,signal
IBS<x_2,IBS<#,2025-06-17,2025-06-17,2025-06-20,1,6334.75,6313.25,-21.50,-68.75,35.50,4,signal
C<wvwapxsd_1,C<wvwap#sd,2025-06-13,2025-06-13,2025-06-23,1,6328.75,6373.25,44.50,-73.25,76.75,7,signal
C<wvwapxsd_4,C<wvwap#sd,2025-06-20,2025-06-20,2025-06-23,1,6313.25,6373.25,60.00,-57.75,64.75,2,signal
C06_4,C06,2025-06-20,2025-06-20,2025-06-23,1,6313.25,6342.20,28.95,-57.75,64.75,2,tp
P_HixDD>x&RSIx_1,P_Hi#DD>#&RSI#<#,2025-06-19,2025-06-19,2025-06-23,1,6274.75,6373.25,98.50,-19.25,103.25,3,signal
P_HixDD>x&RSIx_2,P_Hi#DD>#&RSI#<#,2025-06-13,2025-06-13,2025-06-23,1,6328.75,6373.25,44.50,-73.25,76.75,7,signal
IBS<x_2,IBS<#,2025-06-20,2025-06-20,2025-06-23,1,6313.25,6373.25,60.00,-57.75,64.75,2,signal
IBS<x_3,IBS<#,2025-06-17,2025-06-17,2025-06-23,1,6334.75,6373.25,38.50,-79.25,43.25,5,signal
WRx<x_2,WR#<#,2025-06-19,2025-06-19,2025-06-23,1,6274.75,6289.15,14.40,-19.25,103.25,3,trail
WRx<x_3,WR#<#,2025-06-19,2025-06-19,2025-06-23,1,6274.75,6373.25,98.50,-19.25,103.25,3,signal
D01_1,D01,2025-06-20,2025-06-20,2025-06-23,1,6313.25,6373.25,60.00,-57.75,64.75,2,signal
D01_4,D01,2025-06-19,2025-06-19,2025-06-23,1,6274.75,6373.25,98.50,-19.25,103.25,3,signal
CloseAtxdLow_3,CloseAt#dLow,2025-06-19,2025-06-19,2025-06-23,1,6274.75,6373.25,98.50,-19.25,103.25,3,signal
CloseAtxdLow_4,CloseAt#dLow,2025-06-19,2025-06-19,2025-06-23,1,6274.75,6373.25,98.50,-19.25,103.25,3,signal
RSIx<x_1,RSI#<#,2025-06-19,2025-06-19,2025-06-23,1,6274.75,6373.25,98.50,-19.25,103.25,3,signal
P_HixDD>x&IBS<_3,P_Hi#DD>#&IBS<#,2025-06-13,2025-06-13,2025-06-23,1,6328.75,6373.25,44.50,-73.25,76.75,7,signal
P_HixDD>x&IBS<_4,P_Hi#DD>#&IBS<#,2025-06-18,2025-06-18,2025-06-23,1,6332.00,6373.25,41.25,-76.50,46.00,4,signal
C<wvwapxsd_3,C<wvwap#sd,2025-06-19,2025-06-19,2025-06-24,1,6274.75,6415.00,140.25,-19.25,177.00,4,tp
C06_1,C06,2025-06-20,2025-06-20,2025-06-24,1,6313.25,6415.00,101.75,-57.75,64.75,3,signal
CloseAtxdLow_2,CloseAt#dLow,2025-06-19,2025-06-19,2025-06-24,1,6274.75,6431.45,156.70,-19.25,177.00,4,tp
ConnorsRSI<x_2,ConnorsRSI<#,2025-06-19,2025-06-19,2025-06-24,1,6274.75,6451.04,176.29,-19.25,177.00,4,tp
ConnorsRSI<x_4,ConnorsRSI<#,2025-06-19,2025-06-19,2025-06-24,1,6274.75,6451.04,176.29,-19.25,177.00,4,tp
C<wvwapxsd_2,C<wvwap#sd,2025-05-28,2025-05-28,2025-06-25,1,6250.25,6444.00,193.75,-48.25,206.50,21,time
C06_2,C06,2025-06-23,2025-06-23,2025-06-25,1,6373.25,6452.19,78.94,-4.50,83.50,3,tp
D01_3,D01,2025-06-20,2025-06-20,2025-06-30,1,6313.25,6544.89,231.64,-57.75,248.75,7,tp
C06_3,C06,2025-06-23,2025-06-23,2025-07-03,1,6373.25,6610.06,236.81,-4.50,256.50,9,tp
C<wvwapxsd_4,C<wvwap#sd,2025-07-07,2025-07-07,2025-07-09,1,6571.75,6603.50,31.75,-20.75,40.00,3,signal
C<wvwapxsd_1,C<wvwap#sd,2025-07-07,2025-07-07,2025-07-14,1,6571.75,6607.25,35.50,-20.75,60.25,6,signal
LMT_RSIx<x_xAT_2,LMT_RSI#<#_#ATR,2025-07-15,2025-07-16,2025-07-16,1,6563.97,6599.25,35.28,-26.47,41.28,1,time
C<dvwapxsd_2,C<dvwap#sd,2025-07-15,2025-07-15,2025-07-16,1,6578.75,6599.25,20.50,-41.25,26.50,2,signal
C<dvwapxsd_3,C<dvwap#sd,2025-06-18,2025-06-18,2025-07-16,1,6332.00,6599.25,267.25,-76.50,307.50,21,time
C<dvwapxsd_4,C<dvwap#sd,2025-07-15,2025-07-15,2025-07-16,1,6578.75,6549.19,-29.56,-41.25,26.50,2,sl
C<wvwapxsd_1,C<wvwap#sd,2025-07-15,2025-07-15,2025-07-16,1,6578.75,6599.25,20.50,-41.25,26.50,2,signal
P_HixDD>x&RSIx_2,P_Hi#DD>#&RSI#<#,2025-07-15,2025-07-15,2025-07-16,1,6578.75,6599.25,20.50,-41.25,26.50,2,signal
D01_2,D01,2025-07-15,2025-07-15,2025-07-16,1,6578.75,6599.25,20.50,-41.25,26.50,2,signal
RSIx<x_1,RSI#<#,2025-07-15,2025-07-15,2025-07-16,1,6578.75,6599.25,20.50,-41.25,26.50,2,signal
P_HixDD>x&IBS<_1,P_Hi#DD>#&IBS<#,2025-07-15,2025-07-15,2025-07-16,1,6578.75,6599.25,20.50,-41.25,26.50,2,signal
P_HixDD>x&IBS<_4,P_Hi#DD>#&IBS<#,2025-07-15,2025-07-15,2025-07-16,1,6578.75,6599.25,20.50,-41.25,26.50,2,signal
C<wvwapxsd_4,C<wvwap#sd,2025-07-15,2025-07-15,2025-07-17,1,6578.75,6638.75,60.00,-41.25,63.25,3,signal
P_HixDD>x&RSIx_1,P_Hi#DD>#&RSI#<#,2025-07-15,2025-07-15,2025-07-17,1,6578.75,6638.75,60.00,-41.25,63.25,3,signal
IBS<x_2,IBS<#,2025-07-15,2025-07-15,2025-07-17,1,6578.75,6638.75,60.00,-41.25,63.25,3,signal
IBS<x_3,IBS<#,2025-07-15,2025-07-15,2025-07-17,1,6578.75,6638.75,60.00,-41.25,63.25,3,signal
P_HixDD>x&IBS<_3,P_Hi#DD>#&IBS<#,2025-07-15,2025-07-15,2025-07-17,1,6578.75,6638.75,60.00,-41.25,63.25,3,signal
ConnorsRSI<x_1,ConnorsRSI<#,2025-06-19,2025-06-19,2025-07-17,1,6274.75,6638.75,364.00,-19.25,367.25,21,time
IBS<x_3,IBS<#,2025-07-21,2025-07-21,2025-07-22,1,6641.75,6642.00,0.25,-26.50,8.50,2,signal
D01_2,D01,2025-07-21,2025-07-21,2025-07-22,1,6641.75,6642.00,0.25,-26.50,8.50,2,signal
C<wvwapxsd_1,C<wvwap#sd,2025-07-21,2025-07-21,2025-07-23,1,6641.75,6695.50,53.75,-26.50,54.00,3,signal
C<wvwapxsd_4,C<wvwap#sd,2025-07-21,2025-07-21,2025-07-23,1,6641.75,6695.50,53.75,-26.50,54.00,3,signal
IBS<x_2,IBS<#,2025-07-21,2025-07-21,2025-07-23,1,6641.75,6695.50,53.75,-26.50,54.00,3,signal
IBS<x_1,IBS<#,2025-07-15,2025-07-15,2025-07-24,1,6578.75,6698.75,120.00,-41.25,136.00,8,tp
IBS<x_3,IBS<#,2025-07-24,2025-07-24,2025-07-25,1,6698.50,6722.25,23.75,-2.75,29.00,2,signal
D01_2,D01,2025-07-29,2025-07-29,2025-07-30,1,6702.50,6694.00,-8.50,-39.25,23.75,2,signal
LMT_RSIx<x_xAT_2,LMT_RSI#<#_#ATR,2025-07-30,2025-07-31,2025-07-31,1,6681.53,6667.50,-14.03,-26.78,83.47,1,time
IBS<x_4,IBS<#,2025-07-15,2025-07-15,2025-07-31,1,6578.75,6756.09,177.34,-41.25,186.25,13,tp
LMT_RSIx<x_xAT_2,LMT_RSI#<#_#ATR,2025-07-31,2025-08-01,2025-08-01,1,6607.50,6560.00,-47.50,-71.50,83.75,1,time
LMT_RSIx<x_xAT_4,LMT_RSI#<#_#ATR,2025-07-30,2025-07-31,2025-08-01,1,6656.60,6607.50,-49.10,-120.60,108.40,2,trail
C<wvwapxsd_3,C<wvwap#sd,2025-07-31,2025-07-31,2025-08-01,1,6667.50,6607.50,-60.00,-131.50,23.75,2,sl
P_HixDD>x&RSIx_1,P_Hi#DD>#&RSI#<#,2025-07-31,2025-07-31,2025-08-01,1,6667.50,6563.02,-104.48,-131.50,23.75,2,sl
IBS<x_1,IBS<#,2025-07-24,2025-07-24,2025-08-01,1,6698.50,6607.50,-91.00,-162.50,66.50,7,sl
CloseAtxdLow_2,CloseAt#dLow,2025-07-31,2025-07-31,2025-08-01,1,6667.50,6563.02,-104.48,-131.50,23.75,2,sl
RSIx<x_1,RSI#<#,2025-07-30,2025-07-30,2025-08-01,1,6694.00,6594.27,-99.73,-158.00,71.00,3,sl
P_HixDD>x&IBS<_3,P_Hi#DD>#&IBS<#,2025-07-31,2025-07-31,2025-08-01,1,6667.50,6563.02,-104.48,-131.50,23.75,2,sl
P_HixDD>x&IBS<_4,P_Hi#DD>#&IBS<#,2025-07-31,2025-07-31,2025-08-01,1,6667.50,6563.02,-104.48,-131.50,23.75,2,sl
ConnorsRSI<x_2,ConnorsRSI<#,2025-07-31,2025-07-31,2025-08-01,1,6667.50,6589.14,-78.36,-131.50,23.75,2,sl
ConnorsRSI<x_4,ConnorsRSI<#,2025-07-31,2025-07-31,2025-08-01,1,6667.50,6589.14,-78.36,-131.50,23.75,2,sl
C<wvwapxsd_1,C<wvwap#sd,2025-07-28,2025-07-28,2025-08-04,1,6719.50,6653.75,-65.75,-183.50,45.50,6,signal
C<wvwapxsd_2,C<wvwap#sd,2025-07-07,2025-07-07,2025-08-04,1,6571.75,6653.75,82.00,-35.75,193.25,21,time
C<wvwapxsd_4,C<wvwap#sd,2025-07-28,2025-07-28,2025-08-04,1,6719.50,6653.75,-65.75,-183.50,45.50,6,signal
P_HixDD>x&RSIx_2,P_Hi#DD>#&RSI#<#,2025-07-31,2025-07-31,2025-08-04,1,6667.50,6653.75,-13.75,-131.50,23.75,3,signal
P_HixDD>x&RSIx_3,P_Hi#DD>#&RSI#<#,2025-08-01,2025-08-01,2025-08-04,1,6560.00,6653.75,93.75,-12.25,95.00,2,signal
IBS<x_2,IBS<#,2025-07-31,2025-07-31,2025-08-04,1,6667.50,6653.75,-13.75,-131.50,23.75,3,signal
CloseAtxdLow_1,CloseAt#dLow,2025-08-01,2025-08-01,2025-08-04,1,6560.00,6653.75,93.75,-12.25,95.00,2,signal
RSIx<x_3,RSI#<#,2025-08-01,2025-08-01,2025-08-04,1,6560.00,6603.24,43.24,-12.25,95.00,2,tp
RSIx<x_4,RSI#<#,2025-08-01,2025-08-01,2025-08-04,1,6560.00,6646.48,86.48,-12.25,95.00,2,tp
P_HixDD>x&IBS<_1,P_Hi#DD>#&IBS<#,2025-07-31,2025-07-31,2025-08-04,1,6667.50,6653.75,-13.75,-131.50,23.75,3,signal
C<dvwapxsd_1,C<dvwap#sd,2025-07-08,2025-07-08,2025-08-05,1,6567.00,6621.75,54.75,-31.00,198.00,21,time
C<wvwapxsd_1,C<wvwap#sd,2025-08-05,2025-08-05,2025-08-06,1,6621.75,6668.25,46.50,-12.00,54.25,2,signal
P_HixDD>x&RSIx_1,P_Hi#DD>#&RSI#<#,2025-08-01,2025-08-01,2025-08-06,1,6560.00,6668.25,108.25,-12.25,116.00,4,signal
P_HixDD>x&RSIx_4,P_Hi#DD>#&RSI#<#,2025-08-01,2025-08-01,2025-08-06,1,6560.00,6675.30,115.30,-12.25,116.00,4,tp
IBS<x_3,IBS<#,2025-07-29,2025-07-29,2025-08-06,1,6702.50,6668.25,-34.25,-166.50,62.50,7,signal
CloseAtxdLow_2,CloseAt#dLow,2025-08-01,2025-08-01,2025-08-06,1,6560.00,6675.30,115.30,-12.25,116.00,4,tp
P_HixDD>x&IBS<_1,P_Hi#DD>#&IBS<#,2025-08-05,2025-08-05,2025-08-06,1,6621.75,6668.25,46.50,-12.00,54.25,2,signal
P_HixDD>x&IBS<_4,P_Hi#DD>#&IBS<#,2025-08-05,2025-08-05,2025-08-06,1,6621.75,6668.25,46.50,-12.00,54.25,2,signal
RSIx<x_2,RSI#<#,2025-08-01,2025-08-01,2025-08-07,1,6560.00,6703.75,143.75,-12.25,116.00,5,signal
ConnorsRSI<x_4,ConnorsRSI<#,2025-08-01,2025-08-01,2025-08-07,1,6560.00,6703.75,143.75,-12.25,163.25,5,tp
LMT_RSIx<x_xAT_1,LMT_RSI#<#_#ATR,2025-07-31,2025-08-01,2025-08-08,1,6607.50,6710.50,103.00,-71.50,115.75,6,signal
D01_2,D01,2025-07-30,2025-07-30,2025-08-08,1,6694.00,6710.50,16.50,-158.00,71.00,8,signal
D01_4,D01,2025-07-31,2025-07-31,2025-08-08,1,6667.50,6710.50,43.00,-131.50,55.75,7,signal
CloseAtxdLow_3,CloseAt#dLow,2025-07-31,2025-07-31,2025-08-08,1,6667.50,6710.50,43.00,-131.50,55.75,7,signal
RSIx<x_1,RSI#<#,2025-08-01,2025-08-01,2025-08-08,1,6560.00,6710.50,150.50,-12.25,163.25,6,signal
P_HixDD>x&IBS<_3,P_Hi#DD>#&IBS<#,2025-08-05,2025-08-05,2025-08-08,1,6621.75,6710.50,88.75,-12.00,101.50,4,signal
C<wvwapxsd_1,C<wvwap#sd,2025-08-11,2025-08-11,2025-08-12,1,6696.50,6764.25,67.75,-8.75,70.00,2,signal
C<wvwapxsd_4,C<wvwap#sd,2025-08-05,2025-08-05,2025-08-12,1,6621.75,6764.25,142.50,-12.00,144.75,6,signal
IBS<x_1,IBS<#,2025-08-05,2025-08-05,2025-08-12,1,6621.75,6743.65,121.90,-12.00,144.75,6,tp
IBS<x_2,IBS<#,2025-08-05,2025-08-05,2025-08-12,1,6621.75,6764.25,142.50,-12.00,144.75,6,signal
IBS<x_3,IBS<#,2025-08-11,2025-08-11,2025-08-12,1,6696.50,6764.25,67.75,-8.75,70.00,2,signal
D01_2,D01,2025-08-11,2025-08-11,2025-08-12,1,6696.50,6764.25,67.75,-8.75,70.00,2,signal
ConnorsRSI<x_3,ConnorsRSI<#,2025-08-01,2025-08-01,2025-08-12,1,6560.00,6732.95,172.95,-12.25,206.50,8,tp
C<dvwapxsd_1,C<dvwap#sd,2025-08-05,2025-08-05,2025-08-15,1,6621.75,6804.60,182.85,-12.00,183.50,9,tp
C<dvwapxsd_3,C<dvwap#sd,2025-07-21,2025-07-21,2025-08-18,1,6641.75,6765.25,123.50,-105.75,163.50,21,time
LMT_RSIx<x_xAT_2,LMT_RSI#<#_#ATR,2025-08-19,2025-08-20,2025-08-20,1,6713.50,6710.25,-3.25,-54.25,21.00,1,time
C<dvwapxsd_1,C<dvwap#sd,2025-08-15,2025-08-15,2025-08-20,1,6768.00,6674.04,-93.96,-108.75,12.75,4,sl
IBS<x_1,IBS<#,2025-08-15,2025-08-15,2025-08-20,1,6768.00,6705.36,-62.64,-108.75,12.75,4,sl
LMT_RSIx<x_xAT_2,LMT_RSI#<#_#ATR,2025-08-20,2025-08-21,2025-08-21,1,6691.75,6684.75,-7.00,-25.00,23.75,1,time
LMT_RSIx<x_xAT_1,LMT_RSI#<#_#ATR,2025-08-19,2025-08-20,2025-08-22,1,6682.00,6779.75,97.75,-22.75,110.75,3,signal
LMT_RSIx<x_xAT_2,LMT_RSI#<#_#ATR,2025-08-21,2025-08-22,2025-08-22,1,6668.49,6779.75,111.26,-7.99,124.26,1,time
C<wvwapxsd_1,C<wvwap#sd,2025-08-19,2025-08-19,2025-08-22,1,6729.25,6779.75,50.50,-70.00,63.50,4,signal
C<wvwapxsd_4,C<wvwap#sd,2025-08-19,2025-08-19,2025-08-22,1,6729.25,6779.75,50.50,-70.00,63.50,4,signal
P_HixDD>x&RSIx_1,P_Hi#DD>#&RSI#<#,2025-08-19,2025-08-19,2025-08-22,1,6729.25,6779.75,50.50,-70.00,63.50,4,signal
P_HixDD>x&RSIx_2,P_Hi#DD>#&RSI#<#,2025-08-19,2025-08-19,2025-08-22,1,6729.25,6779.75,50.50,-70.00,63.50,4,signal
IBS<x_3,IBS<#,2025-08-15,2025-08-15,2025-08-22,1,6768.00,6779.75,11.75,-108.75,24.75,6,signal
D01_2,D01,2025-08-19,2025-08-19,2025-08-22,1,6729.25,6779.75,50.50,-70.00,63.50,4,signal
CloseAtxdLow_3,CloseAt#dLow,2025-08-20,2025-08-20,2025-08-22,1,6710.25,6779.75,69.50,-49.75,82.50,3,signal
CloseAtxdLow_4,CloseAt#dLow,2025-08-21,2025-08-21,2025-08-22,1,6684.75,6779.75,95.00,-24.25,108.00,2,signal
RSIx<x_1,RSI#<#,2025-08-19,2025-08-19,2025-08-22,1,6729.25,6779.75,50.50,-70.00,63.50,4,signal
RSIx<x_4,RSI#<#,2025-08-21,2025-08-21,2025-08-22,1,6684.75,6782.31,97.56,-24.25,108.00,2,tp
P_HixDD>x&IBS<_1,P_Hi#DD>#&IBS<#,2025-08-19,2025-08-19,2025-08-22,1,6729.25,6779.75,50.50,-70.00,63.50,4,signal
P_HixDD>x&IBS<_3,P_Hi#DD>#&IBS<#,2025-08-19,2025-08-19,2025-08-22,1,6729.25,6779.75,50.50,-70.00,63.50,4,signal
P_HixDD>x&IBS<_4,P_Hi#DD>#&IBS<#,2025-08-19,2025-08-19,2025-08-22,1,6729.25,6779.75,50.50,-70.00,63.50,4,signal
LMT_RSIx<x_xAT_4,LMT_RSI#<#_#ATR,2025-08-19,2025-08-20,2025-08-26,1,6682.00,6728.81,46.81,-22.75,110.75,5,trail
C<dvwapxsd_2,C<dvwap#sd,2025-08-25,2025-08-25,2025-08-26,1,6751.25,6777.50,26.25,-24.00,30.25,2,signal
C<wvwapxsd_1,C<wvwap#sd,2025-08-25,2025-08-25,2025-08-26,1,6751.25,6777.50,26.25,-24.00,30.25,2,signal
IBS<x_3,IBS<#,2025-08-25,2025-08-25,2025-08-26,1,6751.25,6777.50,26.25,-24.00,30.25,2,signal
D01_2,D01,2025-08-25,2025-08-25,2025-08-26,1,6751.25,6777.50,26.25,-24.00,30.25,2,signal
D01_4,D01,2025-08-25,2025-08-25,2025-08-26,1,6751.25,6777.50,26.25,-24.00,30.25,2,signal
C<dvwapxsd_4,C<dvwap#sd,2025-08-25,2025-08-25,2025-08-27,1,6751.25,6786.07,34.82,-24.00,47.75,3,tp
C<wvwapxsd_4,C<wvwap#sd,2025-08-25,2025-08-25,2025-08-27,1,6751.25,6791.00,39.75,-24.00,47.75,3,signal
IBS<x_2,IBS<#,2025-08-25,2025-08-25,2025-08-27,1,6751.25,6791.00,39.75,-24.00,47.75,3,signal
D01_1,D01,2025-08-26,2025-08-26,2025-08-27,1,6777.50,6791.00,13.50,-8.75,21.50,2,signal
ConnorsRSI<x_1,ConnorsRSI<#,2025-07-31,2025-07-31,2025-08-28,1,6667.50,6813.50,146.00,-131.50,152.00,21,time
C<wvwapxsd_1,C<wvwap#sd,2025-08-29,2025-08-29,2025-09-01,1,6771.75,6779.50,7.75,-15.75,16.25,2,signal
C<wvwapxsd_2,C<wvwap#sd,2025-08-05,2025-08-05,2025-09-02,1,6621.75,6722.50,100.75,-12.00,197.75,21,time
C<wvwapxsd_3,C<wvwap#sd,2025-08-25,2025-08-25,2025-09-02,1,6751.25,6694.75,-56.50,-83.00,68.25,7,sl
IBS<x_1,IBS<#,2025-08-25,2025-08-25,2025-09-02,1,6751.25,6681.60,-69.65,-83.00,68.25,7,sl
IBS<x_4,IBS<#,2025-08-25,2025-08-25,2025-09-02,1,6751.25,6681.60,-69.65,-83.00,68.25,7,sl
C<wvwapxsd_4,C<wvwap#sd,2025-08-29,2025-08-29,2025-09-03,1,6771.75,6755.00,-16.75,-103.50,16.25,4,signal
P_HixDD>x&RSIx_2,P_Hi#DD>#&RSI#<#,2025-09-02,2025-09-02,2025-09-03,1,6722.50,6755.00,32.50,-1.75,38.25,2,signal
P_HixDD>x&RSIx_1,P_Hi#DD>#&RSI#<#,2025-09-02,2025-09-02,2025-09-04,1,6722.50,6807.75,85.25,-1.75,86.75,3,signal
CloseAtxdLow_3,CloseAt#dLow,2025-09-02,2025-09-02,2025-09-04,1,6722.50,6807.75,85.25,-1.75,86.75,3,signal
RSIx<x_1,RSI#<#,2025-09-02,2025-09-02,2025-09-04,1,6722.50,6807.75,85.25,-1.75,86.75,3,signal
CloseAtxdLow_2,CloseAt#dLow,2025-08-20,2025-08-20,2025-09-05,1,6710.25,6838.12,127.88,-49.75,128.00,13,tp
LMT_RSIx<x_xAT_3,LMT_RSI#<#_#ATR,2025-08-20,2025-08-21,2025-09-10,1,6691.75,6835.50,143.75,-31.25,170.00,15,signal
C<dvwapxsd_1,C<dvwap#sd,2025-08-21,2025-08-21,2025-09-11,1,6684.75,6879.86,195.11,-24.25,211.75,16,tp
ConnorsRSI<x_2,ConnorsRSI<#,2025-08-19,2025-08-19,2025-09-11,1,6729.25,6871.00,141.75,-70.00,167.25,18,tp
ConnorsRSI<x_4,ConnorsRSI<#,2025-08-19,2025-08-19,2025-09-11,1,6729.25,6871.00,141.75,-70.00,167.25,18,tp
IBS<x_3,IBS<#,2025-09-12,2025-09-12,2025-09-15,1,6884.25,6919.50,35.25,-2.75,36.75,2,signal
C<wvwapxsd_4,C<wvwap#sd,2025-09-16,2025-09-16,2025-09-18,1,6908.25,6932.00,23.75,-57.50,51.25,3,signal
IBS<x_3,IBS<#,2025-09-16,2025-09-16,2025-09-18,1,6908.25,6932.00,23.75,-57.50,51.25,3,signal
C<dvwapxsd_3,C<dvwap#sd,2025-08-25,2025-08-25,2025-09-22,1,6751.25,6991.50,240.25,-83.00,245.25,21,time
C<wvwapxsd_1,C<wvwap#sd,2025-09-16,2025-09-16,2025-09-22,1,6908.25,6991.50,83.25,-57.50,88.25,5,signal
LMT_RSIx<x_xAT_2,LMT_RSI#<#_#ATR,2025-09-24,2025-09-25,2025-09-25,1,6899.75,6900.25,0.50,-35.75,45.25,1,time
IBS<x_1,IBS<#,2025-09-12,2025-09-12,2025-09-25,1,6884.25,6884.25,0.00,-33.50,112.25,10,breakeven
C<wvwapxsd_1,C<wvwap#sd,2025-09-23,2025-09-23,2025-09-26,1,6955.50,6936.00,-19.50,-91.50,13.00,4,signal
C<wvwapxsd_4,C<wvwap#sd,2025-09-23,2025-09-23,2025-09-26,1,6955.50,6936.00,-19.50,-91.50,13.00,4,signal
P_HixDD>x&RSIx_2,P_Hi#DD>#&RSI#<#,2025-09-24,2025-09-24,2025-09-26,1,6931.75,6936.00,4.25,-67.75,13.25,3,signal
D01_2,D01,2025-09-24,2025-09-24,2025-09-26,1,6931.75,6936.00,4.25,-67.75,13.25,3,signal
RSIx<x_1,RSI#<#,2025-09-24,2025-09-24,2025-09-26,1,6931.75,6936.00,4.25,-67.75,13.25,3,signal
C<wvwapxsd_4,C<wvwap#sd,2025-09-26,2025-09-26,2025-09-29,1,6936.00,6954.00,18.00,-1.00,39.75,2,signal
P_HixDD>x&RSIx_1,P_Hi#DD>#&RSI#<#,2025-09-24,2025-09-24,2025-09-29,1,6931.75,6954.00,22.25,-67.75,44.00,4,signal
IBS<x_3,IBS<#,2025-09-23,2025-09-23,2025-09-29,1,6955.50,6954.00,-1.50,-91.50,20.25,5,signal
C<wvwapxsd_1,C<wvwap#sd,2025-09-26,2025-09-26,2025-09-30,1,6936.00,6977.00,41.00,-3.25,47.25,3,signal
C<wvwapxsd_4,C<wvwap#sd,2025-09-29,2025-09-29,2025-09-30,1,6954.00,6977.00,23.00,-21.25,29.25,2,signal
ConnorsRSI<x_1,ConnorsRSI<#,2025-09-02,2025-09-02,2025-09-30,1,6722.50,6977.00,254.50,-1.75,274.00,21,time
LMT_RSIx<x_xAT_4,LMT_RSI#<#_#ATR,2025-09-24,2025-09-25,2025-10-01,1,6890.33,6927.16,36.83,-26.33,118.92,5,trail
ConnorsRSI<x_2,ConnorsRSI<#,2025-09-25,2025-09-25,2025-10-03,1,6900.25,7026.45,126.20,-7.25,139.50,7,tp
ConnorsRSI<x_4,ConnorsRSI<#,2025-09-25,2025-09-25,2025-10-03,1,6900.25,7026.45,126.20,-7.25,139.50,7,tp
IBS<x_3,IBS<#,2025-10-03,2025-10-03,2025-10-06,1,7005.00,7028.25,23.25,-5.00,32.50,2,signal
C<wvwapxsd_1,C<wvwap#sd,2025-10-07,2025-10-07,2025-10-08,1,7002.25,7041.75,39.50,-4.25,40.75,2,signal
C<wvwapxsd_4,C<wvwap#sd,2025-10-07,2025-10-07,2025-10-08,1,7002.25,7041.75,39.50,-4.25,40.75,2,signal
IBS<x_3,IBS<#,2025-10-07,2025-10-07,2025-10-08,1,7002.25,7041.75,39.50,-4.25,40.75,2,signal
C<dvwapxsd_1,C<dvwap#sd,2025-09-12,2025-09-12,2025-10-10,1,6884.25,6834.75,-49.50,-52.75,167.75,21,time
C<dvwapxsd_3,C<dvwap#sd,2025-10-03,2025-10-03,2025-10-10,1,7005.00,6848.29,-156.71,-173.50,47.00,6,sl
IBS<x_1,IBS<#,2025-10-03,2025-10-03,2025-10-10,1,7005.00,6952.76,-52.24,-173.50,47.00,6,sl
WRx<x_3,WR#<#,2025-10-10,2025-10-10,2025-10-13,1,6834.75,6934.25,99.50,-54.75,116.50,2,signal
WRx<x_4,WR#<#,2025-10-10,2025-10-10,2025-10-13,1,6834.75,6934.25,99.50,-54.75,116.50,2,signal
CloseAtxdLow_1,CloseAt#dLow,2025-10-10,2025-10-10,2025-10-13,1,6834.75,6934.25,99.50,-54.75,116.50,2,signal
RSIx<x_3,RSI#<#,2025-10-10,2025-10-10,2025-10-13,1,6834.75,6910.00,75.25,-54.75,116.50,2,tp
RSIx<x_4,RSI#<#,2025-10-10,2025-10-10,2025-10-13,1,6834.75,6803.94,-30.81,-54.75,116.50,2,sl
P_HixDD>x&IBS<_4,P_Hi#DD>#&IBS<#,2025-10-10,2025-10-10,2025-10-13,1,6834.75,6934.25,99.50,-54.75,116.50,2,signal
LMT_RSIx<x_xAT_4,LMT_RSI#<#_#ATR,2025-10-10,2025-10-13,2025-10-14,1,6788.53,6873.75,85.22,-8.53,173.72,2,trail
C<wvwapxsd_2,C<wvwap#sd,2025-09-16,2025-09-16,2025-10-14,1,6908.25,6925.75,17.50,-128.25,143.75,21,time
IBS<x_1,IBS<#,2025-10-10,2025-10-10,2025-10-14,1,6834.75,6834.75,0.00,-54.75,127.50,3,breakeven
IBS<x_4,IBS<#,2025-10-10,2025-10-10,2025-10-14,1,6834.75,6834.75,0.00,-54.75,127.50,3,breakeven
WRx<x_1,WR#<#,2025-10-10,2025-10-10,2025-10-14,1,6834.75,6834.75,0.00,-54.75,127.50,3,breakeven
WRx<x_2,WR#<#,2025-10-10,2025-10-10,2025-10-14,1,6834.75,6873.75,39.00,-54.75,127.50,3,trail
CloseAtxdLow_2,CloseAt#dLow,2025-10-10,2025-10-10,2025-10-14,1,6834.75,6958.00,123.25,-54.75,127.50,3,tp
P_HixDD>x&RSIx_1,P_Hi#DD>#&RSI#<#,2025-10-10,2025-10-10,2025-10-15,1,6834.75,6954.75,120.00,-54.75,171.75,4,signal
ConnorsRSI<x_4,ConnorsRSI<#,2025-10-10,2025-10-10,2025-10-15,1,6834.75,6973.41,138.66,-54.75,171.75,4,tp
C<wvwapxsd_1,C<wvwap#sd,2025-10-10,2025-10-10,2025-10-17,1,6834.75,6943.50,108.75,-54.75,171.75,6,signal
P_HixDD>x&RSIx_3,P_Hi#DD>#&RSI#<#,2025-10-10,2025-10-10,2025-10-17,1,6834.75,6943.50,108.75,-54.75,171.75,6,signal
D01_3,D01,2025-10-13,2025-10-13,2025-10-17,1,6934.25,6831.93,-102.32,-123.25,72.25,5,sl
P_HixDD>x&IBS<_1,P_Hi#DD>#&IBS<#,2025-10-10,2025-10-10,2025-10-17,1,6834.75,6943.50,108.75,-54.75,171.75,6,signal
LMT_RSIx<x_xAT_1,LMT_RSI#<#_#ATR,2025-10-10,2025-10-13,2025-10-20,1,6788.53,7013.00,224.47,-8.53,234.22,6,signal
C<dvwapxsd_1,C<dvwap#sd,2025-10-10,2025-10-10,2025-10-20,1,6834.75,7019.62,184.88,-54.75,188.00,7,tp
C<wvwapxsd_4,C<wvwap#sd,2025-10-10,2025-10-10,2025-10-20,1,6834.75,7013.00,178.25,-54.75,188.00,7,signal
IBS<x_2,IBS<#,2025-10-10,2025-10-10,2025-10-20,1,6834.75,7013.00,178.25,-54.75,188.00,7,signal
D01_2,D01,2025-10-10,2025-10-10,2025-10-20,1,6834.75,7013.00,178.25,-54.75,188.00,7,signal
RSIx<x_1,RSI#<#,2025-10-10,2025-10-10,2025-10-20,1,6834.75,7013.00,178.25,-54.75,188.00,7,signal
P_HixDD>x&IBS<_3,P_Hi#DD>#&IBS<#,2025-10-10,2025-10-10,2025-10-20,1,6834.75,7013.00,178.25,-54.75,188.00,7,signal
C<wvwapxsd_4,C<wvwap#sd,2025-10-22,2025-10-22,2025-10-24,1,6976.75,7067.00,90.25,-19.50,104.25,3,signal
LMT_RSIx<x_xAT_3,LMT_RSI#<#_#ATR,2025-10-10,2025-10-13,2025-10-27,1,6819.34,7147.25,327.91,-39.34,332.16,11,signal
C<wvwapxsd_1,C<wvwap#sd,2025-10-22,2025-10-22,2025-10-27,1,6976.75,7147.25,170.50,-19.50,174.75,4,signal
D01_3,D01,2025-10-17,2025-10-17,2025-10-29,1,6943.50,7191.19,247.69,-13.00,248.25,9,tp
D01_2,D01,2025-10-30,2025-10-30,2025-10-31,1,7093.50,7111.75,18.25,-10.25,64.75,2,signal
RSIx<x_1,RSI#<#,2025-10-30,2025-10-30,2025-10-31,1,7093.50,7111.75,18.25,-10.25,64.75,2,signal
D01_2,D01,2025-10-31,2025-10-31,2025-11-03,1,7111.75,7125.00,13.25,-22.50,37.50,2,signal
P_HixDD>x&IBS<_4,P_Hi#DD>#&IBS<#,2025-10-30,2025-10-30,2025-11-03,1,7093.50,7125.00,31.50,-10.25,64.75,3,signal
C<wvwapxsd_3,C<wvwap#sd,2025-10-30,2025-10-30,2025-11-04,1,7093.50,7048.84,-44.66,-67.50,64.75,4,sl
LMT_RSIx<x_xAT_2,LMT_RSI#<#_#ATR,2025-11-04,2025-11-05,2025-11-05,1,7019.64,7064.00,44.36,-31.39,77.86,1,time
IBS<x_1,IBS<#,2025-10-30,2025-10-30,2025-11-05,1,7093.50,7004.18,-89.32,-105.25,64.75,5,sl
IBS<x_4,IBS<#,2025-10-30,2025-10-30,2025-11-05,1,7093.50,7004.18,-89.32,-105.25,64.75,5,sl
LMT_RSIx<x_xAT_2,LMT_RSI#<#_#ATR,2025-11-06,2025-11-07,2025-11-07,1,6963.25,6993.00,29.75,-68.00,48.50,1,time
C<wvwapxsd_1,C<wvwap#sd,2025-10-30,2025-10-30,2025-11-07,1,7093.50,6993.00,-100.50,-198.25,64.75,7,signal
P_HixDD>x&RSIx_1,P_Hi#DD>#&RSI#<#,2025-10-30,2025-10-30,2025-11-07,1,7093.50,6914.85,-178.65,-198.25,64.75,7,sl
P_HixDD>x&RSIx_2,P_Hi#DD>#&RSI#<#,2025-10-30,2025-10-30,2025-11-07,1,7093.50,6993.00,-100.50,-198.25,64.75,7,signal
P_HixDD>x&RSIx_3,P_Hi#DD>#&RSI#<#,2025-11-06,2025-11-06,2025-11-07,1,6989.75,6993.00,3.25,-94.50,22.00,2,signal
D01_3,D01,2025-11-05,2025-11-05,2025-11-07,1,7064.00,6917.52,-146.48,-168.75,19.25,3,sl
P_HixDD>x&IBS<_1,P_Hi#DD>#&IBS<#,2025-10-30,2025-10-30,2025-11-07,1,7093.50,6993.00,-100.50,-198.25,64.75,7,signal
P_HixDD>x&IBS<_3,P_Hi#DD>#&IBS<#,2025-10-30,2025-10-30,2025-11-07,1,7093.50,6914.85,-178.65,-198.25,64.75,7,sl
ConnorsRSI<x_2,ConnorsRSI<#,2025-10-30,2025-10-30,2025-11-07,1,7093.50,6959.51,-133.99,-198.25,64.75,7,sl
ConnorsRSI<x_4,ConnorsRSI<#,2025-10-30,2025-10-30,2025-11-07,1,7093.50,6959.51,-133.99,-198.25,64.75,7,sl
C<wvwapxsd_1,C<wvwap#sd,2025-11-07,2025-11-07,2025-11-10,1,6993.00,7096.75,103.75,0.00,112.50,2,signal
C<wvwapxsd_4,C<wvwap#sd,2025-10-30,2025-10-30,2025-11-10,1,7093.50,7096.75,3.25,-198.25,64.75,8,signal
P_HixDD>x&RSIx_1,P_Hi#DD>#&RSI#<#,2025-11-07,2025-11-07,2025-11-10,1,6993.00,7096.75,103.75,0.00,112.50,2,signal
P_HixDD>x&RSIx_3,P_Hi#DD>#&RSI#<#,2025-11-07,2025-11-07,2025-11-10,1,6993.00,7096.75,103.75,0.00,112.50,2,signal
IBS<x_2,IBS<#,2025-10-30,2025-10-30,2025-11-10,1,7093.50,7096.75,3.25,-198.25,64.75,8,signal
IBS<x_3,IBS<#,2025-10-30,2025-10-30,2025-11-10,1,7093.50,7096.75,3.25,-198.25,64.75,8,signal
WRx<x_3,WR#<#,2025-11-06,2025-11-06,2025-11-10,1,6989.75,7096.75,107.00,-94.50,115.75,3,signal
D01_1,D01,2025-10-31,2025-10-31,2025-11-10,1,7111.75,7096.75,-15.00,-216.50,37.50,7,signal
D01_2,D01,2025-11-04,2025-11-04,2025-11-10,1,7043.25,7096.75,53.50,-148.00,62.25,5,signal
D01_4,D01,2025-10-30,2025-10-30,2025-11-10,1,7093.50,7096.75,3.25,-198.25,64.75,8,signal
CloseAtxdLow_3,CloseAt#dLow,2025-11-04,2025-11-04,2025-11-10,1,7043.25,7096.75,53.50,-148.00,62.25,5,signal
RSIx<x_1,RSI#<#,2025-11-04,2025-11-04,2025-11-10,1,7043.25,7096.75,53.50,-148.00,62.25,5,signal
P_HixDD>x&IBS<_4,P_Hi#DD>#&IBS<#,2025-11-04,2025-11-04,2025-11-10,1,7043.25,7096.75,53.50,-148.00,62.25,5,signal
LMT_RSIx<x_xAT_4,LMT_RSI#<#_#ATR,2025-11-06,2025-11-07,2025-11-13,1,6914.32,7044.59,130.27,-19.07,225.93,5,trail
C<wvwapxsd_2,C<wvwap#sd,2025-10-16,2025-10-16,2025-11-13,1,6908.25,7001.75,93.50,-97.25,285.25,21,time
WRx<x_2,WR#<#,2025-11-06,2025-11-06,2025-11-13,1,6989.75,7039.68,49.93,-94.50,150.50,6,trail
D01_3,D01,2025-11-07,2025-11-07,2025-11-13,1,6993.00,6993.00,0.00,-7.25,147.25,5,breakeven
LMT_RSIx<x_xAT_2,LMT_RSI#<#_#ATR,2025-11-13,2025-11-14,2025-11-14,1,6931.75,6997.75,66.00,-21.50,103.50,1,time
LMT_RSIx<x_xAT_2,LMT_RSI#<#_#ATR,2025-11-14,2025-11-17,2025-11-17,1,6974.00,6933.50,-40.50,-75.75,67.25,1,time
LMT_RSIx<x_xAT_4,LMT_RSI#<#_#ATR,2025-11-13,2025-11-14,2025-11-17,1,6931.75,6949.55,17.80,-33.50,109.50,2,trail
C<dvwapxsd_1,C<dvwap#sd,2025-10-21,2025-10-21,2025-11-18,1,7011.75,6887.66,-124.09,-178.00,181.75,21,sl
IBS<x_1,IBS<#,2025-11-06,2025-11-06,2025-11-18,1,6989.75,6889.18,-100.57,-156.00,150.50,9,sl
WRx<x_1,WR#<#,2025-11-06,2025-11-06,2025-11-18,1,6989.75,6889.18,-100.57,-156.00,150.50,9,sl
CloseAtxdLow_2,CloseAt#dLow,2025-11-04,2025-11-04,2025-11-18,1,7043.25,6854.38,-188.88,-209.50,97.00,11,sl
RSIx<x_4,RSI#<#,2025-11-17,2025-11-17,2025-11-18,1,6933.50,6889.30,-44.20,-99.75,15.00,2,sl
ConnorsRSI<x_3,ConnorsRSI<#,2025-11-17,2025-11-17,2025-11-18,1,6933.50,6845.10,-88.40,-99.75,15.00,2,sl
ConnorsRSI<x_4,ConnorsRSI<#,2025-11-13,2025-11-13,2025-11-18,1,7001.75,6871.57,-130.18,-168.00,39.50,4,sl
C<dvwapxsd_3,C<dvwap#sd,2025-10-30,2025-10-30,2025-11-20,1,7093.50,6825.52,-267.98,-301.25,64.75,16,sl
P_HixDD>x&RSIx_1,P_Hi#DD>#&RSI#<#,2025-11-13,2025-11-13,2025-11-20,1,7001.75,6828.18,-173.57,-209.50,39.50,6,sl
P_HixDD>x&RSIx_3,P_Hi#DD>#&RSI#<#,2025-11-13,2025-11-13,2025-11-20,1,7001.75,6828.18,-173.57,-209.50,39.50,6,sl
RSIx<x_1,RSI#<#,2025-11-13,2025-11-13,2025-11-20,1,7001.75,6828.18,-173.57,-209.50,39.50,6,sl
RSIx<x_3,RSI#<#,2025-11-17,2025-11-17,2025-11-20,1,6933.50,6800.90,-132.60,-141.25,97.50,4,sl
RSIx<x_4,RSI#<#,2025-11-18,2025-11-18,2025-11-20,1,6877.50,6831.19,-46.31,-85.25,153.50,3,sl
P_HixDD>x&IBS<_3,P_Hi#DD>#&IBS<#,2025-11-13,2025-11-13,2025-11-20,1,7001.75,6828.18,-173.57,-209.50,39.50,6,sl
P_HixDD>x&IBS<_4,P_Hi#DD>#&IBS<#,2025-11-13,2025-11-13,2025-11-20,1,7001.75,6828.18,-173.57,-209.50,39.50,6,sl
ConnorsRSI<x_1,ConnorsRSI<#,2025-10-30,2025-10-30,2025-11-20,1,7093.50,6825.52,-267.98,-301.25,64.75,16,sl
LMT_RSIx<x_xAT_4,LMT_RSI#<#_#ATR,2025-11-17,2025-11-18,2025-11-21,1,6867.20,6821.25,-45.95,-102.45,163.80,4,trail
WRx<x_4,WR#<#,2025-11-20,2025-11-20,2025-11-21,1,6798.50,6862.25,63.75,-33.75,118.75,2,signal
CloseAtxdLow_1,CloseAt#dLow,2025-11-17,2025-11-17,2025-11-21,1,6933.50,6862.25,-71.25,-168.75,97.50,5,signal
RSIx<x_3,RSI#<#,2025-11-20,2025-11-20,2025-11-21,1,6798.50,6874.27,75.77,-33.75,118.75,2,tp
ConnorsRSI<x_3,ConnorsRSI<#,2025-11-18,2025-11-18,2025-11-21,1,6877.50,6784.89,-92.61,-112.75,153.50,4,sl
LMT_RSIx<x_xAT_1,LMT_RSI#<#_#ATR,2025-11-17,2025-11-18,2025-11-24,1,6867.20,6958.50,91.30,-102.45,163.80,5,signal
C<wvwapxsd_1,C<wvwap#sd,2025-11-13,2025-11-13,2025-11-24,1,7001.75,6958.50,-43.25,-237.00,39.50,8,signal
C<wvwapxsd_4,C<wvwap#sd,2025-11-13,2025-11-13,2025-11-24,1,7001.75,6958.50,-43.25,-237.00,39.50,8,signal
P_HixDD>x&RSIx_1,P_Hi#DD>#&RSI#<#,2025-11-20,2025-11-20,2025-11-24,1,6798.50,6958.50,160.00,-33.75,173.00,3,signal
P_HixDD>x&RSIx_3,P_Hi#DD>#&RSI#<#,2025-11-20,2025-11-20,2025-11-24,1,6798.50,6958.50,160.00,-33.75,173.00,3,signal
IBS<x_2,IBS<#,2025-11-13,2025-11-13,2025-11-24,1,7001.75,6958.50,-43.25,-237.00,39.50,8,signal
WRx<x_3,WR#<#,2025-11-20,2025-11-20,2025-11-24,1,6798.50,6958.50,160.00,-33.75,173.00,3,signal
D01_2,D01,2025-11-13,2025-11-13,2025-11-24,1,7001.75,6958.50,-43.25,-237.00,39.50,8,signal
RSIx<x_4,RSI#<#,2025-11-20,2025-11-20,2025-11-24,1,6798.50,6950.04,151.54,-33.75,173.00,3,tp
P_HixDD>x&IBS<_1,P_Hi#DD>#&IBS<#,2025-11-13,2025-11-13,2025-11-24,1,7001.75,6958.50,-43.25,-237.00,39.50,8,signal
P_HixDD>x&IBS<_3,P_Hi#DD>#&IBS<#,2025-11-20,2025-11-20,2025-11-24,1,6798.50,6958.50,160.00,-33.75,173.00,3,signal
P_HixDD>x&IBS<_4,P_Hi#DD>#&IBS<#,2025-11-20,2025-11-20,2025-11-24,1,6798.50,6958.50,160.00,-33.75,173.00,3,signal
C06_1,C06,2025-11-21,2025-11-21,2025-11-25,1,6862.25,6956.25,94.00,-1.50,109.25,3,signal
IBS<x_1,IBS<#,2025-11-20,2025-11-20,2025-11-25,1,6798.50,7000.55,202.05,-33.75,233.75,4,tp
WRx<x_1,WR#<#,2025-11-20,2025-11-20,2025-11-25,1,6798.50,7000.55,202.05,-33.75,233.75,4,tp
RSIx<x_2,RSI#<#,2025-11-18,2025-11-18,2025-11-25,1,6877.50,6956.25,78.75,-112.75,153.50,6,signal
LMT_RSIx<x_xAT_3,LMT_RSI#<#_#ATR,2025-11-06,2025-11-07,2025-11-26,1,6963.25,7065.00,101.75,-198.50,177.00,14,signal
C06_2,C06,2025-11-24,2025-11-24,2025-11-26,1,6958.50,7064.93,106.43,-44.25,128.00,3,tp
CloseAtxdLow_2,CloseAt#dLow,2025-11-18,2025-11-18,2025-11-26,1,6877.50,7062.73,185.23,-112.75,209.00,7,tp
ConnorsRSI<x_4,ConnorsRSI<#,2025-11-18,2025-11-18,2025-11-26,1,6877.50,7085.88,208.38,-112.75,209.00,7,tp
C<wvwapxsd_4,C<wvwap#sd,2025-12-01,2025-12-01,2025-12-10,1,7068.75,7131.75,63.00,-16.75,79.00,8,signal
IBS<x_2,IBS<#,2025-12-09,2025-12-09,2025-12-10,1,7089.25,7131.75,42.50,-18.75,58.50,2,signal
IBS<x_3,IBS<#,2025-12-05,2025-12-05,2025-12-10,1,7116.50,7131.75,15.25,-46.00,31.25,4,signal
RSIx<x_1,RSI#<#,2025-12-09,2025-12-09,2025-12-10,1,7089.25,7131.75,42.50,-18.75,58.50,2,signal
P_HixDD>x&IBS<_3,P_Hi#DD>#&IBS<#,2025-12-09,2025-12-09,2025-12-10,1,7089.25,7131.75,42.50,-18.75,58.50,2,signal
P_HixDD>x&IBS<_4,P_Hi#DD>#&IBS<#,2025-12-09,2025-12-09,2025-12-10,1,7089.25,7131.75,42.50,-18.75,58.50,2,signal
C<wvwapxsd_1,C<wvwap#sd,2025-12-01,2025-12-01,2025-12-11,1,7068.75,7147.75,79.00,-16.75,80.25,9,signal
C<wvwapxsd_2,C<wvwap#sd,2025-11-13,2025-11-13,2025-12-11,1,7001.75,7147.75,146.00,-237.00,147.25,21,time
C<dvwapxsd_1,C<dvwap#sd,2025-11-18,2025-11-18,2025-12-12,1,6877.50,7155.34,277.84,-112.75,291.00,19,tp
LMT_RSIx<x_xAT_2,LMT_RSI#<#_#ATR,2025-12-12,2025-12-15,2025-12-15,1,7049.39,7059.00,9.61,-5.14,62.86,1,time
LMT_RSIx<x_xAT_2,LMT_RSI#<#_#ATR,2025-12-15,2025-12-16,2025-12-16,1,7038.32,7035.25,-3.07,-40.82,33.68,1,time
IBS<x_1,IBS<#,2025-12-05,2025-12-05,2025-12-16,1,7116.50,7024.94,-91.56,-119.00,52.00,8,sl
LMT_RSIx<x_xAT_2,LMT_RSI#<#_#ATR,2025-12-16,2025-12-17,2025-12-17,1,7015.08,6957.00,-58.08,-59.58,47.42,1,time
C06_3,C06,2025-11-24,2025-11-24,2025-12-17,1,6958.50,6958.50,0.00,-44.25,210.00,18,breakeven
D01_3,D01,2025-11-24,2025-11-24,2025-12-17,1,6958.50,6958.50,0.00,-44.25,210.00,18,breakeven
LMT_RSIx<x_xAT_4,LMT_RSI#<#_#ATR,2025-12-16,2025-12-17,2025-12-18,1,6974.73,6981.25,6.52,-23.23,87.77,2,trail
WRx<x_4,WR#<#,2025-12-17,2025-12-17,2025-12-18,1,6957.00,7008.50,51.50,-5.50,95.00,2,signal
RSIx<x_3,RSI#<#,2025-12-17,2025-12-17,2025-12-18,1,6957.00,7019.75,62.75,-5.50,95.00,2,tp
LMT_RSIx<x_xAT_1,LMT_RSI#<#_#ATR,2025-12-16,2025-12-17,2025-12-19,1,6974.73,7068.50,93.77,-23.23,99.02,3,signal
C<wvwapxsd_1,C<wvwap#sd,2025-12-12,2025-12-12,2025-12-19,1,7071.00,7068.50,-2.50,-119.50,41.25,6,signal
C<wvwapxsd_4,C<wvwap#sd,2025-12-12,2025-12-12,2025-12-19,1,7071.00,7068.50,-2.50,-119.50,41.25,6,signal
P_HixDD>x&RSIx_1,P_Hi#DD>#&RSI#<#,2025-12-15,2025-12-15,2025-12-19,1,7059.00,7068.50,9.50,-107.50,14.75,5,signal
P_HixDD>x&RSIx_2,P_Hi#DD>#&RSI#<#,2025-12-15,2025-12-15,2025-12-19,1,7059.00,7068.50,9.50,-107.50,14.75,5,signal
P_HixDD>x&RSIx_3,P_Hi#DD>#&RSI#<#,2025-12-17,2025-12-17,2025-12-19,1,6957.00,7068.50,111.50,-5.50,116.75,3,signal
IBS<x_2,IBS<#,2025-12-17,2025-12-17,2025-12-19,1,6957.00,7068.50,111.50,-5.50,116.75,3,signal
IBS<x_3,IBS<#,2025-12-12,2025-12-12,2025-12-19,1,7071.00,7068.50,-2.50,-119.50,41.25,6,signal
WRx<x_3,WR#<#,2025-12-17,2025-12-17,2025-12-19,1,6957.00,7068.50,111.50,-5.50,116.75,3,signal
D01_2,D01,2025-12-12,2025-12-12,2025-12-19,1,7071.00,7068.50,-2.50,-119.50,41.25,6,signal
CloseAtxdLow_3,CloseAt#dLow,2025-12-12,2025-12-12,2025-12-19,1,7071.00,7068.50,-2.50,-119.50,41.25,6,signal
CloseAtxdLow_4,CloseAt#dLow,2025-12-15,2025-12-15,2025-12-19,1,7059.00,7068.50,9.50,-107.50,14.75,5,signal
RSIx<x_1,RSI#<#,2025-12-12,2025-12-12,2025-12-19,1,7071.00,7068.50,-2.50,-119.50,41.25,6,signal
P_HixDD>x&IBS<_1,P_Hi#DD>#&IBS<#,2025-12-15,2025-12-15,2025-12-19,1,7059.00,7068.50,9.50,-107.50,14.75,5,signal
P_HixDD>x&IBS<_3,P_Hi#DD>#&IBS<#,2025-12-15,2025-12-15,2025-12-19,1,7059.00,7068.50,9.50,-107.50,14.75,5,signal
P_HixDD>x&IBS<_4,P_Hi#DD>#&IBS<#,2025-12-15,2025-12-15,2025-12-19,1,7059.00,7068.50,9.50,-107.50,14.75,5,signal
RSIx<x_2,RSI#<#,2025-12-17,2025-12-17,2025-12-22,1,6957.00,7101.75,144.75,-5.50,116.75,4,signal
RSIx<x_4,RSI#<#,2025-12-17,2025-12-17,2025-12-22,1,6957.00,7101.75,144.75,-5.50,159.25,4,tp
LMT_RSIx<x_xAT_3,LMT_RSI#<#_#ATR,2025-12-16,2025-12-17,2025-12-23,1,7015.08,7140.25,125.17,-63.58,128.67,5,signal
IBS<x_1,IBS<#,2025-12-17,2025-12-17,2025-12-23,1,6957.00,7119.50,162.50,-5.50,186.75,5,tp
WRx<x_1,WR#<#,2025-12-17,2025-12-17,2025-12-23,1,6957.00,7119.50,162.50,-5.50,186.75,5,tp
LMT_RSIx<x_xAT_2,LMT_RSI#<#_#ATR,2025-12-30,2025-12-31,2025-12-31,1,7109.83,7071.75,-38.08,-39.58,21.67,1,time
WRx<x_2,WR#<#,2025-12-17,2025-12-17,2025-12-31,1,6957.00,7092.75,135.75,-5.50,217.00,10,trail
LMT_RSIx<x_xAT_2,LMT_RSI#<#_#ATR,2025-12-31,2026-01-02,2026-01-02,1,7056.21,7080.25,24.04,-9.46,63.54,1,time
IBS<x_1,IBS<#,2025-12-30,2025-12-30,2026-01-02,1,7125.25,7063.57,-61.68,-78.50,6.25,3,sl
C<wvwapxsd_4,C<wvwap#sd,2025-12-30,2025-12-30,2026-01-05,1,7125.25,7126.25,1.00,-78.50,18.25,4,signal
P_HixDD>x&RSIx_1,P_Hi#DD>#&RSI#<#,2025-12-31,2025-12-31,2026-01-05,1,7071.75,7126.25,54.50,-25.00,71.75,3,signal
IBS<x_2,IBS<#,2025-12-31,2025-12-31,2026-01-05,1,7071.75,7126.25,54.50,-25.00,71.75,3,signal
IBS<x_3,IBS<#,2025-12-30,2025-12-30,2026-01-05,1,7125.25,7126.25,1.00,-78.50,18.25,4,signal
D01_2,D01,2025-12-31,2025-12-31,2026-01-05,1,7071.75,7126.25,54.50,-25.00,71.75,3,signal
D01_4,D01,2025-12-31,2025-12-31,2026-01-05,1,7071.75,7126.25,54.50,-25.00,71.75,3,signal
CloseAtxdLow_3,CloseAt#dLow,2025-12-31,2025-12-31,2026-01-05,1,7071.75,7126.25,54.50,-25.00,71.75,3,signal
RSIx<x_1,RSI#<#,2025-12-30,2025-12-30,2026-01-05,1,7125.25,7126.25,1.00,-78.50,18.25,4,signal
P_HixDD>x&IBS<_3,P_Hi#DD>#&IBS<#,2025-12-30,2025-12-30,2026-01-05,1,7125.25,7126.25,1.00,-78.50,18.25,4,signal
P_HixDD>x&IBS<_4,P_Hi#DD>#&IBS<#,2025-12-30,2025-12-30,2026-01-05,1,7125.25,7126.25,1.00,-78.50,18.25,4,signal
C<wvwapxsd_1,C<wvwap#sd,2025-12-30,2025-12-30,2026-01-06,1,7125.25,7166.25,41.00,-78.50,46.25,5,signal
C<wvwapxsd_3,C<wvwap#sd,2025-12-31,2025-12-31,2026-01-06,1,7071.75,7165.01,93.26,-25.00,99.75,4,tp
P_HixDD>x&RSIx_2,P_Hi#DD>#&RSI#<#,2025-12-31,2025-12-31,2026-01-06,1,7071.75,7166.25,94.50,-25.00,99.75,4,signal
P_HixDD>x&IBS<_1,P_Hi#DD>#&IBS<#,2025-12-31,2025-12-31,2026-01-06,1,7071.75,7166.25,94.50,-25.00,99.75,4,signal
LMT_RSIx<x_xAT_4,LMT_RSI#<#_#ATR,2025-12-30,2025-12-31,2026-01-08,1,7078.99,7124.57,45.58,-32.24,107.76,6,trail
C<dvwapxsd_3,C<dvwap#sd,2025-12-09,2025-12-09,2026-01-08,1,7089.25,7141.00,51.75,-137.75,97.50,21,time
IBS<x_3,IBS<#,2026-01-07,2026-01-07,2026-01-08,1,7143.00,7141.00,-2.00,-27.75,9.50,2,signal
C<dvwapxsd_2,C<dvwap#sd,2026-01-07,2026-01-07,2026-01-09,1,7143.00,7184.75,41.75,-27.75,54.50,3,signal
C<dvwapxsd_4,C<dvwap#sd,2026-01-07,2026-01-07,2026-01-09,1,7143.00,7175.08,32.08,-27.75,54.50,3,tp
C<wvwapxsd_4,C<wvwap#sd,2026-01-07,2026-01-07,2026-01-09,1,7143.00,7184.75,41.75,-27.75,54.50,3,signal
IBS<x_2,IBS<#,2026-01-07,2026-01-07,2026-01-09,1,7143.00,7184.75,41.75,-27.75,54.50,3,signal
LMT_RSIx<x_xAT_3,LMT_RSI#<#_#ATR,2025-12-31,2026-01-02,2026-01-12,1,7056.21,7196.00,139.79,-9.46,149.04,7,signal
C<wvwapxsd_1,C<wvwap#sd,2026-01-07,2026-01-07,2026-01-12,1,7143.00,7196.00,53.00,-27.75,62.25,4,signal
IBS<x_4,IBS<#,2025-12-17,2025-12-17,2026-01-12,1,6957.00,7200.75,243.75,-5.50,248.25,17,tp
ConnorsRSI<x_3,ConnorsRSI<#,2025-12-17,2025-12-17,2026-01-12,1,6957.00,7200.75,243.75,-5.50,248.25,17,tp
C<dvwapxsd_1,C<dvwap#sd,2025-12-12,2025-12-12,2026-01-13,1,7071.00,7180.75,109.75,-119.50,145.25,21,time
C<wvwapxsd_2,C<wvwap#sd,2025-12-12,2025-12-12,2026-01-13,1,7071.00,7180.75,109.75,-119.50,145.25,21,time
CloseAtxdLow_2,CloseAt#dLow,2025-12-12,2025-12-12,2026-01-13,1,7071.00,7180.75,109.75,-119.50,145.25,21,time
ConnorsRSI<x_1,ConnorsRSI<#,2025-12-12,2025-12-12,2026-01-13,1,7071.00,7180.75,109.75,-119.50,145.25,21,time
ConnorsRSI<x_4,ConnorsRSI<#,2025-12-12,2025-12-12,2026-01-13,1,7071.00,7180.75,109.75,-119.50,145.25,21,time
LMT_RSIx<x_xAT_2,LMT_RSI#<#_#ATR,2026-01-14,2026-01-15,2026-01-15,1,7132.87,7164.75,31.88,-7.87,64.38,1,time
C<wvwapxsd_4,C<wvwap#sd,2026-01-14,2026-01-14,2026-01-15,1,7148.00,7164.75,16.75,-23.00,49.25,2,signal
RSIx<x_1,RSI#<#,2026-01-14,2026-01-14,2026-01-15,1,7148.00,7164.75,16.75,-23.00,49.25,2,signal
ConnorsRSI<x_2,ConnorsRSI<#,2025-12-16,2025-12-16,2026-01-15,1,7035.25,7164.75,129.50,-83.75,181.00,21,time
C<dvwapxsd_1,C<dvwap#sd,2026-01-15,2026-01-15,2026-01-19,1,7164.75,7074.13,-90.62,-97.25,22.25,3,sl
C<wvwapxsd_1,C<wvwap#sd,2026-01-14,2026-01-14,2026-01-19,1,7148.00,7093.25,-54.75,-80.50,49.25,4,signal
IBS<x_1,IBS<#,2026-01-07,2026-01-07,2026-01-19,1,7143.00,7076.50,-66.50,-75.50,73.25,9,sl
D01_3,D01,2025-12-19,2025-12-19,2026-01-19,1,7068.50,7068.50,0.00,-21.75,147.75,20,breakeven
LMT_RSIx<x_xAT_2,LMT_RSI#<#_#ATR,2026-01-19,2026-01-20,2026-01-20,1,7051.75,7013.75,-38.00,-49.50,44.75,1,time
RSIx<x_3,RSI#<#,2026-01-19,2026-01-19,2026-01-20,1,7093.25,7007.75,-85.50,-91.00,3.25,2,sl
ConnorsRSI<x_4,ConnorsRSI<#,2026-01-14,2026-01-14,2026-01-20,1,7148.00,7051.75,-96.25,-145.75,49.25,5,sl
C<wvwapxsd_4,C<wvwap#sd,2026-01-16,2026-01-16,2026-01-21,1,7156.50,7091.00,-65.50,-162.00,3.75,4,signal
IBS<x_2,IBS<#,2026-01-20,2026-01-20,2026-01-21,1,7013.75,7091.00,77.25,-19.25,111.50,2,signal
WRx<x_3,WR#<#,2026-01-20,2026-01-20,2026-01-21,1,7013.75,7091.00,77.25,-19.25,111.50,2,signal
CloseAtxdLow_1,CloseAt#dLow,2026-01-20,2026-01-20,2026-01-21,1,7013.75,7091.00,77.25,-19.25,111.50,2,signal
RSIx<x_3,RSI#<#,2026-01-20,2026-01-20,2026-01-21,1,7013.75,7057.27,43.52,-19.25,111.50,2,tp
RSIx<x_4,RSI#<#,2026-01-20,2026-01-20,2026-01-21,1,7013.75,7100.79,87.04,-19.25,111.50,2,tp
P_HixDD>x&IBS<_4,P_Hi#DD>#&IBS<#,2026-01-20,2026-01-20,2026-01-21,1,7013.75,7091.00,77.25,-19.25,111.50,2,signal
LMT_RSIx<x_xAT_1,LMT_RSI#<#_#ATR,2026-01-19,2026-01-20,2026-01-22,1,7050.50,7126.00,75.50,-56.00,98.50,3,signal
P_HixDD>x&RSIx_1,P_Hi#DD>#&RSI#<#,2026-01-19,2026-01-19,2026-01-22,1,7093.25,7126.00,32.75,-98.75,55.75,4,signal
IBS<x_1,IBS<#,2026-01-20,2026-01-20,2026-01-22,1,7013.75,7136.00,122.25,-19.25,135.25,3,tp
IBS<x_3,IBS<#,2026-01-15,2026-01-15,2026-01-22,1,7164.75,7126.00,-38.75,-170.25,22.25,6,signal
WRx<x_1,WR#<#,2026-01-20,2026-01-20,2026-01-22,1,7013.75,7136.00,122.25,-19.25,135.25,3,tp
CloseAtxdLow_3,CloseAt#dLow,2026-01-19,2026-01-19,2026-01-22,1,7093.25,7126.00,32.75,-98.75,55.75,4,signal
P_HixDD>x&IBS<_3,P_Hi#DD>#&IBS<#,2026-01-20,2026-01-20,2026-01-22,1,7013.75,7126.00,112.25,-19.25,135.25,3,signal
ConnorsRSI<x_4,ConnorsRSI<#,2026-01-20,2026-01-20,2026-01-22,1,7013.75,7144.31,130.56,-19.25,135.25,3,tp
RSIx<x_2,RSI#<#,2026-01-20,2026-01-20,2026-01-23,1,7013.75,7115.00,101.25,-19.25,135.25,4,signal
LMT_RSIx<x_xAT_4,LMT_RSI#<#_#ATR,2026-01-19,2026-01-20,2026-01-26,1,7050.50,7090.98,40.48,-56.00,125.00,5,trail
D01_2,D01,2026-01-20,2026-01-20,2026-01-26,1,7013.75,7160.75,147.00,-19.25,161.75,5,signal
RSIx<x_1,RSI#<#,2026-01-19,2026-01-19,2026-01-26,1,7093.25,7160.75,67.50,-98.75,82.25,6,signal
LMT_RSIx<x_xAT_3,LMT_RSI#<#_#ATR,2026-01-19,2026-01-20,2026-01-27,1,7051.75,7188.75,137.00,-57.25,146.75,6,signal
C<dvwapxsd_1,C<dvwap#sd,2026-01-20,2026-01-20,2026-01-27,1,7013.75,7187.82,174.07,-19.25,184.75,6,tp
ConnorsRSI<x_3,ConnorsRSI<#,2026-01-20,2026-01-20,2026-01-27,1,7013.75,7187.82,174.07,-19.25,184.75,6,tp
CloseAtxdLow_2,CloseAt#dLow,2026-01-19,2026-01-19,2026-01-28,1,7093.25,7207.25,114.00,-98.75,129.75,8,tp
C<dvwapxsd_1,C<dvwap#sd,2026-01-28,2026-01-28,2026-01-29,1,7186.50,7083.47,-103.03,-108.25,23.00,2,sl
D01_3,D01,2026-01-21,2026-01-21,2026-01-29,1,7091.00,7091.00,0.00,-32.00,132.00,7,breakeven
LMT_RSIx<x_xAT_2,LMT_RSI#<#_#ATR,2026-01-30,2026-02-02,2026-02-02,1,7123.50,7183.25,59.75,-79.00,73.75,1,time
C<wvwapxsd_1,C<wvwap#sd,2026-01-19,2026-01-19,2026-02-02,1,7093.25,7183.25,90.00,-98.75,129.75,11,signal
C<wvwapxsd_4,C<wvwap#sd,2026-01-30,2026-01-30,2026-02-02,1,7147.75,7183.25,35.50,-103.25,49.50,2,signal
P_HixDD>x&RSIx_2,P_Hi#DD>#&RSI#<#,2026-01-19,2026-01-19,2026-02-02,1,7093.25,7183.25,90.00,-98.75,129.75,11,time
P_HixDD>x&RSIx_3,P_Hi#DD>#&RSI#<#,2026-01-20,2026-01-20,2026-02-02,1,7013.75,7183.25,169.50,-19.25,209.25,10,signal
RSIx<x_1,RSI#<#,2026-01-30,2026-01-30,2026-02-02,1,7147.75,7183.25,35.50,-103.25,49.50,2,signal
P_HixDD>x&IBS<_1,P_Hi#DD>#&IBS<#,2026-01-20,2026-01-20,2026-02-02,1,7013.75,7183.25,169.50,-19.25,209.25,10,signal
LMT_RSIx<x_xAT_4,LMT_RSI#<#_#ATR,2026-01-30,2026-02-02,2026-02-03,1,7093.16,7120.11,26.95,-48.66,114.09,2,trail
LMT_RSIx<x_xAT_2,LMT_RSI#<#_#ATR,2026-02-03,2026-02-04,2026-02-04,1,7100.21,7086.25,-13.96,-57.71,45.54,1,time
LMT_RSIx<x_xAT_4,LMT_RSI#<#_#ATR,2026-02-03,2026-02-04,2026-02-05,1,7059.63,7033.50,-26.13,-78.13,86.12,2,trail
C<dvwapxsd_3,C<dvwap#sd,2026-01-16,2026-01-16,2026-02-05,1,7156.50,6984.34,-172.16,-175.00,66.50,15,sl
ConnorsRSI<x_4,ConnorsRSI<#,2026-01-30,2026-01-30,2026-02-05,1,7147.75,7033.50,-114.25,-166.25,59.50,5,sl
C<wvwapxsd_1,C<wvwap#sd,2026-02-03,2026-02-03,2026-02-06,1,7120.50,7128.75,8.25,-189.00,25.25,4,signal
C<wvwapxsd_2,C<wvwap#sd,2026-01-14,2026-01-14,2026-02-06,1,7148.00,6966.43,-181.57,-216.50,75.00,18,sl
C<wvwapxsd_4,C<wvwap#sd,2026-02-03,2026-02-03,2026-02-06,1,7120.50,7128.75,8.25,-189.00,25.25,4,signal
P_HixDD>x&RSIx_1,P_Hi#DD>#&RSI#<#,2026-02-03,2026-02-03,2026-02-06,1,7120.50,6958.18,-162.32,-189.00,25.25,4,sl
P_HixDD>x&RSIx_3,P_Hi#DD>#&RSI#<#,2026-02-05,2026-02-05,2026-02-06,1,6998.00,7128.75,130.75,-66.50,147.50,2,signal
WRx<x_3,WR#<#,2026-02-05,2026-02-05,2026-02-06,1,6998.00,7128.75,130.75,-66.50,147.50,2,signal
CloseAtxdLow_1,CloseAt#dLow,2026-02-05,2026-02-05,2026-02-06,1,6998.00,7128.75,130.75,-66.50,147.50,2,signal
CloseAtxdLow_2,CloseAt#dLow,2026-02-03,2026-02-03,2026-02-06,1,7120.50,6958.18,-162.32,-189.00,25.25,4,sl
RSIx<x_1,RSI#<#,2026-02-03,2026-02-03,2026-02-06,1,7120.50,6958.18,-162.32,-189.00,25.25,4,sl
RSIx<x_3,RSI#<#,2026-02-05,2026-02-05,2026-02-06,1,6998.00,7064.82,66.82,-66.50,147.50,2,tp
RSIx<x_4,RSI#<#,2026-02-05,2026-02-05,2026-02-06,1,6998.00,6953.46,-44.54,-66.50,147.50,2,sl
P_HixDD>x&IBS<_1,P_Hi#DD>#&IBS<#,2026-02-05,2026-02-05,2026-02-06,1,6998.00,7128.75,130.75,-66.50,147.50,2,signal
P_HixDD>x&IBS<_4,P_Hi#DD>#&IBS<#,2026-02-05,2026-02-05,2026-02-06,1,6998.00,7128.75,130.75,-66.50,147.50,2,signal
ConnorsRSI<x_1,ConnorsRSI<#,2026-01-14,2026-01-14,2026-02-06,1,7148.00,6966.43,-181.57,-216.50,75.00,18,sl
IBS<x_1,IBS<#,2026-02-05,2026-02-05,2026-02-09,1,6998.00,7176.18,178.18,-66.50,182.50,3,tp
WRx<x_1,WR#<#,2026-02-05,2026-02-05,2026-02-09,1,6998.00,7176.18,178.18,-66.50,182.50,3,tp
D01_2,D01,2026-02-05,2026-02-05,2026-02-09,1,6998.00,7160.25,162.25,-66.50,182.50,3,signal
RSIx<x_2,RSI#<#,2026-02-05,2026-02-05,2026-02-09,1,6998.00,7115.50,117.50,-66.50,147.50,3,signal
P_HixDD>x&IBS<_3,P_Hi#DD>#&IBS<#,2026-02-05,2026-02-05,2026-02-09,1,6998.00,7160.25,162.25,-66.50,182.50,3,signal
C<dvwapxsd_4,C<dvwap#sd,2026-02-10,2026-02-10,2026-02-11,1,7141.25,7189.42,48.17,-30.25,50.25,2,tp
IBS<x_3,IBS<#,2026-02-10,2026-02-10,2026-02-11,1,7141.25,7139.00,-2.25,-30.25,50.25,2,signal
IBS<x_1,IBS<#,2026-02-10,2026-02-10,2026-02-12,1,7141.25,7044.91,-96.34,-119.25,50.25,3,sl
IBS<x_4,IBS<#,2026-02-10,2026-02-10,2026-02-12,1,7141.25,7044.91,-96.34,-119.25,50.25,3,sl
C<dvwapxsd_2,C<dvwap#sd,2026-02-10,2026-02-10,2026-02-16,1,7141.25,7034.25,-107.00,-152.50,50.25,5,signal
D01_3,D01,2026-02-06,2026-02-06,2026-02-17,1,7128.75,6983.81,-144.94,-157.75,62.75,8,sl
P_HixDD>x&IBS<_4,P_Hi#DD>#&IBS<#,2026-02-12,2026-02-12,2026-02-17,1,7030.75,7042.50,11.75,-59.75,47.00,4,signal
C<wvwapxsd_4,C<wvwap#sd,2026-02-10,2026-02-10,2026-02-18,1,7141.25,7075.50,-65.75,-170.25,50.25,7,signal
P_HixDD>x&RSIx_1,P_Hi#DD>#&RSI#<#,2026-02-12,2026-02-12,2026-02-18,1,7030.75,7075.50,44.75,-59.75,75.00,5,signal
IBS<x_2,IBS<#,2026-02-10,2026-02-10,2026-02-18,1,7141.25,7075.50,-65.75,-170.25,50.25,7,signal
P_HixDD>x&IBS<_3,P_Hi#DD>#&IBS<#,2026-02-12,2026-02-12,2026-02-18,1,7030.75,7075.50,44.75,-59.75,75.00,5,signal
C<wvwapxsd_1,C<wvwap#sd,2026-02-10,2026-02-10,2026-02-20,1,7141.25,7104.75,-36.50,-170.25,50.25,9,signal
D01_2,D01,2026-02-12,2026-02-12,2026-02-20,1,7030.75,7104.75,74.00,-59.75,80.75,7,signal
P_HixDD>x&IBS<_1,P_Hi#DD>#&IBS<#,2026-02-12,2026-02-12,2026-02-20,1,7030.75,7104.75,74.00,-59.75,80.75,7,signal
P_HixDD>x&IBS<_1,P_Hi#DD>#&IBS<#,2026-02-23,2026-02-23,2026-02-24,1,7034.25,7083.00,48.75,-25.75,58.50,2,signal
P_HixDD>x&IBS<_4,P_Hi#DD>#&IBS<#,2026-02-23,2026-02-23,2026-02-24,1,7034.25,7083.00,48.75,-25.75,58.50,2,signal
C<wvwapxsd_4,C<wvwap#sd,2026-02-23,2026-02-23,2026-02-25,1,7034.25,7139.50,105.25,-25.75,111.50,3,signal
P_HixDD>x&IBS<_3,P_Hi#DD>#&IBS<#,2026-02-23,2026-02-23,2026-02-25,1,7034.25,7139.50,105.25,-25.75,111.50,3,signal
IBS<x_1,IBS<#,2026-02-12,2026-02-12,2026-03-03,1,7030.75,6930.51,-100.24,-132.00,133.00,14,sl
C<wvwapxsd_4,C<wvwap#sd,2026-02-27,2026-02-27,2026-03-04,1,7068.25,7053.00,-15.25,-169.50,23.00,4,signal
C<dvwapxsd_1,C<dvwap#sd,2026-02-05,2026-02-05,2026-03-05,1,6998.00,7015.00,17.00,-99.25,193.50,21,time
ConnorsRSI<x_4,ConnorsRSI<#,2026-02-05,2026-02-05,2026-03-05,1,6998.00,7015.00,17.00,-99.25,193.50,21,time
C<dvwapxsd_1,C<dvwap#sd,2026-03-06,2026-03-06,2026-03-09,1,6922.50,6775.76,-146.74,-158.00,76.00,2,sl
C<dvwapxsd_3,C<dvwap#sd,2026-02-10,2026-02-10,2026-03-09,1,7141.25,6852.24,-289.01,-376.75,50.25,20,sl
C<wvwapxsd_2,C<wvwap#sd,2026-02-10,2026-02-10,2026-03-09,1,7141.25,6852.24,-289.01,-376.75,50.25,20,sl
C<wvwapxsd_4,C<wvwap#sd,2026-03-06,2026-03-06,2026-03-09,1,6922.50,6981.75,59.25,-158.00,76.00,2,signal
P_HixDD>x&RSIx_1,P_Hi#DD>#&RSI#<#,2026-03-03,2026-03-03,2026-03-09,1,7006.00,6802.88,-203.12,-241.50,74.75,5,sl
P_HixDD>x&RSIx_3,P_Hi#DD>#&RSI#<#,2026-03-03,2026-03-03,2026-03-09,1,7006.00,6802.88,-203.12,-241.50,74.75,5,sl
D01_3,D01,2026-02-17,2026-02-17,2026-03-09,1,7042.50,6861.50,-181.00,-278.00,121.25,15,sl
CloseAtxdLow_1,CloseAt#dLow,2026-03-06,2026-03-06,2026-03-09,1,6922.50,6981.75,59.25,-158.00,76.00,2,signal
RSIx<x_3,RSI#<#,2026-03-06,2026-03-06,2026-03-09,1,6922.50,6775.76,-146.74,-158.00,76.00,2,sl
ConnorsRSI<x_4,ConnorsRSI<#,2026-03-06,2026-03-06,2026-03-09,1,6922.50,6775.76,-146.74,-158.00,76.00,2,sl
LMT_RSIx<x_xAT_4,LMT_RSI#<#_#ATR,2026-03-06,2026-03-09,2026-03-12,1,6849.13,6906.75,57.62,-84.63,182.87,4,trail
IBS<x_1,IBS<#,2026-03-10,2026-03-10,2026-03-12,1,6968.00,6860.45,-107.55,-112.75,34.50,3,sl
D01_3,D01,2026-03-09,2026-03-09,2026-03-13,1,6981.75,6823.43,-158.32,-174.75,50.25,5,sl
C<dvwapxsd_1,C<dvwap#sd,2026-03-10,2026-03-10,2026-03-16,1,6968.00,6806.68,-161.32,-181.75,34.50,5,sl
WRx<x_3,WR#<#,2026-03-13,2026-03-13,2026-03-16,1,6817.00,6884.00,67.00,-30.75,98.00,2,signal
RSIx<x_3,RSI#<#,2026-03-12,2026-03-12,2026-03-17,1,6856.50,6935.22,78.72,-70.25,82.25,4,tp
C06_1,C06,2026-03-09,2026-03-09,2026-03-18,1,6981.75,6876.75,-105.00,-195.50,50.25,8,signal
C06_3,C06,2026-03-17,2026-03-17,2026-03-19,1,6902.00,6759.50,-142.50,-160.00,42.25,3,sl
IBS<x_1,IBS<#,2026-03-12,2026-03-12,2026-03-19,1,6856.50,6751.54,-104.96,-114.50,87.75,6,sl
LMT_RSIx<x_xAT_1,LMT_RSI#<#_#ATR,2026-03-06,2026-03-09,2026-03-20,1,6849.13,6693.00,-156.13,-195.13,182.87,10,time
WRx<x_1,WR#<#,2026-03-13,2026-03-13,2026-03-20,1,6817.00,6710.96,-106.04,-163.00,127.25,6,sl
P_HixDD>x&IBS<_3,P_Hi#DD>#&IBS<#,2026-03-17,2026-03-17,2026-03-20,1,6902.00,6681.50,-220.50,-248.00,42.25,4,sl
P_HixDD>x&IBS<_4,P_Hi#DD>#&IBS<#,2026-03-17,2026-03-17,2026-03-20,1,6902.00,6681.50,-220.50,-248.00,42.25,4,sl
C<dvwapxsd_1,C<dvwap#sd,2026-03-18,2026-03-18,2026-03-23,1,6807.50,6637.38,-170.12,-193.75,70.75,4,sl
P_HixDD>x&RSIx_3,P_Hi#DD>#&RSI#<#,2026-03-12,2026-03-12,2026-03-23,1,6856.50,6646.57,-209.93,-242.75,87.75,8,sl
RSIx<x_3,RSI#<#,2026-03-18,2026-03-18,2026-03-23,1,6807.50,6637.38,-170.12,-193.75,70.75,4,sl
LMT_RSIx<x_xAT_4,LMT_RSI#<#_#ATR,2026-03-19,2026-03-20,2026-03-24,1,6703.25,6719.50,16.25,-89.50,175.00,3,trail
WRx<x_3,WR#<#,2026-03-18,2026-03-18,2026-03-25,1,6807.50,6772.25,-35.25,-193.75,70.75,6,signal
P_HixDD>x&IBS<_1,P_Hi#DD>#&IBS<#,2026-03-12,2026-03-12,2026-03-26,1,6856.50,6653.25,-203.25,-242.75,87.75,11,time
C<dvwapxsd_1,C<dvwap#sd,2026-03-25,2026-03-25,2026-03-27,1,6772.25,6582.31,-189.94,-243.75,5.25,3,sl
C06_3,C06,2026-03-25,2026-03-25,2026-03-27,1,6772.25,6625.00,-147.25,-243.75,5.25,3,sl
IBS<x_1,IBS<#,2026-03-23,2026-03-23,2026-03-27,1,6761.75,6625.00,-136.75,-233.25,53.25,5,sl
LMT_RSIx<x_xAT_4,LMT_RSI#<#_#ATR,2026-03-26,2026-03-27,2026-03-30,1,6557.76,6594.27,36.52,-68.01,169.74,2,trail
WRx<x_1,WR#<#,2026-03-26,2026-03-26,2026-03-30,1,6653.25,6525.93,-127.32,-163.50,74.25,3,sl
C<wvwapxsd_4,C<wvwap#sd,2026-03-12,2026-03-12,2026-03-31,1,6856.50,6699.50,-157.00,-373.00,87.75,14,signal
P_HixDD>x&RSIx_3,P_Hi#DD>#&RSI#<#,2026-03-26,2026-03-26,2026-03-31,1,6653.25,6699.50,46.25,-169.75,74.25,4,signal
IBS<x_2,IBS<#,2026-03-17,2026-03-17,2026-03-31,1,6902.00,6699.50,-202.50,-418.50,42.25,11,signal
WRx<x_3,WR#<#,2026-03-26,2026-03-26,2026-03-31,1,6653.25,6699.50,46.25,-169.75,74.25,4,signal
D01_2,D01,2026-03-06,2026-03-06,2026-03-31,1,6922.50,6699.50,-223.00,-439.00,109.50,18,signal
P_HixDD>x&IBS<_1,P_Hi#DD>#&IBS<#,2026-03-26,2026-03-26,2026-03-31,1,6653.25,6699.50,46.25,-169.75,74.25,4,signal
WRx<x_1,WR#<#,2026-03-30,2026-03-30,2026-04-01,1,6518.00,6782.40,264.40,-34.50,266.00,3,tp
RSIx<x_3,RSI#<#,2026-03-26,2026-03-26,2026-04-01,1,6653.25,6748.74,95.49,-169.75,130.75,5,tp
C06_3,C06,2026-03-31,2026-03-31,2026-04-02,1,6699.50,6658.00,-41.50,-65.50,84.50,3,breakeven
C<dvwapxsd_1,C<dvwap#sd,2026-03-27,2026-03-27,2026-04-08,1,6537.50,6959.75,422.25,-54.00,440.00,8,tp
IBS<x_1,IBS<#,2026-03-27,2026-03-27,2026-04-08,1,6537.50,6959.75,422.25,-54.00,440.00,8,tp
IBS<x_3,IBS<#,2026-04-10,2026-04-10,2026-04-13,1,6985.75,7051.50,65.75,-88.50,69.25,2,signal
IBS<x_1,IBS<#,2026-04-10,2026-04-10,2026-04-17,1,6985.75,7251.50,265.75,-88.50,330.25,6,tp
C<wvwapxsd_1,C<wvwap#sd,2026-04-21,2026-04-21,2026-04-22,1,7230.75,7300.50,69.75,-8.75,72.50,2,signal
IBS<x_3,IBS<#,2026-04-21,2026-04-21,2026-04-22,1,7230.75,7300.50,69.75,-8.75,72.50,2,signal
D01_2,D01,2026-04-21,2026-04-21,2026-04-22,1,7230.75,7300.50,69.75,-8.75,72.50,2,signal
C<wvwapxsd_4,C<wvwap#sd,2026-04-21,2026-04-21,2026-04-24,1,7230.75,7324.75,94.00,-21.25,100.00,4,signal
IBS<x_2,IBS<#,2026-04-21,2026-04-21,2026-04-24,1,7230.75,7324.75,94.00,-21.25,100.00,4,signal
C<wvwapxsd_1,C<wvwap#sd,2026-04-28,2026-04-28,2026-04-29,1,7301.75,7300.75,-1.00,-34.50,17.00,2,signal
C<dvwapxsd_1,C<dvwap#sd,2026-04-10,2026-04-10,2026-04-30,1,6985.75,7370.35,384.60,-88.50,396.25,15,tp
C<wvwapxsd_1,C<wvwap#sd,2026-04-29,2026-04-29,2026-04-30,1,7300.75,7368.50,67.75,-39.25,81.25,2,signal
C<wvwapxsd_4,C<wvwap#sd,2026-04-28,2026-04-28,2026-04-30,1,7301.75,7368.50,66.75,-40.25,80.25,3,signal
C<wvwapxsd_3,C<wvwap#sd,2026-04-21,2026-04-21,2026-05-01,1,7230.75,7398.34,167.59,-21.25,200.25,9,tp
IBS<x_3,IBS<#,2026-05-01,2026-05-01,2026-05-04,1,7387.75,7361.25,-26.50,-58.00,22.25,2,signal
C<wvwapxsd_4,C<wvwap#sd,2026-05-04,2026-05-04,2026-05-05,1,7361.25,7417.25,56.00,-8.25,68.75,2,signal
IBS<x_2,IBS<#,2026-05-01,2026-05-01,2026-05-05,1,7387.75,7417.25,29.50,-58.00,42.25,3,signal
C<wvwapxsd_1,C<wvwap#sd,2026-05-04,2026-05-04,2026-05-06,1,7361.25,7517.00,155.75,-8.25,164.75,3,signal
IBS<x_1,IBS<#,2026-04-21,2026-04-21,2026-05-06,1,7230.75,7461.25,230.50,-21.25,295.25,12,tp
IBS<x_3,IBS<#,2026-05-07,2026-05-07,2026-05-08,1,7494.50,7551.25,56.75,-28.00,63.50,2,signal
C<dvwapxsd_1,C<dvwap#sd,2026-05-01,2026-05-01,2026-05-14,1,7387.75,7653.32,265.57,-58.00,282.50,10,tp
IBS<x_1,IBS<#,2026-05-07,2026-05-07,2026-05-14,1,7494.50,7657.90,163.40,-28.00,175.75,6,tp
IBS<x_4,IBS<#,2026-05-01,2026-05-01,2026-05-14,1,7387.75,7653.32,265.57,-58.00,282.50,10,tp
D01_3,D01,2026-05-04,2026-05-04,2026-05-14,1,7361.25,7624.76,263.51,-8.25,309.00,9,tp
P_HixDD>x&IBS<_4,P_Hi#DD>#&IBS<#,2026-05-15,2026-05-15,2026-05-18,1,7562.75,7556.50,-6.25,-59.00,21.75,2,signal
C<dvwapxsd_3,C<dvwap#sd,2026-04-21,2026-04-21,2026-05-19,1,7230.75,7507.75,277.00,-21.25,439.50,21,time
C<wvwapxsd_2,C<wvwap#sd,2026-04-21,2026-04-21,2026-05-19,1,7230.75,7507.75,277.00,-21.25,439.50,21,time
LMT_RSIx<x_xAT_2,LMT_RSI#<#_#ATR,2026-05-19,2026-05-20,2026-05-20,1,7487.61,7581.75,94.14,-1.36,100.64,1,time
C<wvwapxsd_1,C<wvwap#sd,2026-05-15,2026-05-15,2026-05-20,1,7562.75,7581.75,19.00,-78.25,25.50,4,signal
C<wvwapxsd_4,C<wvwap#sd,2026-05-15,2026-05-15,2026-05-20,1,7562.75,7581.75,19.00,-78.25,25.50,4,signal
P_HixDD>x&RSIx_1,P_Hi#DD>#&RSI#<#,2026-05-19,2026-05-19,2026-05-20,1,7507.75,7581.75,74.00,-21.50,80.50,2,signal
P_HixDD>x&RSIx_2,P_Hi#DD>#&RSI#<#,2026-05-19,2026-05-19,2026-05-20,1,7507.75,7581.75,74.00,-21.50,80.50,2,signal
P_HixDD>x&RSIx_3,P_Hi#DD>#&RSI#<#,2026-05-19,2026-05-19,2026-05-20,1,7507.75,7581.75,74.00,-21.50,80.50,2,signal
IBS<x_3,IBS<#,2026-05-15,2026-05-15,2026-05-20,1,7562.75,7581.75,19.00,-78.25,25.50,4,signal
D01_2,D01,2026-05-19,2026-05-19,2026-05-20,1,7507.75,7581.75,74.00,-21.50,80.50,2,signal
RSIx<x_1,RSI#<#,2026-05-18,2026-05-18,2026-05-20,1,7556.50,7581.75,25.25,-72.00,31.75,3,signal
P_HixDD>x&IBS<_1,P_Hi#DD>#&IBS<#,2026-05-15,2026-05-15,2026-05-20,1,7562.75,7581.75,19.00,-78.25,25.50,4,signal
CloseAtxdLow_3,CloseAt#dLow,2026-05-19,2026-05-19,2026-05-21,1,7507.75,7595.50,87.75,-21.50,109.25,3,signal
P_HixDD>x&IBS<_3,P_Hi#DD>#&IBS<#,2026-05-15,2026-05-15,2026-05-21,1,7562.75,7595.50,32.75,-78.25,54.25,5,signal
IBS<x_3,IBS<#,2026-05-22,2026-05-22,2026-05-25,1,7621.25,7694.75,73.50,-8.75,78.75,2,signal
CloseAtxdLow_2,CloseAt#dLow,2026-05-19,2026-05-19,2026-05-25,1,7507.75,7688.75,181.00,-21.50,192.25,5,tp
ConnorsRSI<x_2,ConnorsRSI<#,2026-05-19,2026-05-19,2026-05-25,1,7507.75,7689.04,181.29,-21.50,192.25,5,tp
ConnorsRSI<x_4,ConnorsRSI<#,2026-05-19,2026-05-19,2026-05-25,1,7507.75,7689.04,181.29,-21.50,192.25,5,tp
IBS<x_1,IBS<#,2026-05-15,2026-05-15,2026-05-29,1,7562.75,7725.10,162.35,-78.25,179.00,11,tp
LMT_RSIx<x_xAT_2,LMT_RSI#<#_#ATR,2026-06-03,2026-06-04,2026-06-04,1,7678.50,7729.75,51.25,-23.75,63.25,1,time
C<wvwapxsd_1,C<wvwap#sd,2026-06-03,2026-06-03,2026-06-04,1,7702.75,7729.75,27.00,-48.00,39.00,2,signal
C<wvwapxsd_3,C<wvwap#sd,2026-06-03,2026-06-03,2026-06-04,1,7702.75,7666.02,-36.73,-48.00,39.00,2,sl
D01_2,D01,2026-06-03,2026-06-03,2026-06-04,1,7702.75,7729.75,27.00,-48.00,39.00,2,signal
RSIx<x_1,RSI#<#,2026-06-03,2026-06-03,2026-06-04,1,7702.75,7729.75,27.00,-48.00,39.00,2,signal
IBS<x_1,IBS<#,2026-06-03,2026-06-03,2026-06-05,1,7702.75,7629.30,-73.45,-192.75,39.00,3,sl
D01_3,D01,2026-06-04,2026-06-04,2026-06-05,1,7729.75,7617.93,-111.82,-219.75,2.50,2,sl
ConnorsRSI<x_4,ConnorsRSI<#,2026-06-03,2026-06-03,2026-06-05,1,7702.75,7592.57,-110.18,-192.75,39.00,3,sl
LMT_RSIx<x_xAT_2,LMT_RSI#<#_#ATR,2026-06-05,2026-06-08,2026-06-08,1,7510.23,7546.25,36.02,-24.48,96.77,1,time
C<wvwapxsd_3,C<wvwap#sd,2026-06-05,2026-06-05,2026-06-08,1,7530.50,7489.96,-40.54,-44.75,76.50,2,sl
RSIx<x_3,RSI#<#,2026-06-05,2026-06-05,2026-06-08,1,7530.50,7591.32,60.82,-44.75,76.50,2,tp
RSIx<x_4,RSI#<#,2026-06-05,2026-06-05,2026-06-08,1,7530.50,7489.96,-40.54,-44.75,76.50,2,sl
LMT_RSIx<x_xAT_2,LMT_RSI#<#_#ATR,2026-06-08,2026-06-09,2026-06-09,1,7525.27,7522.25,-3.02,-147.77,95.98,1,time
LMT_RSIx<x_xAT_4,LMT_RSI#<#_#ATR,2026-06-08,2026-06-09,2026-06-09,1,7483.30,7391.20,-92.10,-105.80,137.95,1,sl
C<dvwapxsd_1,C<dvwap#sd,2026-05-15,2026-05-15,2026-06-09,1,7562.75,7440.99,-121.76,-185.25,199.75,18,sl
C<dvwapxsd_3,C<dvwap#sd,2026-06-03,2026-06-03,2026-06-09,1,7702.75,7482.40,-220.35,-325.25,39.00,5,sl
P_HixDD>x&RSIx_4,P_Hi#DD>#&RSI#<#,2026-06-05,2026-06-05,2026-06-09,1,7530.50,7449.41,-81.09,-153.00,90.75,3,sl
IBS<x_1,IBS<#,2026-06-05,2026-06-05,2026-06-09,1,7530.50,7449.41,-81.09,-153.00,90.75,3,sl
WRx<x_1,WR#<#,2026-06-05,2026-06-05,2026-06-09,1,7530.50,7449.41,-81.09,-153.00,90.75,3,sl
WRx<x_2,WR#<#,2026-06-05,2026-06-05,2026-06-09,1,7530.50,7525.91,-4.59,-153.00,90.75,3,trail
RSIx<x_3,RSI#<#,2026-06-08,2026-06-08,2026-06-09,1,7546.25,7420.34,-125.91,-168.75,75.00,2,sl
ConnorsRSI<x_2,ConnorsRSI<#,2026-06-05,2026-06-05,2026-06-09,1,7530.50,7408.87,-121.63,-153.00,90.75,3,sl
ConnorsRSI<x_4,ConnorsRSI<#,2026-06-05,2026-06-05,2026-06-09,1,7530.50,7408.87,-121.63,-153.00,90.75,3,sl
LMT_RSIx<x_xAT_2,LMT_RSI#<#_#ATR,2026-06-09,2026-06-10,2026-06-10,1,7485.25,7406.25,-79.00,-79.75,49.75,1,time
LMT_RSIx<x_xAT_2,LMT_RSI#<#_#ATR,2026-06-10,2026-06-11,2026-06-11,1,7382.67,7524.50,141.83,-20.17,167.58,1,time
C<wvwapxsd_1,C<wvwap#sd,2026-06-05,2026-06-05,2026-06-11,1,7530.50,7524.50,-6.00,-168.00,90.75,5,signal
C<wvwapxsd_3,C<wvwap#sd,2026-06-10,2026-06-10,2026-06-11,1,7406.25,7547.76,141.51,-43.75,144.00,2,tp
P_HixDD>x&RSIx_1,P_Hi#DD>#&RSI#<#,2026-06-05,2026-06-05,2026-06-11,1,7530.50,7368.32,-162.18,-168.00,90.75,5,sl
P_HixDD>x&RSIx_3,P_Hi#DD>#&RSI#<#,2026-06-05,2026-06-05,2026-06-11,1,7530.50,7368.32,-162.18,-168.00,90.75,5,sl
IBS<x_3,IBS<#,2026-06-03,2026-06-03,2026-06-11,1,7702.75,7524.50,-178.25,-340.25,39.00,7,signal
WRx<x_3,WR#<#,2026-06-05,2026-06-05,2026-06-11,1,7530.50,7368.32,-162.18,-168.00,90.75,5,sl
D01_1,D01,2026-06-08,2026-06-08,2026-06-11,1,7546.25,7524.50,-21.75,-183.75,75.00,4,signal
CloseAtxdLow_1,CloseAt#dLow,2026-06-10,2026-06-10,2026-06-11,1,7406.25,7524.50,118.25,-43.75,144.00,2,signal
CloseAtxdLow_2,CloseAt#dLow,2026-06-05,2026-06-05,2026-06-11,1,7530.50,7368.32,-162.18,-168.00,90.75,5,sl
CloseAtxdLow_4,CloseAt#dLow,2026-06-05,2026-06-05,2026-06-11,1,7530.50,7524.50,-6.00,-168.00,90.75,5,signal
RSIx<x_1,RSI#<#,2026-06-05,2026-06-05,2026-06-11,1,7530.50,7368.32,-162.18,-168.00,90.75,5,sl
RSIx<x_3,RSI#<#,2026-06-09,2026-06-09,2026-06-11,1,7522.25,7384.10,-138.15,-159.75,28.00,3,sl
RSIx<x_4,RSI#<#,2026-06-10,2026-06-10,2026-06-11,1,7406.25,7547.76,141.51,-43.75,144.00,2,tp
P_HixDD>x&IBS<_1,P_Hi#DD>#&IBS<#,2026-06-05,2026-06-05,2026-06-11,1,7530.50,7524.50,-6.00,-168.00,90.75,5,signal
P_HixDD>x&IBS<_3,P_Hi#DD>#&IBS<#,2026-06-05,2026-06-05,2026-06-11,1,7530.50,7368.32,-162.18,-168.00,90.75,5,sl
P_HixDD>x&IBS<_4,P_Hi#DD>#&IBS<#,2026-06-05,2026-06-05,2026-06-11,1,7530.50,7368.32,-162.18,-168.00,90.75,5,sl
C<wvwapxsd_4,C<wvwap#sd,2026-06-03,2026-06-03,2026-06-12,1,7702.75,7563.75,-139.00,-340.25,39.00,8,signal
C06_4,C06,2026-06-11,2026-06-11,2026-06-12,1,7524.50,7562.02,37.52,-27.75,67.50,2,tp
IBS<x_2,IBS<#,2026-06-03,2026-06-03,2026-06-12,1,7702.75,7563.75,-139.00,-340.25,39.00,8,signal
RSIx<x_2,RSI#<#,2026-06-10,2026-06-10,2026-06-12,1,7406.25,7553.75,147.50,-43.75,144.00,3,signal
LMT_RSIx<x_xAT_3,LMT_RSI#<#_#ATR,2026-06-05,2026-06-08,2026-06-15,1,7510.23,7697.75,187.52,-147.73,206.27,6,signal
C<dvwapxsd_1,C<dvwap#sd,2026-06-10,2026-06-10,2026-06-15,1,7406.25,7689.26,283.01,-43.75,310.25,4,tp
C06_1,C06,2026-06-11,2026-06-11,2026-06-15,1,7524.50,7667.00,142.50,-27.75,67.50,3,signal
C06_2,C06,2026-06-11,2026-06-11,2026-06-15,1,7524.50,7667.00,142.50,-27.75,192.00,3,tp
P_HixDD>x&RSIx_4,P_Hi#DD>#&RSI#<#,2026-06-10,2026-06-10,2026-06-15,1,7406.25,7667.00,260.75,-43.75,310.25,4,tp
IBS<x_1,IBS<#,2026-06-10,2026-06-10,2026-06-15,1,7406.25,7667.00,260.75,-43.75,310.25,4,tp
IBS<x_4,IBS<#,2026-06-10,2026-06-10,2026-06-15,1,7406.25,7689.26,283.01,-43.75,310.25,4,tp
WRx<x_1,WR#<#,2026-06-10,2026-06-10,2026-06-15,1,7406.25,7667.00,260.75,-43.75,310.25,4,tp
D01_2,D01,2026-06-05,2026-06-05,2026-06-15,1,7530.50,7697.75,167.25,-168.00,186.00,7,signal
ConnorsRSI<x_2,ConnorsRSI<#,2026-06-10,2026-06-10,2026-06-15,1,7406.25,7667.00,260.75,-43.75,310.25,4,tp
ConnorsRSI<x_4,ConnorsRSI<#,2026-06-10,2026-06-10,2026-06-15,1,7406.25,7667.00,260.75,-43.75,310.25,4,tp
C<wvwapxsd_2,C<wvwap#sd,2026-05-19,2026-05-19,2026-06-16,1,7507.75,7655.75,148.00,-145.25,254.75,21,time
ConnorsRSI<x_1,ConnorsRSI<#,2026-05-19,2026-05-19,2026-06-16,1,7507.75,7655.75,148.00,-145.25,254.75,21,time
LMT_RSIx<x_xAT_4,LMT_RSI#<#_#ATR,2026-06-09,2026-06-10,2026-06-17,1,7453.18,7622.16,168.99,-90.68,263.32,6,trail
IBS<x_1,IBS<#,2026-06-16,2026-06-16,2026-06-17,1,7655.75,7554.44,-101.31,-115.75,24.50,2,sl
IBS<x_4,IBS<#,2026-06-16,2026-06-16,2026-06-17,1,7655.75,7554.44,-101.31,-115.75,24.50,2,sl
WRx<x_2,WR#<#,2026-06-10,2026-06-10,2026-06-17,1,7406.25,7622.16,215.91,-43.75,310.25,6,trail
IBS<x_3,IBS<#,2026-06-16,2026-06-16,2026-06-18,1,7655.75,7632.25,-23.50,-115.75,24.50,3,signal
D01_2,D01,2026-06-16,2026-06-16,2026-06-18,1,7655.75,7632.25,-23.50,-115.75,24.50,3,signal
RSIx<x_1,RSI#<#,2026-06-17,2026-06-17,2026-06-18,1,7560.00,7632.25,72.25,-2.25,89.25,2,signal
C<dvwapxsd_1,C<dvwap#sd,2026-06-16,2026-06-16,2026-06-23,1,7655.75,7497.25,-158.50,-172.75,24.50,6,sl
C<wvwapxsd_3,C<wvwap#sd,2026-06-17,2026-06-17,2026-06-23,1,7560.00,7497.25,-62.75,-77.00,107.00,5,sl
C06_3,C06,2026-06-11,2026-06-11,2026-06-23,1,7524.50,7497.25,-27.25,-41.50,192.00,9,breakeven
D01_3,D01,2026-06-11,2026-06-11,2026-06-23,1,7524.50,7497.25,-27.25,-41.50,192.00,9,breakeven
IBS<x_1,IBS<#,2026-06-17,2026-06-17,2026-06-26,1,7560.00,7448.50,-111.50,-135.00,107.00,8,sl
P_HixDD>x&IBS<_3,P_Hi#DD>#&IBS<#,2026-06-16,2026-06-16,2026-06-26,1,7655.75,7448.50,-207.25,-230.75,24.50,9,sl
P_HixDD>x&IBS<_4,P_Hi#DD>#&IBS<#,2026-06-16,2026-06-16,2026-06-26,1,7655.75,7448.50,-207.25,-230.75,24.50,9,sl
C<wvwapxsd_1,C<wvwap#sd,2026-06-16,2026-06-16,2026-06-29,1,7655.75,7564.50,-91.25,-230.75,24.50,10,signal
C<wvwapxsd_4,C<wvwap#sd,2026-06-16,2026-06-16,2026-06-29,1,7655.75,7564.50,-91.25,-230.75,24.50,10,signal
P_HixDD>x&RSIx_1,P_Hi#DD>#&RSI#<#,2026-06-23,2026-06-23,2026-06-29,1,7502.50,7564.50,62.00,-77.50,70.25,5,signal
P_HixDD>x&RSIx_3,P_Hi#DD>#&RSI#<#,2026-06-23,2026-06-23,2026-06-29,1,7502.50,7564.50,62.00,-77.50,70.25,5,signal
IBS<x_2,IBS<#,2026-06-16,2026-06-16,2026-06-29,1,7655.75,7564.50,-91.25,-230.75,24.50,10,signal
IBS<x_3,IBS<#,2026-06-19,2026-06-19,2026-06-29,1,7624.00,7564.50,-59.50,-199.00,43.00,7,signal
WRx<x_3,WR#<#,2026-06-26,2026-06-26,2026-06-29,1,7448.00,7564.50,116.50,-11.75,124.75,2,signal
D01_1,D01,2026-06-18,2026-06-18,2026-06-29,1,7632.25,7564.50,-67.75,-207.25,34.75,8,signal
D01_2,D01,2026-06-23,2026-06-23,2026-06-29,1,7502.50,7564.50,62.00,-77.50,70.25,5,signal
D01_4,D01,2026-06-17,2026-06-17,2026-06-29,1,7560.00,7564.50,4.50,-135.00,107.00,9,signal
CloseAtxdLow_4,CloseAt#dLow,2026-06-24,2026-06-24,2026-06-29,1,7496.00,7564.50,68.50,-71.00,76.75,4,signal
RSIx<x_1,RSI#<#,2026-06-23,2026-06-23,2026-06-29,1,7502.50,7564.50,62.00,-77.50,70.25,5,signal
RSIx<x_3,RSI#<#,2026-06-26,2026-06-26,2026-06-29,1,7448.00,7533.78,85.78,-11.75,124.75,2,tp
P_HixDD>x&IBS<_1,P_Hi#DD>#&IBS<#,2026-06-16,2026-06-16,2026-06-29,1,7655.75,7564.50,-91.25,-230.75,24.50,10,signal
P_HixDD>x&IBS<_3,P_Hi#DD>#&IBS<#,2026-06-26,2026-06-26,2026-06-29,1,7448.00,7564.50,116.50,-11.75,124.75,2,signal
P_HixDD>x&IBS<_4,P_Hi#DD>#&IBS<#,2026-06-26,2026-06-26,2026-06-29,1,7448.00,7564.50,116.50,-11.75,124.75,2,signal
C<wvwapxsd_3,C<wvwap#sd,2026-06-26,2026-06-26,2026-06-30,1,7448.00,7619.56,171.56,-11.75,187.50,3,tp
RSIx<x_4,RSI#<#,2026-06-26,2026-06-26,2026-06-30,1,7448.00,7619.56,171.56,-11.75,187.50,3,tp
C<dvwapxsd_3,C<dvwap#sd,2026-06-10,2026-06-10,2026-07-08,1,7406.25,7594.25,188.00,-43.75,310.25,21,time
C<wvwapxsd_1,C<wvwap#sd,2026-07-07,2026-07-07,2026-07-08,1,7620.75,7594.25,-26.50,-84.50,10.00,2,signal
WRx<x_2,WR#<#,2026-06-26,2026-06-26,2026-07-08,1,7448.00,7555.88,107.88,-11.75,222.25,9,trail
C<wvwapxsd_1,C<wvwap#sd,2026-07-08,2026-07-08,2026-07-09,1,7594.25,7658.25,64.00,-18.50,68.50,2,signal
C<wvwapxsd_4,C<wvwap#sd,2026-07-07,2026-07-07,2026-07-09,1,7620.75,7658.25,37.50,-84.50,42.00,3,signal
P_HixDD>x&RSIx_1,P_Hi#DD>#&RSI#<#,2026-07-08,2026-07-08,2026-07-09,1,7594.25,7658.25,64.00,-18.50,68.50,2,signal
P_HixDD>x&RSIx_2,P_Hi#DD>#&RSI#<#,2026-07-08,2026-07-08,2026-07-09,1,7594.25,7658.25,64.00,-18.50,68.50,2,signal
RSIx<x_1,RSI#<#,2026-07-08,2026-07-08,2026-07-09,1,7594.25,7658.25,64.00,-18.50,68.50,2,signal
IBS<x_1,IBS<#,2026-06-26,2026-06-26,2026-07-10,1,7448.00,7676.75,228.75,-11.75,247.00,11,tp
WRx<x_1,WR#<#,2026-06-26,2026-06-26,2026-07-10,1,7448.00,7676.75,228.75,-11.75,247.00,11,tp
C<wvwapxsd_2,C<wvwap#sd,2026-06-16,2026-06-16,2026-07-14,1,7655.75,7657.75,2.00,-230.75,40.75,21,time
IBS<x_3,IBS<#,2026-07-13,2026-07-13,2026-07-14,1,7631.00,7657.75,26.75,-31.75,50.50,2,signal
D01_2,D01,2026-07-13,2026-07-13,2026-07-14,1,7631.00,7657.75,26.75,-31.75,50.50,2,signal
P_HixDD>x&IBS<_4,P_Hi#DD>#&IBS<#,2026-07-13,2026-07-13,2026-07-14,1,7631.00,7657.75,26.75,-31.75,50.50,2,signal
C<wvwapxsd_1,C<wvwap#sd,2026-07-13,2026-07-13,2026-07-15,1,7631.00,7684.75,53.75,-31.75,63.00,3,signal
C<wvwapxsd_4,C<wvwap#sd,2026-07-13,2026-07-13,2026-07-15,1,7631.00,7684.75,53.75,-31.75,63.00,3,signal
P_HixDD>x&IBS<_3,P_Hi#DD>#&IBS<#,2026-07-13,2026-07-13,2026-07-15,1,7631.00,7684.75,53.75,-31.75,63.00,3,signal
ConnorsRSI<x_1,ConnorsRSI<#,2026-06-17,2026-06-17,2026-07-15,1,7560.00,7684.75,124.75,-135.00,136.50,21,time
ConnorsRSI<x_4,ConnorsRSI<#,2026-06-17,2026-06-17,2026-07-15,1,7560.00,7684.75,124.75,-135.00,136.50,21,time
IBS<x_1,IBS<#,2026-07-13,2026-07-13,2026-07-17,1,7631.00,7541.21,-89.79,-90.25,68.75,5,sl
C<dvwapxsd_1,C<dvwap#sd,2026-06-23,2026-06-23,2026-07-21,1,7502.50,7613.50,111.00,-77.50,197.25,21,time
C<wvwapxsd_1,C<wvwap#sd,2026-07-16,2026-07-16,2026-07-21,1,7644.75,7613.50,-31.25,-104.00,1.00,4,signal
P_HixDD>x&RSIx_1,P_Hi#DD>#&RSI#<#,2026-07-17,2026-07-17,2026-07-21,1,7564.50,7613.50,49.00,-23.75,57.25,3,signal
P_HixDD>x&RSIx_3,P_Hi#DD>#&RSI#<#,2026-07-17,2026-07-17,2026-07-21,1,7564.50,7613.50,49.00,-23.75,57.25,3,signal
CloseAtxdLow_2,CloseAt#dLow,2026-06-23,2026-06-23,2026-07-21,1,7502.50,7613.50,111.00,-77.50,197.25,21,time
P_HixDD>x&IBS<_1,P_Hi#DD>#&IBS<#,2026-07-20,2026-07-20,2026-07-21,1,7553.75,7613.50,59.75,-13.00,68.00,2,signal
P_HixDD>x&IBS<_4,P_Hi#DD>#&IBS<#,2026-07-20,2026-07-20,2026-07-21,1,7553.75,7613.50,59.75,-13.00,68.00,2,signal
ConnorsRSI<x_2,ConnorsRSI<#,2026-06-23,2026-06-23,2026-07-21,1,7502.50,7613.50,111.00,-77.50,197.25,21,time
D01_3,D01,2026-06-29,2026-06-29,2026-07-27,1,7564.50,7517.00,-47.50,-85.00,135.25,21,time
RSIx<x_3,RSI#<#,2026-07-23,2026-07-23,2026-07-27,1,7511.75,7575.94,64.19,-27.75,80.75,3,tp
IBS<x_1,IBS<#,2026-07-20,2026-07-20,2026-07-29,1,7553.75,7465.70,-88.05,-140.25,77.50,8,sl
ConnorsRSI<x_4,ConnorsRSI<#,2026-07-17,2026-07-17,2026-07-29,1,7564.50,7431.51,-132.99,-151.00,66.75,9,sl
C<wvwapxsd_1,C<wvwap#sd,2026-07-23,2026-07-23,2026-07-30,1,7511.75,7540.50,28.75,-120.00,80.75,6,signal
P_HixDD>x&RSIx_1,P_Hi#DD>#&RSI#<#,2026-07-23,2026-07-23,2026-07-30,1,7511.75,7540.50,28.75,-120.00,80.75,6,signal
P_HixDD>x&RSIx_3,P_Hi#DD>#&RSI#<#,2026-07-23,2026-07-23,2026-07-30,1,7511.75,7540.50,28.75,-120.00,80.75,6,signal
IBS<x_3,IBS<#,2026-07-22,2026-07-22,2026-07-30,1,7604.25,7540.50,-63.75,-212.50,17.50,7,signal
WRx<x_3,WR#<#,2026-07-29,2026-07-29,2026-07-30,1,7418.00,7540.50,122.50,-26.25,128.25,2,signal
WRx<x_4,WR#<#,2026-07-29,2026-07-29,2026-07-30,1,7418.00,7540.50,122.50,-26.25,128.25,2,signal
D01_2,D01,2026-07-17,2026-07-17,2026-07-30,1,7564.50,7540.50,-24.00,-172.75,66.75,10,signal
CloseAtxdLow_1,CloseAt#dLow,2026-07-29,2026-07-29,2026-07-30,1,7418.00,7540.50,122.50,-26.25,128.25,2,signal
RSIx<x_1,RSI#<#,2026-07-17,2026-07-17,2026-07-30,1,7564.50,7540.50,-24.00,-172.75,66.75,10,signal
RSIx<x_3,RSI#<#,2026-07-29,2026-07-29,2026-07-30,1,7418.00,7482.25,64.25,-26.25,128.25,2,tp
P_HixDD>x&IBS<_1,P_Hi#DD>#&IBS<#,2026-07-29,2026-07-29,2026-07-30,1,7418.00,7540.50,122.50,-26.25,128.25,2,signal
P_HixDD>x&IBS<_4,P_Hi#DD>#&IBS<#,2026-07-29,2026-07-29,2026-07-30,1,7418.00,7540.50,122.50,-26.25,128.25,2,signal
C<wvwapxsd_4,C<wvwap#sd,2026-07-16,2026-07-16,2026-07-31,1,7644.75,7587.75,-57.00,-253.00,1.00,12,signal
C06_1,C06,2026-07-27,2026-07-27,2026-07-31,1,7517.00,7566.75,49.75,-125.25,51.75,5,signal
IBS<x_1,IBS<#,2026-07-29,2026-07-29,2026-07-31,1,7418.00,7589.12,171.12,-26.25,190.75,3,tp
IBS<x_2,IBS<#,2026-07-20,2026-07-20,2026-07-31,1,7553.75,7587.75,34.00,-162.00,77.50,10,signal
WRx<x_1,WR#<#,2026-07-29,2026-07-29,2026-07-31,1,7418.00,7589.12,171.12,-26.25,190.75,3,tp
RSIx<x_4,RSI#<#,2026-07-29,2026-07-29,2026-07-31,1,7418.00,7566.75,148.75,-26.25,190.75,3,tp
P_HixDD>x&IBS<_3,P_Hi#DD>#&IBS<#,2026-07-20,2026-07-20,2026-07-31,1,7553.75,7587.75,34.00,-162.00,77.50,10,signal
LMT_RSIx<x_xAT_3,LMT_RSI#<#_#ATR,2026-07-29,2026-07-30,2026-08-03,1,7396.61,7696.25,299.64,-4.86,308.89,3,signal
IBS<x_4,IBS<#,2026-07-29,2026-07-29,2026-08-03,1,7418.00,7674.69,256.69,-26.25,287.50,4,tp
CloseAtxdLow_2,CloseAt#dLow,2026-07-23,2026-07-23,2026-08-03,1,7511.75,7682.93,171.18,-120.00,193.75,8,tp
ConnorsRSI<x_4,ConnorsRSI<#,2026-07-29,2026-07-29,2026-08-03,1,7418.00,7614.00,196.00,-26.25,287.50,4,tp
C<dvwapxsd_1,C<dvwap#sd,2026-07-24,2026-07-24,2026-08-04,1,7515.50,7766.68,251.18,-123.75,338.25,8,tp
D01_3,D01,2026-07-30,2026-07-30,2026-08-04,1,7540.50,7803.23,262.73,-45.25,313.25,4,tp
IBS<x_3,IBS<#,2026-08-05,2026-08-05,2026-08-06,1,7815.50,7803.00,-12.50,-23.50,23.00,2,signal
WRx<x_2,WR#<#,2026-07-29,2026-07-29,2026-08-06,1,7418.00,7802.44,384.44,-26.25,470.00,7,trail
IBS<x_2,IBS<#,2026-08-05,2026-08-05,2026-08-07,1,7815.50,7846.25,30.75,-23.50,39.00,3,signal
IBS<x_3,IBS<#,2026-08-06,2026-08-06,2026-08-07,1,7803.00,7846.25,43.25,-9.75,51.50,2,signal
C<dvwapxsd_3,C<dvwap#sd,2026-07-13,2026-07-13,2026-08-10,1,7631.00,7845.75,214.75,-239.25,257.00,21,time
IBS<x_3,IBS<#,2026-08-11,2026-08-11,2026-08-12,1,7817.50,7837.25,19.75,-3.00,44.25,2,signal
D01_2,D01,2026-08-11,2026-08-11,2026-08-12,1,7817.50,7837.25,19.75,-3.00,44.25,2,signal
C<wvwapxsd_2,C<wvwap#sd,2026-07-16,2026-07-16,2026-08-13,1,7644.75,7891.00,246.25,-253.00,261.50,21,time
C<wvwapxsd_4,C<wvwap#sd,2026-08-10,2026-08-10,2026-08-13,1,7845.75,7891.00,45.25,-40.00,60.50,4,signal
C<wvwapxsd_3,C<wvwap#sd,2026-08-11,2026-08-11,2026-08-19,1,7817.50,7771.49,-46.01,-51.50,88.75,7,sl
WRx<x_2,WR#<#,2026-08-18,2026-08-18,2026-08-20,1,7783.00,7746.64,-36.36,-56.25,49.50,3,trail
C<wvwapxsd_4,C<wvwap#sd,2026-08-17,2026-08-17,2026-08-25,1,7836.50,7758.75,-77.75,-113.75,1.75,7,signal
P_HixDD>x&RSIx_1,P_Hi#DD>#&RSI#<#,2026-08-18,2026-08-18,2026-08-25,1,7783.00,7758.75,-24.25,-60.25,49.50,6,signal
IBS<x_2,IBS<#,2026-08-17,2026-08-17,2026-08-25,1,7836.50,7758.75,-77.75,-113.75,1.75,7,signal
IBS<x_3,IBS<#,2026-08-14,2026-08-14,2026-08-25,1,7873.25,7758.75,-114.50,-150.50,19.00,8,signal
WRx<x_3,WR#<#,2026-08-18,2026-08-18,2026-08-25,1,7783.00,7758.75,-24.25,-60.25,49.50,6,signal
WRx<x_4,WR#<#,2026-08-18,2026-08-18,2026-08-25,1,7783.00,7758.75,-24.25,-60.25,49.50,6,signal
CloseAtxdLow_4,CloseAt#dLow,2026-08-18,2026-08-18,2026-08-25,1,7783.00,7758.75,-24.25,-60.25,49.50,6,signal
P_HixDD>x&IBS<_4,P_Hi#DD>#&IBS<#,2026-08-18,2026-08-18,2026-08-25,1,7783.00,7758.75,-24.25,-60.25,49.50,6,signal
D01_2,D01,2026-08-17,2026-08-17,2026-08-27,1,7836.50,7809.00,-27.50,-113.75,1.75,9,signal
CloseAtxdLow_3,CloseAt#dLow,2026-08-18,2026-08-18,2026-08-27,1,7783.00,7809.00,26.00,-60.25,49.50,8,signal
RSIx<x_1,RSI#<#,2026-08-17,2026-08-17,2026-08-27,1,7836.50,7809.00,-27.50,-113.75,1.75,9,signal
P_HixDD>x&IBS<_3,P_Hi#DD>#&IBS<#,2026-08-18,2026-08-18,2026-08-27,1,7783.00,7809.00,26.00,-60.25,49.50,8,signal
WRx<x_2,WR#<#,2026-08-20,2026-08-20,2026-08-31,1,7733.00,7766.77,33.77,-10.25,117.25,8,trail
P_HixDD>x&IBS<_4,P_Hi#DD>#&IBS<#,2026-08-28,2026-08-28,2026-08-31,1,7790.25,7765.75,-24.50,-47.75,3.00,2,signal
C<wvwapxsd_3,C<wvwap#sd,2026-08-20,2026-08-20,2026-09-01,1,7733.00,7691.26,-41.74,-43.75,117.25,9,sl
P_HixDD>x&RSIx_2,P_Hi#DD>#&RSI#<#,2026-08-18,2026-08-18,2026-09-01,1,7783.00,7712.00,-71.00,-93.75,67.25,11,time
IBS<x_1,IBS<#,2026-08-05,2026-08-05,2026-09-01,1,7815.50,7714.75,-100.75,-126.25,90.75,20,sl
IBS<x_4,IBS<#,2026-08-05,2026-08-05,2026-09-01,1,7815.50,7714.75,-100.75,-126.25,90.75,20,sl
WRx<x_1,WR#<#,2026-08-18,2026-08-18,2026-09-01,1,7783.00,7697.14,-85.86,-93.75,67.25,11,sl
P_HixDD>x&IBS<_1,P_Hi#DD>#&IBS<#,2026-08-18,2026-08-18,2026-09-01,1,7783.00,7712.00,-71.00,-93.75,67.25,11,time
LMT_RSIx<x_xAT_2,LMT_RSI#<#_#ATR,2026-09-01,2026-09-02,2026-09-02,1,7697.37,7746.00,48.63,-11.12,61.63,1,time
C<dvwapxsd_1,C<dvwap#sd,2026-08-05,2026-08-05,2026-09-02,1,7815.50,7746.00,-69.50,-129.25,90.75,21,time
C<wvwapxsd_4,C<wvwap#sd,2026-09-01,2026-09-01,2026-09-02,1,7712.00,7746.00,34.00,-25.75,47.00,2,signal
IBS<x_2,IBS<#,2026-08-28,2026-08-28,2026-09-02,1,7790.25,7746.00,-44.25,-104.00,3.00,4,signal
CloseAtxdLow_1,CloseAt#dLow,2026-09-01,2026-09-01,2026-09-02,1,7712.00,7746.00,34.00,-25.75,47.00,2,signal
RSIx<x_3,RSI#<#,2026-09-01,2026-09-01,2026-09-02,1,7712.00,7755.90,43.90,-25.75,47.00,2,tp
C<wvwapxsd_1,C<wvwap#sd,2026-08-10,2026-08-10,2026-09-03,1,7845.75,7824.00,-21.75,-159.50,60.50,19,signal
P_HixDD>x&RSIx_1,P_Hi#DD>#&RSI#<#,2026-09-01,2026-09-01,2026-09-03,1,7712.00,7824.00,112.00,-25.75,122.25,3,signal
P_HixDD>x&RSIx_3,P_Hi#DD>#&RSI#<#,2026-08-20,2026-08-20,2026-09-03,1,7733.00,7824.00,91.00,-46.75,117.25,11,time
P_HixDD>x&RSIx_4,P_Hi#DD>#&RSI#<#,2026-09-01,2026-09-01,2026-09-03,1,7712.00,7829.07,117.07,-25.75,122.25,3,tp
IBS<x_3,IBS<#,2026-08-28,2026-08-28,2026-09-03,1,7790.25,7824.00,33.75,-104.00,44.00,5,signal
D01_2,D01,2026-09-01,2026-09-01,2026-09-03,1,7712.00,7824.00,112.00,-25.75,122.25,3,signal
CloseAtxdLow_4,CloseAt#dLow,2026-09-01,2026-09-01,2026-09-03,1,7712.00,7824.00,112.00,-25.75,122.25,3,signal
RSIx<x_1,RSI#<#,2026-08-31,2026-08-31,2026-09-03,1,7765.75,7824.00,58.25,-79.50,68.50,4,signal
P_HixDD>x&IBS<_2,P_Hi#DD>#&IBS<#,2026-08-20,2026-08-20,2026-09-03,1,7733.00,7824.00,91.00,-46.75,117.25,11,signal
P_HixDD>x&IBS<_3,P_Hi#DD>#&IBS<#,2026-08-28,2026-08-28,2026-09-03,1,7790.25,7824.00,33.75,-104.00,44.00,5,signal
C<dvwapxsd_3,C<dvwap#sd,2026-08-11,2026-08-11,2026-09-08,1,7817.50,7748.75,-68.75,-131.25,88.75,21,time
LMT_RSIx<x_xAT_2,LMT_RSI#<#_#ATR,2026-09-08,2026-09-09,2026-09-09,1,7728.50,7712.50,-16.00,-32.00,30.50,1,time
C<dvwapxsd_1,C<dvwap#sd,2026-09-04,2026-09-04,2026-09-09,1,7791.50,7700.06,-91.44,-95.00,4.75,4,sl
LMT_RSIx<x_xAT_2,LMT_RSI#<#_#ATR,2026-09-09,2026-09-10,2026-09-10,1,7666.75,7666.50,-0.25,-13.50,67.25,1,time
IBS<x_1,IBS<#,2026-09-08,2026-09-08,2026-09-10,1,7748.75,7666.75,-82.00,-95.50,10.25,3,sl
ConnorsRSI<x_2,ConnorsRSI<#,2026-08-18,2026-08-18,2026-09-10,1,7783.00,7654.21,-128.79,-129.75,67.25,18,sl
ConnorsRSI<x_4,ConnorsRSI<#,2026-08-18,2026-08-18,2026-09-10,1,7783.00,7654.21,-128.79,-129.75,67.25,18,sl
C<wvwapxsd_4,C<wvwap#sd,2026-09-07,2026-09-07,2026-09-11,1,7776.50,7726.50,-50.00,-123.25,17.00,5,signal
P_HixDD>x&RSIx_1,P_Hi#DD>#&RSI#<#,2026-09-08,2026-09-08,2026-09-11,1,7748.75,7726.50,-22.25,-95.50,10.25,4,signal
IBS<x_2,IBS<#,2026-09-08,2026-09-08,2026-09-11,1,7748.75,7726.50,-22.25,-95.50,10.25,4,signal
WRx<x_3,WR#<#,2026-09-10,2026-09-10,2026-09-11,1,7666.50,7726.50,60.00,-4.50,84.75,2,signal
CloseAtxdLow_1,CloseAt#dLow,2026-09-10,2026-09-10,2026-09-11,1,7666.50,7726.50,60.00,-4.50,84.75,2,signal
RSIx<x_3,RSI#<#,2026-09-10,2026-09-10,2026-09-11,1,7666.50,7732.75,66.25,-4.50,84.75,2,tp
P_HixDD>x&IBS<_4,P_Hi#DD>#&IBS<#,2026-09-08,2026-09-08,2026-09-11,1,7748.75,7726.50,-22.25,-95.50,10.25,4,signal
C<wvwapxsd_2,C<wvwap#sd,2026-08-17,2026-08-17,2026-09-14,1,7836.50,7692.50,-144.00,-183.25,13.75,21,time
IBS<x_1,IBS<#,2026-09-11,2026-09-11,2026-09-14,1,7726.50,7662.48,-64.02,-65.25,4.75,2,sl
WRx<x_2,WR#<#,2026-09-10,2026-09-10,2026-09-14,1,7666.50,7673.50,7.00,-5.25,84.75,3,trail
P_HixDD>x&IBS<_4,P_Hi#DD>#&IBS<#,2026-09-11,2026-09-11,2026-09-14,1,7726.50,7692.50,-34.00,-65.25,4.75,2,signal
P_HixDD>x&RSIx_4,P_Hi#DD>#&RSI#<#,2026-09-09,2026-09-09,2026-09-15,1,7712.50,7651.50,-61.00,-69.00,38.75,5,sl
CloseAtxdLow_2,CloseAt#dLow,2026-08-18,2026-08-18,2026-09-15,1,7783.00,7656.75,-126.25,-139.50,67.25,21,time
ConnorsRSI<x_1,ConnorsRSI<#,2026-08-18,2026-08-18,2026-09-15,1,7783.00,7656.75,-126.25,-139.50,67.25,21,time
LMT_RSIx<x_xAT_4,LMT_RSI#<#_#ATR,2026-09-08,2026-09-09,2026-09-16,1,7703.57,7642.57,-61.00,-128.57,55.43,6,sl
C<dvwapxsd_1,C<dvwap#sd,2026-09-09,2026-09-09,2026-09-16,1,7712.50,7621.00,-91.50,-137.50,38.75,6,sl
P_HixDD>x&RSIx_3,P_Hi#DD>#&RSI#<#,2026-09-08,2026-09-08,2026-09-16,1,7748.75,7628.27,-120.48,-173.75,10.25,7,sl
WRx<x_1,WR#<#,2026-09-10,2026-09-10,2026-09-16,1,7666.50,7605.18,-61.32,-91.50,84.75,5,sl
WRx<x_2,WR#<#,2026-09-15,2026-09-15,2026-09-16,1,7656.75,7592.27,-64.48,-81.75,42.25,2,sl
D01_3,D01,2026-08-21,2026-08-21,2026-09-16,1,7759.50,7634.94,-124.56,-184.50,90.75,19,sl
RSIx<x_1,RSI#<#,2026-09-08,2026-09-08,2026-09-16,1,7748.75,7628.27,-120.48,-173.75,10.25,7,sl
RSIx<x_4,RSI#<#,2026-09-10,2026-09-10,2026-09-16,1,7666.50,7635.84,-30.66,-91.50,84.75,5,sl
P_HixDD>x&IBS<_3,P_Hi#DD>#&IBS<#,2026-09-08,2026-09-08,2026-09-16,1,7748.75,7628.27,-120.48,-173.75,10.25,7,sl
LMT_RSIx<x_xAT_1,LMT_RSI#<#_#ATR,2026-09-09,2026-09-10,2026-09-17,1,7666.75,7707.50,40.75,-91.75,84.50,6,signal
C<wvwapxsd_4,C<wvwap#sd,2026-09-15,2026-09-15,2026-09-17,1,7656.75,7707.50,50.75,-81.75,65.50,3,signal
P_HixDD>x&RSIx_1,P_Hi#DD>#&RSI#<#,2026-09-15,2026-09-15,2026-09-17,1,7656.75,7707.50,50.75,-81.75,65.50,3,signal
IBS<x_2,IBS<#,2026-09-11,2026-09-11,2026-09-17,1,7726.50,7707.50,-19.00,-151.50,4.75,5,signal
WRx<x_3,WR#<#,2026-09-15,2026-09-15,2026-09-17,1,7656.75,7707.50,50.75,-81.75,65.50,3,signal
CloseAtxdLow_1,CloseAt#dLow,2026-09-15,2026-09-15,2026-09-17,1,7656.75,7707.50,50.75,-81.75,65.50,3,signal
RSIx<x_3,RSI#<#,2026-09-16,2026-09-16,2026-09-17,1,7622.25,7713.50,91.25,-5.00,100.00,2,tp
C<wvwapxsd_1,C<wvwap#sd,2026-09-07,2026-09-07,2026-09-18,1,7776.50,7712.25,-64.25,-201.50,17.00,10,signal
P_HixDD>x&RSIx_3,P_Hi#DD>#&RSI#<#,2026-09-16,2026-09-16,2026-09-18,1,7622.25,7712.25,90.00,-5.00,117.00,3,signal
D01_2,D01,2026-09-07,2026-09-07,2026-09-18,1,7776.50,7712.25,-64.25,-201.50,17.00,10,signal
P_HixDD>x&IBS<_1,P_Hi#DD>#&IBS<#,2026-09-08,2026-09-08,2026-09-18,1,7748.75,7712.25,-36.50,-173.75,10.25,9,signal
LMT_RSIx<x_xAT_3,LMT_RSI#<#_#ATR,2026-09-01,2026-09-02,2026-09-21,1,7697.37,7833.25,135.88,-122.37,149.88,14,signal
C<dvwapxsd_1,C<dvwap#sd,2026-09-16,2026-09-16,2026-09-21,1,7622.25,7824.30,202.05,-5.00,225.00,4,tp
CloseAtxdLow_2,CloseAt#dLow,2026-09-15,2026-09-15,2026-09-21,1,7656.75,7785.70,128.95,-81.75,190.50,5,tp
ConnorsRSI<x_4,ConnorsRSI<#,2026-09-10,2026-09-10,2026-09-21,1,7666.50,7804.48,137.98,-91.50,180.75,8,tp
C<dvwapxsd_1,C<dvwap#sd,2026-09-22,2026-09-22,2026-09-24,1,7831.00,7722.68,-108.32,-123.75,12.25,3,sl
D01_2,D01,2026-09-23,2026-09-23,2026-09-24,1,7773.75,7765.50,-8.25,-66.50,9.75,2,signal
D01_3,D01,2026-09-17,2026-09-17,2026-09-24,1,7707.50,7707.50,0.00,-32.50,141.00,6,breakeven
C<wvwapxsd_1,C<wvwap#sd,2026-09-23,2026-09-23,2026-09-25,1,7773.75,7804.75,31.00,-66.50,41.00,3,signal
C<wvwapxsd_4,C<wvwap#sd,2026-09-23,2026-09-23,2026-09-25,1,7773.75,7804.75,31.00,-66.50,41.00,3,signal
P_HixDD>x&IBS<_1,P_Hi#DD>#&IBS<#,2026-09-23,2026-09-23,2026-09-25,1,7773.75,7804.75,31.00,-66.50,41.00,3,signal
P_HixDD>x&IBS<_3,P_Hi#DD>#&IBS<#,2026-09-23,2026-09-23,2026-09-25,1,7773.75,7804.75,31.00,-66.50,41.00,3,signal
P_HixDD>x&IBS<_4,P_Hi#DD>#&IBS<#,2026-09-23,2026-09-23,2026-09-25,1,7773.75,7804.75,31.00,-66.50,41.00,3,signal
