open_plus_X,kill_eod,SL,TP,rok,obchodu,uspesnost,usd
15,1,25.0,10.0,2016,8,0.625,1312.5
15,1,25.0,10.0,2017,14,0.357,-700.0
15,1,25.0,10.0,2018,80,0.562,-7125.0
15,1,25.0,10.0,2019,52,0.692,8725.0
15,1,25.0,10.0,2020,127,0.709,8487.5
15,1,25.0,10.0,2021,114,0.693,10912.5
15,1,25.0,10.0,2022,169,0.669,-16262.5
15,1,25.0,10.0,2023,138,0.652,-162.5
15,1,25.0,10.0,2024,125,0.736,7962.5
15,1,25.0,10.0,2025,152,0.743,9562.5
15,1,25.0,10.0,2026,96,0.719,1125.0
10,1,5.0,80.0,2016,20,0.3,425.0
10,1,5.0,80.0,2017,38,0.447,-425.0
10,1,5.0,80.0,2018,119,0.252,-2375.0
10,1,5.0,80.0,2019,100,0.37,2737.5
10,1,5.0,80.0,2020,153,0.209,-8000.0
10,1,5.0,80.0,2021,149,0.342,19675.0
10,1,5.0,80.0,2022,201,0.109,-7675.0
10,1,5.0,80.0,2023,173,0.208,6675.0
10,1,5.0,80.0,2024,161,0.217,5350.0
10,1,5.0,80.0,2025,180,0.2,11412.5
10,1,5.0,80.0,2026,110,0.164,9925.0
15,0,12.5,40.0,2016,7,0.286,700.0
15,0,12.5,40.0,2017,10,0.2,-1250.0
15,0,12.5,40.0,2018,76,0.197,-9950.0
15,0,12.5,40.0,2019,47,0.319,7625.0
15,0,12.5,40.0,2020,120,0.225,-7425.0
15,0,12.5,40.0,2021,102,0.363,30825.0
15,0,12.5,40.0,2022,165,0.242,-2250.0
15,0,12.5,40.0,2023,128,0.305,20087.5
15,0,12.5,40.0,2024,113,0.292,13175.0
15,0,12.5,40.0,2025,149,0.248,-350.0
15,0,12.5,40.0,2026,95,0.284,9125.0
10,1,10.0,80.0,2016,20,0.4,2262.5
10,1,10.0,80.0,2017,38,0.526,437.5
10,1,10.0,80.0,2018,119,0.378,0.0
10,1,10.0,80.0,2019,100,0.5,8325.0
10,1,10.0,80.0,2020,153,0.333,-7512.5
10,1,10.0,80.0,2021,149,0.497,25687.5
10,1,10.0,80.0,2022,201,0.224,10212.5
10,1,10.0,80.0,2023,173,0.289,-5500.0
10,1,10.0,80.0,2024,161,0.348,3137.5
10,1,10.0,80.0,2025,180,0.294,6150.0
10,1,10.0,80.0,2026,110,0.264,5812.5
15,1,5.0,60.0,2016,8,0.375,1062.5
15,1,5.0,60.0,2017,14,0.357,-1037.5
15,1,5.0,60.0,2018,80,0.225,-3862.5
15,1,5.0,60.0,2019,52,0.442,3237.5
15,1,5.0,60.0,2020,127,0.244,-2275.0
15,1,5.0,60.0,2021,114,0.316,7750.0
15,1,5.0,60.0,2022,169,0.148,7525.0
15,1,5.0,60.0,2023,138,0.232,8112.5
15,1,5.0,60.0,2024,125,0.248,2737.5
15,1,5.0,60.0,2025,152,0.191,1925.0
15,1,5.0,60.0,2026,96,0.167,3612.5
10,1,7.5,30.0,2016,20,0.35,1725.0
10,1,7.5,30.0,2017,38,0.5,225.0
10,1,7.5,30.0,2018,119,0.311,-4200.0
10,1,7.5,30.0,2019,100,0.44,5325.0
10,1,7.5,30.0,2020,153,0.307,-2737.5
10,1,7.5,30.0,2021,149,0.456,25437.5
10,1,7.5,30.0,2022,201,0.219,-1712.5
10,1,7.5,30.0,2023,173,0.266,-575.0
10,1,7.5,30.0,2024,161,0.304,4700.0
10,1,7.5,30.0,2025,180,0.278,7225.0
10,1,7.5,30.0,2026,110,0.273,5862.5
15,1,25.0,40.0,2016,8,0.625,2787.5
15,1,25.0,40.0,2017,14,0.357,-837.5
15,1,25.0,40.0,2018,80,0.438,-7912.5
15,1,25.0,40.0,2019,52,0.615,10500.0
15,1,25.0,40.0,2020,127,0.528,1462.5
15,1,25.0,40.0,2021,114,0.579,18325.0
15,1,25.0,40.0,2022,169,0.438,-10087.5
15,1,25.0,40.0,2023,138,0.529,10200.0
15,1,25.0,40.0,2024,125,0.576,10300.0
15,1,25.0,40.0,2025,152,0.526,15875.0
15,1,25.0,40.0,2026,96,0.448,-3337.5
10,1,5.0,40.0,2016,20,0.3,425.0
10,1,5.0,40.0,2017,38,0.447,-425.0
10,1,5.0,40.0,2018,119,0.252,-3725.0
10,1,5.0,40.0,2019,100,0.37,2975.0
10,1,5.0,40.0,2020,153,0.222,-4737.5
10,1,5.0,40.0,2021,149,0.342,22737.5
10,1,5.0,40.0,2022,201,0.119,-11787.5
10,1,5.0,40.0,2023,173,0.214,7762.5
10,1,5.0,40.0,2024,161,0.224,8237.5
10,1,5.0,40.0,2025,180,0.217,10587.5
10,1,5.0,40.0,2026,110,0.2,12025.0
10,1,10.0,30.0,2016,20,0.4,2287.5
10,1,10.0,30.0,2017,38,0.526,437.5
10,1,10.0,30.0,2018,119,0.387,-1950.0
10,1,10.0,30.0,2019,100,0.5,8187.5
10,1,10.0,30.0,2020,153,0.379,1375.0
10,1,10.0,30.0,2021,149,0.497,26812.5
10,1,10.0,30.0,2022,201,0.279,1912.5
10,1,10.0,30.0,2023,173,0.318,-1662.5
10,1,10.0,30.0,2024,161,0.366,5712.5
10,1,10.0,30.0,2025,180,0.333,7987.5
10,1,10.0,30.0,2026,110,0.291,-137.5
15,1,15.0,60.0,2016,8,0.625,2787.5
15,1,15.0,60.0,2017,14,0.357,-837.5
15,1,15.0,60.0,2018,80,0.388,-4150.0
15,1,15.0,60.0,2019,52,0.596,8637.5
15,1,15.0,60.0,2020,127,0.402,-10725.0
15,1,15.0,60.0,2021,114,0.544,20812.5
15,1,15.0,60.0,2022,169,0.314,4737.5
15,1,15.0,60.0,2023,138,0.413,950.0
15,1,15.0,60.0,2024,125,0.472,3100.0
15,1,15.0,60.0,2025,152,0.368,-5537.5
15,1,15.0,60.0,2026,96,0.354,6037.5
10,0,25.0,20.0,2016,16,0.625,2100.0
10,0,25.0,20.0,2017,27,0.63,3825.0
10,0,25.0,20.0,2018,104,0.529,-7512.5
10,0,25.0,20.0,2019,85,0.659,17862.5
10,0,25.0,20.0,2020,145,0.648,26625.0
10,0,25.0,20.0,2021,139,0.626,18525.0
10,0,25.0,20.0,2022,201,0.517,-21937.5
10,0,25.0,20.0,2023,157,0.58,4575.0
10,0,25.0,20.0,2024,154,0.571,1925.0
10,0,25.0,20.0,2025,177,0.605,17300.0
10,0,25.0,20.0,2026,110,0.518,-12875.0
10,0,30.0,10.0,2016,17,0.706,-1925.0
10,0,30.0,10.0,2017,33,0.788,1900.0
10,0,30.0,10.0,2018,108,0.722,-8700.0
10,0,30.0,10.0,2019,93,0.796,6337.5
10,0,30.0,10.0,2020,149,0.805,13225.0
10,0,30.0,10.0,2021,144,0.799,10400.0
10,0,30.0,10.0,2022,201,0.682,-32525.0
10,0,30.0,10.0,2023,165,0.758,-1625.0
10,0,30.0,10.0,2024,158,0.759,-950.0
10,0,30.0,10.0,2025,177,0.757,-1925.0
10,0,30.0,10.0,2026,110,0.755,-1750.0
15,0,40.0,10.0,2016,8,1.0,3800.0
15,0,40.0,10.0,2017,13,0.846,1175.0
15,0,40.0,10.0,2018,75,0.8,-1875.0
15,0,40.0,10.0,2019,52,0.885,9700.0
15,0,40.0,10.0,2020,125,0.872,19375.0
15,0,40.0,10.0,2021,111,0.874,17725.0
15,0,40.0,10.0,2022,169,0.775,-14725.0
15,0,40.0,10.0,2023,134,0.799,-3850.0
15,0,40.0,10.0,2024,123,0.829,6500.0
15,0,40.0,10.0,2025,151,0.854,18412.5
15,0,40.0,10.0,2026,96,0.854,10600.0
15,1,5.0,5.0,2016,8,0.5,37.5
15,1,5.0,5.0,2017,14,0.429,-250.0
15,1,5.0,5.0,2018,80,0.462,-2450.0
15,1,5.0,5.0,2019,52,0.635,2200.0
15,1,5.0,5.0,2020,127,0.535,-937.5
15,1,5.0,5.0,2021,114,0.553,787.5
15,1,5.0,5.0,2022,169,0.533,-1475.0
15,1,5.0,5.0,2023,138,0.486,-4512.5
15,1,5.0,5.0,2024,125,0.568,1125.0
15,1,5.0,5.0,2025,152,0.546,-162.5
15,1,5.0,5.0,2026,96,0.469,-3800.0
15,1,30.0,5.0,2016,8,0.75,687.5
15,1,30.0,5.0,2017,14,0.429,-200.0
15,1,30.0,5.0,2018,80,0.662,-12187.5
15,1,30.0,5.0,2019,52,0.769,3425.0
15,1,30.0,5.0,2020,127,0.835,1625.0
15,1,30.0,5.0,2021,114,0.781,-1525.0
15,1,30.0,5.0,2022,169,0.817,-14925.0
15,1,30.0,5.0,2023,138,0.812,-1562.5
15,1,30.0,5.0,2024,125,0.84,-62.5
15,1,30.0,5.0,2025,152,0.822,-8350.0
15,1,30.0,5.0,2026,96,0.833,-2837.5
10,1,20.0,60.0,2016,20,0.4,1887.5
10,1,20.0,60.0,2017,38,0.526,-387.5
10,1,20.0,60.0,2018,119,0.445,-6450.0
10,1,20.0,60.0,2019,100,0.53,8387.5
10,1,20.0,60.0,2020,153,0.51,13087.5
10,1,20.0,60.0,2021,149,0.564,20312.5
10,1,20.0,60.0,2022,201,0.343,-9362.5
10,1,20.0,60.0,2023,173,0.451,-887.5
10,1,20.0,60.0,2024,161,0.478,387.5
10,1,20.0,60.0,2025,180,0.394,1050.0
10,1,20.0,60.0,2026,110,0.364,-9362.5
15,1,20.0,25.0,2016,8,0.625,2850.0
15,1,20.0,25.0,2017,14,0.357,-837.5
15,1,20.0,25.0,2018,80,0.425,-6500.0
15,1,20.0,25.0,2019,52,0.596,7425.0
15,1,20.0,25.0,2020,127,0.512,-2487.5
15,1,20.0,25.0,2021,114,0.57,21112.5
15,1,20.0,25.0,2022,169,0.45,-9600.0
15,1,20.0,25.0,2023,138,0.522,5637.5
15,1,20.0,25.0,2024,125,0.56,5825.0
15,1,20.0,25.0,2025,152,0.52,7362.5
15,1,20.0,25.0,2026,96,0.5,3925.0
10,0,20.0,40.0,2016,12,0.333,-300.0
10,0,20.0,40.0,2017,22,0.5,10450.0
10,0,20.0,40.0,2018,88,0.307,-8862.5
10,0,20.0,40.0,2019,73,0.411,14337.5
10,0,20.0,40.0,2020,134,0.388,18650.0
10,0,20.0,40.0,2021,120,0.442,36000.0
10,0,20.0,40.0,2022,196,0.316,-14900.0
10,0,20.0,40.0,2023,147,0.374,14325.0
10,0,20.0,40.0,2024,143,0.35,3425.0
10,0,20.0,40.0,2025,169,0.325,-7462.5
10,0,20.0,40.0,2026,105,0.314,-9750.0
10,1,40.0,10.0,2016,20,0.4,-162.5
10,1,40.0,10.0,2017,38,0.526,-62.5
10,1,40.0,10.0,2018,119,0.571,-10337.5
10,1,40.0,10.0,2019,100,0.56,3012.5
10,1,40.0,10.0,2020,153,0.739,6650.0
10,1,40.0,10.0,2021,149,0.685,600.0
10,1,40.0,10.0,2022,201,0.731,-21087.5
10,1,40.0,10.0,2023,173,0.711,1087.5
10,1,40.0,10.0,2024,161,0.714,4362.5
10,1,40.0,10.0,2025,180,0.733,1250.0
10,1,40.0,10.0,2026,110,0.755,-4212.5
10,1,40.0,30.0,2016,20,0.4,2025.0
10,1,40.0,30.0,2017,38,0.526,-600.0
10,1,40.0,30.0,2018,119,0.479,-10562.5
10,1,40.0,30.0,2019,100,0.53,7600.0
10,1,40.0,30.0,2020,153,0.595,10275.0
10,1,40.0,30.0,2021,149,0.591,10825.0
10,1,40.0,30.0,2022,201,0.522,-21375.0
10,1,40.0,30.0,2023,173,0.555,7987.5
10,1,40.0,30.0,2024,161,0.59,14437.5
10,1,40.0,30.0,2025,180,0.556,13500.0
10,1,40.0,30.0,2026,110,0.518,-9562.5
10,0,5.0,40.0,2016,18,0.111,-450.0
10,0,5.0,40.0,2017,33,0.152,2175.0
10,0,5.0,40.0,2018,111,0.108,-3525.0
10,0,5.0,40.0,2019,89,0.18,10462.5
10,0,5.0,40.0,2020,150,0.1,-7837.5
10,0,5.0,40.0,2021,136,0.213,27850.0
10,0,5.0,40.0,2022,200,0.095,-12250.0
10,0,5.0,40.0,2023,169,0.154,12025.0
10,0,5.0,40.0,2024,157,0.159,13075.0
10,0,5.0,40.0,2025,178,0.146,9162.5
10,0,5.0,40.0,2026,109,0.174,12775.0
15,1,25.0,20.0,2016,8,0.625,2350.0
15,1,25.0,20.0,2017,14,0.357,-837.5
15,1,25.0,20.0,2018,80,0.462,-7425.0
15,1,25.0,20.0,2019,52,0.615,8662.5
15,1,25.0,20.0,2020,127,0.583,8975.0
15,1,25.0,20.0,2021,114,0.596,17125.0
15,1,25.0,20.0,2022,169,0.562,-3000.0
15,1,25.0,20.0,2023,138,0.572,6312.5
15,1,25.0,20.0,2024,125,0.608,2687.5
15,1,25.0,20.0,2025,152,0.612,14225.0
15,1,25.0,20.0,2026,96,0.542,-3462.5
10,0,7.5,60.0,2016,12,0.167,1950.0
10,0,7.5,60.0,2017,27,0.148,2700.0
10,0,7.5,60.0,2018,95,0.116,450.0
10,0,7.5,60.0,2019,75,0.16,9562.5
10,0,7.5,60.0,2020,138,0.094,-11537.5
10,0,7.5,60.0,2021,117,0.197,30825.0
10,0,7.5,60.0,2022,195,0.133,9750.0
10,0,7.5,60.0,2023,149,0.114,-2050.0
10,0,7.5,60.0,2024,139,0.144,11900.0
10,0,7.5,60.0,2025,167,0.138,10112.5
10,0,7.5,60.0,2026,108,0.13,4050.0
15,0,20.0,60.0,2016,4,0.5,3900.0
15,0,20.0,60.0,2017,7,0.571,8825.0
15,0,20.0,60.0,2018,55,0.291,8762.5
15,0,20.0,60.0,2019,39,0.359,15475.0
15,0,20.0,60.0,2020,103,0.252,-1575.0
15,0,20.0,60.0,2021,80,0.362,34000.0
15,0,20.0,60.0,2022,155,0.271,9125.0
15,0,20.0,60.0,2023,103,0.301,18425.0
15,0,20.0,60.0,2024,99,0.283,10525.0
15,0,20.0,60.0,2025,135,0.259,1150.0
15,0,20.0,60.0,2026,86,0.233,-12150.0
10,0,5.0,80.0,2016,14,0.071,400.0
10,0,5.0,80.0,2017,21,0.143,6975.0
10,0,5.0,80.0,2018,95,0.063,-300.0
10,0,5.0,80.0,2019,71,0.113,13412.5
10,0,5.0,80.0,2020,143,0.021,-27587.5
10,0,5.0,80.0,2021,113,0.124,28425.0
10,0,5.0,80.0,2022,196,0.051,-11400.0
10,0,5.0,80.0,2023,146,0.075,6600.0
10,0,5.0,80.0,2024,130,0.1,19500.0
10,0,5.0,80.0,2025,166,0.06,-3150.0
10,0,5.0,80.0,2026,104,0.067,-787.5
10,1,12.5,25.0,2016,20,0.4,1812.5
10,1,12.5,25.0,2017,38,0.526,0.0
10,1,12.5,25.0,2018,119,0.445,-1000.0
10,1,12.5,25.0,2019,100,0.52,7875.0
10,1,12.5,25.0,2020,153,0.444,4825.0
10,1,12.5,25.0,2021,149,0.523,24187.5
10,1,12.5,25.0,2022,201,0.358,825.0
10,1,12.5,25.0,2023,173,0.382,-5150.0
10,1,12.5,25.0,2024,161,0.416,3562.5
10,1,12.5,25.0,2025,180,0.4,7900.0
10,1,12.5,25.0,2026,110,0.364,-487.5
15,0,40.0,20.0,2016,7,0.857,3825.0
15,0,40.0,20.0,2017,9,0.778,2775.0
15,0,40.0,20.0,2018,66,0.667,-562.5
15,0,40.0,20.0,2019,46,0.761,11912.5
15,0,40.0,20.0,2020,119,0.731,20087.5
15,0,40.0,20.0,2021,107,0.72,14325.0
15,0,40.0,20.0,2022,168,0.667,-3925.0
15,0,40.0,20.0,2023,122,0.672,-1050.0
15,0,40.0,20.0,2024,116,0.681,2175.0
15,0,40.0,20.0,2025,148,0.716,19950.0
15,0,40.0,20.0,2026,95,0.674,-2837.5
15,0,25.0,7.5,2016,8,0.875,1175.0
15,0,25.0,7.5,2017,14,0.857,1750.0
15,0,25.0,7.5,2018,77,0.792,950.0
15,0,25.0,7.5,2019,52,0.885,8150.0
15,0,25.0,7.5,2020,127,0.827,8700.0
15,0,25.0,7.5,2021,114,0.842,10650.0
15,0,25.0,7.5,2022,169,0.757,-7475.0
15,0,25.0,7.5,2023,137,0.788,825.0
15,0,25.0,7.5,2024,125,0.792,1500.0
15,0,25.0,7.5,2025,152,0.783,1062.5
15,0,25.0,7.5,2026,96,0.771,-2150.0
10,1,30.0,80.0,2016,20,0.4,2000.0
10,1,30.0,80.0,2017,38,0.526,-600.0
10,1,30.0,80.0,2018,119,0.454,-10475.0
10,1,30.0,80.0,2019,100,0.53,7800.0
10,1,30.0,80.0,2020,153,0.529,2100.0
10,1,30.0,80.0,2021,149,0.577,10362.5
10,1,30.0,80.0,2022,201,0.393,-29387.5
10,1,30.0,80.0,2023,173,0.497,2337.5
10,1,30.0,80.0,2024,161,0.522,5425.0
10,1,30.0,80.0,2025,180,0.483,14412.5
10,1,30.0,80.0,2026,110,0.427,-10725.0
10,1,10.0,10.0,2016,20,0.4,100.0
10,1,10.0,10.0,2017,38,0.526,975.0
10,1,10.0,10.0,2018,119,0.487,-2762.5
10,1,10.0,10.0,2019,100,0.53,3400.0
10,1,10.0,10.0,2020,153,0.556,5287.5
10,1,10.0,10.0,2021,149,0.57,8650.0
10,1,10.0,10.0,2022,201,0.498,-5525.0
10,1,10.0,10.0,2023,173,0.474,-9650.0
10,1,10.0,10.0,2024,161,0.528,625.0
10,1,10.0,10.0,2025,180,0.533,1725.0
10,1,10.0,10.0,2026,110,0.482,-4750.0
15,1,40.0,50.0,2016,8,0.625,2787.5
15,1,40.0,50.0,2017,14,0.357,-837.5
15,1,40.0,50.0,2018,80,0.438,-14750.0
15,1,40.0,50.0,2019,52,0.615,8137.5
15,1,40.0,50.0,2020,127,0.559,9912.5
15,1,40.0,50.0,2021,114,0.588,14050.0
15,1,40.0,50.0,2022,169,0.479,-23762.5
15,1,40.0,50.0,2023,138,0.543,6000.0
15,1,40.0,50.0,2024,125,0.584,7862.5
15,1,40.0,50.0,2025,152,0.579,14162.5
15,1,40.0,50.0,2026,96,0.5,-5925.0
15,0,40.0,25.0,2016,7,0.857,5325.0
15,0,40.0,25.0,2017,9,0.778,4525.0
15,0,40.0,25.0,2018,63,0.587,-6487.5
15,0,40.0,25.0,2019,45,0.756,19375.0
15,0,40.0,25.0,2020,118,0.636,4887.5
15,0,40.0,25.0,2021,102,0.696,24200.0
15,0,40.0,25.0,2022,165,0.588,-18875.0
15,0,40.0,25.0,2023,117,0.624,325.0
15,0,40.0,25.0,2024,110,0.645,8000.0
15,0,40.0,25.0,2025,145,0.621,25.0
15,0,40.0,25.0,2026,94,0.596,-11475.0
15,1,7.5,80.0,2016,8,0.5,1262.5
15,1,7.5,80.0,2017,14,0.357,-1137.5
15,1,7.5,80.0,2018,80,0.275,-4187.5
15,1,7.5,80.0,2019,52,0.481,2075.0
15,1,7.5,80.0,2020,127,0.315,200.0
15,1,7.5,80.0,2021,114,0.421,13912.5
15,1,7.5,80.0,2022,169,0.178,800.0
15,1,7.5,80.0,2023,138,0.297,3987.5
15,1,7.5,80.0,2024,125,0.312,1500.0
15,1,7.5,80.0,2025,152,0.257,-237.5
15,1,7.5,80.0,2026,96,0.219,5087.5
15,0,15.0,10.0,2016,8,0.875,2550.0
15,0,15.0,10.0,2017,14,0.643,400.0
15,0,15.0,10.0,2018,79,0.62,25.0
15,0,15.0,10.0,2019,52,0.788,10150.0
15,0,15.0,10.0,2020,127,0.677,8900.0
15,0,15.0,10.0,2021,114,0.719,14150.0
15,0,15.0,10.0,2022,169,0.568,-10975.0
15,0,15.0,10.0,2023,138,0.565,-9450.0
15,0,15.0,10.0,2024,125,0.648,4375.0
15,0,15.0,10.0,2025,152,0.658,8887.5
15,0,15.0,10.0,2026,96,0.646,3100.0
15,0,7.5,7.5,2016,8,0.5,-200.0
15,0,7.5,7.5,2017,14,0.5,-350.0
15,0,7.5,7.5,2018,80,0.45,-5000.0
15,0,7.5,7.5,2019,52,0.596,1275.0
15,0,7.5,7.5,2020,127,0.575,3950.0
15,0,7.5,7.5,2021,114,0.605,6150.0
15,0,7.5,7.5,2022,169,0.515,-2350.0
15,0,7.5,7.5,2023,138,0.5,-3450.0
15,0,7.5,7.5,2024,125,0.552,1750.0
15,0,7.5,7.5,2025,152,0.559,2950.0
15,0,7.5,7.5,2026,96,0.49,-3150.0
15,0,7.5,5.0,2016,8,0.75,550.0
15,0,7.5,5.0,2017,14,0.571,-600.0
15,0,7.5,5.0,2018,80,0.538,-5125.0
15,0,7.5,5.0,2019,52,0.673,-100.0
15,0,7.5,5.0,2020,127,0.638,-162.5
15,0,7.5,5.0,2021,114,0.684,3150.0
15,0,7.5,5.0,2022,169,0.609,-3225.0
15,0,7.5,5.0,2023,138,0.601,-3325.0
15,0,7.5,5.0,2024,125,0.664,1875.0
15,0,7.5,5.0,2025,152,0.618,-2050.0
15,0,7.5,5.0,2026,96,0.573,-4025.0
15,1,7.5,15.0,2016,8,0.5,875.0
15,1,7.5,15.0,2017,14,0.357,-1137.5
15,1,7.5,15.0,2018,80,0.325,-4825.0
15,1,7.5,15.0,2019,52,0.558,6950.0
15,1,7.5,15.0,2020,127,0.409,4150.0
15,1,7.5,15.0,2021,114,0.482,14037.5
15,1,7.5,15.0,2022,169,0.349,-2225.0
15,1,7.5,15.0,2023,138,0.362,-3387.5
15,1,7.5,15.0,2024,125,0.368,-1800.0
15,1,7.5,15.0,2025,152,0.395,5012.5
15,1,7.5,15.0,2026,96,0.323,-3775.0
10,1,12.5,80.0,2016,20,0.4,2287.5
10,1,12.5,80.0,2017,38,0.526,0.0
10,1,12.5,80.0,2018,119,0.42,-537.5
10,1,12.5,80.0,2019,100,0.52,8812.5
10,1,12.5,80.0,2020,153,0.379,-7850.0
10,1,12.5,80.0,2021,149,0.523,24187.5
10,1,12.5,80.0,2022,201,0.269,6775.0
10,1,12.5,80.0,2023,173,0.341,-7337.5
10,1,12.5,80.0,2024,161,0.398,7762.5
10,1,12.5,80.0,2025,180,0.333,8362.5
10,1,12.5,80.0,2026,110,0.3,2975.0
15,1,40.0,7.5,2016,8,0.625,812.5
15,1,40.0,7.5,2017,14,0.429,-350.0
15,1,40.0,7.5,2018,80,0.588,-14225.0
15,1,40.0,7.5,2019,52,0.692,5100.0
15,1,40.0,7.5,2020,127,0.772,4337.5
15,1,40.0,7.5,2021,114,0.719,-800.0
15,1,40.0,7.5,2022,169,0.817,-9837.5
15,1,40.0,7.5,2023,138,0.703,-8712.5
15,1,40.0,7.5,2024,125,0.808,4125.0
15,1,40.0,7.5,2025,152,0.829,5412.5
15,1,40.0,7.5,2026,96,0.833,5362.5
15,1,5.0,80.0,2016,8,0.375,1062.5
15,1,5.0,80.0,2017,14,0.357,-1037.5
15,1,5.0,80.0,2018,80,0.225,-3862.5
15,1,5.0,80.0,2019,52,0.442,3237.5
15,1,5.0,80.0,2020,127,0.244,-1275.0
15,1,5.0,80.0,2021,114,0.316,7750.0
15,1,5.0,80.0,2022,169,0.142,4637.5
15,1,5.0,80.0,2023,138,0.232,4162.5
15,1,5.0,80.0,2024,125,0.248,3737.5
15,1,5.0,80.0,2025,152,0.191,2900.0
15,1,5.0,80.0,2026,96,0.167,6612.5
15,1,7.5,7.5,2016,8,0.5,112.5
15,1,7.5,7.5,2017,14,0.429,-375.0
15,1,7.5,7.5,2018,80,0.388,-6450.0
15,1,7.5,7.5,2019,52,0.596,2700.0
15,1,7.5,7.5,2020,127,0.559,2325.0
15,1,7.5,7.5,2021,114,0.579,5450.0
15,1,7.5,7.5,2022,169,0.515,-2350.0
15,1,7.5,7.5,2023,138,0.493,-3837.5
15,1,7.5,7.5,2024,125,0.56,2200.0
15,1,7.5,7.5,2025,152,0.559,2975.0
15,1,7.5,7.5,2026,96,0.49,-2925.0
10,0,12.5,30.0,2016,13,0.462,4300.0
10,0,12.5,30.0,2017,29,0.448,8775.0
10,0,12.5,30.0,2018,106,0.33,6287.5
10,0,12.5,30.0,2019,83,0.41,17587.5
10,0,12.5,30.0,2020,146,0.349,13475.0
10,0,12.5,30.0,2021,138,0.413,31625.0
10,0,12.5,30.0,2022,201,0.313,2937.5
10,0,12.5,30.0,2023,163,0.294,-3950.0
10,0,12.5,30.0,2024,155,0.316,3375.0
10,0,12.5,30.0,2025,180,0.294,-4825.0
10,0,12.5,30.0,2026,110,0.282,-5625.0
10,1,40.0,15.0,2016,20,0.4,475.0
10,1,40.0,15.0,2017,38,0.526,-437.5
10,1,40.0,15.0,2018,119,0.529,-10550.0
10,1,40.0,15.0,2019,100,0.54,6700.0
10,1,40.0,15.0,2020,153,0.647,3712.5
10,1,40.0,15.0,2021,149,0.644,6137.5
10,1,40.0,15.0,2022,201,0.657,-20525.0
10,1,40.0,15.0,2023,173,0.607,-3250.0
10,1,40.0,15.0,2024,161,0.665,12025.0
10,1,40.0,15.0,2025,180,0.7,21862.5
10,1,40.0,15.0,2026,110,0.691,-1212.5
10,0,10.0,15.0,2016,19,0.526,2525.0
10,0,10.0,15.0,2017,36,0.444,1100.0
10,0,10.0,15.0,2018,115,0.461,5875.0
10,0,10.0,15.0,2019,98,0.551,15237.5
10,0,10.0,15.0,2020,152,0.48,11550.0
10,0,10.0,15.0,2021,147,0.51,16575.0
10,0,10.0,15.0,2022,201,0.403,-4275.0
10,0,10.0,15.0,2023,173,0.358,-13325.0
10,0,10.0,15.0,2024,159,0.44,4025.0
10,0,10.0,15.0,2025,180,0.461,9250.0
10,0,10.0,15.0,2026,110,0.418,-250.0
10,1,15.0,15.0,2016,20,0.4,512.5
10,1,15.0,15.0,2017,38,0.526,-37.5
10,1,15.0,15.0,2018,119,0.496,-2750.0
10,1,15.0,15.0,2019,100,0.54,7837.5
10,1,15.0,15.0,2020,153,0.549,7500.0
10,1,15.0,15.0,2021,149,0.577,11800.0
10,1,15.0,15.0,2022,201,0.478,-9900.0
10,1,15.0,15.0,2023,173,0.439,-19950.0
10,1,15.0,15.0,2024,161,0.534,4200.0
10,1,15.0,15.0,2025,180,0.561,12675.0
10,1,15.0,15.0,2026,110,0.536,1812.5
15,1,15.0,7.5,2016,8,0.625,812.5
15,1,15.0,7.5,2017,14,0.429,-350.0
15,1,15.0,7.5,2018,80,0.525,-8037.5
15,1,15.0,7.5,2019,52,0.673,5087.5
15,1,15.0,7.5,2020,127,0.669,-750.0
15,1,15.0,7.5,2021,114,0.675,5437.5
15,1,15.0,7.5,2022,169,0.651,-7012.5
15,1,15.0,7.5,2023,138,0.616,-8675.0
15,1,15.0,7.5,2024,125,0.712,3200.0
15,1,15.0,7.5,2025,152,0.684,362.5
15,1,15.0,7.5,2026,96,0.688,450.0
15,1,20.0,40.0,2016,8,0.625,2787.5
15,1,20.0,40.0,2017,14,0.357,-837.5
15,1,20.0,40.0,2018,80,0.425,-5450.0
15,1,20.0,40.0,2019,52,0.596,8575.0
15,1,20.0,40.0,2020,127,0.48,-3287.5
15,1,20.0,40.0,2021,114,0.561,18375.0
15,1,20.0,40.0,2022,169,0.402,-1887.5
15,1,20.0,40.0,2023,138,0.486,862.5
15,1,20.0,40.0,2024,125,0.536,9100.0
15,1,20.0,40.0,2025,152,0.48,10937.5
15,1,20.0,40.0,2026,96,0.448,6075.0
10,1,20.0,5.0,2016,20,0.45,-1175.0
10,1,20.0,5.0,2017,38,0.579,400.0
10,1,20.0,5.0,2018,119,0.731,800.0
10,1,20.0,5.0,2019,100,0.65,-2962.5
10,1,20.0,5.0,2020,153,0.778,-3975.0
10,1,20.0,5.0,2021,149,0.792,575.0
10,1,20.0,5.0,2022,201,0.731,-21287.5
10,1,20.0,5.0,2023,173,0.74,-13400.0
10,1,20.0,5.0,2024,161,0.789,-2687.5
10,1,20.0,5.0,2025,180,0.794,1087.5
10,1,20.0,5.0,2026,110,0.782,-5250.0
15,1,30.0,60.0,2016,8,0.625,2787.5
15,1,30.0,60.0,2017,14,0.357,-837.5
15,1,30.0,60.0,2018,80,0.438,-10637.5
15,1,30.0,60.0,2019,52,0.615,9137.5
15,1,30.0,60.0,2020,127,0.535,4350.0
15,1,30.0,60.0,2021,114,0.579,14175.0
15,1,30.0,60.0,2022,169,0.444,-3875.0
15,1,30.0,60.0,2023,138,0.543,14312.5
15,1,30.0,60.0,2024,125,0.576,7012.5
15,1,30.0,60.0,2025,152,0.539,15850.0
15,1,30.0,60.0,2026,96,0.448,-9200.0
15,0,25.0,15.0,2016,7,0.857,3075.0
15,0,25.0,15.0,2017,14,0.786,4150.0
15,0,25.0,15.0,2018,73,0.671,6262.5
15,0,25.0,15.0,2019,51,0.784,14987.5
15,0,25.0,15.0,2020,126,0.714,19350.0
15,0,25.0,15.0,2021,111,0.73,20475.0
15,0,25.0,15.0,2022,169,0.627,-3162.5
15,0,25.0,15.0,2023,134,0.664,7150.0
15,0,25.0,15.0,2024,125,0.632,-1050.0
15,0,25.0,15.0,2025,152,0.678,14025.0
15,0,25.0,15.0,2026,96,0.604,-7500.0
10,1,10.0,15.0,2016,20,0.4,737.5
10,1,10.0,15.0,2017,38,0.526,600.0
10,1,10.0,15.0,2018,119,0.437,-2525.0
10,1,10.0,15.0,2019,100,0.51,6487.5
10,1,10.0,15.0,2020,153,0.477,6587.5
10,1,10.0,15.0,2021,149,0.523,14962.5
10,1,10.0,15.0,2022,201,0.393,-5887.5
10,1,10.0,15.0,2023,173,0.376,-11862.5
10,1,10.0,15.0,2024,161,0.447,3362.5
10,1,10.0,15.0,2025,180,0.472,11187.5
10,1,10.0,15.0,2026,110,0.427,-75.0
10,0,12.5,5.0,2016,20,0.75,125.0
10,0,12.5,5.0,2017,38,0.737,-200.0
10,0,12.5,5.0,2018,119,0.748,525.0
10,0,12.5,5.0,2019,100,0.72,-1875.0
10,0,12.5,5.0,2020,153,0.686,-7575.0
10,0,12.5,5.0,2021,149,0.765,2900.0
10,0,12.5,5.0,2022,201,0.682,-11062.5
10,0,12.5,5.0,2023,173,0.642,-15325.0
10,0,12.5,5.0,2024,161,0.745,350.0
10,0,12.5,5.0,2025,180,0.733,-1500.0
10,0,12.5,5.0,2026,110,0.718,-2375.0
15,0,15.0,25.0,2016,7,0.714,4575.0
15,0,15.0,25.0,2017,11,0.455,1475.0
15,0,15.0,25.0,2018,77,0.364,-2850.0
15,0,15.0,25.0,2019,50,0.5,10300.0
15,0,15.0,25.0,2020,125,0.384,-962.5
15,0,15.0,25.0,2021,112,0.518,29412.5
15,0,15.0,25.0,2022,169,0.379,-2975.0
15,0,15.0,25.0,2023,134,0.396,2150.0
15,0,15.0,25.0,2024,124,0.419,7900.0
15,0,15.0,25.0,2025,152,0.362,-6650.0
15,0,15.0,25.0,2026,96,0.406,3600.0
15,0,20.0,25.0,2016,7,0.714,4075.0
15,0,20.0,25.0,2017,11,0.636,4475.0
15,0,20.0,25.0,2018,71,0.479,4550.0
15,0,20.0,25.0,2019,50,0.58,13450.0
15,0,20.0,25.0,2020,124,0.468,3487.5
15,0,20.0,25.0,2021,110,0.564,26750.0
15,0,20.0,25.0,2022,169,0.438,-6725.0
15,0,20.0,25.0,2023,130,0.5,13000.0
15,0,20.0,25.0,2024,122,0.492,9950.0
15,0,20.0,25.0,2025,152,0.447,-2225.0
15,0,20.0,25.0,2026,96,0.438,-5562.5
15,1,30.0,40.0,2016,8,0.625,2787.5
15,1,30.0,40.0,2017,14,0.357,-837.5
15,1,30.0,40.0,2018,80,0.438,-12562.5
15,1,30.0,40.0,2019,52,0.615,10000.0
15,1,30.0,40.0,2020,127,0.543,2037.5
15,1,30.0,40.0,2021,114,0.579,13475.0
15,1,30.0,40.0,2022,169,0.467,-11375.0
15,1,30.0,40.0,2023,138,0.543,9037.5
15,1,30.0,40.0,2024,125,0.592,13075.0
15,1,30.0,40.0,2025,152,0.553,13625.0
15,1,30.0,40.0,2026,96,0.458,-8675.0
15,1,5.0,40.0,2016,8,0.375,1062.5
15,1,5.0,40.0,2017,14,0.357,-1037.5
15,1,5.0,40.0,2018,80,0.238,-1612.5
15,1,5.0,40.0,2019,52,0.442,3237.5
15,1,5.0,40.0,2020,127,0.244,-2500.0
15,1,5.0,40.0,2021,114,0.316,8687.5
15,1,5.0,40.0,2022,169,0.16,3237.5
15,1,5.0,40.0,2023,138,0.232,3925.0
15,1,5.0,40.0,2024,125,0.248,1800.0
15,1,5.0,40.0,2025,152,0.211,4437.5
15,1,5.0,40.0,2026,96,0.188,6262.5
15,1,20.0,7.5,2016,8,0.625,812.5
15,1,20.0,7.5,2017,14,0.429,-350.0
15,1,20.0,7.5,2018,80,0.575,-6650.0
15,1,20.0,7.5,2019,52,0.673,4262.5
15,1,20.0,7.5,2020,127,0.724,3375.0
15,1,20.0,7.5,2021,114,0.693,4350.0
15,1,20.0,7.5,2022,169,0.71,-7762.5
15,1,20.0,7.5,2023,138,0.667,-7475.0
15,1,20.0,7.5,2024,125,0.744,1237.5
15,1,20.0,7.5,2025,152,0.75,3650.0
15,1,20.0,7.5,2026,96,0.75,1262.5
10,0,15.0,80.0,2016,7,0.286,4075.0
10,0,15.0,80.0,2017,10,0.5,16000.0
10,0,15.0,80.0,2018,67,0.149,-4425.0
10,0,15.0,80.0,2019,46,0.261,20787.5
10,0,15.0,80.0,2020,118,0.119,-24950.0
10,0,15.0,80.0,2021,91,0.231,29225.0
10,0,15.0,80.0,2022,167,0.15,-10675.0
10,0,15.0,80.0,2023,116,0.181,9850.0
10,0,15.0,80.0,2024,110,0.2,19250.0
10,0,15.0,80.0,2025,142,0.176,8700.0
10,0,15.0,80.0,2026,91,0.132,-14962.5
15,1,10.0,25.0,2016,8,0.5,1025.0
15,1,10.0,25.0,2017,14,0.357,-837.5
15,1,10.0,25.0,2018,80,0.325,-6775.0
15,1,10.0,25.0,2019,52,0.538,4987.5
15,1,10.0,25.0,2020,127,0.402,-575.0
15,1,10.0,25.0,2021,114,0.509,23737.5
15,1,10.0,25.0,2022,169,0.29,-7237.5
15,1,10.0,25.0,2023,138,0.384,5987.5
15,1,10.0,25.0,2024,125,0.416,3875.0
15,1,10.0,25.0,2025,152,0.329,-5787.5
15,1,10.0,25.0,2026,96,0.344,3325.0
15,1,7.5,30.0,2016,8,0.5,1262.5
15,1,7.5,30.0,2017,14,0.357,-1137.5
15,1,7.5,30.0,2018,80,0.275,-6037.5
15,1,7.5,30.0,2019,52,0.481,2662.5
15,1,7.5,30.0,2020,127,0.346,2250.0
15,1,7.5,30.0,2021,114,0.43,17862.5
15,1,7.5,30.0,2022,169,0.237,2187.5
15,1,7.5,30.0,2023,138,0.304,3662.5
15,1,7.5,30.0,2024,125,0.328,1225.0
15,1,7.5,30.0,2025,152,0.289,2075.0
15,1,7.5,30.0,2026,96,0.271,4325.0
10,0,40.0,50.0,2016,7,0.571,3825.0
10,0,40.0,50.0,2017,12,0.75,16200.0
10,0,40.0,50.0,2018,58,0.379,-18450.0
10,0,40.0,50.0,2019,45,0.578,26000.0
10,0,40.0,50.0,2020,103,0.495,20925.0
10,0,40.0,50.0,2021,85,0.459,3375.0
10,0,40.0,50.0,2022,167,0.437,-9675.0
10,0,40.0,50.0,2023,94,0.489,17450.0
10,0,40.0,50.0,2024,104,0.471,9900.0
10,0,40.0,50.0,2025,138,0.464,10700.0
10,0,40.0,50.0,2026,93,0.355,-42087.5
15,1,10.0,60.0,2016,8,0.5,1012.5
15,1,10.0,60.0,2017,14,0.357,-837.5
15,1,10.0,60.0,2018,80,0.325,-3462.5
15,1,10.0,60.0,2019,52,0.538,4850.0
15,1,10.0,60.0,2020,127,0.354,-4450.0
15,1,10.0,60.0,2021,114,0.509,23500.0
15,1,10.0,60.0,2022,169,0.213,-5850.0
15,1,10.0,60.0,2023,138,0.355,8775.0
15,1,10.0,60.0,2024,125,0.384,4337.5
15,1,10.0,60.0,2025,152,0.289,-5300.0
15,1,10.0,60.0,2026,96,0.271,4650.0
10,1,10.0,20.0,2016,20,0.4,1387.5
10,1,10.0,20.0,2017,38,0.526,437.5
10,1,10.0,20.0,2018,119,0.42,-512.5
10,1,10.0,20.0,2019,100,0.51,10012.5
10,1,10.0,20.0,2020,153,0.425,4600.0
10,1,10.0,20.0,2021,149,0.517,24275.0
10,1,10.0,20.0,2022,201,0.353,412.5
10,1,10.0,20.0,2023,173,0.353,-7650.0
10,1,10.0,20.0,2024,161,0.391,1575.0
10,1,10.0,20.0,2025,180,0.417,13712.5
10,1,10.0,20.0,2026,110,0.355,-825.0
15,1,40.0,30.0,2016,8,0.625,3087.5
15,1,40.0,30.0,2017,14,0.357,-837.5
15,1,40.0,30.0,2018,80,0.438,-16675.0
15,1,40.0,30.0,2019,52,0.615,8587.5
15,1,40.0,30.0,2020,127,0.575,3975.0
15,1,40.0,30.0,2021,114,0.596,15362.5
15,1,40.0,30.0,2022,169,0.538,-21887.5
15,1,40.0,30.0,2023,138,0.558,3537.5
15,1,40.0,30.0,2024,125,0.616,13175.0
15,1,40.0,30.0,2025,152,0.612,16212.5
15,1,40.0,30.0,2026,96,0.552,1800.0
15,1,25.0,5.0,2016,8,0.75,687.5
15,1,25.0,5.0,2017,14,0.429,-200.0
15,1,25.0,5.0,2018,80,0.662,-8937.5
15,1,25.0,5.0,2019,52,0.769,3675.0
15,1,25.0,5.0,2020,127,0.835,3575.0
15,1,25.0,5.0,2021,114,0.781,1075.0
15,1,25.0,5.0,2022,169,0.799,-12100.0
15,1,25.0,5.0,2023,138,0.797,-2750.0
15,1,25.0,5.0,2024,125,0.84,1250.0
15,1,25.0,5.0,2025,152,0.803,-7900.0
15,1,25.0,5.0,2026,96,0.812,-3350.0
15,0,12.5,80.0,2016,5,0.2,1375.0
15,0,12.5,80.0,2017,9,0.222,3400.0
15,0,12.5,80.0,2018,67,0.134,-1787.5
15,0,12.5,80.0,2019,37,0.243,16375.0
15,0,12.5,80.0,2020,105,0.114,-13575.0
15,0,12.5,80.0,2021,86,0.209,27350.0
15,0,12.5,80.0,2022,149,0.141,-25.0
15,0,12.5,80.0,2023,104,0.173,15650.0
15,0,12.5,80.0,2024,89,0.18,16150.0
15,0,12.5,80.0,2025,135,0.111,-18375.0
15,0,12.5,80.0,2026,87,0.138,-4137.5
15,1,7.5,5.0,2016,8,0.625,112.5
15,1,7.5,5.0,2017,14,0.429,-225.0
15,1,7.5,5.0,2018,80,0.488,-5600.0
15,1,7.5,5.0,2019,52,0.673,1350.0
15,1,7.5,5.0,2020,127,0.63,-650.0
15,1,7.5,5.0,2021,114,0.667,3212.5
15,1,7.5,5.0,2022,169,0.609,-3225.0
15,1,7.5,5.0,2023,138,0.594,-3587.5
15,1,7.5,5.0,2024,125,0.664,1875.0
15,1,7.5,5.0,2025,152,0.618,-1787.5
15,1,7.5,5.0,2026,96,0.573,-3800.0
10,0,10.0,25.0,2016,18,0.389,2800.0
10,0,10.0,25.0,2017,33,0.364,3675.0
10,0,10.0,25.0,2018,110,0.327,5250.0
10,0,10.0,25.0,2019,92,0.359,8537.5
10,0,10.0,25.0,2020,148,0.345,11462.5
10,0,10.0,25.0,2021,146,0.39,23100.0
10,0,10.0,25.0,2022,201,0.323,8225.0
10,0,10.0,25.0,2023,169,0.272,-8225.0
10,0,10.0,25.0,2024,158,0.304,1050.0
10,0,10.0,25.0,2025,180,0.317,5750.0
10,0,10.0,25.0,2026,110,0.309,1750.0
10,0,12.5,50.0,2016,10,0.2,-250.0
10,0,12.5,50.0,2017,19,0.421,12650.0
10,0,12.5,50.0,2018,91,0.209,225.0
10,0,12.5,50.0,2019,69,0.333,26437.5
10,0,12.5,50.0,2020,131,0.206,-775.0
10,0,12.5,50.0,2021,116,0.267,21475.0
10,0,12.5,50.0,2022,193,0.212,2387.5
10,0,12.5,50.0,2023,145,0.207,175.0
10,0,12.5,50.0,2024,139,0.23,9650.0
10,0,12.5,50.0,2025,170,0.206,-2287.5
10,0,12.5,50.0,2026,107,0.187,-7050.0
15,0,10.0,7.5,2016,8,0.625,175.0
15,0,10.0,7.5,2017,14,0.714,1400.0
15,0,10.0,7.5,2018,80,0.512,-6125.0
15,0,10.0,7.5,2019,52,0.673,2275.0
15,0,10.0,7.5,2020,127,0.63,3325.0
15,0,10.0,7.5,2021,114,0.693,9275.0
15,0,10.0,7.5,2022,169,0.58,-2975.0
15,0,10.0,7.5,2023,138,0.572,-3325.0
15,0,10.0,7.5,2024,125,0.616,1750.0
15,0,10.0,7.5,2025,152,0.612,1575.0
15,0,10.0,7.5,2026,96,0.573,-2275.0
10,1,7.5,10.0,2016,20,0.35,-462.5
10,1,7.5,10.0,2017,38,0.5,762.5
10,1,7.5,10.0,2018,119,0.395,-6762.5
10,1,7.5,10.0,2019,100,0.48,1937.5
10,1,7.5,10.0,2020,153,0.471,1487.5
10,1,7.5,10.0,2021,149,0.523,8737.5
10,1,7.5,10.0,2022,201,0.428,-5150.0
10,1,7.5,10.0,2023,173,0.416,-7225.0
10,1,7.5,10.0,2024,161,0.472,2275.0
10,1,7.5,10.0,2025,180,0.467,1237.5
10,1,7.5,10.0,2026,110,0.436,-2000.0
10,1,25.0,40.0,2016,20,0.4,1637.5
10,1,25.0,40.0,2017,38,0.526,-637.5
10,1,25.0,40.0,2018,119,0.454,-11300.0
10,1,25.0,40.0,2019,100,0.53,9937.5
10,1,25.0,40.0,2020,153,0.523,2075.0
10,1,25.0,40.0,2021,149,0.57,17162.5
10,1,25.0,40.0,2022,201,0.378,-36087.5
10,1,25.0,40.0,2023,173,0.486,1725.0
10,1,25.0,40.0,2024,161,0.516,7312.5
10,1,25.0,40.0,2025,180,0.494,22187.5
10,1,25.0,40.0,2026,110,0.409,-12837.5
10,1,25.0,20.0,2016,20,0.4,762.5
10,1,25.0,20.0,2017,38,0.526,-637.5
10,1,25.0,20.0,2018,119,0.487,-9762.5
10,1,25.0,20.0,2019,100,0.54,11487.5
10,1,25.0,20.0,2020,153,0.595,12387.5
10,1,25.0,20.0,2021,149,0.597,12912.5
10,1,25.0,20.0,2022,201,0.498,-26175.0
10,1,25.0,20.0,2023,173,0.543,1575.0
10,1,25.0,20.0,2024,161,0.571,6612.5
10,1,25.0,20.0,2025,180,0.6,21512.5
10,1,25.0,20.0,2026,110,0.518,-11225.0
10,1,30.0,60.0,2016,20,0.4,2000.0
10,1,30.0,60.0,2017,38,0.526,-600.0
10,1,30.0,60.0,2018,119,0.454,-11787.5
10,1,30.0,60.0,2019,100,0.53,7800.0
10,1,30.0,60.0,2020,153,0.542,10275.0
10,1,30.0,60.0,2021,149,0.577,12562.5
10,1,30.0,60.0,2022,201,0.393,-30625.0
10,1,30.0,60.0,2023,173,0.497,2450.0
10,1,30.0,60.0,2024,161,0.522,3175.0
10,1,30.0,60.0,2025,180,0.483,11862.5
10,1,30.0,60.0,2026,110,0.427,-14275.0
10,0,5.0,10.0,2016,20,0.3,-1000.0
10,0,5.0,10.0,2017,37,0.378,325.0
10,0,5.0,10.0,2018,119,0.319,-4225.0
10,0,5.0,10.0,2019,100,0.42,2975.0
10,0,5.0,10.0,2020,153,0.353,-1125.0
10,0,5.0,10.0,2021,149,0.409,4775.0
10,0,5.0,10.0,2022,201,0.338,-4275.0
10,0,5.0,10.0,2023,173,0.324,-5575.0
10,0,5.0,10.0,2024,161,0.391,2975.0
10,0,5.0,10.0,2025,180,0.394,3750.0
10,0,5.0,10.0,2026,110,0.327,-3250.0
10,0,15.0,25.0,2016,15,0.467,2375.0
10,0,15.0,25.0,2017,31,0.516,7975.0
10,0,15.0,25.0,2018,105,0.438,11687.5
10,0,15.0,25.0,2019,87,0.46,11537.5
10,0,15.0,25.0,2020,146,0.438,14850.0
10,0,15.0,25.0,2021,140,0.464,21500.0
10,0,15.0,25.0,2022,201,0.398,4062.5
10,0,15.0,25.0,2023,163,0.368,-6325.0
10,0,15.0,25.0,2024,156,0.397,3100.0
10,0,15.0,25.0,2025,179,0.397,3262.5
10,0,15.0,25.0,2026,110,0.382,-1250.0
10,1,20.0,15.0,2016,20,0.4,362.5
10,1,20.0,15.0,2017,38,0.526,-225.0
10,1,20.0,15.0,2018,119,0.504,-7150.0
10,1,20.0,15.0,2019,100,0.54,6550.0
10,1,20.0,15.0,2020,153,0.595,8037.5
10,1,20.0,15.0,2021,149,0.604,8350.0
10,1,20.0,15.0,2022,201,0.527,-16787.5
10,1,20.0,15.0,2023,173,0.526,-12450.0
10,1,20.0,15.0,2024,161,0.596,5825.0
10,1,20.0,15.0,2025,180,0.589,8512.5
10,1,20.0,15.0,2026,110,0.582,-1262.5
15,0,40.0,50.0,2016,5,0.6,3375.0
15,0,40.0,50.0,2017,7,0.714,8325.0
15,0,40.0,50.0,2018,46,0.391,-12150.0
15,0,40.0,50.0,2019,35,0.543,14625.0
15,0,40.0,50.0,2020,98,0.48,13050.0
15,0,40.0,50.0,2021,73,0.507,18675.0
15,0,40.0,50.0,2022,145,0.455,3375.0
15,0,40.0,50.0,2023,84,0.488,14812.5
15,0,40.0,50.0,2024,90,0.444,-2250.0
15,0,40.0,50.0,2025,128,0.477,16412.5
15,0,40.0,50.0,2026,82,0.378,-29675.0
10,1,40.0,25.0,2016,20,0.4,1525.0
10,1,40.0,25.0,2017,38,0.526,-600.0
10,1,40.0,25.0,2018,119,0.496,-9950.0
10,1,40.0,25.0,2019,100,0.53,6550.0
10,1,40.0,25.0,2020,153,0.608,11512.5
10,1,40.0,25.0,2021,149,0.591,8362.5
10,1,40.0,25.0,2022,201,0.577,-8700.0
10,1,40.0,25.0,2023,173,0.566,5837.5
10,1,40.0,25.0,2024,161,0.59,8587.5
10,1,40.0,25.0,2025,180,0.6,18862.5
10,1,40.0,25.0,2026,110,0.564,-7662.5
15,0,40.0,60.0,2016,4,0.5,1900.0
15,0,40.0,60.0,2017,7,0.714,10825.0
15,0,40.0,60.0,2018,44,0.364,-7962.5
15,0,40.0,60.0,2019,30,0.5,14250.0
15,0,40.0,60.0,2020,89,0.427,9775.0
15,0,40.0,60.0,2021,66,0.5,31350.0
15,0,40.0,60.0,2022,137,0.416,7575.0
15,0,40.0,60.0,2023,78,0.462,22050.0
15,0,40.0,60.0,2024,87,0.402,-1175.0
15,0,40.0,60.0,2025,117,0.427,13175.0
15,0,40.0,60.0,2026,75,0.333,-30612.5
10,1,20.0,25.0,2016,20,0.4,1412.5
10,1,20.0,25.0,2017,38,0.526,-387.5
10,1,20.0,25.0,2018,119,0.471,-5625.0
10,1,20.0,25.0,2019,100,0.53,7400.0
10,1,20.0,25.0,2020,153,0.556,15162.5
10,1,20.0,25.0,2021,149,0.564,16812.5
10,1,20.0,25.0,2022,201,0.443,-8850.0
10,1,20.0,25.0,2023,173,0.491,-562.5
10,1,20.0,25.0,2024,161,0.516,3387.5
10,1,20.0,25.0,2025,180,0.472,4037.5
10,1,20.0,25.0,2026,110,0.445,-5100.0
15,0,12.5,50.0,2016,6,0.167,-775.0
15,0,12.5,50.0,2017,10,0.2,-250.0
15,0,12.5,50.0,2018,71,0.183,-5525.0
15,0,12.5,50.0,2019,46,0.304,12650.0
15,0,12.5,50.0,2020,115,0.2,-3175.0
15,0,12.5,50.0,2021,96,0.292,25100.0
15,0,12.5,50.0,2022,162,0.216,4075.0
15,0,12.5,50.0,2023,118,0.229,8087.5
15,0,12.5,50.0,2024,109,0.211,1025.0
15,0,12.5,50.0,2025,145,0.207,-675.0
15,0,12.5,50.0,2026,94,0.202,-2825.0
10,0,12.5,20.0,2016,17,0.588,5200.0
10,0,12.5,20.0,2017,33,0.424,1300.0
10,0,12.5,20.0,2018,112,0.446,9762.5
10,0,12.5,20.0,2019,93,0.527,18787.5
10,0,12.5,20.0,2020,150,0.467,16250.0
10,0,12.5,20.0,2021,146,0.473,17225.0
10,0,12.5,20.0,2022,201,0.393,-2562.5
10,0,12.5,20.0,2023,167,0.371,-7800.0
10,0,12.5,20.0,2024,158,0.392,-1950.0
10,0,12.5,20.0,2025,180,0.428,8175.0
10,0,12.5,20.0,2026,110,0.373,-4875.0
10,1,20.0,30.0,2016,20,0.4,1912.5
10,1,20.0,30.0,2017,38,0.526,-387.5
10,1,20.0,30.0,2018,119,0.454,-6487.5
10,1,20.0,30.0,2019,100,0.53,8450.0
10,1,20.0,30.0,2020,153,0.536,11987.5
10,1,20.0,30.0,2021,149,0.564,18525.0
10,1,20.0,30.0,2022,201,0.403,-12975.0
10,1,20.0,30.0,2023,173,0.48,3787.5
10,1,20.0,30.0,2024,161,0.516,8237.5
10,1,20.0,30.0,2025,180,0.433,-1037.5
10,1,20.0,30.0,2026,110,0.4,-9575.0
15,0,25.0,20.0,2016,7,0.714,2325.0
15,0,25.0,20.0,2017,11,0.727,3975.0
15,0,25.0,20.0,2018,71,0.606,7312.5
15,0,25.0,20.0,2019,49,0.673,11537.5
15,0,25.0,20.0,2020,124,0.645,21900.0
15,0,25.0,20.0,2021,111,0.676,27225.0
15,0,25.0,20.0,2022,169,0.574,3050.0
15,0,25.0,20.0,2023,130,0.615,14250.0
15,0,25.0,20.0,2024,125,0.568,450.0
15,0,25.0,20.0,2025,151,0.603,13325.0
15,0,25.0,20.0,2026,96,0.573,250.0
15,0,30.0,40.0,2016,6,0.5,1350.0
15,0,30.0,40.0,2017,8,0.75,8800.0
15,0,30.0,40.0,2018,59,0.39,-9387.5
15,0,30.0,40.0,2019,41,0.537,14475.0
15,0,30.0,40.0,2020,113,0.469,13175.0
15,0,30.0,40.0,2021,90,0.5,20250.0
15,0,30.0,40.0,2022,161,0.422,-7275.0
15,0,30.0,40.0,2023,107,0.495,23237.5
15,0,30.0,40.0,2024,106,0.491,20150.0
15,0,30.0,40.0,2025,141,0.454,9687.5
15,0,30.0,40.0,2026,90,0.378,-20262.5
15,1,25.0,30.0,2016,8,0.625,3087.5
15,1,25.0,30.0,2017,14,0.357,-837.5
15,1,25.0,30.0,2018,80,0.438,-8912.5
15,1,25.0,30.0,2019,52,0.615,10087.5
15,1,25.0,30.0,2020,127,0.543,2887.5
15,1,25.0,30.0,2021,114,0.588,22237.5
15,1,25.0,30.0,2022,169,0.467,-11612.5
15,1,25.0,30.0,2023,138,0.543,10637.5
15,1,25.0,30.0,2024,125,0.592,10100.0
15,1,25.0,30.0,2025,152,0.546,12337.5
15,1,25.0,30.0,2026,96,0.479,-1287.5
15,0,7.5,30.0,2016,7,0.143,-925.0
15,0,7.5,30.0,2017,12,0.25,825.0
15,0,7.5,30.0,2018,80,0.188,-3300.0
15,0,7.5,30.0,2019,50,0.26,2675.0
15,0,7.5,30.0,2020,127,0.228,3575.0
15,0,7.5,30.0,2021,112,0.312,20875.0
15,0,7.5,30.0,2022,169,0.213,-100.0
15,0,7.5,30.0,2023,135,0.244,7875.0
15,0,7.5,30.0,2024,122,0.27,13075.0
15,0,7.5,30.0,2025,151,0.232,5225.0
15,0,7.5,30.0,2026,96,0.219,975.0
10,1,7.5,50.0,2016,20,0.35,1700.0
10,1,7.5,50.0,2017,38,0.5,225.0
10,1,7.5,50.0,2018,119,0.303,-4962.5
10,1,7.5,50.0,2019,100,0.44,6200.0
10,1,7.5,50.0,2020,153,0.281,-5837.5
10,1,7.5,50.0,2021,149,0.456,26887.5
10,1,7.5,50.0,2022,201,0.179,-1312.5
10,1,7.5,50.0,2023,173,0.249,-812.5
10,1,7.5,50.0,2024,161,0.292,9225.0
10,1,7.5,50.0,2025,180,0.25,5075.0
10,1,7.5,50.0,2026,110,0.245,9212.5
10,0,15.0,60.0,2016,7,0.286,2075.0
10,0,15.0,60.0,2017,16,0.5,17600.0
10,0,15.0,60.0,2018,77,0.247,12900.0
10,0,15.0,60.0,2019,55,0.345,28062.5
10,0,15.0,60.0,2020,126,0.19,-7650.0
10,0,15.0,60.0,2021,104,0.269,24400.0
10,0,15.0,60.0,2022,183,0.213,4262.5
10,0,15.0,60.0,2023,131,0.221,7400.0
10,0,15.0,60.0,2024,129,0.233,12525.0
10,0,15.0,60.0,2025,160,0.212,2912.5
10,0,15.0,60.0,2026,104,0.183,-9350.0
10,1,7.5,7.5,2016,20,0.35,-1087.5
10,1,7.5,7.5,2017,38,0.526,962.5
10,1,7.5,7.5,2018,119,0.437,-7450.0
10,1,7.5,7.5,2019,100,0.52,-262.5
10,1,7.5,7.5,2020,153,0.536,200.0
10,1,7.5,7.5,2021,149,0.584,6062.5
10,1,7.5,7.5,2022,201,0.517,-2400.0
10,1,7.5,7.5,2023,173,0.48,-6775.0
10,1,7.5,7.5,2024,161,0.547,1775.0
10,1,7.5,7.5,2025,180,0.556,3000.0
10,1,7.5,7.5,2026,110,0.518,-1250.0
10,0,40.0,7.5,2016,17,0.765,-3550.0
10,0,40.0,7.5,2017,33,0.909,4775.0
10,0,40.0,7.5,2018,111,0.838,-3900.0
10,0,40.0,7.5,2019,88,0.864,2550.0
10,0,40.0,7.5,2020,149,0.872,7587.5
10,0,40.0,7.5,2021,143,0.86,2550.0
10,0,40.0,7.5,2022,201,0.801,-24650.0
10,0,40.0,7.5,2023,161,0.863,4100.0
10,0,40.0,7.5,2024,157,0.854,325.0
10,0,40.0,7.5,2025,178,0.854,550.0
10,0,40.0,7.5,2026,110,0.836,-4250.0
15,1,15.0,80.0,2016,8,0.625,2787.5
15,1,15.0,80.0,2017,14,0.357,-837.5
15,1,15.0,80.0,2018,80,0.388,-3612.5
15,1,15.0,80.0,2019,52,0.596,8637.5
15,1,15.0,80.0,2020,127,0.394,-12800.0
15,1,15.0,80.0,2021,114,0.544,19825.0
15,1,15.0,80.0,2022,169,0.308,2050.0
15,1,15.0,80.0,2023,138,0.413,-3000.0
15,1,15.0,80.0,2024,125,0.472,4100.0
15,1,15.0,80.0,2025,152,0.368,-5537.5
15,1,15.0,80.0,2026,96,0.354,10425.0
10,1,12.5,50.0,2016,20,0.4,2287.5
10,1,12.5,50.0,2017,38,0.526,0.0
10,1,12.5,50.0,2018,119,0.42,-2850.0
10,1,12.5,50.0,2019,100,0.52,9550.0
10,1,12.5,50.0,2020,153,0.392,-3412.5
10,1,12.5,50.0,2021,149,0.523,25500.0
10,1,12.5,50.0,2022,201,0.279,4312.5
10,1,12.5,50.0,2023,173,0.347,-3900.0
10,1,12.5,50.0,2024,161,0.404,13325.0
10,1,12.5,50.0,2025,180,0.339,6387.5
10,1,12.5,50.0,2026,110,0.3,975.0
15,0,15.0,15.0,2016,7,0.714,2075.0
15,0,15.0,15.0,2017,14,0.643,2650.0
15,0,15.0,15.0,2018,79,0.544,4600.0
15,0,15.0,15.0,2019,51,0.647,9487.5
15,0,15.0,15.0,2020,126,0.548,5675.0
15,0,15.0,15.0,2021,113,0.584,11425.0
15,0,15.0,15.0,2022,169,0.503,-3162.5
15,0,15.0,15.0,2023,136,0.478,-7900.0
15,0,15.0,15.0,2024,125,0.512,-875.0
15,0,15.0,15.0,2025,152,0.539,7350.0
15,0,15.0,15.0,2026,96,0.521,600.0
15,1,30.0,50.0,2016,8,0.625,2787.5
15,1,30.0,50.0,2017,14,0.357,-837.5
15,1,30.0,50.0,2018,80,0.438,-11637.5
15,1,30.0,50.0,2019,52,0.615,9137.5
15,1,30.0,50.0,2020,127,0.543,7900.0
15,1,30.0,50.0,2021,114,0.579,15575.0
15,1,30.0,50.0,2022,169,0.444,-9825.0
15,1,30.0,50.0,2023,138,0.543,11937.5
15,1,30.0,50.0,2024,125,0.584,10387.5
15,1,30.0,50.0,2025,152,0.539,13000.0
15,1,30.0,50.0,2026,96,0.448,-11012.5
10,0,25.0,25.0,2016,14,0.5,-350.0
10,0,25.0,25.0,2017,27,0.63,8075.0
10,0,25.0,25.0,2018,98,0.48,-6362.5
10,0,25.0,25.0,2019,79,0.557,9237.5
10,0,25.0,25.0,2020,137,0.599,30325.0
10,0,25.0,25.0,2021,135,0.563,17875.0
10,0,25.0,25.0,2022,200,0.475,-17412.5
10,0,25.0,25.0,2023,151,0.523,4975.0
10,0,25.0,25.0,2024,151,0.517,2500.0
10,0,25.0,25.0,2025,175,0.543,16100.0
10,0,25.0,25.0,2026,109,0.495,-4850.0
10,1,5.0,10.0,2016,20,0.3,-775.0
10,1,5.0,10.0,2017,38,0.447,37.5
10,1,5.0,10.0,2018,119,0.319,-6575.0
10,1,5.0,10.0,2019,100,0.41,1437.5
10,1,5.0,10.0,2020,153,0.346,-3125.0
10,1,5.0,10.0,2021,149,0.409,4612.5
10,1,5.0,10.0,2022,201,0.338,-4275.0
10,1,5.0,10.0,2023,173,0.329,-5712.5
10,1,5.0,10.0,2024,161,0.391,2975.0
10,1,5.0,10.0,2025,180,0.394,3625.0
10,1,5.0,10.0,2026,110,0.327,-3250.0
10,0,7.5,7.5,2016,20,0.45,-1250.0
10,0,7.5,7.5,2017,38,0.5,-950.0
10,0,7.5,7.5,2018,119,0.479,-4850.0
10,0,7.5,7.5,2019,100,0.56,1062.5
10,0,7.5,7.5,2020,153,0.542,1612.5
10,0,7.5,7.5,2021,149,0.591,6400.0
10,0,7.5,7.5,2022,201,0.517,-2400.0
10,0,7.5,7.5,2023,173,0.48,-6950.0
10,0,7.5,7.5,2024,161,0.553,2350.0
10,0,7.5,7.5,2025,180,0.556,3000.0
10,0,7.5,7.5,2026,110,0.518,-1250.0
10,0,20.0,80.0,2016,7,0.286,2825.0
10,0,20.0,80.0,2017,10,0.5,14750.0
10,0,20.0,80.0,2018,63,0.175,-9575.0
10,0,20.0,80.0,2019,42,0.31,21637.5
10,0,20.0,80.0,2020,105,0.19,-7625.0
10,0,20.0,80.0,2021,81,0.284,31975.0
10,0,20.0,80.0,2022,161,0.18,-20025.0
10,0,20.0,80.0,2023,109,0.239,18275.0
10,0,20.0,80.0,2024,103,0.233,14425.0
10,0,20.0,80.0,2025,136,0.221,10600.0
10,0,20.0,80.0,2026,91,0.143,-31112.5
15,1,12.5,10.0,2016,8,0.5,-12.5
15,1,12.5,10.0,2017,14,0.357,-700.0
15,1,12.5,10.0,2018,80,0.438,-8462.5
15,1,12.5,10.0,2019,52,0.673,7862.5
15,1,12.5,10.0,2020,127,0.598,2887.5
15,1,12.5,10.0,2021,114,0.649,13700.0
15,1,12.5,10.0,2022,169,0.527,-9475.0
15,1,12.5,10.0,2023,138,0.522,-7300.0
15,1,12.5,10.0,2024,125,0.608,4625.0
15,1,12.5,10.0,2025,152,0.605,5300.0
15,1,12.5,10.0,2026,96,0.604,3737.5
15,0,7.5,50.0,2016,7,0.143,75.0
15,0,7.5,50.0,2017,11,0.091,-1525.0
15,0,7.5,50.0,2018,74,0.108,-6600.0
15,0,7.5,50.0,2019,49,0.224,10325.0
15,0,7.5,50.0,2020,122,0.139,75.0
15,0,7.5,50.0,2021,102,0.196,16700.0
15,0,7.5,50.0,2022,167,0.138,-675.0
15,0,7.5,50.0,2023,123,0.179,14462.5
15,0,7.5,50.0,2024,112,0.152,4075.0
15,0,7.5,50.0,2025,148,0.149,4650.0
15,0,7.5,50.0,2026,95,0.126,-4850.0
15,1,10.0,5.0,2016,8,0.625,-137.5
15,1,10.0,5.0,2017,14,0.429,-200.0
15,1,10.0,5.0,2018,80,0.538,-6762.5
15,1,10.0,5.0,2019,52,0.712,1725.0
15,1,10.0,5.0,2020,127,0.693,-275.0
15,1,10.0,5.0,2021,114,0.737,6087.5
15,1,10.0,5.0,2022,169,0.675,-3100.0
15,1,10.0,5.0,2023,138,0.659,-3675.0
15,1,10.0,5.0,2024,125,0.728,2625.0
15,1,10.0,5.0,2025,152,0.671,-2775.0
15,1,10.0,5.0,2026,96,0.646,-3550.0
15,1,7.5,25.0,2016,8,0.5,1275.0
15,1,7.5,25.0,2017,14,0.357,-1137.5
15,1,7.5,25.0,2018,80,0.275,-6225.0
15,1,7.5,25.0,2019,52,0.481,2425.0
15,1,7.5,25.0,2020,127,0.362,2875.0
15,1,7.5,25.0,2021,114,0.43,17062.5
15,1,7.5,25.0,2022,169,0.249,-2437.5
15,1,7.5,25.0,2023,138,0.319,3812.5
15,1,7.5,25.0,2024,125,0.336,287.5
15,1,7.5,25.0,2025,152,0.296,600.0
15,1,7.5,25.0,2026,96,0.271,262.5
10,1,30.0,20.0,2016,20,0.4,1125.0
10,1,30.0,20.0,2017,38,0.526,-600.0
10,1,30.0,20.0,2018,119,0.487,-11287.5
10,1,30.0,20.0,2019,100,0.54,10487.5
10,1,30.0,20.0,2020,153,0.614,11150.0
10,1,30.0,20.0,2021,149,0.604,10262.5
10,1,30.0,20.0,2022,201,0.532,-29187.5
10,1,30.0,20.0,2023,173,0.555,-2387.5
10,1,30.0,20.0,2024,161,0.59,7212.5
10,1,30.0,20.0,2025,180,0.622,21137.5
10,1,30.0,20.0,2026,110,0.545,-11862.5
15,0,10.0,5.0,2016,8,0.75,300.0
15,0,10.0,5.0,2017,14,0.786,900.0
15,0,10.0,5.0,2018,80,0.6,-6000.0
15,0,10.0,5.0,2019,52,0.731,150.0
15,0,10.0,5.0,2020,127,0.701,87.5
15,0,10.0,5.0,2021,114,0.772,6150.0
15,0,10.0,5.0,2022,169,0.675,-3225.0
15,0,10.0,5.0,2023,138,0.667,-3450.0
15,0,10.0,5.0,2024,125,0.728,2625.0
15,0,10.0,5.0,2025,152,0.671,-3300.0
15,0,10.0,5.0,2026,96,0.646,-3900.0
10,0,7.5,20.0,2016,19,0.368,2025.0
10,0,7.5,20.0,2017,35,0.286,-250.0
10,0,7.5,20.0,2018,117,0.265,-4212.5
10,0,7.5,20.0,2019,96,0.385,11837.5
10,0,7.5,20.0,2020,152,0.309,3612.5
10,0,7.5,20.0,2021,146,0.397,21350.0
10,0,7.5,20.0,2022,201,0.299,2100.0
10,0,7.5,20.0,2023,169,0.266,-5725.0
10,0,7.5,20.0,2024,160,0.294,625.0
10,0,7.5,20.0,2025,180,0.333,11250.0
10,0,7.5,20.0,2026,110,0.3,1375.0
15,0,12.5,20.0,2016,7,0.571,1950.0
15,0,12.5,20.0,2017,11,0.455,975.0
15,0,12.5,20.0,2018,80,0.35,-5425.0
15,0,12.5,20.0,2019,52,0.462,4062.5
15,0,12.5,20.0,2020,126,0.413,2300.0
15,0,12.5,20.0,2021,113,0.504,19175.0
15,0,12.5,20.0,2022,169,0.408,2275.0
15,0,12.5,20.0,2023,136,0.404,975.0
15,0,12.5,20.0,2024,125,0.4,0.0
15,0,12.5,20.0,2025,152,0.414,4037.5
15,0,12.5,20.0,2026,96,0.458,9100.0
15,1,20.0,15.0,2016,8,0.625,1950.0
15,1,20.0,15.0,2017,14,0.357,-837.5
15,1,20.0,15.0,2018,80,0.475,-6575.0
15,1,20.0,15.0,2019,52,0.654,10262.5
15,1,20.0,15.0,2020,127,0.575,2400.0
15,1,20.0,15.0,2021,114,0.614,16262.5
15,1,20.0,15.0,2022,169,0.574,-4275.0
15,1,20.0,15.0,2023,138,0.551,-5500.0
15,1,20.0,15.0,2024,125,0.6,550.0
15,1,20.0,15.0,2025,152,0.632,13687.5
15,1,20.0,15.0,2026,96,0.573,-1500.0
10,0,30.0,60.0,2016,6,0.333,-150.0
10,0,30.0,60.0,2017,9,0.778,17912.5
10,0,30.0,60.0,2018,64,0.297,-10775.0
10,0,30.0,60.0,2019,44,0.455,22900.0
10,0,30.0,60.0,2020,107,0.393,25825.0
10,0,30.0,60.0,2021,92,0.38,17200.0
10,0,30.0,60.0,2022,169,0.314,-19225.0
10,0,30.0,60.0,2023,100,0.38,18800.0
10,0,30.0,60.0,2024,110,0.345,3212.5
10,0,30.0,60.0,2025,141,0.362,15087.5
10,0,30.0,60.0,2026,95,0.295,-20325.0
15,0,7.5,60.0,2016,6,0.167,975.0
15,0,7.5,60.0,2017,10,0.1,-625.0
15,0,7.5,60.0,2018,73,0.068,-11187.5
15,0,7.5,60.0,2019,45,0.2,10675.0
15,0,7.5,60.0,2020,118,0.119,50.0
15,0,7.5,60.0,2021,95,0.189,22750.0
15,0,7.5,60.0,2022,166,0.127,4475.0
15,0,7.5,60.0,2023,117,0.162,17325.0
15,0,7.5,60.0,2024,109,0.147,10400.0
15,0,7.5,60.0,2025,144,0.104,-6875.0
15,0,7.5,60.0,2026,93,0.108,-7037.5
15,1,40.0,60.0,2016,8,0.625,2787.5
15,1,40.0,60.0,2017,14,0.357,-837.5
15,1,40.0,60.0,2018,80,0.438,-13750.0
15,1,40.0,60.0,2019,52,0.615,8137.5
15,1,40.0,60.0,2020,127,0.551,6862.5
15,1,40.0,60.0,2021,114,0.588,12650.0
15,1,40.0,60.0,2022,169,0.479,-17812.5
15,1,40.0,60.0,2023,138,0.543,8375.0
15,1,40.0,60.0,2024,125,0.576,4487.5
15,1,40.0,60.0,2025,152,0.579,17012.5
15,1,40.0,60.0,2026,96,0.5,-3612.5
10,1,25.0,30.0,2016,20,0.4,1662.5
10,1,25.0,30.0,2017,38,0.526,-637.5
10,1,25.0,30.0,2018,119,0.462,-9550.0
10,1,25.0,30.0,2019,100,0.53,9112.5
10,1,25.0,30.0,2020,153,0.549,8850.0
10,1,25.0,30.0,2021,149,0.57,12912.5
10,1,25.0,30.0,2022,201,0.413,-32487.5
10,1,25.0,30.0,2023,173,0.509,6587.5
10,1,25.0,30.0,2024,161,0.54,10462.5
10,1,25.0,30.0,2025,180,0.511,15575.0
10,1,25.0,30.0,2026,110,0.455,-9412.5
15,0,5.0,5.0,2016,8,0.5,-200.0
15,0,5.0,5.0,2017,14,0.5,-350.0
15,0,5.0,5.0,2018,80,0.488,-2500.0
15,0,5.0,5.0,2019,52,0.635,2200.0
15,0,5.0,5.0,2020,127,0.543,-412.5
15,0,5.0,5.0,2021,114,0.561,650.0
15,0,5.0,5.0,2022,169,0.533,-1475.0
15,0,5.0,5.0,2023,138,0.486,-4450.0
15,0,5.0,5.0,2024,125,0.568,1125.0
15,0,5.0,5.0,2025,152,0.546,-300.0
15,0,5.0,5.0,2026,96,0.469,-3900.0
10,1,30.0,40.0,2016,20,0.4,2000.0
10,1,30.0,40.0,2017,38,0.526,-600.0
10,1,30.0,40.0,2018,119,0.454,-13325.0
10,1,30.0,40.0,2019,100,0.53,8687.5
10,1,30.0,40.0,2020,153,0.542,1837.5
10,1,30.0,40.0,2021,149,0.577,14762.5
10,1,30.0,40.0,2022,201,0.413,-41237.5
10,1,30.0,40.0,2023,173,0.497,-2200.0
10,1,30.0,40.0,2024,161,0.534,6750.0
10,1,30.0,40.0,2025,180,0.506,15800.0
10,1,30.0,40.0,2026,110,0.436,-13262.5
15,1,15.0,5.0,2016,8,0.75,687.5
15,1,15.0,5.0,2017,14,0.429,-200.0
15,1,15.0,5.0,2018,80,0.612,-7375.0
15,1,15.0,5.0,2019,52,0.75,3037.5
15,1,15.0,5.0,2020,127,0.756,-750.0
15,1,15.0,5.0,2021,114,0.763,4137.5
15,1,15.0,5.0,2022,169,0.734,-6600.0
15,1,15.0,5.0,2023,138,0.717,-5962.5
15,1,15.0,5.0,2024,125,0.784,1387.5
15,1,15.0,5.0,2025,152,0.737,-4400.0
15,1,15.0,5.0,2026,96,0.74,-2800.0
15,0,40.0,15.0,2016,7,1.0,5075.0
15,0,40.0,15.0,2017,11,0.818,2475.0
15,0,40.0,15.0,2018,70,0.729,-162.5
15,0,40.0,15.0,2019,49,0.857,16587.5
15,0,40.0,15.0,2020,124,0.782,15650.0
15,0,40.0,15.0,2021,107,0.804,19825.0
15,0,40.0,15.0,2022,169,0.722,-6412.5
15,0,40.0,15.0,2023,128,0.734,-700.0
15,0,40.0,15.0,2024,117,0.752,5400.0
15,0,40.0,15.0,2025,150,0.793,25650.0
15,0,40.0,15.0,2026,96,0.74,-1612.5
10,0,7.5,25.0,2016,18,0.333,2550.0
10,0,7.5,25.0,2017,35,0.257,625.0
10,0,7.5,25.0,2018,114,0.219,-5012.5
10,0,7.5,25.0,2019,96,0.302,7837.5
10,0,7.5,25.0,2020,151,0.245,-487.5
10,0,7.5,25.0,2021,146,0.349,24475.0
10,0,7.5,25.0,2022,201,0.264,5725.0
10,0,7.5,25.0,2023,169,0.231,-4225.0
10,0,7.5,25.0,2024,160,0.25,1000.0
10,0,7.5,25.0,2025,180,0.272,8125.0
10,0,7.5,25.0,2026,110,0.264,3125.0
10,0,30.0,7.5,2016,17,0.706,-3425.0
10,0,30.0,7.5,2017,36,0.861,3575.0
10,0,30.0,7.5,2018,114,0.781,-6975.0
10,0,30.0,7.5,2019,93,0.806,-950.0
10,0,30.0,7.5,2020,149,0.832,5837.5
10,0,30.0,7.5,2021,145,0.828,3875.0
10,0,30.0,7.5,2022,201,0.726,-32775.0
10,0,30.0,7.5,2023,168,0.804,-3075.0
10,0,30.0,7.5,2024,159,0.811,-600.0
10,0,30.0,7.5,2025,180,0.828,4875.0
10,0,30.0,7.5,2026,110,0.773,-8375.0
10,0,15.0,40.0,2016,12,0.333,1700.0
10,0,15.0,40.0,2017,23,0.478,12425.0
10,0,15.0,40.0,2018,93,0.28,-262.5
10,0,15.0,40.0,2019,74,0.392,21312.5
10,0,15.0,40.0,2020,138,0.304,8550.0
10,0,15.0,40.0,2021,122,0.402,40200.0
10,0,15.0,40.0,2022,198,0.278,-2362.5
10,0,15.0,40.0,2023,155,0.303,9125.0
10,0,15.0,40.0,2024,147,0.286,1575.0
10,0,15.0,40.0,2025,171,0.287,1762.5
10,0,15.0,40.0,2026,108,0.259,-6700.0
10,1,12.5,5.0,2016,20,0.45,-775.0
10,1,12.5,5.0,2017,38,0.579,787.5
10,1,12.5,5.0,2018,119,0.672,-1537.5
10,1,12.5,5.0,2019,100,0.65,-1212.5
10,1,12.5,5.0,2020,153,0.667,-8362.5
10,1,12.5,5.0,2021,149,0.752,3225.0
10,1,12.5,5.0,2022,201,0.682,-11062.5
10,1,12.5,5.0,2023,173,0.647,-13850.0
10,1,12.5,5.0,2024,161,0.727,-1187.5
10,1,12.5,5.0,2025,180,0.733,-850.0
10,1,12.5,5.0,2026,110,0.718,-2375.0
10,1,40.0,7.5,2016,20,0.4,-787.5
10,1,40.0,7.5,2017,38,0.553,412.5
10,1,40.0,7.5,2018,119,0.622,-10325.0
10,1,40.0,7.5,2019,100,0.59,-587.5
10,1,40.0,7.5,2020,153,0.784,237.5
10,1,40.0,7.5,2021,149,0.732,-4400.0
10,1,40.0,7.5,2022,201,0.781,-22437.5
10,1,40.0,7.5,2023,173,0.763,-1462.5
10,1,40.0,7.5,2024,161,0.752,-3300.0
10,1,40.0,7.5,2025,180,0.794,4600.0
10,1,40.0,7.5,2026,110,0.791,-7325.0
15,1,5.0,50.0,2016,8,0.375,1062.5
15,1,5.0,50.0,2017,14,0.357,-1037.5
15,1,5.0,50.0,2018,80,0.238,-1112.5
15,1,5.0,50.0,2019,52,0.442,3237.5
15,1,5.0,50.0,2020,127,0.244,-462.5
15,1,5.0,50.0,2021,114,0.316,9687.5
15,1,5.0,50.0,2022,169,0.148,4700.0
15,1,5.0,50.0,2023,138,0.232,6737.5
15,1,5.0,50.0,2024,125,0.248,3462.5
15,1,5.0,50.0,2025,152,0.197,3437.5
15,1,5.0,50.0,2026,96,0.167,3800.0
15,1,25.0,25.0,2016,8,0.625,2850.0
15,1,25.0,25.0,2017,14,0.357,-837.5
15,1,25.0,25.0,2018,80,0.438,-8962.5
15,1,25.0,25.0,2019,52,0.615,9637.5
15,1,25.0,25.0,2020,127,0.559,3575.0
15,1,25.0,25.0,2021,114,0.588,20312.5
15,1,25.0,25.0,2022,169,0.485,-16187.5
15,1,25.0,25.0,2023,138,0.565,13700.0
15,1,25.0,25.0,2024,125,0.6,6475.0
15,1,25.0,25.0,2025,152,0.566,10437.5
15,1,25.0,25.0,2026,96,0.5,-4737.5
15,1,40.0,15.0,2016,8,0.625,1950.0
15,1,40.0,15.0,2017,14,0.357,-837.5
15,1,40.0,15.0,2018,80,0.488,-16262.5
15,1,40.0,15.0,2019,52,0.673,11475.0
15,1,40.0,15.0,2020,127,0.654,10487.5
15,1,40.0,15.0,2021,114,0.64,8287.5
15,1,40.0,15.0,2022,169,0.686,-11437.5
15,1,40.0,15.0,2023,138,0.616,-100.0
15,1,40.0,15.0,2024,125,0.68,6400.0
15,1,40.0,15.0,2025,152,0.737,21750.0
15,1,40.0,15.0,2026,96,0.667,-3225.0
10,1,10.0,50.0,2016,20,0.4,2262.5
10,1,10.0,50.0,2017,38,0.526,437.5
10,1,10.0,50.0,2018,119,0.378,-2312.5
10,1,10.0,50.0,2019,100,0.5,9062.5
10,1,10.0,50.0,2020,153,0.346,-3325.0
10,1,10.0,50.0,2021,149,0.497,27000.0
10,1,10.0,50.0,2022,201,0.229,4362.5
10,1,10.0,50.0,2023,173,0.295,-2187.5
10,1,10.0,50.0,2024,161,0.354,9750.0
10,1,10.0,50.0,2025,180,0.3,4950.0
10,1,10.0,50.0,2026,110,0.273,4825.0
15,0,40.0,5.0,2016,8,1.0,1800.0
15,0,40.0,5.0,2017,14,0.929,1125.0
15,0,40.0,5.0,2018,79,0.848,-9225.0
15,0,40.0,5.0,2019,52,0.904,450.0
15,0,40.0,5.0,2020,127,0.937,10587.5
15,0,40.0,5.0,2021,113,0.92,5175.0
15,0,40.0,5.0,2022,169,0.87,-11475.0
15,0,40.0,5.0,2023,137,0.891,-2925.0
15,0,40.0,5.0,2024,124,0.879,-5850.0
15,0,40.0,5.0,2025,151,0.881,-4587.5
15,0,40.0,5.0,2026,96,0.927,5850.0
10,0,20.0,5.0,2016,20,0.75,-1750.0
10,0,20.0,5.0,2017,38,0.789,-1450.0
10,0,20.0,5.0,2018,118,0.831,1550.0
10,0,20.0,5.0,2019,99,0.768,-6600.0
10,0,20.0,5.0,2020,153,0.804,-3075.0
10,0,20.0,5.0,2021,148,0.831,2050.0
10,0,20.0,5.0,2022,201,0.736,-21025.0
10,0,20.0,5.0,2023,172,0.75,-15050.0
10,0,20.0,5.0,2024,161,0.807,-2525.0
10,0,20.0,5.0,2025,180,0.828,1750.0
10,0,20.0,5.0,2026,110,0.782,-5250.0
10,0,25.0,10.0,2016,19,0.632,-3225.0
10,0,25.0,10.0,2017,36,0.722,-175.0
10,0,25.0,10.0,2018,112,0.688,-8050.0
10,0,25.0,10.0,2019,96,0.771,7075.0
10,0,25.0,10.0,2020,150,0.767,10450.0
10,0,25.0,10.0,2021,146,0.753,6350.0
10,0,25.0,10.0,2022,201,0.652,-27025.0
10,0,25.0,10.0,2023,168,0.708,-5950.0
10,0,25.0,10.0,2024,159,0.723,-1475.0
10,0,25.0,10.0,2025,179,0.737,2775.0
10,0,25.0,10.0,2026,110,0.691,-7250.0
15,0,12.5,15.0,2016,7,0.571,950.0
15,0,12.5,15.0,2017,14,0.643,3275.0
15,0,12.5,15.0,2018,80,0.438,-2550.0
15,0,12.5,15.0,2019,52,0.577,6837.5
15,0,12.5,15.0,2020,126,0.492,3050.0
15,0,12.5,15.0,2021,113,0.558,13175.0
15,0,12.5,15.0,2022,169,0.444,-6725.0
15,0,12.5,15.0,2023,136,0.456,-3150.0
15,0,12.5,15.0,2024,125,0.472,-125.0
15,0,12.5,15.0,2025,152,0.48,2287.5
15,0,12.5,15.0,2026,96,0.5,3600.0
15,1,30.0,80.0,2016,8,0.625,2787.5
15,1,30.0,80.0,2017,14,0.357,-837.5
15,1,30.0,80.0,2018,80,0.438,-10100.0
15,1,30.0,80.0,2019,52,0.615,9137.5
15,1,30.0,80.0,2020,127,0.528,3812.5
15,1,30.0,80.0,2021,114,0.579,13187.5
15,1,30.0,80.0,2022,169,0.438,-6137.5
15,1,30.0,80.0,2023,138,0.543,11150.0
15,1,30.0,80.0,2024,125,0.576,10012.5
15,1,30.0,80.0,2025,152,0.539,16350.0
15,1,30.0,80.0,2026,96,0.448,-3812.5
15,1,10.0,30.0,2016,8,0.5,1012.5
15,1,10.0,30.0,2017,14,0.357,-837.5
15,1,10.0,30.0,2018,80,0.325,-6337.5
15,1,10.0,30.0,2019,52,0.538,5475.0
15,1,10.0,30.0,2020,127,0.386,-1200.0
15,1,10.0,30.0,2021,114,0.509,25287.5
15,1,10.0,30.0,2022,169,0.278,-1912.5
15,1,10.0,30.0,2023,138,0.37,6837.5
15,1,10.0,30.0,2024,125,0.408,5937.5
15,1,10.0,30.0,2025,152,0.322,-3937.5
15,1,10.0,30.0,2026,96,0.323,5237.5
15,0,5.0,25.0,2016,8,0.25,800.0
15,0,5.0,25.0,2017,12,0.25,1200.0
15,0,5.0,25.0,2018,80,0.188,1325.0
15,0,5.0,25.0,2019,52,0.269,6050.0
15,0,5.0,25.0,2020,127,0.197,2575.0
15,0,5.0,25.0,2021,114,0.272,15150.0
15,0,5.0,25.0,2022,169,0.183,25.0
15,0,5.0,25.0,2023,138,0.203,4050.0
15,0,5.0,25.0,2024,124,0.218,6400.0
15,0,5.0,25.0,2025,152,0.197,3412.5
15,0,5.0,25.0,2026,96,0.188,600.0
15,0,30.0,20.0,2016,7,0.714,1825.0
15,0,30.0,20.0,2017,10,0.8,4750.0
15,0,30.0,20.0,2018,71,0.606,312.5
15,0,30.0,20.0,2019,48,0.708,11812.5
15,0,30.0,20.0,2020,122,0.689,23950.0
15,0,30.0,20.0,2021,111,0.685,20725.0
15,0,30.0,20.0,2022,168,0.595,-5925.0
15,0,30.0,20.0,2023,125,0.656,14375.0
15,0,30.0,20.0,2024,122,0.607,-975.0
15,0,30.0,20.0,2025,151,0.642,13800.0
15,0,30.0,20.0,2026,96,0.604,-2250.0
15,0,25.0,5.0,2016,8,0.875,300.0
15,0,25.0,5.0,2017,14,0.929,1875.0
15,0,25.0,5.0,2018,79,0.823,-3225.0
15,0,25.0,5.0,2019,52,0.904,3900.0
15,0,25.0,5.0,2020,127,0.882,6087.5
15,0,25.0,5.0,2021,114,0.877,4650.0
15,0,25.0,5.0,2022,169,0.805,-11475.0
15,0,25.0,5.0,2023,138,0.841,-1950.0
15,0,25.0,5.0,2024,125,0.848,-375.0
15,0,25.0,5.0,2025,152,0.816,-5862.5
15,0,25.0,5.0,2026,96,0.823,-3900.0
15,0,12.5,25.0,2016,7,0.571,2950.0
15,0,12.5,25.0,2017,11,0.364,350.0
15,0,12.5,25.0,2018,78,0.269,-10500.0
15,0,12.5,25.0,2019,51,0.412,5025.0
15,0,12.5,25.0,2020,126,0.325,-5237.5
15,0,12.5,25.0,2021,112,0.482,28662.5
15,0,12.5,25.0,2022,169,0.325,-6725.0
15,0,12.5,25.0,2023,134,0.381,8525.0
15,0,12.5,25.0,2024,124,0.379,7525.0
15,0,12.5,25.0,2025,152,0.316,-8587.5
15,0,12.5,25.0,2026,96,0.385,6975.0
15,1,7.5,20.0,2016,8,0.5,1025.0
15,1,7.5,20.0,2017,14,0.357,-1137.5
15,1,7.5,20.0,2018,80,0.288,-6350.0
15,1,7.5,20.0,2019,52,0.481,2012.5
15,1,7.5,20.0,2020,127,0.386,6287.5
15,1,7.5,20.0,2021,114,0.439,14837.5
15,1,7.5,20.0,2022,169,0.302,812.5
15,1,7.5,20.0,2023,138,0.326,-1375.0
15,1,7.5,20.0,2024,125,0.336,-1675.0
15,1,7.5,20.0,2025,152,0.342,5437.5
15,1,7.5,20.0,2026,96,0.302,-162.5
15,0,10.0,25.0,2016,7,0.571,3325.0
15,0,10.0,25.0,2017,11,0.364,1225.0
15,0,10.0,25.0,2018,79,0.253,-5650.0
15,0,10.0,25.0,2019,52,0.385,6250.0
15,0,10.0,25.0,2020,126,0.302,12.5
15,0,10.0,25.0,2021,112,0.446,28912.5
15,0,10.0,25.0,2022,169,0.272,-8225.0
15,0,10.0,25.0,2023,136,0.316,3850.0
15,0,10.0,25.0,2024,124,0.355,11900.0
15,0,10.0,25.0,2025,152,0.27,-7837.5
15,0,10.0,25.0,2026,96,0.302,262.5
15,1,30.0,15.0,2016,8,0.625,1950.0
15,1,30.0,15.0,2017,14,0.357,-837.5
15,1,30.0,15.0,2018,80,0.488,-13650.0
15,1,30.0,15.0,2019,52,0.673,11975.0
15,1,30.0,15.0,2020,127,0.638,9275.0
15,1,30.0,15.0,2021,114,0.632,10787.5
15,1,30.0,15.0,2022,169,0.627,-13462.5
15,1,30.0,15.0,2023,138,0.609,2325.0
15,1,30.0,15.0,2024,125,0.672,5500.0
15,1,30.0,15.0,2025,152,0.704,18100.0
15,1,30.0,15.0,2026,96,0.615,-8062.5
15,1,12.5,80.0,2016,8,0.5,762.5
15,1,12.5,80.0,2017,14,0.357,-837.5
15,1,12.5,80.0,2018,80,0.338,-5262.5
15,1,12.5,80.0,2019,52,0.596,8912.5
15,1,12.5,80.0,2020,127,0.378,-8537.5
15,1,12.5,80.0,2021,114,0.535,21575.0
15,1,12.5,80.0,2022,169,0.26,-1675.0
15,1,12.5,80.0,2023,138,0.391,2625.0
15,1,12.5,80.0,2024,125,0.432,4550.0
15,1,12.5,80.0,2025,152,0.336,-4875.0
15,1,12.5,80.0,2026,96,0.333,13137.5
15,1,5.0,10.0,2016,8,0.375,287.5
15,1,5.0,10.0,2017,14,0.357,-900.0
15,1,5.0,10.0,2018,80,0.312,-3187.5
15,1,5.0,10.0,2019,52,0.538,4800.0
15,1,5.0,10.0,2020,127,0.417,3012.5
15,1,5.0,10.0,2021,114,0.447,7037.5
15,1,5.0,10.0,2022,169,0.308,-7475.0
15,1,5.0,10.0,2023,138,0.326,-4737.5
15,1,5.0,10.0,2024,125,0.408,3375.0
15,1,5.0,10.0,2025,152,0.441,8212.5
15,1,5.0,10.0,2026,96,0.344,-1775.0
10,1,15.0,50.0,2016,20,0.4,2037.5
10,1,15.0,50.0,2017,38,0.526,-200.0
10,1,15.0,50.0,2018,119,0.437,-2287.5
10,1,15.0,50.0,2019,100,0.53,10662.5
10,1,15.0,50.0,2020,153,0.444,-937.5
10,1,15.0,50.0,2021,149,0.544,22575.0
10,1,15.0,50.0,2022,201,0.318,5912.5
10,1,15.0,50.0,2023,173,0.37,-10112.5
10,1,15.0,50.0,2024,161,0.435,9862.5
10,1,15.0,50.0,2025,180,0.372,6050.0
10,1,15.0,50.0,2026,110,0.336,-2550.0
15,0,40.0,80.0,2016,4,0.5,3900.0
15,0,40.0,80.0,2017,5,0.8,13875.0
15,0,40.0,80.0,2018,39,0.282,-12975.0
15,0,40.0,80.0,2019,27,0.407,11325.0
15,0,40.0,80.0,2020,81,0.358,7750.0
15,0,40.0,80.0,2021,51,0.451,34725.0
15,0,40.0,80.0,2022,122,0.287,-37050.0
15,0,40.0,80.0,2023,70,0.386,20250.0
15,0,40.0,80.0,2024,72,0.389,22200.0
15,0,40.0,80.0,2025,110,0.373,23250.0
15,0,40.0,80.0,2026,69,0.275,-29462.5
15,1,10.0,40.0,2016,8,0.5,1012.5
15,1,10.0,40.0,2017,14,0.357,-837.5
15,1,10.0,40.0,2018,80,0.325,-5462.5
15,1,10.0,40.0,2019,52,0.538,5387.5
15,1,10.0,40.0,2020,127,0.362,-3962.5
15,1,10.0,40.0,2021,114,0.509,23337.5
15,1,10.0,40.0,2022,169,0.237,-7337.5
15,1,10.0,40.0,2023,138,0.362,7962.5
15,1,10.0,40.0,2024,125,0.392,7512.5
15,1,10.0,40.0,2025,152,0.316,-500.0
15,1,10.0,40.0,2026,96,0.292,5012.5
10,1,20.0,50.0,2016,20,0.4,1887.5
10,1,20.0,50.0,2017,38,0.526,-387.5
10,1,20.0,50.0,2018,119,0.445,-7450.0
10,1,20.0,50.0,2019,100,0.53,9125.0
10,1,20.0,50.0,2020,153,0.51,9387.5
10,1,20.0,50.0,2021,149,0.564,19162.5
10,1,20.0,50.0,2022,201,0.358,-7600.0
10,1,20.0,50.0,2023,173,0.457,1225.0
10,1,20.0,50.0,2024,161,0.491,10037.5
10,1,20.0,50.0,2025,180,0.4,362.5
10,1,20.0,50.0,2026,110,0.364,-8350.0
10,1,7.5,25.0,2016,20,0.35,1225.0
10,1,7.5,25.0,2017,38,0.5,225.0
10,1,7.5,25.0,2018,119,0.311,-5937.5
10,1,7.5,25.0,2019,100,0.44,4525.0
10,1,7.5,25.0,2020,153,0.314,-3137.5
10,1,7.5,25.0,2021,149,0.456,24912.5
10,1,7.5,25.0,2022,201,0.259,3287.5
10,1,7.5,25.0,2023,173,0.277,-3337.5
10,1,7.5,25.0,2024,161,0.304,1500.0
10,1,7.5,25.0,2025,180,0.3,7325.0
10,1,7.5,25.0,2026,110,0.291,4737.5
10,0,10.0,10.0,2016,20,0.6,1500.0
10,0,10.0,10.0,2017,37,0.541,575.0
10,0,10.0,10.0,2018,117,0.547,2575.0
10,0,10.0,10.0,2019,100,0.6,6725.0
10,0,10.0,10.0,2020,153,0.575,8125.0
10,0,10.0,10.0,2021,149,0.584,8775.0
10,0,10.0,10.0,2022,201,0.498,-5525.0
10,0,10.0,10.0,2023,173,0.468,-9825.0
10,0,10.0,10.0,2024,161,0.528,475.0
10,0,10.0,10.0,2025,180,0.533,1500.0
10,0,10.0,10.0,2026,110,0.482,-4750.0
10,0,12.5,10.0,2016,20,0.6,500.0
10,0,12.5,10.0,2017,37,0.568,-200.0
10,0,12.5,10.0,2018,116,0.595,2225.0
10,0,12.5,10.0,2019,99,0.646,7000.0
10,0,12.5,10.0,2020,153,0.614,6750.0
10,0,12.5,10.0,2021,149,0.617,6650.0
10,0,12.5,10.0,2022,201,0.532,-10562.5
10,0,12.5,10.0,2023,173,0.509,-13450.0
10,0,12.5,10.0,2024,161,0.578,-25.0
10,0,12.5,10.0,2025,180,0.561,-3375.0
10,0,12.5,10.0,2026,110,0.545,-4000.0
10,1,30.0,15.0,2016,20,0.4,475.0
10,1,30.0,15.0,2017,38,0.526,-437.5
10,1,30.0,15.0,2018,119,0.513,-10837.5
10,1,30.0,15.0,2019,100,0.54,6462.5
10,1,30.0,15.0,2020,153,0.627,2600.0
10,1,30.0,15.0,2021,149,0.624,3337.5
10,1,30.0,15.0,2022,201,0.587,-31125.0
10,1,30.0,15.0,2023,173,0.578,-8487.5
10,1,30.0,15.0,2024,161,0.64,7500.0
10,1,30.0,15.0,2025,180,0.672,16262.5
10,1,30.0,15.0,2026,110,0.655,-2362.5
10,0,7.5,5.0,2016,20,0.55,-1125.0
10,0,7.5,5.0,2017,38,0.658,425.0
10,0,7.5,5.0,2018,119,0.622,-1350.0
10,0,7.5,5.0,2019,100,0.61,-1875.0
10,0,7.5,5.0,2020,153,0.601,-3700.0
10,0,7.5,5.0,2021,149,0.685,4150.0
10,0,7.5,5.0,2022,201,0.582,-7275.0
10,0,7.5,5.0,2023,173,0.561,-8575.0
10,0,7.5,5.0,2024,161,0.634,-650.0
10,0,7.5,5.0,2025,180,0.633,-750.0
10,0,7.5,5.0,2026,110,0.618,-1500.0
10,0,20.0,50.0,2016,10,0.4,3750.0
10,0,20.0,50.0,2017,15,0.533,12625.0
10,0,20.0,50.0,2018,79,0.266,-7475.0
10,0,20.0,50.0,2019,63,0.381,18962.5
10,0,20.0,50.0,2020,121,0.306,5475.0
10,0,20.0,50.0,2021,102,0.353,21450.0
10,0,20.0,50.0,2022,188,0.293,-200.0
10,0,20.0,50.0,2023,131,0.321,13400.0
10,0,20.0,50.0,2024,131,0.313,9225.0
10,0,20.0,50.0,2025,162,0.284,-4850.0
10,0,20.0,50.0,2026,104,0.24,-20225.0
15,1,40.0,25.0,2016,8,0.625,2850.0
15,1,40.0,25.0,2017,14,0.357,-837.5
15,1,40.0,25.0,2018,80,0.438,-16725.0
15,1,40.0,25.0,2019,52,0.615,8137.5
15,1,40.0,25.0,2020,127,0.591,5162.5
15,1,40.0,25.0,2021,114,0.596,13187.5
15,1,40.0,25.0,2022,169,0.556,-26637.5
15,1,40.0,25.0,2023,138,0.58,7350.0
15,1,40.0,25.0,2024,125,0.624,9050.0
15,1,40.0,25.0,2025,152,0.632,13775.0
15,1,40.0,25.0,2026,96,0.583,-75.0
15,1,20.0,20.0,2016,8,0.625,2350.0
15,1,20.0,20.0,2017,14,0.357,-837.5
15,1,20.0,20.0,2018,80,0.45,-5000.0
15,1,20.0,20.0,2019,52,0.596,6700.0
15,1,20.0,20.0,2020,127,0.543,3500.0
15,1,20.0,20.0,2021,114,0.579,18250.0
15,1,20.0,20.0,2022,169,0.527,1650.0
15,1,20.0,20.0,2023,138,0.529,-1250.0
15,1,20.0,20.0,2024,125,0.56,537.5
15,1,20.0,20.0,2025,152,0.579,15112.5
15,1,20.0,20.0,2026,96,0.542,4612.5
15,1,40.0,20.0,2016,8,0.625,2350.0
15,1,40.0,20.0,2017,14,0.357,-837.5
15,1,40.0,20.0,2018,80,0.462,-14437.5
15,1,40.0,20.0,2019,52,0.615,7162.5
15,1,40.0,20.0,2020,127,0.614,10737.5
15,1,40.0,20.0,2021,114,0.605,9750.0
15,1,40.0,20.0,2022,169,0.645,-7650.0
15,1,40.0,20.0,2023,138,0.587,712.5
15,1,40.0,20.0,2024,125,0.632,3962.5
15,1,40.0,20.0,2025,152,0.684,20450.0
15,1,40.0,20.0,2026,96,0.615,-1550.0
10,0,25.0,7.5,2016,19,0.684,-3100.0
10,0,25.0,7.5,2017,38,0.789,650.0
10,0,25.0,7.5,2018,116,0.741,-8150.0
10,0,25.0,7.5,2019,96,0.781,-587.5
10,0,25.0,7.5,2020,150,0.807,5937.5
10,0,25.0,7.5,2021,147,0.789,1075.0
10,0,25.0,7.5,2022,201,0.701,-27150.0
10,0,25.0,7.5,2023,171,0.766,-5150.0
10,0,25.0,7.5,2024,160,0.781,-875.0
10,0,25.0,7.5,2025,180,0.811,7750.0
10,0,25.0,7.5,2026,110,0.755,-5375.0
10,0,25.0,15.0,2016,17,0.588,-1675.0
10,0,25.0,15.0,2017,33,0.667,1925.0
10,0,25.0,15.0,2018,108,0.62,-3700.0
10,0,25.0,15.0,2019,93,0.731,17512.5
10,0,25.0,15.0,2020,148,0.676,11487.5
10,0,25.0,15.0,2021,142,0.69,14950.0
10,0,25.0,15.0,2022,201,0.587,-20275.0
10,0,25.0,15.0,2023,167,0.623,-4925.0
10,0,25.0,15.0,2024,156,0.647,3625.0
10,0,25.0,15.0,2025,177,0.684,17987.5
10,0,25.0,15.0,2026,110,0.609,-6250.0
10,0,15.0,30.0,2016,13,0.462,3425.0
10,0,15.0,30.0,2017,27,0.556,12825.0
10,0,15.0,30.0,2018,100,0.38,8812.5
10,0,15.0,30.0,2019,80,0.438,15662.5
10,0,15.0,30.0,2020,144,0.382,12150.0
10,0,15.0,30.0,2021,133,0.444,29675.0
10,0,15.0,30.0,2022,201,0.353,3812.5
10,0,15.0,30.0,2023,160,0.331,-4750.0
10,0,15.0,30.0,2024,154,0.37,8900.0
10,0,15.0,30.0,2025,179,0.324,-8487.5
10,0,15.0,30.0,2026,110,0.318,-6500.0
15,0,20.0,7.5,2016,8,0.875,1425.0
15,0,20.0,7.5,2017,14,0.786,875.0
15,0,20.0,7.5,2018,78,0.744,-200.0
15,0,20.0,7.5,2019,52,0.827,5275.0
15,0,20.0,7.5,2020,127,0.795,8700.0
15,0,20.0,7.5,2021,114,0.798,8275.0
15,0,20.0,7.5,2022,169,0.716,-6850.0
15,0,20.0,7.5,2023,137,0.73,-2925.0
15,0,20.0,7.5,2024,125,0.736,-1625.0
15,0,20.0,7.5,2025,152,0.763,4937.5
15,0,20.0,7.5,2026,96,0.75,600.0
15,0,5.0,80.0,2016,7,0.143,2325.0
15,0,5.0,80.0,2017,10,0.1,1500.0
15,0,5.0,80.0,2018,74,0.054,-3212.5
15,0,5.0,80.0,2019,42,0.167,17550.0
15,0,5.0,80.0,2020,118,0.059,-3600.0
15,0,5.0,80.0,2021,97,0.103,15825.0
15,0,5.0,80.0,2022,161,0.081,10975.0
15,0,5.0,80.0,2023,121,0.091,13475.0
15,0,5.0,80.0,2024,102,0.088,10200.0
15,0,5.0,80.0,2025,145,0.041,-14375.0
15,0,5.0,80.0,2026,95,0.063,-4462.5
10,0,12.5,80.0,2016,9,0.222,3400.0
10,0,12.5,80.0,2017,15,0.333,13375.0
10,0,12.5,80.0,2018,73,0.123,-5825.0
10,0,12.5,80.0,2019,50,0.22,17662.5
10,0,12.5,80.0,2020,120,0.117,-13250.0
10,0,12.5,80.0,2021,101,0.198,26850.0
10,0,12.5,80.0,2022,172,0.134,-5425.0
10,0,12.5,80.0,2023,128,0.141,50.0
10,0,12.5,80.0,2024,116,0.172,17100.0
10,0,12.5,80.0,2025,147,0.15,6200.0
10,0,12.5,80.0,2026,96,0.115,-13087.5
10,0,10.0,80.0,2016,11,0.182,3225.0
10,0,10.0,80.0,2017,17,0.294,13575.0
10,0,10.0,80.0,2018,79,0.114,-650.0
10,0,10.0,80.0,2019,60,0.183,17037.5
10,0,10.0,80.0,2020,125,0.104,-7212.5
10,0,10.0,80.0,2021,107,0.187,33825.0
10,0,10.0,80.0,2022,182,0.115,-1050.0
10,0,10.0,80.0,2023,136,0.118,600.0
10,0,10.0,80.0,2024,121,0.132,8475.0
10,0,10.0,80.0,2025,147,0.116,-675.0
10,0,10.0,80.0,2026,99,0.091,-13162.5
15,0,15.0,40.0,2016,7,0.429,2825.0
15,0,15.0,40.0,2017,9,0.444,4025.0
15,0,15.0,40.0,2018,71,0.239,-8200.0
15,0,15.0,40.0,2019,45,0.4,13675.0
15,0,15.0,40.0,2020,118,0.288,1875.0
15,0,15.0,40.0,2021,101,0.376,26225.0
15,0,15.0,40.0,2022,164,0.293,4900.0
15,0,15.0,40.0,2023,126,0.317,13262.5
15,0,15.0,40.0,2024,112,0.33,14950.0
15,0,15.0,40.0,2025,149,0.275,-3037.5
15,0,15.0,40.0,2026,95,0.305,6125.0
10,0,20.0,60.0,2016,7,0.286,825.0
10,0,20.0,60.0,2017,16,0.5,15600.0
10,0,20.0,60.0,2018,73,0.26,2500.0
10,0,20.0,60.0,2019,52,0.365,22387.5
10,0,20.0,60.0,2020,118,0.288,15050.0
10,0,20.0,60.0,2021,100,0.33,29500.0
10,0,20.0,60.0,2022,180,0.256,-500.0
10,0,20.0,60.0,2023,121,0.298,20150.0
10,0,20.0,60.0,2024,121,0.264,3975.0
10,0,20.0,60.0,2025,155,0.252,-3175.0
10,0,20.0,60.0,2026,100,0.21,-20150.0
15,0,12.5,30.0,2016,7,0.286,-300.0
15,0,12.5,30.0,2017,11,0.364,1350.0
15,0,12.5,30.0,2018,77,0.234,-11225.0
15,0,12.5,30.0,2019,48,0.354,3725.0
15,0,12.5,30.0,2020,124,0.298,-2262.5
15,0,12.5,30.0,2021,109,0.431,29075.0
15,0,12.5,30.0,2022,169,0.302,-1475.0
15,0,12.5,30.0,2023,133,0.353,13425.0
15,0,12.5,30.0,2024,122,0.352,12075.0
15,0,12.5,30.0,2025,151,0.291,-4650.0
15,0,12.5,30.0,2026,95,0.358,10500.0
10,1,25.0,5.0,2016,20,0.45,-1425.0
10,1,25.0,5.0,2017,38,0.579,150.0
10,1,25.0,5.0,2018,119,0.739,937.5
10,1,25.0,5.0,2019,100,0.65,-1800.0
10,1,25.0,5.0,2020,153,0.791,-5225.0
10,1,25.0,5.0,2021,149,0.812,962.5
10,1,25.0,5.0,2022,201,0.766,-23200.0
10,1,25.0,5.0,2023,173,0.78,-6975.0
10,1,25.0,5.0,2024,161,0.807,-1512.5
10,1,25.0,5.0,2025,180,0.822,3075.0
10,1,25.0,5.0,2026,110,0.809,-6750.0
10,0,7.5,80.0,2016,12,0.167,3950.0
10,0,7.5,80.0,2017,19,0.211,9900.0
10,0,7.5,80.0,2018,91,0.088,-1075.0
10,0,7.5,80.0,2019,65,0.154,16812.5
10,0,7.5,80.0,2020,134,0.052,-23737.5
10,0,7.5,80.0,2021,110,0.164,34750.0
10,0,7.5,80.0,2022,186,0.091,-25.0
10,0,7.5,80.0,2023,142,0.085,-4300.0
10,0,7.5,80.0,2024,124,0.113,11650.0
10,0,7.5,80.0,2025,157,0.096,2825.0
10,0,7.5,80.0,2026,103,0.068,-12387.5
15,1,7.5,10.0,2016,8,0.5,487.5
15,1,7.5,10.0,2017,14,0.357,-1000.0
15,1,7.5,10.0,2018,80,0.362,-5525.0
15,1,7.5,10.0,2019,52,0.577,4075.0
15,1,7.5,10.0,2020,127,0.52,5950.0
15,1,7.5,10.0,2021,114,0.561,11500.0
15,1,7.5,10.0,2022,169,0.402,-8100.0
15,1,7.5,10.0,2023,138,0.42,-4600.0
15,1,7.5,10.0,2024,125,0.48,2000.0
15,1,7.5,10.0,2025,152,0.52,7975.0
15,1,7.5,10.0,2026,96,0.427,-2525.0
10,1,7.5,5.0,2016,20,0.4,-1162.5
10,1,7.5,5.0,2017,38,0.553,862.5
10,1,7.5,5.0,2018,119,0.571,-3187.5
10,1,7.5,5.0,2019,100,0.58,-2387.5
10,1,7.5,5.0,2020,153,0.588,-4337.5
10,1,7.5,5.0,2021,149,0.678,4225.0
10,1,7.5,5.0,2022,201,0.582,-7275.0
10,1,7.5,5.0,2023,173,0.561,-8400.0
10,1,7.5,5.0,2024,161,0.627,-1100.0
10,1,7.5,5.0,2025,180,0.633,-750.0
10,1,7.5,5.0,2026,110,0.618,-1500.0
10,0,10.0,5.0,2016,20,0.7,0.0
10,0,10.0,5.0,2017,38,0.711,300.0
10,0,10.0,5.0,2018,119,0.714,1275.0
10,0,10.0,5.0,2019,100,0.68,-1500.0
10,0,10.0,5.0,2020,153,0.654,-5325.0
10,0,10.0,5.0,2021,149,0.745,5025.0
10,0,10.0,5.0,2022,201,0.647,-8025.0
10,0,10.0,5.0,2023,173,0.618,-10575.0
10,0,10.0,5.0,2024,161,0.696,-525.0
10,0,10.0,5.0,2025,180,0.711,1500.0
10,0,10.0,5.0,2026,110,0.664,-3000.0
10,0,5.0,15.0,2016,20,0.25,-500.0
10,0,5.0,15.0,2017,36,0.278,100.0
10,0,5.0,15.0,2018,118,0.246,-3450.0
10,0,5.0,15.0,2019,100,0.33,4437.5
10,0,5.0,15.0,2020,153,0.275,-225.0
10,0,5.0,15.0,2021,148,0.351,11300.0
10,0,5.0,15.0,2022,201,0.259,-3275.0
10,0,5.0,15.0,2023,173,0.237,-6575.0
10,0,5.0,15.0,2024,161,0.286,1725.0
10,0,5.0,15.0,2025,180,0.328,9500.0
10,0,5.0,15.0,2026,110,0.264,-1250.0
10,0,30.0,40.0,2016,10,0.4,-1250.0
10,0,30.0,40.0,2017,18,0.611,11050.0
10,0,30.0,40.0,2018,78,0.359,-20675.0
10,0,30.0,40.0,2019,65,0.477,9375.0
10,0,30.0,40.0,2020,125,0.472,15875.0
10,0,30.0,40.0,2021,108,0.537,38300.0
10,0,30.0,40.0,2022,188,0.388,-30750.0
10,0,30.0,40.0,2023,131,0.473,17225.0
10,0,30.0,40.0,2024,131,0.45,6687.5
10,0,30.0,40.0,2025,156,0.442,4987.5
10,0,30.0,40.0,2026,104,0.385,-20025.0
15,0,30.0,25.0,2016,7,0.714,3075.0
15,0,30.0,25.0,2017,10,0.8,6750.0
15,0,30.0,25.0,2018,68,0.529,-3862.5
15,0,30.0,25.0,2019,47,0.702,19025.0
15,0,30.0,25.0,2020,121,0.587,10812.5
15,0,30.0,25.0,2021,107,0.645,26575.0
15,0,30.0,25.0,2022,168,0.512,-19700.0
15,0,30.0,25.0,2023,121,0.603,16225.0
15,0,30.0,25.0,2024,116,0.586,10100.0
15,0,30.0,25.0,2025,150,0.547,-2175.0
15,0,30.0,25.0,2026,95,0.526,-9387.5
10,0,40.0,40.0,2016,8,0.5,-200.0
10,0,40.0,40.0,2017,14,0.714,11650.0
10,0,40.0,40.0,2018,66,0.439,-17337.5
10,0,40.0,40.0,2019,53,0.566,12675.0
10,0,40.0,40.0,2020,117,0.538,15075.0
10,0,40.0,40.0,2021,102,0.578,29450.0
10,0,40.0,40.0,2022,176,0.494,-7950.0
10,0,40.0,40.0,2023,112,0.554,21200.0
10,0,40.0,40.0,2024,119,0.529,11025.0
10,0,40.0,40.0,2025,147,0.517,7712.5
10,0,40.0,40.0,2026,100,0.44,-28412.5
10,1,40.0,50.0,2016,20,0.4,2000.0
10,1,40.0,50.0,2017,38,0.526,-600.0
10,1,40.0,50.0,2018,119,0.471,-11525.0
10,1,40.0,50.0,2019,100,0.53,8275.0
10,1,40.0,50.0,2020,153,0.569,9512.5
10,1,40.0,50.0,2021,149,0.591,11587.5
10,1,40.0,50.0,2022,201,0.468,-17612.5
10,1,40.0,50.0,2023,173,0.532,6137.5
10,1,40.0,50.0,2024,161,0.565,16612.5
10,1,40.0,50.0,2025,180,0.517,9525.0
10,1,40.0,50.0,2026,110,0.464,-14237.5
15,1,5.0,20.0,2016,8,0.375,825.0
15,1,5.0,20.0,2017,14,0.357,-1037.5
15,1,5.0,20.0,2018,80,0.238,-4262.5
15,1,5.0,20.0,2019,52,0.442,3175.0
15,1,5.0,20.0,2020,127,0.307,5225.0
15,1,5.0,20.0,2021,114,0.342,10487.5
15,1,5.0,20.0,2022,169,0.225,-137.5
15,1,5.0,20.0,2023,138,0.254,-937.5
15,1,5.0,20.0,2024,125,0.272,-200.0
15,1,5.0,20.0,2025,152,0.276,6775.0
15,1,5.0,20.0,2026,96,0.24,862.5
10,1,40.0,60.0,2016,20,0.4,2000.0
10,1,40.0,60.0,2017,38,0.526,-600.0
10,1,40.0,60.0,2018,119,0.471,-10025.0
10,1,40.0,60.0,2019,100,0.53,7537.5
10,1,40.0,60.0,2020,153,0.569,13212.5
10,1,40.0,60.0,2021,149,0.591,12737.5
10,1,40.0,60.0,2022,201,0.453,-23275.0
10,1,40.0,60.0,2023,173,0.532,8525.0
10,1,40.0,60.0,2024,161,0.553,7075.0
10,1,40.0,60.0,2025,180,0.517,13350.0
10,1,40.0,60.0,2026,110,0.464,-15650.0
10,0,25.0,60.0,2016,7,0.286,-425.0
10,0,25.0,60.0,2017,13,0.615,17425.0
10,0,25.0,60.0,2018,71,0.268,-8450.0
10,0,25.0,60.0,2019,48,0.417,23800.0
10,0,25.0,60.0,2020,110,0.355,25500.0
10,0,25.0,60.0,2021,96,0.344,17850.0
10,0,25.0,60.0,2022,177,0.277,-17425.0
10,0,25.0,60.0,2023,106,0.358,26525.0
10,0,25.0,60.0,2024,116,0.302,562.5
10,0,25.0,60.0,2025,148,0.331,20087.5
10,0,25.0,60.0,2026,98,0.224,-33650.0
10,0,5.0,25.0,2016,19,0.211,775.0
10,0,5.0,25.0,2017,35,0.2,875.0
10,0,5.0,25.0,2018,115,0.165,-3125.0
10,0,5.0,25.0,2019,99,0.232,6262.5
10,0,5.0,25.0,2020,152,0.178,-1637.5
10,0,5.0,25.0,2021,148,0.264,17800.0
10,0,5.0,25.0,2022,201,0.189,1725.0
10,0,5.0,25.0,2023,171,0.187,975.0
10,0,5.0,25.0,2024,161,0.199,3725.0
10,0,5.0,25.0,2025,180,0.217,9500.0
10,0,5.0,25.0,2026,110,0.191,1250.0
15,1,5.0,25.0,2016,8,0.375,1075.0
15,1,5.0,25.0,2017,14,0.357,-1037.5
15,1,5.0,25.0,2018,80,0.238,-3012.5
15,1,5.0,25.0,2019,52,0.442,3587.5
15,1,5.0,25.0,2020,127,0.283,2225.0
15,1,5.0,25.0,2021,114,0.333,12525.0
15,1,5.0,25.0,2022,169,0.195,737.5
15,1,5.0,25.0,2023,138,0.246,2625.0
15,1,5.0,25.0,2024,125,0.272,1912.5
15,1,5.0,25.0,2025,152,0.23,2675.0
15,1,5.0,25.0,2026,96,0.219,2862.5
15,0,15.0,30.0,2016,7,0.429,1325.0
15,0,15.0,30.0,2017,11,0.455,2725.0
15,0,15.0,30.0,2018,75,0.32,-3550.0
15,0,15.0,30.0,2019,47,0.447,9875.0
15,0,15.0,30.0,2020,123,0.358,3512.5
15,0,15.0,30.0,2021,109,0.477,32575.0
15,0,15.0,30.0,2022,169,0.355,4025.0
15,0,15.0,30.0,2023,132,0.371,7950.0
15,0,15.0,30.0,2024,121,0.388,11975.0
15,0,15.0,30.0,2025,151,0.338,-1587.5
15,0,15.0,30.0,2026,95,0.379,7375.0
10,0,7.5,30.0,2016,18,0.333,4050.0
10,0,7.5,30.0,2017,35,0.229,1000.0
10,0,7.5,30.0,2018,112,0.188,-5475.0
10,0,7.5,30.0,2019,91,0.275,9537.5
10,0,7.5,30.0,2020,149,0.201,-3562.5
10,0,7.5,30.0,2021,141,0.333,31925.0
10,0,7.5,30.0,2022,201,0.214,225.0
10,0,7.5,30.0,2023,168,0.202,-3450.0
10,0,7.5,30.0,2024,160,0.238,7250.0
10,0,7.5,30.0,2025,180,0.228,5125.0
10,0,7.5,30.0,2026,110,0.236,4750.0
10,1,25.0,60.0,2016,20,0.4,1637.5
10,1,25.0,60.0,2017,38,0.526,-637.5
10,1,25.0,60.0,2018,119,0.454,-9762.5
10,1,25.0,60.0,2019,100,0.53,9050.0
10,1,25.0,60.0,2020,153,0.523,10450.0
10,1,25.0,60.0,2021,149,0.57,14700.0
10,1,25.0,60.0,2022,201,0.358,-27025.0
10,1,25.0,60.0,2023,173,0.486,6375.0
10,1,25.0,60.0,2024,161,0.503,2987.5
10,1,25.0,60.0,2025,180,0.472,19000.0
10,1,25.0,60.0,2026,110,0.391,-15812.5
15,0,40.0,30.0,2016,6,0.667,1850.0
15,0,40.0,30.0,2017,9,0.778,6275.0
15,0,40.0,30.0,2018,60,0.533,-8912.5
15,0,40.0,30.0,2019,41,0.683,14975.0
15,0,40.0,30.0,2020,115,0.591,5125.0
15,0,40.0,30.0,2021,95,0.674,31800.0
15,0,40.0,30.0,2022,162,0.549,-16550.0
15,0,40.0,30.0,2023,113,0.593,5675.0
15,0,40.0,30.0,2024,107,0.607,10825.0
15,0,40.0,30.0,2025,141,0.589,6612.5
15,0,40.0,30.0,2026,90,0.567,-6875.0
10,1,30.0,25.0,2016,20,0.4,1525.0
10,1,30.0,25.0,2017,38,0.526,-600.0
10,1,30.0,25.0,2018,119,0.479,-10462.5
10,1,30.0,25.0,2019,100,0.53,6812.5
10,1,30.0,25.0,2020,153,0.588,10900.0
10,1,30.0,25.0,2021,149,0.577,8050.0
10,1,30.0,25.0,2022,201,0.502,-23962.5
10,1,30.0,25.0,2023,173,0.538,1812.5
10,1,30.0,25.0,2024,161,0.559,3800.0
10,1,30.0,25.0,2025,180,0.567,15187.5
10,1,30.0,25.0,2026,110,0.527,-6375.0
15,0,12.5,10.0,2016,8,0.75,1550.0
15,0,12.5,10.0,2017,14,0.643,1025.0
15,0,12.5,10.0,2018,80,0.525,-4750.0
15,0,12.5,10.0,2019,52,0.712,6900.0
15,0,12.5,10.0,2020,127,0.614,4900.0
15,0,12.5,10.0,2021,114,0.702,15900.0
15,0,12.5,10.0,2022,169,0.533,-8600.0
15,0,12.5,10.0,2023,138,0.529,-7575.0
15,0,12.5,10.0,2024,125,0.608,4250.0
15,0,12.5,10.0,2025,152,0.605,4700.0
15,0,12.5,10.0,2026,96,0.615,3975.0
15,0,30.0,5.0,2016,8,0.875,50.0
15,0,30.0,5.0,2017,14,0.929,1625.0
15,0,30.0,5.0,2018,79,0.823,-6725.0
15,0,30.0,5.0,2019,52,0.904,2900.0
15,0,30.0,5.0,2020,127,0.89,4087.5
15,0,30.0,5.0,2021,114,0.886,2900.0
15,0,30.0,5.0,2022,169,0.822,-14475.0
15,0,30.0,5.0,2023,138,0.87,-450.0
15,0,30.0,5.0,2024,124,0.855,-3600.0
15,0,30.0,5.0,2025,152,0.836,-7612.5
15,0,30.0,5.0,2026,96,0.854,-2900.0
10,1,20.0,80.0,2016,20,0.4,1887.5
10,1,20.0,80.0,2017,38,0.526,-387.5
10,1,20.0,80.0,2018,119,0.445,-5137.5
10,1,20.0,80.0,2019,100,0.53,8387.5
10,1,20.0,80.0,2020,153,0.497,7637.5
10,1,20.0,80.0,2021,149,0.564,18112.5
10,1,20.0,80.0,2022,201,0.343,-8500.0
10,1,20.0,80.0,2023,173,0.451,-1087.5
10,1,20.0,80.0,2024,161,0.478,637.5
10,1,20.0,80.0,2025,180,0.394,5237.5
10,1,20.0,80.0,2026,110,0.364,-7812.5
15,0,40.0,7.5,2016,8,1.0,2800.0
15,0,40.0,7.5,2017,13,0.923,2275.0
15,0,40.0,7.5,2018,76,0.816,-6650.0
15,0,40.0,7.5,2019,52,0.904,6325.0
15,0,40.0,7.5,2020,126,0.889,10850.0
15,0,40.0,7.5,2021,113,0.894,11050.0
15,0,40.0,7.5,2022,169,0.84,-4975.0
15,0,40.0,7.5,2023,135,0.837,-5000.0
15,0,40.0,7.5,2024,124,0.847,-1725.0
15,0,40.0,7.5,2025,151,0.868,7162.5
15,0,40.0,7.5,2026,96,0.896,9850.0
15,0,20.0,30.0,2016,6,0.5,1350.0
15,0,20.0,30.0,2017,11,0.636,6225.0
15,0,20.0,30.0,2018,68,0.441,5875.0
15,0,20.0,30.0,2019,46,0.522,12300.0
15,0,20.0,30.0,2020,122,0.443,9962.5
15,0,20.0,30.0,2021,106,0.528,31400.0
15,0,20.0,30.0,2022,169,0.414,1775.0
15,0,20.0,30.0,2023,127,0.465,17325.0
15,0,20.0,30.0,2024,119,0.462,15525.0
15,0,20.0,30.0,2025,150,0.427,7312.5
15,0,20.0,30.0,2026,95,0.411,-1537.5
15,1,30.0,20.0,2016,8,0.625,2350.0
15,1,30.0,20.0,2017,14,0.357,-837.5
15,1,30.0,20.0,2018,80,0.462,-11825.0
15,1,30.0,20.0,2019,52,0.615,8162.5
15,1,30.0,20.0,2020,127,0.598,8725.0
15,1,30.0,20.0,2021,114,0.596,12275.0
15,1,30.0,20.0,2022,169,0.586,-8237.5
15,1,30.0,20.0,2023,138,0.587,5650.0
15,1,30.0,20.0,2024,125,0.632,5487.5
15,1,30.0,20.0,2025,152,0.651,18275.0
15,1,30.0,20.0,2026,96,0.573,-4450.0
10,1,40.0,20.0,2016,20,0.4,1125.0
10,1,40.0,20.0,2017,38,0.526,-600.0
10,1,40.0,20.0,2018,119,0.504,-9825.0
10,1,40.0,20.0,2019,100,0.54,10725.0
10,1,40.0,20.0,2020,153,0.634,12262.5
10,1,40.0,20.0,2021,149,0.617,10100.0
10,1,40.0,20.0,2022,201,0.607,-14175.0
10,1,40.0,20.0,2023,173,0.584,2037.5
10,1,40.0,20.0,2024,161,0.615,10987.5
10,1,40.0,20.0,2025,180,0.656,28300.0
10,1,40.0,20.0,2026,110,0.582,-13150.0
10,0,12.5,15.0,2016,18,0.556,2050.0
10,0,12.5,15.0,2017,36,0.472,-25.0
10,0,12.5,15.0,2018,113,0.513,6300.0
10,0,12.5,15.0,2019,97,0.608,17387.5
10,0,12.5,15.0,2020,152,0.52,10012.5
10,0,12.5,15.0,2021,147,0.537,13075.0
10,0,12.5,15.0,2022,201,0.443,-8562.5
10,0,12.5,15.0,2023,173,0.405,-16200.0
10,0,12.5,15.0,2024,159,0.491,3900.0
10,0,12.5,15.0,2025,180,0.5,6050.0
10,0,12.5,15.0,2026,110,0.473,0.0
15,0,12.5,7.5,2016,8,0.75,800.0
15,0,12.5,7.5,2017,14,0.714,900.0
15,0,12.5,7.5,2018,80,0.538,-9000.0
15,0,12.5,7.5,2019,52,0.75,4275.0
15,0,12.5,7.5,2020,127,0.661,1450.0
15,0,12.5,7.5,2021,114,0.737,9900.0
15,0,12.5,7.5,2022,169,0.621,-4850.0
15,0,12.5,7.5,2023,138,0.609,-5700.0
15,0,12.5,7.5,2024,125,0.672,2750.0
15,0,12.5,7.5,2025,152,0.651,200.0
15,0,12.5,7.5,2026,96,0.656,600.0
15,0,7.5,20.0,2016,7,0.429,1325.0
15,0,7.5,20.0,2017,12,0.333,700.0
15,0,7.5,20.0,2018,80,0.262,-2050.0
15,0,7.5,20.0,2019,52,0.346,2312.5
15,0,7.5,20.0,2020,127,0.339,8325.0
15,0,7.5,20.0,2021,114,0.377,13525.0
15,0,7.5,20.0,2022,169,0.29,-225.0
15,0,7.5,20.0,2023,136,0.287,-775.0
15,0,7.5,20.0,2024,125,0.304,2250.0
15,0,7.5,20.0,2025,152,0.329,8412.5
15,0,7.5,20.0,2026,96,0.281,-1275.0
15,1,12.5,5.0,2016,8,0.625,-387.5
15,1,12.5,5.0,2017,14,0.429,-200.0
15,1,12.5,5.0,2018,80,0.562,-8275.0
15,1,12.5,5.0,2019,52,0.75,3062.5
15,1,12.5,5.0,2020,127,0.724,-1037.5
15,1,12.5,5.0,2021,114,0.754,5387.5
15,1,12.5,5.0,2022,169,0.698,-6350.0
15,1,12.5,5.0,2023,138,0.688,-5250.0
15,1,12.5,5.0,2024,125,0.768,2750.0
15,1,12.5,5.0,2025,152,0.704,-4150.0
15,1,12.5,5.0,2026,96,0.698,-3300.0
15,1,7.5,50.0,2016,8,0.5,1262.5
15,1,7.5,50.0,2017,14,0.357,-1137.5
15,1,7.5,50.0,2018,80,0.275,-5162.5
15,1,7.5,50.0,2019,52,0.481,2075.0
15,1,7.5,50.0,2020,127,0.323,2900.0
15,1,7.5,50.0,2021,114,0.421,16337.5
15,1,7.5,50.0,2022,169,0.183,-512.5
15,1,7.5,50.0,2023,138,0.297,6562.5
15,1,7.5,50.0,2024,125,0.312,1225.0
15,1,7.5,50.0,2025,152,0.263,1425.0
15,1,7.5,50.0,2026,96,0.219,2012.5
10,1,15.0,40.0,2016,20,0.4,2037.5
10,1,15.0,40.0,2017,38,0.526,-200.0
10,1,15.0,40.0,2018,119,0.437,-2825.0
10,1,15.0,40.0,2019,100,0.53,10812.5
10,1,15.0,40.0,2020,153,0.444,-2612.5
10,1,15.0,40.0,2021,149,0.544,26687.5
10,1,15.0,40.0,2022,201,0.323,-4225.0
10,1,15.0,40.0,2023,173,0.37,-12625.0
10,1,15.0,40.0,2024,161,0.435,5787.5
10,1,15.0,40.0,2025,180,0.389,11125.0
10,1,15.0,40.0,2026,110,0.355,375.0
15,1,15.0,40.0,2016,8,0.625,2787.5
15,1,15.0,40.0,2017,14,0.357,-837.5
15,1,15.0,40.0,2018,80,0.388,-6075.0
15,1,15.0,40.0,2019,52,0.596,9500.0
15,1,15.0,40.0,2020,127,0.409,-10987.5
15,1,15.0,40.0,2021,114,0.544,20650.0
15,1,15.0,40.0,2022,169,0.331,-2800.0
15,1,15.0,40.0,2023,138,0.42,425.0
15,1,15.0,40.0,2024,125,0.48,6862.5
15,1,15.0,40.0,2025,152,0.388,-1787.5
15,1,15.0,40.0,2026,96,0.375,7662.5
10,0,7.5,40.0,2016,17,0.235,2700.0
10,0,7.5,40.0,2017,31,0.226,4225.0
10,0,7.5,40.0,2018,109,0.138,-8012.5
10,0,7.5,40.0,2019,86,0.233,12162.5
10,0,7.5,40.0,2020,145,0.152,-5962.5
10,0,7.5,40.0,2021,132,0.295,39825.0
10,0,7.5,40.0,2022,200,0.16,-4000.0
10,0,7.5,40.0,2023,166,0.175,2475.0
10,0,7.5,40.0,2024,153,0.183,5300.0
10,0,7.5,40.0,2025,177,0.192,9687.5
10,0,7.5,40.0,2026,109,0.202,8650.0
10,1,5.0,15.0,2016,20,0.3,-387.5
10,1,5.0,15.0,2017,38,0.447,-262.5
10,1,5.0,15.0,2018,119,0.277,-7225.0
10,1,5.0,15.0,2019,100,0.38,2300.0
10,1,5.0,15.0,2020,153,0.294,-812.5
10,1,5.0,15.0,2021,149,0.383,12037.5
10,1,5.0,15.0,2022,201,0.254,-4025.0
10,1,5.0,15.0,2023,173,0.254,-5175.0
10,1,5.0,15.0,2024,161,0.292,2237.5
10,1,5.0,15.0,2025,180,0.333,9775.0
10,1,5.0,15.0,2026,110,0.264,-1250.0
15,1,12.5,40.0,2016,8,0.5,762.5
15,1,12.5,40.0,2017,14,0.357,-837.5
15,1,12.5,40.0,2018,80,0.338,-7725.0
15,1,12.5,40.0,2019,52,0.596,9775.0
15,1,12.5,40.0,2020,127,0.386,-9600.0
15,1,12.5,40.0,2021,114,0.535,22400.0
15,1,12.5,40.0,2022,169,0.284,-4837.5
15,1,12.5,40.0,2023,138,0.399,5925.0
15,1,12.5,40.0,2024,125,0.44,7187.5
15,1,12.5,40.0,2025,152,0.362,437.5
15,1,12.5,40.0,2026,96,0.354,9975.0
15,0,10.0,15.0,2016,7,0.571,1325.0
15,0,10.0,15.0,2017,14,0.643,3900.0
15,0,10.0,15.0,2018,80,0.412,575.0
15,0,10.0,15.0,2019,52,0.519,5712.5
15,0,10.0,15.0,2020,126,0.452,4675.0
15,0,10.0,15.0,2021,113,0.531,15675.0
15,0,10.0,15.0,2022,169,0.396,-4975.0
15,0,10.0,15.0,2023,136,0.404,-2650.0
15,0,10.0,15.0,2024,125,0.408,-1875.0
15,0,10.0,15.0,2025,152,0.421,912.5
15,0,10.0,15.0,2026,96,0.396,-2987.5
10,0,30.0,15.0,2016,15,0.667,-375.0
10,0,30.0,15.0,2017,31,0.71,2225.0
10,0,30.0,15.0,2018,103,0.65,-6387.5
10,0,30.0,15.0,2019,88,0.761,16550.0
10,0,30.0,15.0,2020,146,0.712,11537.5
10,0,30.0,15.0,2021,137,0.737,18325.0
10,0,30.0,15.0,2022,200,0.62,-26000.0
10,0,30.0,15.0,2023,163,0.669,-3325.0
10,0,30.0,15.0,2024,154,0.688,4175.0
10,0,30.0,15.0,2025,173,0.723,19162.5
10,0,30.0,15.0,2026,110,0.673,-1250.0
10,1,12.5,60.0,2016,20,0.4,2287.5
10,1,12.5,60.0,2017,38,0.526,0.0
10,1,12.5,60.0,2018,119,0.42,-1850.0
10,1,12.5,60.0,2019,100,0.52,8812.5
10,1,12.5,60.0,2020,153,0.392,-1712.5
10,1,12.5,60.0,2021,149,0.523,26387.5
10,1,12.5,60.0,2022,201,0.269,6325.0
10,1,12.5,60.0,2023,173,0.341,-6137.5
10,1,12.5,60.0,2024,161,0.398,7512.5
10,1,12.5,60.0,2025,180,0.333,6712.5
10,1,12.5,60.0,2026,110,0.3,1425.0
15,0,5.0,60.0,2016,7,0.143,1325.0
15,0,5.0,60.0,2017,10,0.1,500.0
15,0,5.0,60.0,2018,73,0.055,-5937.5
15,0,5.0,60.0,2019,46,0.174,12700.0
15,0,5.0,60.0,2020,122,0.09,2200.0
15,0,5.0,60.0,2021,100,0.14,18000.0
15,0,5.0,60.0,2022,166,0.102,9600.0
15,0,5.0,60.0,2023,128,0.125,16800.0
15,0,5.0,60.0,2024,113,0.106,7925.0
15,0,5.0,60.0,2025,149,0.074,-5125.0
15,0,5.0,60.0,2026,95,0.074,-7212.5
15,1,15.0,25.0,2016,8,0.625,2850.0
15,1,15.0,25.0,2017,14,0.357,-837.5
15,1,15.0,25.0,2018,80,0.388,-7187.5
15,1,15.0,25.0,2019,52,0.596,8350.0
15,1,15.0,25.0,2020,127,0.449,-6912.5
15,1,15.0,25.0,2021,114,0.553,23387.5
15,1,15.0,25.0,2022,169,0.385,-6975.0
15,1,15.0,25.0,2023,138,0.457,2062.5
15,1,15.0,25.0,2024,125,0.504,2825.0
15,1,15.0,25.0,2025,152,0.421,-3587.5
15,1,15.0,25.0,2026,96,0.438,6162.5
15,0,30.0,7.5,2016,8,0.875,925.0
15,0,30.0,7.5,2017,13,0.923,2775.0
15,0,30.0,7.5,2018,77,0.792,-3050.0
15,0,30.0,7.5,2019,52,0.885,6900.0
15,0,30.0,7.5,2020,126,0.849,8475.0
15,0,30.0,7.5,2021,114,0.851,8025.0
15,0,30.0,7.5,2022,169,0.787,-8350.0
15,0,30.0,7.5,2023,136,0.816,725.0
15,0,30.0,7.5,2024,124,0.815,275.0
15,0,30.0,7.5,2025,152,0.809,562.5
15,0,30.0,7.5,2026,96,0.812,-150.0
10,1,5.0,60.0,2016,20,0.3,425.0
10,1,5.0,60.0,2017,38,0.447,-425.0
10,1,5.0,60.0,2018,119,0.252,-3375.0
10,1,5.0,60.0,2019,100,0.37,2737.5
10,1,5.0,60.0,2020,153,0.222,-937.5
10,1,5.0,60.0,2021,149,0.342,20225.0
10,1,5.0,60.0,2022,201,0.109,-7862.5
10,1,5.0,60.0,2023,173,0.208,7875.0
10,1,5.0,60.0,2024,161,0.217,6100.0
10,1,5.0,60.0,2025,180,0.206,10950.0
10,1,5.0,60.0,2026,110,0.164,9050.0
10,0,25.0,40.0,2016,12,0.333,-2300.0
10,0,25.0,40.0,2017,19,0.579,11525.0
10,0,25.0,40.0,2018,85,0.329,-17037.5
10,0,25.0,40.0,2019,67,0.463,15237.5
10,0,25.0,40.0,2020,128,0.438,18800.0
10,0,25.0,40.0,2021,117,0.462,26325.0
10,0,25.0,40.0,2022,193,0.342,-31125.0
10,0,25.0,40.0,2023,136,0.434,18350.0
10,0,25.0,40.0,2024,137,0.409,7037.5
10,0,25.0,40.0,2025,162,0.414,12512.5
10,0,25.0,40.0,2026,105,0.333,-22050.0
10,0,40.0,60.0,2016,5,0.4,-125.0
10,0,40.0,60.0,2017,9,0.778,16912.5
10,0,40.0,60.0,2018,54,0.352,-14350.0
10,0,40.0,60.0,2019,36,0.528,22100.0
10,0,40.0,60.0,2020,100,0.47,32500.0
10,0,40.0,60.0,2021,85,0.435,12875.0
10,0,40.0,60.0,2022,156,0.391,-10900.0
10,0,40.0,60.0,2023,84,0.452,20200.0
10,0,40.0,60.0,2024,92,0.435,13700.0
10,0,40.0,60.0,2025,131,0.427,15375.0
10,0,40.0,60.0,2026,89,0.326,-37487.5
15,0,12.5,5.0,2016,8,0.75,50.0
15,0,12.5,5.0,2017,14,0.786,525.0
15,0,12.5,5.0,2018,80,0.625,-8250.0
15,0,12.5,5.0,2019,52,0.788,1150.0
15,0,12.5,5.0,2020,127,0.74,-287.5
15,0,12.5,5.0,2021,114,0.807,6400.0
15,0,12.5,5.0,2022,169,0.704,-5725.0
15,0,12.5,5.0,2023,138,0.696,-5700.0
15,0,12.5,5.0,2024,125,0.768,2750.0
15,0,12.5,5.0,2025,152,0.711,-4300.0
15,0,12.5,5.0,2026,96,0.698,-3775.0
10,0,15.0,10.0,2016,20,0.6,-500.0
10,0,15.0,10.0,2017,37,0.676,2800.0
10,0,15.0,10.0,2018,116,0.638,2600.0
10,0,15.0,10.0,2019,99,0.677,6500.0
10,0,15.0,10.0,2020,153,0.673,10625.0
10,0,15.0,10.0,2021,149,0.651,5775.0
10,0,15.0,10.0,2022,201,0.587,-8437.5
10,0,15.0,10.0,2023,172,0.541,-17050.0
10,0,15.0,10.0,2024,161,0.621,225.0
10,0,15.0,10.0,2025,179,0.62,25.0
10,0,15.0,10.0,2026,110,0.591,-4000.0
15,0,30.0,50.0,2016,5,0.4,375.0
15,0,30.0,50.0,2017,8,0.75,11800.0
15,0,30.0,50.0,2018,52,0.346,-7300.0
15,0,30.0,50.0,2019,38,0.474,14050.0
15,0,30.0,50.0,2020,105,0.41,11875.0
15,0,30.0,50.0,2021,78,0.462,25050.0
15,0,30.0,50.0,2022,153,0.373,-5325.0
15,0,30.0,50.0,2023,94,0.436,21062.5
15,0,30.0,50.0,2024,98,0.398,6350.0
15,0,30.0,50.0,2025,136,0.397,9612.5
15,0,30.0,50.0,2026,86,0.302,-29387.5
10,0,40.0,10.0,2016,17,0.765,-1925.0
10,0,40.0,10.0,2017,29,0.828,1500.0
10,0,40.0,10.0,2018,99,0.778,-7975.0
10,0,40.0,10.0,2019,88,0.852,9462.5
10,0,40.0,10.0,2020,148,0.858,18250.0
10,0,40.0,10.0,2021,141,0.837,9475.0
10,0,40.0,10.0,2022,201,0.766,-22025.0
10,0,40.0,10.0,2023,158,0.823,5050.0
10,0,40.0,10.0,2024,155,0.819,3625.0
10,0,40.0,10.0,2025,174,0.81,150.0
10,0,40.0,10.0,2026,110,0.818,2250.0
15,0,7.5,40.0,2016,7,0.143,-425.0
15,0,7.5,40.0,2017,11,0.091,-2025.0
15,0,7.5,40.0,2018,79,0.139,-5400.0
15,0,7.5,40.0,2019,50,0.22,4425.0
15,0,7.5,40.0,2020,125,0.168,-125.0
15,0,7.5,40.0,2021,106,0.245,19350.0
15,0,7.5,40.0,2022,168,0.155,-5450.0
15,0,7.5,40.0,2023,131,0.221,17387.5
15,0,7.5,40.0,2024,114,0.202,9025.0
15,0,7.5,40.0,2025,150,0.193,8875.0
15,0,7.5,40.0,2026,96,0.188,4350.0
10,0,20.0,7.5,2016,20,0.65,-2625.0
10,0,20.0,7.5,2017,38,0.763,1275.0
10,0,20.0,7.5,2018,117,0.709,-5800.0
10,0,20.0,7.5,2019,98,0.714,-4762.5
10,0,20.0,7.5,2020,152,0.77,5637.5
10,0,20.0,7.5,2021,147,0.748,575.0
10,0,20.0,7.5,2022,201,0.667,-21775.0
10,0,20.0,7.5,2023,172,0.698,-11300.0
10,0,20.0,7.5,2024,161,0.733,-2775.0
10,0,20.0,7.5,2025,180,0.761,3875.0
10,0,20.0,7.5,2026,110,0.727,-2750.0
15,0,15.0,20.0,2016,7,0.714,3325.0
15,0,15.0,20.0,2017,11,0.545,1975.0
15,0,15.0,20.0,2018,79,0.456,2850.0
15,0,15.0,20.0,2019,51,0.51,5087.5
15,0,15.0,20.0,2020,126,0.468,5425.0
15,0,15.0,20.0,2021,113,0.531,17425.0
15,0,15.0,20.0,2022,169,0.462,5800.0
15,0,15.0,20.0,2023,136,0.419,-5650.0
15,0,15.0,20.0,2024,125,0.44,-625.0
15,0,15.0,20.0,2025,152,0.461,6350.0
15,0,15.0,20.0,2026,96,0.479,6100.0
10,1,5.0,5.0,2016,20,0.4,-850.0
10,1,5.0,5.0,2017,38,0.5,387.5
10,1,5.0,5.0,2018,119,0.454,-5412.5
10,1,5.0,5.0,2019,100,0.52,-1612.5
10,1,5.0,5.0,2020,153,0.471,-5825.0
10,1,5.0,5.0,2021,149,0.557,750.0
10,1,5.0,5.0,2022,201,0.478,-7275.0
10,1,5.0,5.0,2023,173,0.468,-7075.0
10,1,5.0,5.0,2024,161,0.54,-775.0
10,1,5.0,5.0,2025,180,0.556,500.0
10,1,5.0,5.0,2026,110,0.509,-2250.0
10,1,30.0,50.0,2016,20,0.4,2000.0
10,1,30.0,50.0,2017,38,0.526,-600.0
10,1,30.0,50.0,2018,119,0.454,-12787.5
10,1,30.0,50.0,2019,100,0.53,8537.5
10,1,30.0,50.0,2020,153,0.542,7350.0
10,1,30.0,50.0,2021,149,0.577,11412.5
10,1,30.0,50.0,2022,201,0.403,-31687.5
10,1,30.0,50.0,2023,173,0.497,562.5
10,1,30.0,50.0,2024,161,0.534,12325.0
10,1,30.0,50.0,2025,180,0.489,10687.5
10,1,30.0,50.0,2026,110,0.427,-13350.0
15,1,25.0,7.5,2016,8,0.625,812.5
15,1,25.0,7.5,2017,14,0.429,-350.0
15,1,25.0,7.5,2018,80,0.588,-8700.0
15,1,25.0,7.5,2019,52,0.692,5850.0
15,1,25.0,7.5,2020,127,0.748,3725.0
15,1,25.0,7.5,2021,114,0.711,3475.0
15,1,25.0,7.5,2022,169,0.74,-10300.0
15,1,25.0,7.5,2023,138,0.696,-3450.0
15,1,25.0,7.5,2024,125,0.784,3725.0
15,1,25.0,7.5,2025,152,0.77,337.5
15,1,25.0,7.5,2026,96,0.76,-1912.5
10,0,30.0,80.0,2016,6,0.333,1850.0
10,0,30.0,80.0,2017,9,0.556,13775.0
10,0,30.0,80.0,2018,53,0.208,-20325.0
10,0,30.0,80.0,2019,34,0.412,25150.0
10,0,30.0,80.0,2020,92,0.272,-2800.0
10,0,30.0,80.0,2021,70,0.371,36250.0
10,0,30.0,80.0,2022,147,0.224,-42675.0
10,0,30.0,80.0,2023,91,0.308,15225.0
10,0,30.0,80.0,2024,94,0.287,5112.5
10,0,30.0,80.0,2025,127,0.299,15325.0
10,0,30.0,80.0,2026,81,0.222,-26662.5
15,1,10.0,7.5,2016,8,0.5,-137.5
15,1,10.0,7.5,2017,14,0.429,-350.0
15,1,10.0,7.5,2018,80,0.45,-7000.0
15,1,10.0,7.5,2019,52,0.635,3437.5
15,1,10.0,7.5,2020,127,0.614,1537.5
15,1,10.0,7.5,2021,114,0.649,8350.0
15,1,10.0,7.5,2022,169,0.58,-2850.0
15,1,10.0,7.5,2023,138,0.558,-4325.0
15,1,10.0,7.5,2024,125,0.624,2325.0
15,1,10.0,7.5,2025,152,0.612,1862.5
15,1,10.0,7.5,2026,96,0.573,-1925.0
10,1,12.5,40.0,2016,20,0.4,2287.5
10,1,12.5,40.0,2017,38,0.526,0.0
10,1,12.5,40.0,2018,119,0.42,-3387.5
10,1,12.5,40.0,2019,100,0.52,9700.0
10,1,12.5,40.0,2020,153,0.399,-3600.0
10,1,12.5,40.0,2021,149,0.523,29612.5
10,1,12.5,40.0,2022,201,0.289,-1975.0
10,1,12.5,40.0,2023,173,0.347,-6412.5
10,1,12.5,40.0,2024,161,0.404,9250.0
10,1,12.5,40.0,2025,180,0.356,10900.0
10,1,12.5,40.0,2026,110,0.318,2600.0
10,1,15.0,30.0,2016,20,0.4,2062.5
10,1,15.0,30.0,2017,38,0.526,-200.0
10,1,15.0,30.0,2018,119,0.445,-1575.0
10,1,15.0,30.0,2019,100,0.53,9987.5
10,1,15.0,30.0,2020,153,0.477,5837.5
10,1,15.0,30.0,2021,149,0.544,22387.5
10,1,15.0,30.0,2022,201,0.363,-550.0
10,1,15.0,30.0,2023,173,0.393,-6712.5
10,1,15.0,30.0,2024,161,0.453,6312.5
10,1,15.0,30.0,2025,180,0.406,6400.0
10,1,15.0,30.0,2026,110,0.364,-4562.5
10,0,20.0,15.0,2016,18,0.556,-950.0
10,0,20.0,15.0,2017,34,0.618,1900.0
10,0,20.0,15.0,2018,110,0.6,2750.0
10,0,20.0,15.0,2019,96,0.656,11437.5
10,0,20.0,15.0,2020,152,0.638,14137.5
10,0,20.0,15.0,2021,143,0.643,14425.0
10,0,20.0,15.0,2022,201,0.557,-10025.0
10,0,20.0,15.0,2023,171,0.544,-12525.0
10,0,20.0,15.0,2024,158,0.589,1325.0
10,0,20.0,15.0,2025,179,0.609,8687.5
10,0,20.0,15.0,2026,110,0.573,-2500.0
15,0,25.0,80.0,2016,4,0.5,5400.0
15,0,25.0,80.0,2017,6,0.667,13350.0
15,0,25.0,80.0,2018,47,0.234,-2175.0
15,0,25.0,80.0,2019,33,0.303,10125.0
15,0,25.0,80.0,2020,92,0.25,3450.0
15,0,25.0,80.0,2021,66,0.318,26100.0
15,0,25.0,80.0,2022,139,0.201,-30225.0
15,0,25.0,80.0,2023,87,0.299,25575.0
15,0,25.0,80.0,2024,81,0.309,27525.0
15,0,25.0,80.0,2025,119,0.294,31700.0
15,0,25.0,80.0,2026,76,0.184,-27750.0
10,0,20.0,10.0,2016,20,0.6,-2500.0
10,0,20.0,10.0,2017,37,0.703,1300.0
10,0,20.0,10.0,2018,114,0.667,-2850.0
10,0,20.0,10.0,2019,98,0.704,2525.0
10,0,20.0,10.0,2020,152,0.737,12650.0
10,0,20.0,10.0,2021,147,0.701,3825.0
10,0,20.0,10.0,2022,201,0.622,-18525.0
10,0,20.0,10.0,2023,171,0.637,-11775.0
10,0,20.0,10.0,2024,160,0.675,-2000.0
10,0,20.0,10.0,2025,179,0.687,1025.0
10,0,20.0,10.0,2026,110,0.645,-6250.0
10,0,20.0,30.0,2016,13,0.538,4175.0
10,0,20.0,30.0,2017,27,0.593,12325.0
10,0,20.0,30.0,2018,94,0.415,1987.5
10,0,20.0,30.0,2019,77,0.455,7737.5
10,0,20.0,30.0,2020,142,0.465,19450.0
10,0,20.0,30.0,2021,130,0.492,26750.0
10,0,20.0,30.0,2022,201,0.398,-6025.0
10,0,20.0,30.0,2023,154,0.403,-2850.0
10,0,20.0,30.0,2024,152,0.434,9200.0
10,0,20.0,30.0,2025,177,0.373,-14712.5
10,0,20.0,30.0,2026,109,0.376,-10350.0
10,1,7.5,40.0,2016,20,0.35,1700.0
10,1,7.5,40.0,2017,38,0.5,225.0
10,1,7.5,40.0,2018,119,0.303,-5312.5
10,1,7.5,40.0,2019,100,0.44,6350.0
10,1,7.5,40.0,2020,153,0.288,-6462.5
10,1,7.5,40.0,2021,149,0.456,30275.0
10,1,7.5,40.0,2022,201,0.189,-4187.5
10,1,7.5,40.0,2023,173,0.249,-2437.5
10,1,7.5,40.0,2024,161,0.292,6037.5
10,1,7.5,40.0,2025,180,0.261,8075.0
10,1,7.5,40.0,2026,110,0.273,12187.5
10,1,10.0,25.0,2016,20,0.4,1787.5
10,1,10.0,25.0,2017,38,0.526,437.5
10,1,10.0,25.0,2018,119,0.403,-687.5
10,1,10.0,25.0,2019,100,0.5,7387.5
10,1,10.0,25.0,2020,153,0.392,2475.0
10,1,10.0,25.0,2021,149,0.497,25562.5
10,1,10.0,25.0,2022,201,0.318,5162.5
10,1,10.0,25.0,2023,173,0.329,-5425.0
10,1,10.0,25.0,2024,161,0.366,1912.5
10,1,10.0,25.0,2025,180,0.361,9462.5
10,1,10.0,25.0,2026,110,0.336,3737.5
15,1,12.5,7.5,2016,8,0.5,-387.5
15,1,12.5,7.5,2017,14,0.429,-350.0
15,1,12.5,7.5,2018,80,0.462,-9762.5
15,1,12.5,7.5,2019,52,0.673,5112.5
15,1,12.5,7.5,2020,127,0.638,-900.0
15,1,12.5,7.5,2021,114,0.667,7025.0
15,1,12.5,7.5,2022,169,0.615,-5600.0
15,1,12.5,7.5,2023,138,0.587,-6900.0
15,1,12.5,7.5,2024,125,0.68,3450.0
15,1,12.5,7.5,2025,152,0.645,-12.5
15,1,12.5,7.5,2026,96,0.656,1075.0
15,1,15.0,15.0,2016,8,0.625,1950.0
15,1,15.0,15.0,2017,14,0.357,-837.5
15,1,15.0,15.0,2018,80,0.45,-5750.0
15,1,15.0,15.0,2019,52,0.654,10937.5
15,1,15.0,15.0,2020,127,0.512,-2175.0
15,1,15.0,15.0,2021,114,0.596,17475.0
15,1,15.0,15.0,2022,169,0.497,-5562.5
15,1,15.0,15.0,2023,138,0.493,-6975.0
15,1,15.0,15.0,2024,125,0.544,-337.5
15,1,15.0,15.0,2025,152,0.546,6225.0
15,1,15.0,15.0,2026,96,0.521,1062.5
10,0,12.5,40.0,2016,13,0.308,2050.0
10,0,12.5,40.0,2017,24,0.417,10650.0
10,0,12.5,40.0,2018,99,0.232,-3662.5
10,0,12.5,40.0,2019,78,0.359,22087.5
10,0,12.5,40.0,2020,141,0.291,15975.0
10,0,12.5,40.0,2021,129,0.364,39525.0
10,0,12.5,40.0,2022,199,0.251,1612.5
10,0,12.5,40.0,2023,159,0.27,9525.0
10,0,12.5,40.0,2024,149,0.255,2900.0
10,0,12.5,40.0,2025,176,0.261,5637.5
10,0,12.5,40.0,2026,109,0.248,25.0
10,0,10.0,20.0,2016,19,0.421,2025.0
10,0,10.0,20.0,2017,34,0.382,1650.0
10,0,10.0,20.0,2018,114,0.395,7650.0
10,0,10.0,20.0,2019,95,0.474,17112.5
10,0,10.0,20.0,2020,150,0.42,15662.5
10,0,10.0,20.0,2021,146,0.445,20850.0
10,0,10.0,20.0,2022,201,0.358,2475.0
10,0,10.0,20.0,2023,169,0.308,-10725.0
10,0,10.0,20.0,2024,158,0.335,-3450.0
10,0,10.0,20.0,2025,180,0.394,12750.0
10,0,10.0,20.0,2026,110,0.345,-750.0
15,0,30.0,30.0,2016,6,0.5,-150.0
15,0,30.0,30.0,2017,10,0.8,8750.0
15,0,30.0,30.0,2018,65,0.492,-2537.5
15,0,30.0,30.0,2019,43,0.628,15375.0
15,0,30.0,30.0,2020,119,0.546,13525.0
15,0,30.0,30.0,2021,101,0.614,32025.0
15,0,30.0,30.0,2022,167,0.467,-20675.0
15,0,30.0,30.0,2023,118,0.568,21050.0
15,0,30.0,30.0,2024,113,0.558,16475.0
15,0,30.0,30.0,2025,147,0.517,5387.5
15,0,30.0,30.0,2026,92,0.5,-4312.5
15,1,25.0,15.0,2016,8,0.625,1950.0
15,1,25.0,15.0,2017,14,0.357,-837.5
15,1,25.0,15.0,2018,80,0.488,-9250.0
15,1,25.0,15.0,2019,52,0.673,12225.0
15,1,25.0,15.0,2020,127,0.622,9025.0
15,1,25.0,15.0,2021,114,0.632,15137.5
15,1,25.0,15.0,2022,169,0.609,-7925.0
15,1,25.0,15.0,2023,138,0.594,2037.5
15,1,25.0,15.0,2024,125,0.648,2450.0
15,1,25.0,15.0,2025,152,0.664,13550.0
15,1,25.0,15.0,2026,96,0.583,-7075.0
10,0,20.0,25.0,2016,15,0.467,375.0
10,0,20.0,25.0,2017,30,0.567,7500.0
10,0,20.0,25.0,2018,100,0.47,4337.5
10,0,20.0,25.0,2019,83,0.482,4137.5
10,0,20.0,25.0,2020,143,0.545,28925.0
10,0,20.0,25.0,2021,137,0.54,26075.0
10,0,20.0,25.0,2022,201,0.453,-1187.5
10,0,20.0,25.0,2023,160,0.469,4750.0
10,0,20.0,25.0,2024,154,0.461,1925.0
10,0,20.0,25.0,2025,177,0.446,-2412.5
10,0,20.0,25.0,2026,109,0.44,-4850.0
10,0,30.0,30.0,2016,11,0.636,4225.0
10,0,30.0,30.0,2017,21,0.762,15975.0
10,0,30.0,30.0,2018,85,0.459,-11850.0
10,0,30.0,30.0,2019,70,0.543,7337.5
10,0,30.0,30.0,2020,133,0.564,22175.0
10,0,30.0,30.0,2021,121,0.579,25475.0
10,0,30.0,30.0,2022,195,0.462,-27375.0
10,0,30.0,30.0,2023,139,0.496,-4975.0
10,0,30.0,30.0,2024,143,0.538,12925.0
10,0,30.0,30.0,2025,165,0.503,-375.0
10,0,30.0,30.0,2026,107,0.467,-14600.0
10,0,7.5,15.0,2016,19,0.421,1400.0
10,0,7.5,15.0,2017,36,0.333,-900.0
10,0,7.5,15.0,2018,118,0.331,-3362.5
10,0,7.5,15.0,2019,99,0.455,10087.5
10,0,7.5,15.0,2020,153,0.379,4025.0
10,0,7.5,15.0,2021,147,0.463,17700.0
10,0,7.5,15.0,2022,201,0.338,-3900.0
10,0,7.5,15.0,2023,173,0.306,-9575.0
10,0,7.5,15.0,2024,160,0.369,2375.0
10,0,7.5,15.0,2025,180,0.4,9000.0
10,0,7.5,15.0,2026,110,0.373,2125.0
15,0,7.5,80.0,2016,6,0.167,1975.0
15,0,7.5,80.0,2017,10,0.1,375.0
15,0,7.5,80.0,2018,74,0.068,-7587.5
15,0,7.5,80.0,2019,39,0.205,17700.0
15,0,7.5,80.0,2020,114,0.088,-2625.0
15,0,7.5,80.0,2021,94,0.128,14900.0
15,0,7.5,80.0,2022,159,0.088,-2350.0
15,0,7.5,80.0,2023,111,0.126,16850.0
15,0,7.5,80.0,2024,96,0.115,9725.0
15,0,7.5,80.0,2025,139,0.072,-11850.0
15,0,7.5,80.0,2026,90,0.067,-13337.5
15,1,30.0,10.0,2016,8,0.625,1312.5
15,1,30.0,10.0,2017,14,0.357,-700.0
15,1,30.0,10.0,2018,80,0.562,-10875.0
15,1,30.0,10.0,2019,52,0.692,8475.0
15,1,30.0,10.0,2020,127,0.724,9037.5
15,1,30.0,10.0,2021,114,0.693,7562.5
15,1,30.0,10.0,2022,169,0.704,-16625.0
15,1,30.0,10.0,2023,138,0.659,-1975.0
15,1,30.0,10.0,2024,125,0.76,11600.0
15,1,30.0,10.0,2025,152,0.77,10612.5
15,1,30.0,10.0,2026,96,0.75,2137.5
15,1,12.5,15.0,2016,8,0.5,375.0
15,1,12.5,15.0,2017,14,0.357,-837.5
15,1,12.5,15.0,2018,80,0.388,-8637.5
15,1,12.5,15.0,2019,52,0.654,11087.5
15,1,12.5,15.0,2020,127,0.488,-850.0
15,1,12.5,15.0,2021,114,0.579,18062.5
15,1,12.5,15.0,2022,169,0.444,-7600.0
15,1,12.5,15.0,2023,138,0.457,-6000.0
15,1,12.5,15.0,2024,125,0.512,1162.5
15,1,12.5,15.0,2025,152,0.493,3225.0
15,1,12.5,15.0,2026,96,0.5,3662.5
10,0,5.0,20.0,2016,20,0.25,750.0
10,0,5.0,20.0,2017,35,0.229,375.0
10,0,5.0,20.0,2018,117,0.197,-3425.0
10,0,5.0,20.0,2019,99,0.293,8262.5
10,0,5.0,20.0,2020,152,0.217,-887.5
10,0,5.0,20.0,2021,148,0.311,16800.0
10,0,5.0,20.0,2022,201,0.229,2225.0
10,0,5.0,20.0,2023,171,0.216,-775.0
10,0,5.0,20.0,2024,161,0.224,725.0
10,0,5.0,20.0,2025,180,0.272,12500.0
10,0,5.0,20.0,2026,110,0.209,-1500.0
10,0,5.0,30.0,2016,19,0.211,1775.0
10,0,5.0,30.0,2017,35,0.171,875.0
10,0,5.0,30.0,2018,114,0.149,-1600.0
10,0,5.0,30.0,2019,95,0.211,7812.5
10,0,5.0,30.0,2020,152,0.138,-5387.5
10,0,5.0,30.0,2021,142,0.246,22400.0
10,0,5.0,30.0,2022,201,0.149,-2775.0
10,0,5.0,30.0,2023,170,0.165,2250.0
10,0,5.0,30.0,2024,161,0.193,9975.0
10,0,5.0,30.0,2025,180,0.178,6750.0
10,0,5.0,30.0,2026,110,0.191,6500.0
10,1,15.0,10.0,2016,20,0.4,-125.0
10,1,15.0,10.0,2017,38,0.526,337.5
10,1,15.0,10.0,2018,119,0.538,-3637.5
10,1,15.0,10.0,2019,100,0.56,4150.0
10,1,15.0,10.0,2020,153,0.627,5787.5
10,1,15.0,10.0,2021,149,0.631,6725.0
10,1,15.0,10.0,2022,201,0.582,-8950.0
10,1,15.0,10.0,2023,173,0.543,-16212.5
10,1,15.0,10.0,2024,161,0.602,-737.5
10,1,15.0,10.0,2025,180,0.611,200.0
10,1,15.0,10.0,2026,110,0.591,-4000.0
15,0,15.0,60.0,2016,5,0.4,3625.0
15,0,15.0,60.0,2017,8,0.5,8800.0
15,0,15.0,60.0,2018,64,0.172,-8350.0
15,0,15.0,60.0,2019,41,0.317,16025.0
15,0,15.0,60.0,2020,107,0.196,-4350.0
15,0,15.0,60.0,2021,89,0.292,28525.0
15,0,15.0,60.0,2022,157,0.229,13325.0
15,0,15.0,60.0,2023,111,0.234,11475.0
15,0,15.0,60.0,2024,101,0.228,7975.0
15,0,15.0,60.0,2025,139,0.187,-10125.0
15,0,15.0,60.0,2026,88,0.205,-3537.5
15,0,12.5,60.0,2016,5,0.2,375.0
15,0,12.5,60.0,2017,9,0.222,1400.0
15,0,12.5,60.0,2018,68,0.147,-6812.5
15,0,12.5,60.0,2019,42,0.262,11375.0
15,0,12.5,60.0,2020,111,0.171,-3575.0
15,0,12.5,60.0,2021,90,0.267,28500.0
15,0,12.5,60.0,2022,159,0.201,12650.0
15,0,12.5,60.0,2023,113,0.221,17175.0
15,0,12.5,60.0,2024,104,0.202,8525.0
15,0,12.5,60.0,2025,139,0.151,-14125.0
15,0,12.5,60.0,2026,90,0.189,37.5
15,0,30.0,10.0,2016,8,0.875,1800.0
15,0,30.0,10.0,2017,13,0.846,2175.0
15,0,30.0,10.0,2018,76,0.776,2100.0
15,0,30.0,10.0,2019,52,0.865,10650.0
15,0,30.0,10.0,2020,126,0.817,13850.0
15,0,30.0,10.0,2021,113,0.832,15675.0
15,0,30.0,10.0,2022,169,0.722,-13725.0
15,0,30.0,10.0,2023,135,0.778,4125.0
15,0,30.0,10.0,2024,124,0.782,5475.0
15,0,30.0,10.0,2025,152,0.789,9812.5
15,0,30.0,10.0,2026,96,0.771,1600.0
15,1,15.0,50.0,2016,8,0.625,2787.5
15,1,15.0,50.0,2017,14,0.357,-837.5
15,1,15.0,50.0,2018,80,0.388,-5150.0
15,1,15.0,50.0,2019,52,0.596,8637.5
15,1,15.0,50.0,2020,127,0.409,-6450.0
15,1,15.0,50.0,2021,114,0.544,22250.0
15,1,15.0,50.0,2022,169,0.314,-1300.0
15,1,15.0,50.0,2023,138,0.413,-425.0
15,1,15.0,50.0,2024,125,0.472,3825.0
15,1,15.0,50.0,2025,152,0.368,-6512.5
15,1,15.0,50.0,2026,96,0.354,4725.0
15,1,30.0,7.5,2016,8,0.625,812.5
15,1,30.0,7.5,2017,14,0.429,-350.0
15,1,30.0,7.5,2018,80,0.588,-12200.0
15,1,30.0,7.5,2019,52,0.692,5600.0
15,1,30.0,7.5,2020,127,0.756,2400.0
15,1,30.0,7.5,2021,114,0.711,125.0
15,1,30.0,7.5,2022,169,0.769,-11000.0
15,1,30.0,7.5,2023,138,0.703,-4887.5
15,1,30.0,7.5,2024,125,0.8,5112.5
15,1,30.0,7.5,2025,152,0.796,1387.5
15,1,30.0,7.5,2026,96,0.792,-525.0
15,0,5.0,40.0,2016,8,0.125,50.0
15,0,5.0,40.0,2017,11,0.091,-775.0
15,0,5.0,40.0,2018,79,0.139,3100.0
15,0,5.0,40.0,2019,50,0.18,5850.0
15,0,5.0,40.0,2020,126,0.111,-3150.0
15,0,5.0,40.0,2021,108,0.185,15300.0
15,0,5.0,40.0,2022,168,0.131,3300.0
15,0,5.0,40.0,2023,134,0.164,13562.5
15,0,5.0,40.0,2024,117,0.137,3825.0
15,0,5.0,40.0,2025,150,0.133,3750.0
15,0,5.0,40.0,2026,96,0.146,5100.0
15,0,7.5,15.0,2016,7,0.429,575.0
15,0,7.5,15.0,2017,14,0.429,1150.0
15,0,7.5,15.0,2018,80,0.35,825.0
15,0,7.5,15.0,2019,52,0.462,5337.5
15,0,7.5,15.0,2020,127,0.402,6575.0
15,0,7.5,15.0,2021,114,0.439,10650.0
15,0,7.5,15.0,2022,169,0.343,-2350.0
15,0,7.5,15.0,2023,136,0.331,-3775.0
15,0,7.5,15.0,2024,125,0.344,-1625.0
15,0,7.5,15.0,2025,152,0.388,6287.5
15,0,7.5,15.0,2026,96,0.323,-3525.0
15,0,10.0,80.0,2016,5,0.2,1875.0
15,0,10.0,80.0,2017,9,0.222,4275.0
15,0,10.0,80.0,2018,69,0.116,-87.5
15,0,10.0,80.0,2019,36,0.25,20150.0
15,0,10.0,80.0,2020,109,0.092,-13300.0
15,0,10.0,80.0,2021,87,0.184,26325.0
15,0,10.0,80.0,2022,156,0.109,-5400.0
15,0,10.0,80.0,2023,109,0.156,19275.0
15,0,10.0,80.0,2024,90,0.167,20250.0
15,0,10.0,80.0,2025,139,0.086,-18975.0
15,0,10.0,80.0,2026,89,0.101,-9650.0
15,1,7.5,60.0,2016,8,0.5,1262.5
15,1,7.5,60.0,2017,14,0.357,-1137.5
15,1,7.5,60.0,2018,80,0.275,-4662.5
15,1,7.5,60.0,2019,52,0.481,2075.0
15,1,7.5,60.0,2020,127,0.315,-1475.0
15,1,7.5,60.0,2021,114,0.421,14900.0
15,1,7.5,60.0,2022,169,0.183,3662.5
15,1,7.5,60.0,2023,138,0.297,7937.5
15,1,7.5,60.0,2024,125,0.312,500.0
15,1,7.5,60.0,2025,152,0.257,287.5
15,1,7.5,60.0,2026,96,0.219,2325.0
15,1,20.0,60.0,2016,8,0.625,2787.5
15,1,20.0,60.0,2017,14,0.357,-837.5
15,1,20.0,60.0,2018,80,0.425,-3525.0
15,1,20.0,60.0,2019,52,0.596,7712.5
15,1,20.0,60.0,2020,127,0.472,-2162.5
15,1,20.0,60.0,2021,114,0.561,18537.5
15,1,20.0,60.0,2022,169,0.385,6987.5
15,1,20.0,60.0,2023,138,0.478,1137.5
15,1,20.0,60.0,2024,125,0.528,5687.5
15,1,20.0,60.0,2025,152,0.461,7575.0
15,1,20.0,60.0,2026,96,0.438,5050.0
10,1,15.0,5.0,2016,20,0.45,-1025.0
10,1,15.0,5.0,2017,38,0.579,587.5
10,1,15.0,5.0,2018,119,0.706,-275.0
10,1,15.0,5.0,2019,100,0.65,-1925.0
10,1,15.0,5.0,2020,153,0.732,-4000.0
10,1,15.0,5.0,2021,149,0.772,2400.0
10,1,15.0,5.0,2022,201,0.701,-14200.0
10,1,15.0,5.0,2023,173,0.682,-15225.0
10,1,15.0,5.0,2024,161,0.752,-1687.5
10,1,15.0,5.0,2025,180,0.767,225.0
10,1,15.0,5.0,2026,110,0.736,-4250.0
10,1,30.0,5.0,2016,20,0.45,-1062.5
10,1,30.0,5.0,2017,38,0.579,187.5
10,1,30.0,5.0,2018,119,0.739,650.0
10,1,30.0,5.0,2019,100,0.65,-2550.0
10,1,30.0,5.0,2020,153,0.804,-6962.5
10,1,30.0,5.0,2021,149,0.826,1300.0
10,1,30.0,5.0,2022,201,0.786,-26950.0
10,1,30.0,5.0,2023,173,0.792,-7562.5
10,1,30.0,5.0,2024,161,0.814,-2800.0
10,1,30.0,5.0,2025,180,0.833,2512.5
10,1,30.0,5.0,2026,110,0.809,-12000.0
15,0,30.0,80.0,2016,4,0.5,4900.0
15,0,30.0,80.0,2017,5,0.8,14375.0
15,0,30.0,80.0,2018,46,0.239,-9650.0
15,0,30.0,80.0,2019,30,0.367,14750.0
15,0,30.0,80.0,2020,87,0.299,10325.0
15,0,30.0,80.0,2021,60,0.35,24000.0
15,0,30.0,80.0,2022,136,0.221,-42400.0
15,0,30.0,80.0,2023,82,0.341,28950.0
15,0,30.0,80.0,2024,79,0.329,22325.0
15,0,30.0,80.0,2025,117,0.308,19500.0
15,0,30.0,80.0,2026,75,0.2,-35225.0
10,1,12.5,10.0,2016,20,0.4,125.0
10,1,12.5,10.0,2017,38,0.526,537.5
10,1,12.5,10.0,2018,119,0.521,-3212.5
10,1,12.5,10.0,2019,100,0.55,3712.5
10,1,12.5,10.0,2020,153,0.582,2450.0
10,1,12.5,10.0,2021,149,0.604,7637.5
10,1,12.5,10.0,2022,201,0.532,-10562.5
10,1,12.5,10.0,2023,173,0.514,-12462.5
10,1,12.5,10.0,2024,161,0.565,-837.5
10,1,12.5,10.0,2025,180,0.561,-2500.0
10,1,12.5,10.0,2026,110,0.545,-4000.0
10,0,15.0,20.0,2016,17,0.588,4325.0
10,0,15.0,20.0,2017,31,0.516,3975.0
10,0,15.0,20.0,2018,111,0.495,11537.5
10,0,15.0,20.0,2019,90,0.567,19237.5
10,0,15.0,20.0,2020,150,0.507,16750.0
10,0,15.0,20.0,2021,142,0.514,17700.0
10,0,15.0,20.0,2022,201,0.433,-3687.5
10,0,15.0,20.0,2023,165,0.418,-7125.0
10,0,15.0,20.0,2024,158,0.443,50.0
10,0,15.0,20.0,2025,179,0.475,10262.5
10,0,15.0,20.0,2026,110,0.418,-4750.0
15,1,20.0,50.0,2016,8,0.625,2787.5
15,1,20.0,50.0,2017,14,0.357,-837.5
15,1,20.0,50.0,2018,80,0.425,-4525.0
15,1,20.0,50.0,2019,52,0.596,7712.5
15,1,20.0,50.0,2020,127,0.48,1362.5
15,1,20.0,50.0,2021,114,0.561,19975.0
15,1,20.0,50.0,2022,169,0.385,1662.5
15,1,20.0,50.0,2023,138,0.478,-237.5
15,1,20.0,50.0,2024,125,0.528,5912.5
15,1,20.0,50.0,2025,152,0.461,6875.0
15,1,20.0,50.0,2026,96,0.438,3737.5
10,1,25.0,25.0,2016,20,0.4,1162.5
10,1,25.0,25.0,2017,38,0.526,-637.5
10,1,25.0,25.0,2018,119,0.479,-8687.5
10,1,25.0,25.0,2019,100,0.53,8062.5
10,1,25.0,25.0,2020,153,0.569,11887.5
10,1,25.0,25.0,2021,149,0.57,11200.0
10,1,25.0,25.0,2022,201,0.463,-22800.0
10,1,25.0,25.0,2023,173,0.526,4987.5
10,1,25.0,25.0,2024,161,0.54,4862.5
10,1,25.0,25.0,2025,180,0.55,19562.5
10,1,25.0,25.0,2026,110,0.5,-5987.5
15,1,30.0,25.0,2016,8,0.625,2850.0
15,1,30.0,25.0,2017,14,0.357,-837.5
15,1,30.0,25.0,2018,80,0.438,-13612.5
15,1,30.0,25.0,2019,52,0.615,9137.5
15,1,30.0,25.0,2020,127,0.575,3650.0
15,1,30.0,25.0,2021,114,0.588,15462.5
15,1,30.0,25.0,2022,169,0.509,-20900.0
15,1,30.0,25.0,2023,138,0.58,12787.5
15,1,30.0,25.0,2024,125,0.624,10575.0
15,1,30.0,25.0,2025,152,0.599,12500.0
15,1,30.0,25.0,2026,96,0.542,-2975.0
10,1,15.0,80.0,2016,20,0.4,2037.5
10,1,15.0,80.0,2017,38,0.526,-200.0
10,1,15.0,80.0,2018,119,0.437,25.0
10,1,15.0,80.0,2019,100,0.53,9925.0
10,1,15.0,80.0,2020,153,0.431,-5625.0
10,1,15.0,80.0,2021,149,0.544,21262.5
10,1,15.0,80.0,2022,201,0.303,5600.0
10,1,15.0,80.0,2023,173,0.364,-13675.0
10,1,15.0,80.0,2024,161,0.429,4175.0
10,1,15.0,80.0,2025,180,0.367,7137.5
10,1,15.0,80.0,2026,110,0.336,-550.0
15,0,10.0,50.0,2016,6,0.167,-150.0
15,0,10.0,50.0,2017,10,0.2,750.0
15,0,10.0,50.0,2018,72,0.167,-1800.0
15,0,10.0,50.0,2019,47,0.277,12875.0
15,0,10.0,50.0,2020,118,0.169,-2375.0
15,0,10.0,50.0,2021,96,0.281,30600.0
15,0,10.0,50.0,2022,167,0.162,-6675.0
15,0,10.0,50.0,2023,122,0.205,11362.5
15,0,10.0,50.0,2024,110,0.191,5250.0
15,0,10.0,50.0,2025,148,0.162,-6000.0
15,0,10.0,50.0,2026,95,0.158,-6187.5
15,0,25.0,25.0,2016,7,0.714,3575.0
15,0,25.0,25.0,2017,11,0.727,5975.0
15,0,25.0,25.0,2018,68,0.529,4137.5
15,0,25.0,25.0,2019,48,0.667,18500.0
15,0,25.0,25.0,2020,123,0.553,13262.5
15,0,25.0,25.0,2021,108,0.639,34800.0
15,0,25.0,25.0,2022,169,0.485,-10475.0
15,0,25.0,25.0,2023,127,0.551,13075.0
15,0,25.0,25.0,2024,120,0.542,9500.0
15,0,25.0,25.0,2025,151,0.51,575.0
15,0,25.0,25.0,2026,95,0.474,-11137.5
10,0,5.0,60.0,2016,14,0.071,-600.0
10,0,5.0,60.0,2017,29,0.103,1775.0
10,0,5.0,60.0,2018,98,0.071,-2875.0
10,0,5.0,60.0,2019,81,0.136,12412.5
10,0,5.0,60.0,2020,146,0.068,-7987.5
10,0,5.0,60.0,2021,125,0.136,20875.0
10,0,5.0,60.0,2022,199,0.08,-2725.0
10,0,5.0,60.0,2023,154,0.104,9825.0
10,0,5.0,60.0,2024,144,0.132,22150.0
10,0,5.0,60.0,2025,173,0.092,3587.5
10,0,5.0,60.0,2026,108,0.111,9300.0
15,0,25.0,40.0,2016,6,0.5,2100.0
15,0,25.0,40.0,2017,9,0.667,8025.0
15,0,25.0,40.0,2018,60,0.383,-1662.5
15,0,25.0,40.0,2019,43,0.512,16375.0
15,0,25.0,40.0,2020,117,0.419,10075.0
15,0,25.0,40.0,2021,93,0.473,24425.0
15,0,25.0,40.0,2022,163,0.393,175.0
15,0,25.0,40.0,2023,115,0.443,20037.5
15,0,25.0,40.0,2024,109,0.45,19825.0
15,0,25.0,40.0,2025,142,0.43,17287.5
15,0,25.0,40.0,2026,90,0.356,-13262.5
15,0,15.0,50.0,2016,6,0.333,1850.0
15,0,15.0,50.0,2017,9,0.444,6025.0
15,0,15.0,50.0,2018,67,0.209,-6425.0
15,0,15.0,50.0,2019,43,0.372,17725.0
15,0,15.0,50.0,2020,111,0.252,4800.0
15,0,15.0,50.0,2021,94,0.309,21400.0
15,0,15.0,50.0,2022,160,0.25,6000.0
15,0,15.0,50.0,2023,116,0.241,1512.5
15,0,15.0,50.0,2024,105,0.248,3125.0
15,0,15.0,50.0,2025,145,0.241,1325.0
15,0,15.0,50.0,2026,92,0.217,-7275.0
15,1,12.5,25.0,2016,8,0.5,775.0
15,1,12.5,25.0,2017,14,0.357,-837.5
15,1,12.5,25.0,2018,80,0.338,-9787.5
15,1,12.5,25.0,2019,52,0.596,8625.0
15,1,12.5,25.0,2020,127,0.433,-3712.5
15,1,12.5,25.0,2021,114,0.535,23350.0
15,1,12.5,25.0,2022,169,0.331,-9237.5
15,1,12.5,25.0,2023,138,0.428,5187.5
15,1,12.5,25.0,2024,125,0.464,2912.5
15,1,12.5,25.0,2025,152,0.382,-4462.5
15,1,12.5,25.0,2026,96,0.417,8637.5
10,0,30.0,5.0,2016,17,0.824,-1425.0
10,0,30.0,5.0,2017,36,0.889,1100.0
10,0,30.0,5.0,2018,115,0.887,3125.0
10,0,30.0,5.0,2019,94,0.851,-3225.0
10,0,30.0,5.0,2020,151,0.868,-1025.0
10,0,30.0,5.0,2021,148,0.892,5300.0
10,0,30.0,5.0,2022,201,0.791,-28275.0
10,0,30.0,5.0,2023,169,0.84,-9225.0
10,0,30.0,5.0,2024,160,0.875,1000.0
10,0,30.0,5.0,2025,180,0.878,2000.0
10,0,30.0,5.0,2026,110,0.809,-12000.0
15,0,15.0,80.0,2016,5,0.4,5625.0
15,0,15.0,80.0,2017,7,0.429,8825.0
15,0,15.0,80.0,2018,62,0.129,-10050.0
15,0,15.0,80.0,2019,36,0.278,18650.0
15,0,15.0,80.0,2020,101,0.149,-7200.0
15,0,15.0,80.0,2021,83,0.217,21175.0
15,0,15.0,80.0,2022,143,0.168,3000.0
15,0,15.0,80.0,2023,103,0.184,10425.0
15,0,15.0,80.0,2024,85,0.224,24375.0
15,0,15.0,80.0,2025,127,0.157,-3425.0
15,0,15.0,80.0,2026,84,0.143,-10937.5
10,1,12.5,7.5,2016,20,0.4,-500.0
10,1,12.5,7.5,2017,38,0.553,1012.5
10,1,12.5,7.5,2018,119,0.546,-6400.0
10,1,12.5,7.5,2019,100,0.59,1387.5
10,1,12.5,7.5,2020,153,0.621,-2525.0
10,1,12.5,7.5,2021,149,0.658,4175.0
10,1,12.5,7.5,2022,201,0.617,-6937.5
10,1,12.5,7.5,2023,173,0.578,-11975.0
10,1,12.5,7.5,2024,161,0.627,-2475.0
10,1,12.5,7.5,2025,180,0.639,-1350.0
10,1,12.5,7.5,2026,110,0.645,-500.0
15,1,10.0,15.0,2016,8,0.5,625.0
15,1,10.0,15.0,2017,14,0.357,-837.5
15,1,10.0,15.0,2018,80,0.375,-5625.0
15,1,10.0,15.0,2019,52,0.596,8187.5
15,1,10.0,15.0,2020,127,0.457,1912.5
15,1,10.0,15.0,2021,114,0.561,19025.0
15,1,10.0,15.0,2022,169,0.402,-4725.0
15,1,10.0,15.0,2023,138,0.42,-3600.0
15,1,10.0,15.0,2024,125,0.448,-437.5
15,1,10.0,15.0,2025,152,0.441,2100.0
15,1,10.0,15.0,2026,96,0.396,-3087.5
10,0,30.0,25.0,2016,12,0.583,950.0
10,0,30.0,25.0,2017,26,0.654,7100.0
10,0,30.0,25.0,2018,91,0.516,-8500.0
10,0,30.0,25.0,2019,76,0.579,5150.0
10,0,30.0,25.0,2020,135,0.63,27875.0
10,0,30.0,25.0,2021,129,0.612,20525.0
10,0,30.0,25.0,2022,198,0.515,-21125.0
10,0,30.0,25.0,2023,146,0.568,5600.0
10,0,30.0,25.0,2024,145,0.572,7150.0
10,0,30.0,25.0,2025,171,0.579,13275.0
10,0,30.0,25.0,2026,108,0.556,-325.0
10,0,40.0,5.0,2016,17,0.824,-2925.0
10,0,40.0,5.0,2017,33,0.909,675.0
10,0,40.0,5.0,2018,115,0.913,3375.0
10,0,40.0,5.0,2019,90,0.911,2375.0
10,0,40.0,5.0,2020,151,0.901,225.0
10,0,40.0,5.0,2021,147,0.912,3825.0
10,0,40.0,5.0,2022,201,0.851,-22275.0
10,0,40.0,5.0,2023,165,0.885,-5625.0
10,0,40.0,5.0,2024,160,0.9,0.0
10,0,40.0,5.0,2025,178,0.899,-450.0
10,0,40.0,5.0,2026,110,0.873,-6750.0
10,0,25.0,80.0,2016,7,0.286,1575.0
10,0,25.0,80.0,2017,9,0.556,14775.0
10,0,25.0,80.0,2018,59,0.186,-17475.0
10,0,25.0,80.0,2019,37,0.351,21075.0
10,0,25.0,80.0,2020,97,0.247,2325.0
10,0,25.0,80.0,2021,79,0.304,25275.0
10,0,25.0,80.0,2022,157,0.204,-32175.0
10,0,25.0,80.0,2023,94,0.298,27150.0
10,0,25.0,80.0,2024,97,0.258,7287.5
10,0,25.0,80.0,2025,132,0.28,25875.0
10,0,25.0,80.0,2026,90,0.156,-44387.5
10,0,40.0,20.0,2016,14,0.786,4650.0
10,0,40.0,20.0,2017,23,0.739,4425.0
10,0,40.0,20.0,2018,88,0.648,-5862.5
10,0,40.0,20.0,2019,73,0.753,17475.0
10,0,40.0,20.0,2020,140,0.743,28500.0
10,0,40.0,20.0,2021,128,0.727,19800.0
10,0,40.0,20.0,2022,195,0.656,-10537.5
10,0,40.0,20.0,2023,142,0.69,6450.0
10,0,40.0,20.0,2024,143,0.713,16725.0
10,0,40.0,20.0,2025,166,0.729,29150.0
10,0,40.0,20.0,2026,110,0.645,-11712.5
10,1,25.0,15.0,2016,20,0.4,112.5
10,1,25.0,15.0,2017,38,0.526,-475.0
10,1,25.0,15.0,2018,119,0.513,-9562.5
10,1,25.0,15.0,2019,100,0.54,7462.5
10,1,25.0,15.0,2020,153,0.608,4337.5
10,1,25.0,15.0,2021,149,0.617,5737.5
10,1,25.0,15.0,2022,201,0.557,-25462.5
10,1,25.0,15.0,2023,173,0.566,-4775.0
10,1,25.0,15.0,2024,161,0.621,7312.5
10,1,25.0,15.0,2025,180,0.65,16487.5
10,1,25.0,15.0,2026,110,0.618,-4775.0
10,0,12.5,7.5,2016,20,0.65,0.0
10,0,12.5,7.5,2017,38,0.658,650.0
10,0,12.5,7.5,2018,118,0.636,-1700.0
10,0,12.5,7.5,2019,99,0.667,962.5
10,0,12.5,7.5,2020,153,0.647,112.5
10,0,12.5,7.5,2021,149,0.678,4150.0
10,0,12.5,7.5,2022,201,0.617,-6937.5
10,0,12.5,7.5,2023,173,0.572,-13450.0
10,0,12.5,7.5,2024,161,0.646,-650.0
10,0,12.5,7.5,2025,180,0.639,-2000.0
10,0,12.5,7.5,2026,110,0.645,-500.0
10,1,10.0,40.0,2016,20,0.4,2262.5
10,1,10.0,40.0,2017,38,0.526,437.5
10,1,10.0,40.0,2018,119,0.378,-2850.0
10,1,10.0,40.0,2019,100,0.5,9212.5
10,1,10.0,40.0,2020,153,0.353,-4825.0
10,1,10.0,40.0,2021,149,0.497,31112.5
10,1,10.0,40.0,2022,201,0.239,-812.5
10,1,10.0,40.0,2023,173,0.295,-4700.0
10,1,10.0,40.0,2024,161,0.354,6562.5
10,1,10.0,40.0,2025,180,0.317,9700.0
10,1,10.0,40.0,2026,110,0.291,6700.0
10,1,7.5,20.0,2016,20,0.35,825.0
10,1,7.5,20.0,2017,38,0.5,225.0
10,1,7.5,20.0,2018,119,0.328,-5812.5
10,1,7.5,20.0,2019,100,0.45,6537.5
10,1,7.5,20.0,2020,153,0.346,62.5
10,1,7.5,20.0,2021,149,0.477,24250.0
10,1,7.5,20.0,2022,201,0.294,412.5
10,1,7.5,20.0,2023,173,0.301,-4812.5
10,1,7.5,20.0,2024,161,0.335,2637.5
10,1,7.5,20.0,2025,180,0.344,9250.0
10,1,7.5,20.0,2026,110,0.309,1175.0
10,1,5.0,50.0,2016,20,0.3,425.0
10,1,5.0,50.0,2017,38,0.447,-425.0
10,1,5.0,50.0,2018,119,0.252,-3875.0
10,1,5.0,50.0,2019,100,0.37,3475.0
10,1,5.0,50.0,2020,153,0.222,-2737.5
10,1,5.0,50.0,2021,149,0.342,19837.5
10,1,5.0,50.0,2022,201,0.114,-9100.0
10,1,5.0,50.0,2023,173,0.214,9225.0
10,1,5.0,50.0,2024,161,0.224,11112.5
10,1,5.0,50.0,2025,180,0.211,10700.0
10,1,5.0,50.0,2026,110,0.173,9312.5
10,0,7.5,10.0,2016,20,0.45,-125.0
10,0,7.5,10.0,2017,37,0.432,-800.0
10,0,7.5,10.0,2018,119,0.42,-3887.5
10,0,7.5,10.0,2019,100,0.52,4600.0
10,0,7.5,10.0,2020,153,0.477,3125.0
10,0,7.5,10.0,2021,149,0.523,8650.0
10,0,7.5,10.0,2022,201,0.428,-5150.0
10,0,7.5,10.0,2023,173,0.41,-7075.0
10,0,7.5,10.0,2024,161,0.472,2100.0
10,0,7.5,10.0,2025,180,0.467,1500.0
10,0,7.5,10.0,2026,110,0.436,-2000.0
15,0,20.0,20.0,2016,7,0.714,2825.0
15,0,20.0,20.0,2017,11,0.636,2725.0
15,0,20.0,20.0,2018,75,0.547,6200.0
15,0,20.0,20.0,2019,51,0.588,7237.5
15,0,20.0,20.0,2020,125,0.56,11875.0
15,0,20.0,20.0,2021,111,0.613,22225.0
15,0,20.0,20.0,2022,169,0.527,5050.0
15,0,20.0,20.0,2023,132,0.545,8700.0
15,0,20.0,20.0,2024,125,0.512,-125.0
15,0,20.0,20.0,2025,152,0.553,13275.0
15,0,20.0,20.0,2026,96,0.531,3600.0
10,1,5.0,20.0,2016,20,0.3,12.5
10,1,5.0,20.0,2017,38,0.447,-425.0
10,1,5.0,20.0,2018,119,0.269,-5400.0
10,1,5.0,20.0,2019,100,0.38,3987.5
10,1,5.0,20.0,2020,153,0.261,-975.0
10,1,5.0,20.0,2021,149,0.369,18900.0
10,1,5.0,20.0,2022,201,0.224,537.5
10,1,5.0,20.0,2023,173,0.249,1575.0
10,1,5.0,20.0,2024,161,0.255,2687.5
10,1,5.0,20.0,2025,180,0.283,10987.5
10,1,5.0,20.0,2026,110,0.209,-1500.0
10,1,12.5,30.0,2016,20,0.4,2312.5
10,1,12.5,30.0,2017,38,0.526,0.0
10,1,12.5,30.0,2018,119,0.429,-2362.5
10,1,12.5,30.0,2019,100,0.52,8675.0
10,1,12.5,30.0,2020,153,0.431,4225.0
10,1,12.5,30.0,2021,149,0.523,25312.5
10,1,12.5,30.0,2022,201,0.323,-1012.5
10,1,12.5,30.0,2023,173,0.37,-637.5
10,1,12.5,30.0,2024,161,0.416,7150.0
10,1,12.5,30.0,2025,180,0.372,7300.0
10,1,12.5,30.0,2026,110,0.318,-4737.5
10,1,10.0,7.5,2016,20,0.4,-525.0
10,1,10.0,7.5,2017,38,0.553,1450.0
10,1,10.0,7.5,2018,119,0.513,-5825.0
10,1,10.0,7.5,2019,100,0.57,1075.0
10,1,10.0,7.5,2020,153,0.595,62.5
10,1,10.0,7.5,2021,149,0.631,5937.5
10,1,10.0,7.5,2022,201,0.582,-3150.0
10,1,10.0,7.5,2023,173,0.543,-8612.5
10,1,10.0,7.5,2024,161,0.602,362.5
10,1,10.0,7.5,2025,180,0.611,2112.5
10,1,10.0,7.5,2026,110,0.582,-1750.0
10,0,7.5,50.0,2016,15,0.133,-250.0
10,0,7.5,50.0,2017,28,0.143,300.0
10,0,7.5,50.0,2018,103,0.136,-987.5
10,0,7.5,50.0,2019,80,0.225,18937.5
10,0,7.5,50.0,2020,139,0.108,-12687.5
10,0,7.5,50.0,2021,123,0.22,28425.0
10,0,7.5,50.0,2022,198,0.141,1300.0
10,0,7.5,50.0,2023,155,0.142,1925.0
10,0,7.5,50.0,2024,146,0.164,10600.0
10,0,7.5,50.0,2025,171,0.146,2762.5
10,0,7.5,50.0,2026,109,0.156,5275.0
15,1,20.0,5.0,2016,8,0.75,687.5
15,1,20.0,5.0,2017,14,0.429,-200.0
15,1,20.0,5.0,2018,80,0.65,-6937.5
15,1,20.0,5.0,2019,52,0.75,2212.5
15,1,20.0,5.0,2020,127,0.811,2350.0
15,1,20.0,5.0,2021,114,0.781,3950.0
15,1,20.0,5.0,2022,169,0.781,-7600.0
15,1,20.0,5.0,2023,138,0.768,-4887.5
15,1,20.0,5.0,2024,125,0.808,-612.5
15,1,20.0,5.0,2025,152,0.783,-4900.0
15,1,20.0,5.0,2026,96,0.792,-2550.0
15,1,10.0,80.0,2016,8,0.5,1012.5
15,1,10.0,80.0,2017,14,0.357,-837.5
15,1,10.0,80.0,2018,80,0.325,-2925.0
15,1,10.0,80.0,2019,52,0.538,4850.0
15,1,10.0,80.0,2020,127,0.354,-2775.0
15,1,10.0,80.0,2021,114,0.509,22512.5
15,1,10.0,80.0,2022,169,0.207,-8837.5
15,1,10.0,80.0,2023,138,0.355,4825.0
15,1,10.0,80.0,2024,125,0.384,5337.5
15,1,10.0,80.0,2025,152,0.289,-6225.0
15,1,10.0,80.0,2026,96,0.271,9037.5
15,0,10.0,60.0,2016,5,0.2,875.0
15,0,10.0,60.0,2017,9,0.222,2275.0
15,0,10.0,60.0,2018,69,0.116,-7087.5
15,0,10.0,60.0,2019,42,0.238,11500.0
15,0,10.0,60.0,2020,115,0.139,-4800.0
15,0,10.0,60.0,2021,90,0.244,29750.0
15,0,10.0,60.0,2022,165,0.152,875.0
15,0,10.0,60.0,2023,116,0.19,16100.0
15,0,10.0,60.0,2024,105,0.19,14875.0
15,0,10.0,60.0,2025,144,0.118,-16000.0
15,0,10.0,60.0,2026,92,0.141,-6225.0
10,0,20.0,20.0,2016,17,0.588,2575.0
10,0,20.0,20.0,2017,30,0.567,3250.0
10,0,20.0,20.0,2018,106,0.519,2687.5
10,0,20.0,20.0,2019,89,0.584,12512.5
10,0,20.0,20.0,2020,150,0.6,26250.0
10,0,20.0,20.0,2021,140,0.579,18500.0
10,0,20.0,20.0,2022,201,0.493,-7687.5
10,0,20.0,20.0,2023,165,0.509,-1125.0
10,0,20.0,20.0,2024,157,0.516,1350.0
10,0,20.0,20.0,2025,179,0.52,4500.0
10,0,20.0,20.0,2026,110,0.473,-9875.0
15,1,12.5,60.0,2016,8,0.5,762.5
15,1,12.5,60.0,2017,14,0.357,-837.5
15,1,12.5,60.0,2018,80,0.338,-5800.0
15,1,12.5,60.0,2019,52,0.596,8912.5
15,1,12.5,60.0,2020,127,0.378,-10212.5
15,1,12.5,60.0,2021,114,0.535,22562.5
15,1,12.5,60.0,2022,169,0.266,1887.5
15,1,12.5,60.0,2023,138,0.391,6575.0
15,1,12.5,60.0,2024,125,0.432,3550.0
15,1,12.5,60.0,2025,152,0.336,-3875.0
15,1,12.5,60.0,2026,96,0.333,8750.0
10,1,25.0,10.0,2016,20,0.4,-525.0
10,1,25.0,10.0,2017,38,0.526,-100.0
10,1,25.0,10.0,2018,119,0.555,-8900.0
10,1,25.0,10.0,2019,100,0.56,3775.0
10,1,25.0,10.0,2020,153,0.699,5775.0
10,1,25.0,10.0,2021,149,0.658,-612.5
10,1,25.0,10.0,2022,201,0.637,-27437.5
10,1,25.0,10.0,2023,173,0.671,-1362.5
10,1,25.0,10.0,2024,161,0.671,-1225.0
10,1,25.0,10.0,2025,180,0.694,1212.5
10,1,25.0,10.0,2026,110,0.682,-7825.0
10,1,20.0,10.0,2016,20,0.4,-275.0
10,1,20.0,10.0,2017,38,0.526,150.0
10,1,20.0,10.0,2018,119,0.546,-7412.5
10,1,20.0,10.0,2019,100,0.56,2862.5
10,1,20.0,10.0,2020,153,0.686,8225.0
10,1,20.0,10.0,2021,149,0.644,1025.0
10,1,20.0,10.0,2022,201,0.607,-20825.0
10,1,20.0,10.0,2023,173,0.63,-9187.5
10,1,20.0,10.0,2024,161,0.652,-862.5
10,1,20.0,10.0,2025,180,0.65,-1275.0
10,1,20.0,10.0,2026,110,0.636,-6825.0
10,0,30.0,50.0,2016,9,0.444,2275.0
10,0,30.0,50.0,2017,12,0.75,17700.0
10,0,30.0,50.0,2018,69,0.319,-17287.5
10,0,30.0,50.0,2019,55,0.491,24250.0
10,0,30.0,50.0,2020,109,0.413,13775.0
10,0,30.0,50.0,2021,92,0.413,11700.0
10,0,30.0,50.0,2022,177,0.35,-21925.0
10,0,30.0,50.0,2023,112,0.402,10000.0
10,0,30.0,50.0,2024,119,0.403,10487.5
10,0,30.0,50.0,2025,149,0.403,14387.5
10,0,30.0,50.0,2026,99,0.323,-24400.0
15,1,25.0,50.0,2016,8,0.625,2787.5
15,1,25.0,50.0,2017,14,0.357,-837.5
15,1,25.0,50.0,2018,80,0.438,-6987.5
15,1,25.0,50.0,2019,52,0.615,9637.5
15,1,25.0,50.0,2020,127,0.528,6612.5
15,1,25.0,50.0,2021,114,0.579,20425.0
15,1,25.0,50.0,2022,169,0.414,-9537.5
15,1,25.0,50.0,2023,138,0.522,9350.0
15,1,25.0,50.0,2024,125,0.568,7362.5
15,1,25.0,50.0,2025,152,0.507,13062.5
15,1,25.0,50.0,2026,96,0.438,-5925.0
10,1,12.5,20.0,2016,20,0.4,1412.5
10,1,12.5,20.0,2017,38,0.526,0.0
10,1,12.5,20.0,2018,119,0.462,-575.0
10,1,12.5,20.0,2019,100,0.53,10925.0
10,1,12.5,20.0,2020,153,0.471,5275.0
10,1,12.5,20.0,2021,149,0.544,23150.0
10,1,12.5,20.0,2022,201,0.393,-3487.5
10,1,12.5,20.0,2023,173,0.399,-8525.0
10,1,12.5,20.0,2024,161,0.441,2937.5
10,1,12.5,20.0,2025,180,0.456,11775.0
10,1,12.5,20.0,2026,110,0.382,-4350.0
10,0,40.0,15.0,2016,15,0.733,-125.0
10,0,40.0,15.0,2017,28,0.786,3800.0
10,0,40.0,15.0,2018,93,0.699,-9575.0
10,0,40.0,15.0,2019,82,0.829,20950.0
10,0,40.0,15.0,2020,143,0.776,15675.0
10,0,40.0,15.0,2021,134,0.784,17400.0
10,0,40.0,15.0,2022,200,0.705,-17250.0
10,0,40.0,15.0,2023,154,0.747,4400.0
10,0,40.0,15.0,2024,149,0.758,9575.0
10,0,40.0,15.0,2025,170,0.776,20487.5
10,0,40.0,15.0,2026,110,0.755,5500.0
10,1,5.0,7.5,2016,20,0.3,-1275.0
10,1,5.0,7.5,2017,38,0.474,362.5
10,1,5.0,7.5,2018,119,0.353,-7512.5
10,1,5.0,7.5,2019,100,0.45,-262.5
10,1,5.0,7.5,2020,153,0.418,-2537.5
10,1,5.0,7.5,2021,149,0.463,2087.5
10,1,5.0,7.5,2022,201,0.413,-3400.0
10,1,5.0,7.5,2023,173,0.399,-4450.0
10,1,5.0,7.5,2024,161,0.453,1350.0
10,1,5.0,7.5,2025,180,0.478,4250.0
10,1,5.0,7.5,2026,110,0.391,-3375.0
10,1,7.5,80.0,2016,20,0.35,1700.0
10,1,7.5,80.0,2017,38,0.5,225.0
10,1,7.5,80.0,2018,119,0.303,-2650.0
10,1,7.5,80.0,2019,100,0.44,5462.5
10,1,7.5,80.0,2020,153,0.268,-10362.5
10,1,7.5,80.0,2021,149,0.456,25575.0
10,1,7.5,80.0,2022,201,0.174,2337.5
10,1,7.5,80.0,2023,173,0.243,-3487.5
10,1,7.5,80.0,2024,161,0.286,2737.5
10,1,7.5,80.0,2025,180,0.239,4875.0
10,1,7.5,80.0,2026,110,0.236,9150.0
10,0,10.0,60.0,2016,11,0.182,1225.0
10,0,10.0,60.0,2017,21,0.286,9975.0
10,0,10.0,60.0,2018,88,0.159,4125.0
10,0,10.0,60.0,2019,65,0.231,17412.5
10,0,10.0,60.0,2020,131,0.16,4637.5
10,0,10.0,60.0,2021,117,0.222,29575.0
10,0,10.0,60.0,2022,193,0.171,14175.0
10,0,10.0,60.0,2023,145,0.145,-2450.0
10,0,10.0,60.0,2024,136,0.154,2100.0
10,0,10.0,60.0,2025,165,0.158,3787.5
10,0,10.0,60.0,2026,106,0.151,350.0
10,1,5.0,25.0,2016,20,0.3,162.5
10,1,5.0,25.0,2017,38,0.447,-425.0
10,1,5.0,25.0,2018,119,0.261,-4775.0
10,1,5.0,25.0,2019,100,0.37,2225.0
10,1,5.0,25.0,2020,153,0.235,-2662.5
10,1,5.0,25.0,2021,149,0.342,18362.5
10,1,5.0,25.0,2022,201,0.184,-712.5
10,1,5.0,25.0,2023,173,0.22,1237.5
10,1,5.0,25.0,2024,161,0.236,4212.5
10,1,5.0,25.0,2025,180,0.244,9312.5
10,1,5.0,25.0,2026,110,0.2,2075.0
15,0,15.0,7.5,2016,8,0.875,1675.0
15,0,15.0,7.5,2017,14,0.714,400.0
15,0,15.0,7.5,2018,80,0.625,-5750.0
15,0,15.0,7.5,2019,52,0.827,7275.0
15,0,15.0,7.5,2020,127,0.724,5075.0
15,0,15.0,7.5,2021,114,0.746,7275.0
15,0,15.0,7.5,2022,169,0.657,-6100.0
15,0,15.0,7.5,2023,138,0.645,-6825.0
15,0,15.0,7.5,2024,125,0.704,2125.0
15,0,15.0,7.5,2025,152,0.697,3262.5
15,0,15.0,7.5,2026,96,0.688,-150.0
10,1,15.0,25.0,2016,20,0.4,1562.5
10,1,15.0,25.0,2017,38,0.526,-200.0
10,1,15.0,25.0,2018,119,0.462,-475.0
10,1,15.0,25.0,2019,100,0.53,8937.5
10,1,15.0,25.0,2020,153,0.49,7050.0
10,1,15.0,25.0,2021,149,0.544,21262.5
10,1,15.0,25.0,2022,201,0.398,662.5
10,1,15.0,25.0,2023,173,0.405,-10537.5
10,1,15.0,25.0,2024,161,0.453,2225.0
10,1,15.0,25.0,2025,180,0.444,10625.0
10,1,15.0,25.0,2026,110,0.409,25.0
15,0,20.0,80.0,2016,4,0.5,5900.0
15,0,20.0,80.0,2017,6,0.5,8850.0
15,0,20.0,80.0,2018,53,0.189,-4325.0
15,0,20.0,80.0,2019,36,0.278,12550.0
15,0,20.0,80.0,2020,97,0.196,-4575.0
15,0,20.0,80.0,2021,72,0.264,21200.0
15,0,20.0,80.0,2022,143,0.196,-6575.0
15,0,20.0,80.0,2023,91,0.264,26725.0
15,0,20.0,80.0,2024,81,0.284,31975.0
15,0,20.0,80.0,2025,119,0.252,28025.0
15,0,20.0,80.0,2026,81,0.16,-22025.0
10,0,15.0,50.0,2016,10,0.3,2000.0
10,0,15.0,50.0,2017,18,0.5,15300.0
10,0,15.0,50.0,2018,85,0.247,2375.0
10,0,15.0,50.0,2019,66,0.364,25887.5
10,0,15.0,50.0,2020,129,0.209,-12225.0
10,0,15.0,50.0,2021,106,0.302,21850.0
10,0,15.0,50.0,2022,191,0.246,4562.5
10,0,15.0,50.0,2023,139,0.252,6700.0
10,0,15.0,50.0,2024,136,0.265,11600.0
10,0,15.0,50.0,2025,164,0.238,-437.5
10,0,15.0,50.0,2026,107,0.196,-14675.0
15,1,20.0,80.0,2016,8,0.625,2787.5
15,1,20.0,80.0,2017,14,0.357,-837.5
15,1,20.0,80.0,2018,80,0.425,-2987.5
15,1,20.0,80.0,2019,52,0.596,7712.5
15,1,20.0,80.0,2020,127,0.465,-2487.5
15,1,20.0,80.0,2021,114,0.561,17550.0
15,1,20.0,80.0,2022,169,0.379,5050.0
15,1,20.0,80.0,2023,138,0.478,-2812.5
15,1,20.0,80.0,2024,125,0.528,7687.5
15,1,20.0,80.0,2025,152,0.461,8575.0
15,1,20.0,80.0,2026,96,0.438,9437.5
10,1,20.0,7.5,2016,20,0.4,-900.0
10,1,20.0,7.5,2017,38,0.553,625.0
10,1,20.0,7.5,2018,119,0.58,-9337.5
10,1,20.0,7.5,2019,100,0.59,-737.5
10,1,20.0,7.5,2020,153,0.739,3362.5
10,1,20.0,7.5,2021,149,0.698,-1375.0
10,1,20.0,7.5,2022,201,0.662,-22162.5
10,1,20.0,7.5,2023,173,0.682,-10562.5
10,1,20.0,7.5,2024,161,0.708,-3050.0
10,1,20.0,7.5,2025,180,0.728,2462.5
10,1,20.0,7.5,2026,110,0.718,-3200.0
10,1,15.0,20.0,2016,20,0.4,1162.5
10,1,15.0,20.0,2017,38,0.526,-200.0
10,1,15.0,20.0,2018,119,0.471,-2050.0
10,1,15.0,20.0,2019,100,0.54,11862.5
10,1,15.0,20.0,2020,153,0.51,7087.5
10,1,15.0,20.0,2021,149,0.564,20475.0
10,1,15.0,20.0,2022,201,0.433,-3962.5
10,1,15.0,20.0,2023,173,0.422,-13787.5
10,1,15.0,20.0,2024,161,0.478,2225.0
10,1,15.0,20.0,2025,180,0.5,14125.0
10,1,15.0,20.0,2026,110,0.427,-4587.5
15,1,5.0,30.0,2016,8,0.375,1062.5
15,1,5.0,30.0,2017,14,0.357,-1037.5
15,1,5.0,30.0,2018,80,0.238,-1987.5
15,1,5.0,30.0,2019,52,0.442,3825.0
15,1,5.0,30.0,2020,127,0.268,850.0
15,1,5.0,30.0,2021,114,0.333,13587.5
15,1,5.0,30.0,2022,169,0.189,5362.5
15,1,5.0,30.0,2023,138,0.232,1162.5
15,1,5.0,30.0,2024,125,0.264,2687.5
15,1,5.0,30.0,2025,152,0.217,2225.0
15,1,5.0,30.0,2026,96,0.219,6437.5
10,0,25.0,50.0,2016,10,0.4,2250.0
10,0,25.0,50.0,2017,13,0.692,17175.0
10,0,25.0,50.0,2018,74,0.284,-15600.0
10,0,25.0,50.0,2019,58,0.466,27337.5
10,0,25.0,50.0,2020,112,0.375,14700.0
10,0,25.0,50.0,2021,97,0.381,15075.0
10,0,25.0,50.0,2022,184,0.315,-17100.0
10,0,25.0,50.0,2023,117,0.385,20250.0
10,0,25.0,50.0,2024,125,0.368,12837.5
10,0,25.0,50.0,2025,156,0.365,16387.5
10,0,25.0,50.0,2026,103,0.252,-35750.0
15,1,25.0,60.0,2016,8,0.625,2787.5
15,1,25.0,60.0,2017,14,0.357,-837.5
15,1,25.0,60.0,2018,80,0.438,-5987.5
15,1,25.0,60.0,2019,52,0.615,9637.5
15,1,25.0,60.0,2020,127,0.52,3337.5
15,1,25.0,60.0,2021,114,0.579,19025.0
15,1,25.0,60.0,2022,169,0.414,-4537.5
15,1,25.0,60.0,2023,138,0.522,11225.0
15,1,25.0,60.0,2024,125,0.56,3487.5
15,1,25.0,60.0,2025,152,0.507,15675.0
15,1,25.0,60.0,2026,96,0.438,-4612.5
10,1,30.0,30.0,2016,20,0.4,2025.0
10,1,30.0,30.0,2017,38,0.526,-600.0
10,1,30.0,30.0,2018,119,0.462,-11325.0
10,1,30.0,30.0,2019,100,0.53,7862.5
10,1,30.0,30.0,2020,153,0.569,8112.5
10,1,30.0,30.0,2021,149,0.577,10012.5
10,1,30.0,30.0,2022,201,0.448,-37637.5
10,1,30.0,30.0,2023,173,0.52,2912.5
10,1,30.0,30.0,2024,161,0.559,9650.0
10,1,30.0,30.0,2025,180,0.522,9825.0
10,1,30.0,30.0,2026,110,0.482,-9800.0
15,1,15.0,20.0,2016,8,0.625,2350.0
15,1,15.0,20.0,2017,14,0.357,-837.5
15,1,15.0,20.0,2018,80,0.412,-5937.5
15,1,15.0,20.0,2019,52,0.596,7625.0
15,1,15.0,20.0,2020,127,0.48,-1412.5
15,1,15.0,20.0,2021,114,0.561,20525.0
15,1,15.0,20.0,2022,169,0.456,1837.5
15,1,15.0,20.0,2023,138,0.464,-4575.0
15,1,15.0,20.0,2024,125,0.504,-1212.5
15,1,15.0,20.0,2025,152,0.487,5625.0
15,1,15.0,20.0,2026,96,0.479,5662.5
15,1,5.0,7.5,2016,8,0.375,-87.5
15,1,5.0,7.5,2017,14,0.429,-400.0
15,1,5.0,7.5,2018,80,0.35,-3362.5
15,1,5.0,7.5,2019,52,0.558,3550.0
15,1,5.0,7.5,2020,127,0.465,1387.5
15,1,5.0,7.5,2021,114,0.474,2950.0
15,1,5.0,7.5,2022,169,0.42,-2100.0
15,1,5.0,7.5,2023,138,0.384,-5012.5
15,1,5.0,7.5,2024,125,0.472,2200.0
15,1,5.0,7.5,2025,152,0.461,1962.5
15,1,5.0,7.5,2026,96,0.406,-1925.0
15,0,10.0,10.0,2016,8,0.625,800.0
15,0,10.0,10.0,2017,14,0.643,1650.0
15,0,10.0,10.0,2018,80,0.488,-3000.0
15,0,10.0,10.0,2019,52,0.615,3650.0
15,0,10.0,10.0,2020,127,0.575,5900.0
15,0,10.0,10.0,2021,114,0.667,16150.0
15,0,10.0,10.0,2022,169,0.473,-8725.0
15,0,10.0,10.0,2023,138,0.486,-5450.0
15,0,10.0,10.0,2024,125,0.552,3375.0
15,0,10.0,10.0,2025,152,0.559,5200.0
15,0,10.0,10.0,2026,96,0.521,-400.0
15,0,40.0,40.0,2016,6,0.667,3850.0
15,0,40.0,40.0,2017,7,0.714,5825.0
15,0,40.0,40.0,2018,53,0.434,-15237.5
15,0,40.0,40.0,2019,38,0.579,11050.0
15,0,40.0,40.0,2020,108,0.537,13300.0
15,0,40.0,40.0,2021,83,0.554,15925.0
15,0,40.0,40.0,2022,154,0.513,4400.0
15,0,40.0,40.0,2023,99,0.535,12437.5
15,0,40.0,40.0,2024,99,0.525,7525.0
15,0,40.0,40.0,2025,134,0.53,13437.5
15,0,40.0,40.0,2026,87,0.46,-19300.0
15,0,15.0,5.0,2016,8,0.875,800.0
15,0,15.0,5.0,2017,14,0.786,150.0
15,0,15.0,5.0,2018,80,0.7,-6000.0
15,0,15.0,5.0,2019,52,0.846,2900.0
15,0,15.0,5.0,2020,127,0.787,1587.5
15,0,15.0,5.0,2021,114,0.816,4650.0
15,0,15.0,5.0,2022,169,0.74,-5975.0
15,0,15.0,5.0,2023,138,0.732,-5950.0
15,0,15.0,5.0,2024,125,0.784,1125.0
15,0,15.0,5.0,2025,152,0.75,-1862.5
15,0,15.0,5.0,2026,96,0.74,-3400.0
15,1,25.0,80.0,2016,8,0.625,2787.5
15,1,25.0,80.0,2017,14,0.357,-837.5
15,1,25.0,80.0,2018,80,0.438,-5450.0
15,1,25.0,80.0,2019,52,0.615,9637.5
15,1,25.0,80.0,2020,127,0.512,3050.0
15,1,25.0,80.0,2021,114,0.579,18037.5
15,1,25.0,80.0,2022,169,0.408,-6725.0
15,1,25.0,80.0,2023,138,0.522,8275.0
15,1,25.0,80.0,2024,125,0.56,5487.5
15,1,25.0,80.0,2025,152,0.507,16175.0
15,1,25.0,80.0,2026,96,0.438,-225.0
15,1,30.0,30.0,2016,8,0.625,3087.5
15,1,30.0,30.0,2017,14,0.357,-837.5
15,1,30.0,30.0,2018,80,0.438,-13562.5
15,1,30.0,30.0,2019,52,0.615,9587.5
15,1,30.0,30.0,2020,127,0.559,2962.5
15,1,30.0,30.0,2021,114,0.588,17387.5
15,1,30.0,30.0,2022,169,0.491,-16150.0
15,1,30.0,30.0,2023,138,0.558,9475.0
15,1,30.0,30.0,2024,125,0.616,14700.0
15,1,30.0,30.0,2025,152,0.572,11437.5
15,1,30.0,30.0,2026,96,0.51,-1775.0
15,1,10.0,50.0,2016,8,0.5,1012.5
15,1,10.0,50.0,2017,14,0.357,-837.5
15,1,10.0,50.0,2018,80,0.325,-4462.5
15,1,10.0,50.0,2019,52,0.538,4850.0
15,1,10.0,50.0,2020,127,0.362,75.0
15,1,10.0,50.0,2021,114,0.509,24937.5
15,1,10.0,50.0,2022,169,0.213,-10025.0
15,1,10.0,50.0,2023,138,0.355,7400.0
15,1,10.0,50.0,2024,125,0.384,5062.5
15,1,10.0,50.0,2025,152,0.296,-4537.5
15,1,10.0,50.0,2026,96,0.271,3337.5
10,1,40.0,80.0,2016,20,0.4,2000.0
10,1,40.0,80.0,2017,38,0.526,-600.0
10,1,40.0,80.0,2018,119,0.471,-7712.5
10,1,40.0,80.0,2019,100,0.53,7537.5
10,1,40.0,80.0,2020,153,0.549,537.5
10,1,40.0,80.0,2021,149,0.591,10537.5
10,1,40.0,80.0,2022,201,0.453,-21262.5
10,1,40.0,80.0,2023,173,0.532,7587.5
10,1,40.0,80.0,2024,161,0.553,9325.0
10,1,40.0,80.0,2025,180,0.517,14975.0
10,1,40.0,80.0,2026,110,0.464,-12100.0
10,0,15.0,15.0,2016,18,0.556,1050.0
10,0,15.0,15.0,2017,35,0.571,2875.0
10,0,15.0,15.0,2018,112,0.571,9200.0
10,0,15.0,15.0,2019,97,0.629,15912.5
10,0,15.0,15.0,2020,152,0.572,12887.5
10,0,15.0,15.0,2021,146,0.568,11350.0
10,0,15.0,15.0,2022,201,0.493,-7437.5
10,0,15.0,15.0,2023,172,0.448,-17800.0
10,0,15.0,15.0,2024,159,0.535,4275.0
10,0,15.0,15.0,2025,179,0.553,9200.0
10,0,15.0,15.0,2026,110,0.518,250.0
10,1,7.5,15.0,2016,20,0.35,175.0
10,1,7.5,15.0,2017,38,0.5,387.5
10,1,7.5,15.0,2018,119,0.345,-7437.5
10,1,7.5,15.0,2019,100,0.45,3762.5
10,1,7.5,15.0,2020,153,0.399,3075.0
10,1,7.5,15.0,2021,149,0.49,16937.5
10,1,7.5,15.0,2022,201,0.333,-4650.0
10,1,7.5,15.0,2023,173,0.318,-9450.0
10,1,7.5,15.0,2024,161,0.379,2450.0
10,1,7.5,15.0,2025,180,0.406,9075.0
10,1,7.5,15.0,2026,110,0.382,2175.0
15,0,20.0,50.0,2016,5,0.4,1875.0
15,0,20.0,50.0,2017,9,0.667,11775.0
15,0,20.0,50.0,2018,57,0.316,4575.0
15,0,20.0,50.0,2019,42,0.405,15900.0
15,0,20.0,50.0,2020,110,0.3,2750.0
15,0,20.0,50.0,2021,88,0.364,21800.0
15,0,20.0,50.0,2022,159,0.302,5025.0
15,0,20.0,50.0,2023,106,0.311,7262.5
15,0,20.0,50.0,2024,105,0.314,7875.0
15,0,20.0,50.0,2025,141,0.319,12600.0
15,0,20.0,50.0,2026,90,0.244,-17637.5
10,0,15.0,5.0,2016,20,0.75,-500.0
10,0,15.0,5.0,2017,38,0.789,550.0
10,0,15.0,5.0,2018,119,0.79,1775.0
10,0,15.0,5.0,2019,100,0.74,-3375.0
10,0,15.0,5.0,2020,153,0.752,-3575.0
10,0,15.0,5.0,2021,149,0.785,1525.0
10,0,15.0,5.0,2022,201,0.706,-13937.5
10,0,15.0,5.0,2023,172,0.68,-16300.0
10,0,15.0,5.0,2024,161,0.77,-775.0
10,0,15.0,5.0,2025,180,0.778,500.0
10,0,15.0,5.0,2026,110,0.736,-4250.0
15,0,5.0,7.5,2016,8,0.375,-325.0
15,0,5.0,7.5,2017,14,0.429,-100.0
15,0,5.0,7.5,2018,80,0.388,-2625.0
15,0,5.0,7.5,2019,52,0.538,3200.0
15,0,5.0,7.5,2020,127,0.472,2575.0
15,0,5.0,7.5,2021,114,0.482,3025.0
15,0,5.0,7.5,2022,169,0.42,-2100.0
15,0,5.0,7.5,2023,138,0.384,-4825.0
15,0,5.0,7.5,2024,125,0.464,1875.0
15,0,5.0,7.5,2025,152,0.461,1950.0
15,0,5.0,7.5,2026,96,0.406,-2025.0
15,0,5.0,50.0,2016,8,0.125,550.0
15,0,5.0,50.0,2017,11,0.091,-275.0
15,0,5.0,50.0,2018,74,0.108,1650.0
15,0,5.0,50.0,2019,49,0.184,10625.0
15,0,5.0,50.0,2020,125,0.096,-1375.0
15,0,5.0,50.0,2021,105,0.152,15125.0
15,0,5.0,50.0,2022,167,0.114,6325.0
15,0,5.0,50.0,2023,129,0.14,14437.5
15,0,5.0,50.0,2024,114,0.114,4400.0
15,0,5.0,50.0,2025,149,0.114,6375.0
15,0,5.0,50.0,2026,96,0.094,-3125.0
15,1,20.0,10.0,2016,8,0.625,1312.5
15,1,20.0,10.0,2017,14,0.357,-700.0
15,1,20.0,10.0,2018,80,0.55,-4950.0
15,1,20.0,10.0,2019,52,0.673,7012.5
15,1,20.0,10.0,2020,127,0.693,8612.5
15,1,20.0,10.0,2021,114,0.675,11537.5
15,1,20.0,10.0,2022,169,0.627,-14350.0
15,1,20.0,10.0,2023,138,0.609,-7525.0
15,1,20.0,10.0,2024,125,0.688,4562.5
15,1,20.0,10.0,2025,152,0.73,13500.0
15,1,20.0,10.0,2026,96,0.708,4925.0
10,0,40.0,25.0,2016,10,0.7,2500.0
10,0,40.0,25.0,2017,21,0.762,9475.0
10,0,40.0,25.0,2018,78,0.603,-4112.5
10,0,40.0,25.0,2019,65,0.677,11425.0
10,0,40.0,25.0,2020,132,0.682,25200.0
10,0,40.0,25.0,2021,123,0.659,14175.0
10,0,40.0,25.0,2022,193,0.611,-7000.0
10,0,40.0,25.0,2023,135,0.644,9375.0
10,0,40.0,25.0,2024,136,0.662,17150.0
10,0,40.0,25.0,2025,164,0.659,20700.0
10,0,40.0,25.0,2026,107,0.598,-10637.5
15,0,7.5,10.0,2016,8,0.5,300.0
15,0,7.5,10.0,2017,14,0.429,-350.0
15,0,7.5,10.0,2018,80,0.412,-3125.0
15,0,7.5,10.0,2019,52,0.538,2525.0
15,0,7.5,10.0,2020,127,0.528,7825.0
15,0,7.5,10.0,2021,114,0.579,12150.0
15,0,7.5,10.0,2022,169,0.402,-8100.0
15,0,7.5,10.0,2023,138,0.413,-5325.0
15,0,7.5,10.0,2024,125,0.472,1625.0
15,0,7.5,10.0,2025,152,0.513,7450.0
15,0,7.5,10.0,2026,96,0.427,-2525.0
15,1,12.5,30.0,2016,8,0.5,762.5
15,1,12.5,30.0,2017,14,0.357,-837.5
15,1,12.5,30.0,2018,80,0.338,-9100.0
15,1,12.5,30.0,2019,52,0.596,9362.5
15,1,12.5,30.0,2020,127,0.417,-4337.5
15,1,12.5,30.0,2021,114,0.535,25150.0
15,1,12.5,30.0,2022,169,0.314,-5200.0
15,1,12.5,30.0,2023,138,0.413,6287.5
15,1,12.5,30.0,2024,125,0.456,5350.0
15,1,12.5,30.0,2025,152,0.368,-4062.5
15,1,12.5,30.0,2026,96,0.396,11925.0
10,0,10.0,30.0,2016,16,0.375,3600.0
10,0,10.0,30.0,2017,31,0.355,5725.0
10,0,10.0,30.0,2018,108,0.269,1300.0
10,0,10.0,30.0,2019,86,0.36,15887.5
10,0,10.0,30.0,2020,146,0.301,11262.5
10,0,10.0,30.0,2021,140,0.386,34700.0
10,0,10.0,30.0,2022,201,0.274,4475.0
10,0,10.0,30.0,2023,167,0.246,-5675.0
10,0,10.0,30.0,2024,157,0.287,7575.0
10,0,10.0,30.0,2025,180,0.261,-250.0
10,0,10.0,30.0,2026,110,0.255,-1750.0
15,1,15.0,10.0,2016,8,0.625,1312.5
15,1,15.0,10.0,2017,14,0.357,-700.0
15,1,15.0,10.0,2018,80,0.5,-6462.5
15,1,15.0,10.0,2019,52,0.673,7837.5
15,1,15.0,10.0,2020,127,0.63,3037.5
15,1,15.0,10.0,2021,114,0.658,12112.5
15,1,15.0,10.0,2022,169,0.562,-12137.5
15,1,15.0,10.0,2023,138,0.558,-7975.0
15,1,15.0,10.0,2024,125,0.648,5125.0
15,1,15.0,10.0,2025,152,0.651,7050.0
15,1,15.0,10.0,2026,96,0.635,2987.5
15,1,5.0,15.0,2016,8,0.375,675.0
15,1,5.0,15.0,2017,14,0.357,-1037.5
15,1,5.0,15.0,2018,80,0.275,-2612.5
15,1,5.0,15.0,2019,52,0.5,6912.5
15,1,5.0,15.0,2020,127,0.339,4025.0
15,1,5.0,15.0,2021,114,0.377,9050.0
15,1,5.0,15.0,2022,169,0.266,-2175.0
15,1,5.0,15.0,2023,138,0.283,-2825.0
15,1,5.0,15.0,2024,125,0.296,-637.5
15,1,5.0,15.0,2025,152,0.329,6600.0
15,1,5.0,15.0,2026,96,0.25,-2775.0
10,0,40.0,30.0,2016,9,0.778,6275.0
10,0,40.0,30.0,2017,18,0.833,16050.0
10,0,40.0,30.0,2018,72,0.542,-8462.5
10,0,40.0,30.0,2019,60,0.65,15087.5
10,0,40.0,30.0,2020,129,0.62,18775.0
10,0,40.0,30.0,2021,113,0.628,19675.0
10,0,40.0,30.0,2022,190,0.558,-13750.0
10,0,40.0,30.0,2023,124,0.573,-2600.0
10,0,40.0,30.0,2024,133,0.617,17675.0
10,0,40.0,30.0,2025,154,0.578,1900.0
10,0,40.0,30.0,2026,104,0.529,-19512.5
15,0,7.5,25.0,2016,7,0.429,2075.0
15,0,7.5,25.0,2017,12,0.25,75.0
15,0,7.5,25.0,2018,80,0.212,-3550.0
15,0,7.5,25.0,2019,52,0.327,5125.0
15,0,7.5,25.0,2020,127,0.26,2825.0
15,0,7.5,25.0,2021,114,0.351,19400.0
15,0,7.5,25.0,2022,169,0.231,-4225.0
15,0,7.5,25.0,2023,136,0.265,4100.0
15,0,7.5,25.0,2024,124,0.298,10525.0
15,0,7.5,25.0,2025,152,0.25,1162.5
15,0,7.5,25.0,2026,96,0.229,-2650.0
10,1,15.0,60.0,2016,20,0.4,2037.5
10,1,15.0,60.0,2017,38,0.526,-200.0
10,1,15.0,60.0,2018,119,0.437,-1287.5
10,1,15.0,60.0,2019,100,0.53,9925.0
10,1,15.0,60.0,2020,153,0.444,762.5
10,1,15.0,60.0,2021,149,0.544,23462.5
10,1,15.0,60.0,2022,201,0.303,4150.0
10,1,15.0,60.0,2023,173,0.364,-12475.0
10,1,15.0,60.0,2024,161,0.429,3925.0
10,1,15.0,60.0,2025,180,0.367,5487.5
10,1,15.0,60.0,2026,110,0.336,-2100.0
15,0,30.0,60.0,2016,4,0.5,2900.0
15,0,30.0,60.0,2017,7,0.714,11825.0
15,0,30.0,60.0,2018,50,0.3,-7612.5
15,0,30.0,60.0,2019,33,0.455,17175.0
15,0,30.0,60.0,2020,98,0.357,8050.0
15,0,30.0,60.0,2021,70,0.457,37250.0
15,0,30.0,60.0,2022,149,0.336,-2225.0
15,0,30.0,60.0,2023,89,0.416,30775.0
15,0,30.0,60.0,2024,92,0.359,8000.0
15,0,30.0,60.0,2025,128,0.328,-6175.0
15,0,30.0,60.0,2026,80,0.275,-26350.0
10,1,7.5,60.0,2016,20,0.35,1700.0
10,1,7.5,60.0,2017,38,0.5,225.0
10,1,7.5,60.0,2018,119,0.303,-3962.5
10,1,7.5,60.0,2019,100,0.44,5462.5
10,1,7.5,60.0,2020,153,0.281,-3725.0
10,1,7.5,60.0,2021,149,0.456,27775.0
10,1,7.5,60.0,2022,201,0.174,1450.0
10,1,7.5,60.0,2023,173,0.243,-2287.5
10,1,7.5,60.0,2024,161,0.286,3487.5
10,1,7.5,60.0,2025,180,0.244,5700.0
10,1,7.5,60.0,2026,110,0.236,8275.0
15,0,5.0,30.0,2016,8,0.125,-450.0
15,0,5.0,30.0,2017,12,0.25,1950.0
15,0,5.0,30.0,2018,80,0.175,3075.0
15,0,5.0,30.0,2019,51,0.216,4575.0
15,0,5.0,30.0,2020,127,0.157,75.0
15,0,5.0,30.0,2021,112,0.259,20000.0
15,0,5.0,30.0,2022,169,0.172,4275.0
15,0,5.0,30.0,2023,137,0.182,6075.0
15,0,5.0,30.0,2024,122,0.197,8450.0
15,0,5.0,30.0,2025,151,0.172,3975.0
15,0,5.0,30.0,2026,96,0.177,3350.0
10,0,5.0,50.0,2016,16,0.062,-1650.0
10,0,5.0,50.0,2017,30,0.1,0.0
10,0,5.0,50.0,2018,106,0.094,-1650.0
10,0,5.0,50.0,2019,85,0.176,16937.5
10,0,5.0,50.0,2020,147,0.075,-10512.5
10,0,5.0,50.0,2021,128,0.172,25300.0
10,0,5.0,50.0,2022,200,0.09,-5500.0
10,0,5.0,50.0,2023,159,0.132,14700.0
10,0,5.0,50.0,2024,150,0.14,16500.0
10,0,5.0,50.0,2025,176,0.108,3012.5
10,0,5.0,50.0,2026,109,0.138,11275.0
10,0,10.0,40.0,2016,16,0.25,1600.0
10,0,10.0,40.0,2017,27,0.296,5825.0
10,0,10.0,40.0,2018,103,0.194,-4075.0
10,0,10.0,40.0,2019,83,0.301,17962.5
10,0,10.0,40.0,2020,142,0.239,10362.5
10,0,10.0,40.0,2021,132,0.333,40700.0
10,0,10.0,40.0,2022,200,0.21,0.0
10,0,10.0,40.0,2023,164,0.22,3900.0
10,0,10.0,40.0,2024,149,0.215,1775.0
10,0,10.0,40.0,2025,176,0.227,7462.5
10,0,10.0,40.0,2026,109,0.22,2775.0
10,0,10.0,7.5,2016,20,0.6,0.0
10,0,10.0,7.5,2017,38,0.605,175.0
10,0,10.0,7.5,2018,119,0.588,-1225.0
10,0,10.0,7.5,2019,100,0.63,1812.5
10,0,10.0,7.5,2020,153,0.608,1612.5
10,0,10.0,7.5,2021,149,0.651,6650.0
10,0,10.0,7.5,2022,201,0.582,-3150.0
10,0,10.0,7.5,2023,173,0.538,-9450.0
10,0,10.0,7.5,2024,161,0.609,1225.0
10,0,10.0,7.5,2025,180,0.611,1750.0
10,0,10.0,7.5,2026,110,0.582,-1750.0
10,1,10.0,60.0,2016,20,0.4,2262.5
10,1,10.0,60.0,2017,38,0.526,437.5
10,1,10.0,60.0,2018,119,0.378,-1312.5
10,1,10.0,60.0,2019,100,0.5,8325.0
10,1,10.0,60.0,2020,153,0.346,-1625.0
10,1,10.0,60.0,2021,149,0.497,27887.5
10,1,10.0,60.0,2022,201,0.224,9762.5
10,1,10.0,60.0,2023,173,0.289,-4300.0
10,1,10.0,60.0,2024,161,0.348,3887.5
10,1,10.0,60.0,2025,180,0.294,5500.0
10,1,10.0,60.0,2026,110,0.264,4262.5
10,0,5.0,7.5,2016,20,0.35,-1125.0
10,0,5.0,7.5,2017,38,0.447,175.0
10,0,5.0,7.5,2018,119,0.361,-5850.0
10,0,5.0,7.5,2019,100,0.45,-437.5
10,0,5.0,7.5,2020,153,0.425,-887.5
10,0,5.0,7.5,2021,149,0.463,2150.0
10,0,5.0,7.5,2022,201,0.413,-3400.0
10,0,5.0,7.5,2023,173,0.399,-4450.0
10,0,5.0,7.5,2024,161,0.453,1350.0
10,0,5.0,7.5,2025,180,0.478,4250.0
10,0,5.0,7.5,2026,110,0.391,-3375.0
15,0,25.0,50.0,2016,5,0.4,1125.0
15,0,25.0,50.0,2017,9,0.667,11025.0
15,0,25.0,50.0,2018,53,0.34,-75.0
15,0,25.0,50.0,2019,41,0.439,14925.0
15,0,25.0,50.0,2020,109,0.367,11025.0
15,0,25.0,50.0,2021,83,0.422,25425.0
15,0,25.0,50.0,2022,155,0.342,1125.0
15,0,25.0,50.0,2023,102,0.373,12862.5
15,0,25.0,50.0,2024,102,0.363,8250.0
15,0,25.0,50.0,2025,137,0.38,20712.5
15,0,25.0,50.0,2026,86,0.279,-22637.5
15,0,25.0,30.0,2016,6,0.5,600.0
15,0,25.0,30.0,2017,11,0.727,7975.0
15,0,25.0,30.0,2018,65,0.492,5712.5
15,0,25.0,30.0,2019,44,0.591,15100.0
15,0,25.0,30.0,2020,122,0.508,14962.5
15,0,25.0,30.0,2021,103,0.602,39225.0
15,0,25.0,30.0,2022,168,0.446,-7950.0
15,0,25.0,30.0,2023,125,0.512,16625.0
15,0,25.0,30.0,2024,117,0.513,15375.0
15,0,25.0,30.0,2025,148,0.486,10387.5
15,0,25.0,30.0,2026,92,0.446,-7062.5
15,0,20.0,40.0,2016,6,0.5,2850.0
15,0,20.0,40.0,2017,9,0.667,8775.0
15,0,20.0,40.0,2018,66,0.348,1425.0
15,0,20.0,40.0,2019,44,0.455,14350.0
15,0,20.0,40.0,2020,117,0.359,6075.0
15,0,20.0,40.0,2021,94,0.436,26650.0
15,0,20.0,40.0,2022,164,0.36,8900.0
15,0,20.0,40.0,2023,119,0.403,22937.5
15,0,20.0,40.0,2024,112,0.402,20200.0
15,0,20.0,40.0,2025,146,0.363,9162.5
15,0,20.0,40.0,2026,94,0.33,-5012.5
10,1,5.0,30.0,2016,20,0.3,412.5
10,1,5.0,30.0,2017,38,0.447,-425.0
10,1,5.0,30.0,2018,119,0.261,-3025.0
10,1,5.0,30.0,2019,100,0.37,2950.0
10,1,5.0,30.0,2020,153,0.235,-1637.5
10,1,5.0,30.0,2021,149,0.342,18762.5
10,1,5.0,30.0,2022,201,0.149,-5637.5
10,1,5.0,30.0,2023,173,0.214,4750.0
10,1,5.0,30.0,2024,161,0.236,7537.5
10,1,5.0,30.0,2025,180,0.228,9462.5
10,1,5.0,30.0,2026,110,0.2,6037.5
10,0,10.0,50.0,2016,12,0.167,-300.0
10,0,10.0,50.0,2017,22,0.273,6450.0
10,0,10.0,50.0,2018,95,0.189,4125.0
10,0,10.0,50.0,2019,71,0.282,21887.5
10,0,10.0,50.0,2020,133,0.18,2087.5
10,0,10.0,50.0,2021,122,0.246,25950.0
10,0,10.0,50.0,2022,197,0.183,4575.0
10,0,10.0,50.0,2023,151,0.172,-600.0
10,0,10.0,50.0,2024,140,0.186,4500.0
10,0,10.0,50.0,2025,170,0.171,-2837.5
10,0,10.0,50.0,2026,108,0.167,-2700.0
15,1,10.0,20.0,2016,8,0.5,775.0
15,1,10.0,20.0,2017,14,0.357,-837.5
15,1,10.0,20.0,2018,80,0.338,-6775.0
15,1,10.0,20.0,2019,52,0.538,4512.5
15,1,10.0,20.0,2020,127,0.425,2925.0
15,1,10.0,20.0,2021,114,0.526,22325.0
15,1,10.0,20.0,2022,169,0.355,-687.5
15,1,10.0,20.0,2023,138,0.391,-150.0
15,1,10.0,20.0,2024,125,0.416,475.0
15,1,10.0,20.0,2025,152,0.388,2425.0
15,1,10.0,20.0,2026,96,0.375,1775.0
15,1,7.5,40.0,2016,8,0.5,1262.5
15,1,7.5,40.0,2017,14,0.357,-1137.5
15,1,7.5,40.0,2018,80,0.275,-5662.5
15,1,7.5,40.0,2019,52,0.481,2075.0
15,1,7.5,40.0,2020,127,0.323,-637.5
15,1,7.5,40.0,2021,114,0.421,14837.5
15,1,7.5,40.0,2022,169,0.195,-3225.0
15,1,7.5,40.0,2023,138,0.304,6737.5
15,1,7.5,40.0,2024,125,0.312,1212.5
15,1,7.5,40.0,2025,152,0.283,5587.5
15,1,7.5,40.0,2026,96,0.24,4225.0
15,1,20.0,30.0,2016,8,0.625,3087.5
15,1,20.0,30.0,2017,14,0.357,-837.5
15,1,20.0,30.0,2018,80,0.425,-6450.0
15,1,20.0,30.0,2019,52,0.596,8162.5
15,1,20.0,30.0,2020,127,0.496,-3175.0
15,1,20.0,30.0,2021,114,0.57,22787.5
15,1,20.0,30.0,2022,169,0.432,-3662.5
15,1,20.0,30.0,2023,138,0.5,2425.0
15,1,20.0,30.0,2024,125,0.552,9150.0
15,1,20.0,30.0,2025,152,0.5,8937.5
15,1,20.0,30.0,2026,96,0.479,7625.0
10,0,15.0,7.5,2016,20,0.65,-875.0
10,0,15.0,7.5,2017,38,0.737,2400.0
10,0,15.0,7.5,2018,118,0.678,-1450.0
10,0,15.0,7.5,2019,99,0.687,-787.5
10,0,15.0,7.5,2020,153,0.706,3487.5
10,0,15.0,7.5,2021,149,0.705,2650.0
10,0,15.0,7.5,2022,201,0.642,-10812.5
10,0,15.0,7.5,2023,172,0.605,-16300.0
10,0,15.0,7.5,2024,161,0.683,-1025.0
10,0,15.0,7.5,2025,180,0.7,2250.0
10,0,15.0,7.5,2026,110,0.682,-875.0
15,1,12.5,20.0,2016,8,0.5,525.0
15,1,12.5,20.0,2017,14,0.357,-837.5
15,1,12.5,20.0,2018,80,0.35,-9912.5
15,1,12.5,20.0,2019,52,0.596,7900.0
15,1,12.5,20.0,2020,127,0.465,1537.5
15,1,12.5,20.0,2021,114,0.544,20987.5
15,1,12.5,20.0,2022,169,0.408,437.5
15,1,12.5,20.0,2023,138,0.435,-1325.0
15,1,12.5,20.0,2024,125,0.464,-987.5
15,1,12.5,20.0,2025,152,0.447,5000.0
15,1,12.5,20.0,2026,96,0.458,8137.5
10,0,30.0,20.0,2016,14,0.714,3650.0
10,0,30.0,20.0,2017,26,0.654,2850.0
10,0,30.0,20.0,2018,97,0.567,-9150.0
10,0,30.0,20.0,2019,81,0.679,14275.0
10,0,30.0,20.0,2020,143,0.678,24425.0
10,0,30.0,20.0,2021,134,0.687,25650.0
10,0,30.0,20.0,2022,199,0.563,-23137.5
10,0,30.0,20.0,2023,154,0.617,2650.0
10,0,30.0,20.0,2024,149,0.624,5550.0
10,0,30.0,20.0,2025,172,0.651,20000.0
10,0,30.0,20.0,2026,110,0.582,-8375.0
10,1,40.0,40.0,2016,20,0.4,2000.0
10,1,40.0,40.0,2017,38,0.526,-600.0
10,1,40.0,40.0,2018,119,0.471,-12562.5
10,1,40.0,40.0,2019,100,0.53,8425.0
10,1,40.0,40.0,2020,153,0.569,3000.0
10,1,40.0,40.0,2021,149,0.591,14937.5
10,1,40.0,40.0,2022,201,0.488,-22475.0
10,1,40.0,40.0,2023,173,0.532,2875.0
10,1,40.0,40.0,2024,161,0.565,11037.5
10,1,40.0,40.0,2025,180,0.539,19137.5
10,1,40.0,40.0,2026,110,0.473,-13012.5
10,0,25.0,30.0,2016,12,0.583,3950.0
10,0,25.0,30.0,2017,24,0.667,13400.0
10,0,25.0,30.0,2018,91,0.429,-7937.5
10,0,25.0,30.0,2019,72,0.514,9950.0
10,0,25.0,30.0,2020,135,0.533,25875.0
10,0,25.0,30.0,2021,127,0.512,16825.0
10,0,25.0,30.0,2022,199,0.417,-25475.0
10,0,25.0,30.0,2023,144,0.458,-2100.0
10,0,25.0,30.0,2024,149,0.49,10775.0
10,0,25.0,30.0,2025,171,0.474,6900.0
10,0,25.0,30.0,2026,109,0.422,-14400.0
15,1,40.0,80.0,2016,8,0.625,2787.5
15,1,40.0,80.0,2017,14,0.357,-837.5
15,1,40.0,80.0,2018,80,0.438,-13212.5
15,1,40.0,80.0,2019,52,0.615,8137.5
15,1,40.0,80.0,2020,127,0.535,62.5
15,1,40.0,80.0,2021,114,0.588,11662.5
15,1,40.0,80.0,2022,169,0.473,-20575.0
15,1,40.0,80.0,2023,138,0.543,5212.5
15,1,40.0,80.0,2024,125,0.576,7487.5
15,1,40.0,80.0,2025,152,0.579,17512.5
15,1,40.0,80.0,2026,96,0.5,625.0
15,0,25.0,60.0,2016,4,0.5,3400.0
15,0,25.0,60.0,2017,8,0.625,11050.0
15,0,25.0,60.0,2018,50,0.3,1137.5
15,0,25.0,60.0,2019,36,0.417,17550.0
15,0,25.0,60.0,2020,101,0.307,2975.0
15,0,25.0,60.0,2021,76,0.408,34850.0
15,0,25.0,60.0,2022,151,0.311,7225.0
15,0,25.0,60.0,2023,97,0.361,25075.0
15,0,25.0,60.0,2024,95,0.326,10175.0
15,0,25.0,60.0,2025,130,0.315,8050.0
15,0,25.0,60.0,2026,81,0.259,-18375.0
15,0,5.0,15.0,2016,8,0.25,-200.0
15,0,5.0,15.0,2017,14,0.357,1150.0
15,0,5.0,15.0,2018,80,0.275,1325.0
15,0,5.0,15.0,2019,52,0.404,7012.5
15,0,5.0,15.0,2020,127,0.339,8075.0
15,0,5.0,15.0,2021,114,0.342,7650.0
15,0,5.0,15.0,2022,169,0.266,-1475.0
15,0,5.0,15.0,2023,138,0.254,-2950.0
15,0,5.0,15.0,2024,125,0.272,-375.0
15,0,5.0,15.0,2025,152,0.322,7912.5
15,0,5.0,15.0,2026,96,0.25,-2400.0
15,1,12.5,50.0,2016,8,0.5,762.5
15,1,12.5,50.0,2017,14,0.357,-837.5
15,1,12.5,50.0,2018,80,0.338,-6800.0
15,1,12.5,50.0,2019,52,0.596,8912.5
15,1,12.5,50.0,2020,127,0.386,-5562.5
15,1,12.5,50.0,2021,114,0.535,24000.0
15,1,12.5,50.0,2022,169,0.266,-3725.0
15,1,12.5,50.0,2023,138,0.391,5200.0
15,1,12.5,50.0,2024,125,0.432,4275.0
15,1,12.5,50.0,2025,152,0.342,-2975.0
15,1,12.5,50.0,2026,96,0.333,7437.5
10,0,12.5,25.0,2016,15,0.467,3375.0
10,0,12.5,25.0,2017,33,0.424,4800.0
10,0,12.5,25.0,2018,108,0.38,7737.5
10,0,12.5,25.0,2019,89,0.427,12737.5
10,0,12.5,25.0,2020,148,0.399,14425.0
10,0,12.5,25.0,2021,145,0.428,22000.0
10,0,12.5,25.0,2022,201,0.358,4062.5
10,0,12.5,25.0,2023,165,0.327,-6000.0
10,0,12.5,25.0,2024,157,0.344,-800.0
10,0,12.5,25.0,2025,180,0.35,925.0
10,0,12.5,25.0,2026,110,0.336,-2125.0
10,0,12.5,60.0,2016,9,0.222,1400.0
10,0,12.5,60.0,2017,16,0.438,14975.0
10,0,12.5,60.0,2018,85,0.2,6375.0
10,0,12.5,60.0,2019,59,0.305,26187.5
10,0,12.5,60.0,2020,128,0.188,3800.0
10,0,12.5,60.0,2021,111,0.234,22100.0
10,0,12.5,60.0,2022,188,0.191,8012.5
10,0,12.5,60.0,2023,138,0.174,-2525.0
10,0,12.5,60.0,2024,133,0.195,7800.0
10,0,12.5,60.0,2025,165,0.194,7587.5
10,0,12.5,60.0,2026,105,0.171,-3000.0
10,1,12.5,15.0,2016,20,0.4,762.5
10,1,12.5,15.0,2017,38,0.526,162.5
10,1,12.5,15.0,2018,119,0.479,-2325.0
10,1,12.5,15.0,2019,100,0.53,7150.0
10,1,12.5,15.0,2020,153,0.51,5225.0
10,1,12.5,15.0,2021,149,0.557,14462.5
10,1,12.5,15.0,2022,201,0.433,-10175.0
10,1,12.5,15.0,2023,173,0.41,-16412.5
10,1,12.5,15.0,2024,161,0.497,4100.0
10,1,12.5,15.0,2025,180,0.517,10375.0
10,1,12.5,15.0,2026,110,0.482,300.0
15,0,10.0,30.0,2016,7,0.286,325.0
15,0,10.0,30.0,2017,11,0.364,2225.0
15,0,10.0,30.0,2018,78,0.218,-6375.0
15,0,10.0,30.0,2019,49,0.327,4825.0
15,0,10.0,30.0,2020,125,0.272,1950.0
15,0,10.0,30.0,2021,109,0.404,30825.0
15,0,10.0,30.0,2022,169,0.254,-2725.0
15,0,10.0,30.0,2023,135,0.289,7125.0
15,0,10.0,30.0,2024,122,0.328,15950.0
15,0,10.0,30.0,2025,151,0.252,-3275.0
15,0,10.0,30.0,2026,96,0.271,1512.5
15,0,25.0,10.0,2016,8,0.875,2050.0
15,0,25.0,10.0,2017,14,0.786,1400.0
15,0,25.0,10.0,2018,76,0.763,4600.0
15,0,25.0,10.0,2019,52,0.865,12150.0
15,0,25.0,10.0,2020,127,0.787,13075.0
15,0,25.0,10.0,2021,113,0.823,18675.0
15,0,25.0,10.0,2022,169,0.686,-12475.0
15,0,25.0,10.0,2023,137,0.745,3825.0
15,0,25.0,10.0,2024,125,0.744,3950.0
15,0,25.0,10.0,2025,152,0.763,10562.5
15,0,25.0,10.0,2026,96,0.729,100.0
10,1,20.0,40.0,2016,20,0.4,1887.5
10,1,20.0,40.0,2017,38,0.526,-387.5
10,1,20.0,40.0,2018,119,0.445,-7987.5
10,1,20.0,40.0,2019,100,0.53,9275.0
10,1,20.0,40.0,2020,153,0.51,5712.5
10,1,20.0,40.0,2021,149,0.564,22775.0
10,1,20.0,40.0,2022,201,0.363,-18175.0
10,1,20.0,40.0,2023,173,0.457,-1537.5
10,1,20.0,40.0,2024,161,0.491,5462.5
10,1,20.0,40.0,2025,180,0.417,4437.5
10,1,20.0,40.0,2026,110,0.382,-5887.5
10,1,40.0,5.0,2016,20,0.45,-1062.5
10,1,40.0,5.0,2017,38,0.579,187.5
10,1,40.0,5.0,2018,119,0.756,2150.0
10,1,40.0,5.0,2019,100,0.65,-1812.5
10,1,40.0,5.0,2020,153,0.824,-6737.5
10,1,40.0,5.0,2021,149,0.832,1587.5
10,1,40.0,5.0,2022,201,0.831,-22900.0
10,1,40.0,5.0,2023,173,0.815,-5325.0
10,1,40.0,5.0,2024,161,0.832,-1350.0
10,1,40.0,5.0,2025,180,0.839,3362.5
10,1,40.0,5.0,2026,110,0.845,-8325.0
15,0,20.0,5.0,2016,8,0.875,550.0
15,0,20.0,5.0,2017,14,0.857,875.0
15,0,20.0,5.0,2018,80,0.788,-3250.0
15,0,20.0,5.0,2019,52,0.846,1150.0
15,0,20.0,5.0,2020,127,0.85,4837.5
15,0,20.0,5.0,2021,114,0.851,4400.0
15,0,20.0,5.0,2022,169,0.787,-6975.0
15,0,20.0,5.0,2023,138,0.797,-3950.0
15,0,20.0,5.0,2024,125,0.808,-1875.0
15,0,20.0,5.0,2025,152,0.796,-2612.5
15,0,20.0,5.0,2026,96,0.792,-3400.0
15,0,10.0,20.0,2016,7,0.571,2325.0
15,0,10.0,20.0,2017,11,0.455,1725.0
15,0,10.0,20.0,2018,80,0.325,-1925.0
15,0,10.0,20.0,2019,52,0.404,2812.5
15,0,10.0,20.0,2020,126,0.381,5425.0
15,0,10.0,20.0,2021,113,0.478,21675.0
15,0,10.0,20.0,2022,169,0.343,-1725.0
15,0,10.0,20.0,2023,136,0.353,600.0
15,0,10.0,20.0,2024,125,0.36,1875.0
15,0,10.0,20.0,2025,152,0.362,3162.5
15,0,10.0,20.0,2026,96,0.354,512.5
15,0,20.0,10.0,2016,8,0.875,2300.0
15,0,20.0,10.0,2017,14,0.714,650.0
15,0,20.0,10.0,2018,77,0.727,5075.0
15,0,20.0,10.0,2019,52,0.808,9150.0
15,0,20.0,10.0,2020,127,0.756,13825.0
15,0,20.0,10.0,2021,113,0.77,14675.0
15,0,20.0,10.0,2022,169,0.633,-12725.0
15,0,20.0,10.0,2023,137,0.664,-3925.0
15,0,20.0,10.0,2024,125,0.688,875.0
15,0,20.0,10.0,2025,152,0.737,13312.5
15,0,20.0,10.0,2026,96,0.708,3600.0
15,0,5.0,20.0,2016,8,0.25,300.0
15,0,5.0,20.0,2017,12,0.333,1700.0
15,0,5.0,20.0,2018,80,0.212,325.0
15,0,5.0,20.0,2019,52,0.288,3862.5
15,0,5.0,20.0,2020,127,0.283,10075.0
15,0,5.0,20.0,2021,114,0.298,11150.0
15,0,5.0,20.0,2022,169,0.219,-225.0
15,0,5.0,20.0,2023,138,0.225,800.0
15,0,5.0,20.0,2024,125,0.232,1875.0
15,0,5.0,20.0,2025,152,0.263,8662.5
15,0,5.0,20.0,2026,96,0.219,-150.0
15,0,5.0,10.0,2016,8,0.375,50.0
15,0,5.0,10.0,2017,14,0.357,-100.0
15,0,5.0,10.0,2018,80,0.338,-1750.0
15,0,5.0,10.0,2019,52,0.481,4450.0
15,0,5.0,10.0,2020,127,0.409,4075.0
15,0,5.0,10.0,2021,114,0.447,6900.0
15,0,5.0,10.0,2022,169,0.308,-7475.0
15,0,5.0,10.0,2023,138,0.326,-4200.0
15,0,5.0,10.0,2024,125,0.4,3125.0
15,0,5.0,10.0,2025,152,0.434,7700.0
15,0,5.0,10.0,2026,96,0.344,-1650.0
10,1,15.0,7.5,2016,20,0.4,-750.0
10,1,15.0,7.5,2017,38,0.553,812.5
10,1,15.0,7.5,2018,119,0.571,-6062.5
10,1,15.0,7.5,2019,100,0.59,550.0
10,1,15.0,7.5,2020,153,0.68,1337.5
10,1,15.0,7.5,2021,149,0.685,3575.0
10,1,15.0,7.5,2022,201,0.637,-11200.0
10,1,15.0,7.5,2023,173,0.607,-15225.0
10,1,15.0,7.5,2024,161,0.658,-3000.0
10,1,15.0,7.5,2025,180,0.689,1725.0
10,1,15.0,7.5,2026,110,0.682,-875.0
15,0,10.0,40.0,2016,7,0.286,1325.0
15,0,10.0,40.0,2017,10,0.2,-250.0
15,0,10.0,40.0,2018,77,0.182,-5350.0
15,0,10.0,40.0,2019,48,0.292,8350.0
15,0,10.0,40.0,2020,122,0.205,-1975.0
15,0,10.0,40.0,2021,102,0.343,33950.0
15,0,10.0,40.0,2022,168,0.19,-8200.0
15,0,10.0,40.0,2023,130,0.254,15162.5
15,0,10.0,40.0,2024,114,0.263,15150.0
15,0,10.0,40.0,2025,150,0.207,-2000.0
15,0,10.0,40.0,2026,96,0.219,2012.5
10,1,20.0,20.0,2016,20,0.4,1012.5
10,1,20.0,20.0,2017,38,0.526,-387.5
10,1,20.0,20.0,2018,119,0.479,-6950.0
10,1,20.0,20.0,2019,100,0.54,10575.0
10,1,20.0,20.0,2020,153,0.575,13412.5
10,1,20.0,20.0,2021,149,0.584,15775.0
10,1,20.0,20.0,2022,201,0.478,-13225.0
10,1,20.0,20.0,2023,173,0.509,-4812.5
10,1,20.0,20.0,2024,161,0.547,4887.5
10,1,20.0,20.0,2025,180,0.533,10787.5
10,1,20.0,20.0,2026,110,0.473,-8212.5
10,1,25.0,7.5,2016,20,0.4,-1150.0
10,1,25.0,7.5,2017,38,0.553,375.0
10,1,25.0,7.5,2018,119,0.597,-9950.0
10,1,25.0,7.5,2019,100,0.59,175.0
10,1,25.0,7.5,2020,153,0.752,1412.5
10,1,25.0,7.5,2021,149,0.711,-2425.0
10,1,25.0,7.5,2022,201,0.697,-26700.0
10,1,25.0,7.5,2023,173,0.728,-3037.5
10,1,25.0,7.5,2024,161,0.727,-2537.5
10,1,25.0,7.5,2025,180,0.772,6950.0
10,1,25.0,7.5,2026,110,0.745,-5825.0
15,1,15.0,30.0,2016,8,0.625,3087.5
15,1,15.0,30.0,2017,14,0.357,-837.5
15,1,15.0,30.0,2018,80,0.388,-7075.0
15,1,15.0,30.0,2019,52,0.596,9087.5
15,1,15.0,30.0,2020,127,0.433,-7975.0
15,1,15.0,30.0,2021,114,0.553,25062.5
15,1,15.0,30.0,2022,169,0.367,-2287.5
15,1,15.0,30.0,2023,138,0.435,912.5
15,1,15.0,30.0,2024,125,0.496,5150.0
15,1,15.0,30.0,2025,152,0.408,-2575.0
15,1,15.0,30.0,2026,96,0.417,9612.5
15,1,40.0,5.0,2016,8,0.75,687.5
15,1,40.0,5.0,2017,14,0.429,-200.0
15,1,40.0,5.0,2018,80,0.662,-14675.0
15,1,40.0,5.0,2019,52,0.769,2925.0
15,1,40.0,5.0,2020,127,0.85,4425.0
15,1,40.0,5.0,2021,114,0.789,-1075.0
15,1,40.0,5.0,2022,169,0.858,-13675.0
15,1,40.0,5.0,2023,138,0.812,-2887.5
15,1,40.0,5.0,2024,125,0.848,-175.0
15,1,40.0,5.0,2025,152,0.855,-5550.0
15,1,40.0,5.0,2026,96,0.875,4250.0
15,1,40.0,40.0,2016,8,0.625,2787.5
15,1,40.0,40.0,2017,14,0.357,-837.5
15,1,40.0,40.0,2018,80,0.438,-15675.0
15,1,40.0,40.0,2019,52,0.615,9000.0
15,1,40.0,40.0,2020,127,0.559,3050.0
15,1,40.0,40.0,2021,114,0.588,11950.0
15,1,40.0,40.0,2022,169,0.515,-16625.0
15,1,40.0,40.0,2023,138,0.543,3100.0
15,1,40.0,40.0,2024,125,0.592,11050.0
15,1,40.0,40.0,2025,152,0.592,17725.0
15,1,40.0,40.0,2026,96,0.51,-2237.5
10,0,5.0,5.0,2016,20,0.45,-1000.0
10,0,5.0,5.0,2017,38,0.605,1050.0
10,0,5.0,5.0,2018,119,0.471,-4725.0
10,0,5.0,5.0,2019,100,0.52,-1500.0
10,0,5.0,5.0,2020,153,0.477,-5575.0
10,0,5.0,5.0,2021,149,0.557,525.0
10,0,5.0,5.0,2022,201,0.478,-7275.0
10,0,5.0,5.0,2023,173,0.468,-7075.0
10,0,5.0,5.0,2024,161,0.54,-775.0
10,0,5.0,5.0,2025,180,0.556,500.0
10,0,5.0,5.0,2026,110,0.509,-2250.0
10,1,30.0,7.5,2016,20,0.4,-787.5
10,1,30.0,7.5,2017,38,0.553,412.5
10,1,30.0,7.5,2018,119,0.597,-11700.0
10,1,30.0,7.5,2019,100,0.59,-825.0
10,1,30.0,7.5,2020,153,0.765,-825.0
10,1,30.0,7.5,2021,149,0.718,-4800.0
10,1,30.0,7.5,2022,201,0.721,-31575.0
10,1,30.0,7.5,2023,173,0.74,-4400.0
10,1,30.0,7.5,2024,161,0.733,-4975.0
10,1,30.0,7.5,2025,180,0.783,4387.5
10,1,30.0,7.5,2026,110,0.755,-9500.0
15,1,10.0,10.0,2016,8,0.5,237.5
15,1,10.0,10.0,2017,14,0.357,-700.0
15,1,10.0,10.0,2018,80,0.425,-5700.0
15,1,10.0,10.0,2019,52,0.615,4937.5
15,1,10.0,10.0,2020,127,0.567,4875.0
15,1,10.0,10.0,2021,114,0.632,14900.0
15,1,10.0,10.0,2022,169,0.473,-8600.0
15,1,10.0,10.0,2023,138,0.486,-4825.0
15,1,10.0,10.0,2024,125,0.568,4700.0
15,1,10.0,10.0,2025,152,0.566,6175.0
15,1,10.0,10.0,2026,96,0.51,-762.5
10,1,10.0,5.0,2016,20,0.45,-800.0
10,1,10.0,5.0,2017,38,0.579,1225.0
10,1,10.0,5.0,2018,119,0.639,-1637.5
10,1,10.0,5.0,2019,100,0.63,-1450.0
10,1,10.0,5.0,2020,153,0.641,-5700.0
10,1,10.0,5.0,2021,149,0.732,5000.0
10,1,10.0,5.0,2022,201,0.647,-8025.0
10,1,10.0,5.0,2023,173,0.624,-9737.5
10,1,10.0,5.0,2024,161,0.689,-1137.5
10,1,10.0,5.0,2025,180,0.711,1862.5
10,1,10.0,5.0,2026,110,0.664,-3000.0
10,1,25.0,80.0,2016,20,0.4,1637.5
10,1,25.0,80.0,2017,38,0.526,-637.5
10,1,25.0,80.0,2018,119,0.454,-8450.0
10,1,25.0,80.0,2019,100,0.53,9050.0
10,1,25.0,80.0,2020,153,0.51,4787.5
10,1,25.0,80.0,2021,149,0.57,12500.0
10,1,25.0,80.0,2022,201,0.358,-25687.5
10,1,25.0,80.0,2023,173,0.486,6262.5
10,1,25.0,80.0,2024,161,0.503,4237.5
10,1,25.0,80.0,2025,180,0.472,21550.0
10,1,25.0,80.0,2026,110,0.391,-13262.5
15,1,40.0,10.0,2016,8,0.625,1312.5
15,1,40.0,10.0,2017,14,0.357,-700.0
15,1,40.0,10.0,2018,80,0.562,-13400.0
15,1,40.0,10.0,2019,52,0.692,7975.0
15,1,40.0,10.0,2020,127,0.74,11225.0
15,1,40.0,10.0,2021,114,0.702,6762.5
15,1,40.0,10.0,2022,169,0.751,-18787.5
15,1,40.0,10.0,2023,138,0.659,-6800.0
15,1,40.0,10.0,2024,125,0.768,12050.0
15,1,40.0,10.0,2025,152,0.809,16762.5
15,1,40.0,10.0,2026,96,0.792,7025.0
15,0,20.0,15.0,2016,7,0.857,3325.0
15,0,20.0,15.0,2017,14,0.714,3150.0
15,0,20.0,15.0,2018,76,0.632,7425.0
15,0,20.0,15.0,2019,51,0.725,12237.5
15,0,20.0,15.0,2020,126,0.635,10850.0
15,0,20.0,15.0,2021,111,0.667,15725.0
15,0,20.0,15.0,2022,169,0.574,-3162.5
15,0,20.0,15.0,2023,134,0.59,900.0
15,0,20.0,15.0,2024,125,0.576,-2125.0
15,0,20.0,15.0,2025,152,0.625,12025.0
15,0,20.0,15.0,2026,96,0.562,-3900.0
10,0,40.0,80.0,2016,5,0.4,1875.0
10,0,40.0,80.0,2017,7,0.714,15825.0
10,0,40.0,80.0,2018,47,0.277,-17175.0
10,0,40.0,80.0,2019,31,0.484,27225.0
10,0,40.0,80.0,2020,84,0.333,-4325.0
10,0,40.0,80.0,2021,68,0.412,30300.0
10,0,40.0,80.0,2022,138,0.29,-39450.0
10,0,40.0,80.0,2023,72,0.375,16200.0
10,0,40.0,80.0,2024,80,0.375,18000.0
10,0,40.0,80.0,2025,118,0.356,13050.0
10,0,40.0,80.0,2026,77,0.26,-38375.0
10,1,30.0,10.0,2016,20,0.4,-162.5
10,1,30.0,10.0,2017,38,0.526,-62.5
10,1,30.0,10.0,2018,119,0.555,-10625.0
10,1,30.0,10.0,2019,100,0.56,2775.0
10,1,30.0,10.0,2020,153,0.719,5037.5
10,1,30.0,10.0,2021,149,0.671,-1450.0
10,1,30.0,10.0,2022,201,0.667,-31937.5
10,1,30.0,10.0,2023,173,0.682,-3225.0
10,1,30.0,10.0,2024,161,0.689,-787.5
10,1,30.0,10.0,2025,180,0.706,-4100.0
10,1,30.0,10.0,2026,110,0.727,-3912.5
15,0,30.0,15.0,2016,7,0.857,2825.0
15,0,30.0,15.0,2017,12,0.833,4200.0
15,0,30.0,15.0,2018,73,0.685,2512.5
15,0,30.0,15.0,2019,51,0.804,14737.5
15,0,30.0,15.0,2020,125,0.744,18625.0
15,0,30.0,15.0,2021,111,0.739,15225.0
15,0,30.0,15.0,2022,169,0.651,-9912.5
15,0,30.0,15.0,2023,130,0.708,8750.0
15,0,30.0,15.0,2024,122,0.672,-1225.0
15,0,30.0,15.0,2025,152,0.717,15525.0
15,0,30.0,15.0,2026,96,0.646,-7750.0
10,1,25.0,50.0,2016,20,0.4,1637.5
10,1,25.0,50.0,2017,38,0.526,-637.5
10,1,25.0,50.0,2018,119,0.454,-10762.5
10,1,25.0,50.0,2019,100,0.53,9787.5
10,1,25.0,50.0,2020,153,0.523,6250.0
10,1,25.0,50.0,2021,149,0.57,13550.0
10,1,25.0,50.0,2022,201,0.373,-25262.5
10,1,25.0,50.0,2023,173,0.486,4487.5
10,1,25.0,50.0,2024,161,0.516,12387.5
10,1,25.0,50.0,2025,180,0.478,17575.0
10,1,25.0,50.0,2026,110,0.391,-15300.0
10,0,25.0,5.0,2016,19,0.789,-1725.0
10,0,25.0,5.0,2017,38,0.816,-1950.0
10,0,25.0,5.0,2018,117,0.855,825.0
10,0,25.0,5.0,2019,97,0.825,-3550.0
10,0,25.0,5.0,2020,152,0.842,-1800.0
10,0,25.0,5.0,2021,148,0.865,3300.0
10,0,25.0,5.0,2022,201,0.771,-23775.0
10,0,25.0,5.0,2023,172,0.802,-12300.0
10,0,25.0,5.0,2024,161,0.851,225.0
10,0,25.0,5.0,2025,180,0.861,3000.0
10,0,25.0,5.0,2026,110,0.809,-6750.0
