family,signal,side,h,n,freq,R,excess,win,MFE,MAE,n_no,t,p,n_DISC,ex_DISC,R_DISC,t_DISC,n_VAL,ex_VAL,R_VAL,t_VAL,n_OOS,ex_OOS,R_OOS,t_OOS,ci_lo,ci_hi,p_boot,robust,fdr
SW01,A · POC roste 2 dny,long,1,1370,0.30451211380306736,0.019064433263240223,0.0025472665529658934,0.5569343065693431,0.37938891683087833,-0.40324784810337716,889,-0.3513345592433663,0.7253373708750463,777,0.010010911684508525,0.02970884244693069,0.11418054228177811,313,-0.0035479036251511555,0.008521043375149707,-0.3947673794638531,280,-0.011350819166526919,0.001312201474828924,-0.524667635296359,,,,False,False
SW01,A · POC roste 2 dny,long,2,1370,0.30451211380306736,0.07009956524416028,0.009237435788705482,0.5788321167883211,0.6109198125170653,-0.6392832383115691,742,0.7350563163741523,0.4623051970220666,777,0.019973973103134392,0.08613036430538172,0.8580474738705108,313,-0.025518475096779483,0.027770647124512004,-0.34333939485322396,280,0.018295687981010948,0.07293178131873475,0.5387522900956172,,,,False,False
SW01,A · POC roste 2 dny,long,3,1370,0.30451211380306736,0.1262390161678465,0.020376396961429854,0.6072992700729927,0.7904320381854469,-0.8089708170363517,637,0.792508941126733,0.42806398041999705,777,0.03408655293463874,0.14854653184496341,1.0679903802350585,313,-0.0329106624739959,0.05712174766752684,-0.8400240763639959,280,0.041898034147519005,0.14159889245170426,0.9418419122568631,,,,False,False
SW01,A · POC roste 2 dny,long,5,1370,0.30451211380306736,0.1657632043633442,-0.03374022816298459,0.6051094890510949,1.09183412719855,-1.1088851985822488,495,-0.23317827977459493,0.8156229712451839,777,-0.044827572864947506,0.170173671458218,-0.16781448470164814,313,-0.04296568339557106,0.1231732570587197,-0.8115515904289056,280,0.00733989441281818,0.20113363498345332,0.8507743684294233,-0.13974122947847717,0.10527894438536531,0.605,False,False
SW01,A · POC roste 2 dny,long,7,1369,0.3042898421871527,0.2686528173463688,-0.023871285093539325,0.631117604090577,1.341428492807725,-1.32807554227182,401,0.14106991834240717,0.8878147076504508,777,-0.014407435551955268,0.30091577492158317,0.27905597994891845,313,-0.03926942084646336,0.20141375971494793,0.1325685809593142,279,-0.032952986180082675,0.2542352797216133,-0.34044995480206236,,,,False,False
SW01,A · POC roste 2 dny,long,10,1369,0.3042898421871527,0.3764051984214876,-0.049702103313756726,0.6508400292184076,1.65080192552335,-1.6427527743430037,317,0.513764435553852,0.6074166956201039,777,-0.02497916011048103,0.4355189994380008,0.1663081251186345,313,-0.017620359785882854,0.32981168184716814,1.2782130830384657,279,-0.1545455176261931,0.26404802027787233,-0.439924517638436,-0.1541085486462324,0.26553483385185495,0.279,False,False
SW01,A · POC roste 2 dny,long,20,1368,0.30406757057123807,0.5784457594321498,-0.2605857245275431,0.668859649122807,2.5198217500838034,-2.588838545642468,184,1.013558701345437,0.3107933724340135,777,-0.26471774753659666,0.6524145487530667,0.9765078059127633,313,-0.20523262200985185,0.3934764470032296,-0.09267212947154117,278,-0.31135888715345217,0.5799624698202779,0.7243497055478979,,,,False,False
SW01,B · POC roste 3 dny,long,1,741,0.16470326739275395,0.037482077623090165,0.020372198387356804,0.5587044534412956,0.36306542043145335,-0.37030133505412743,481,0.7864243264245925,0.43161893642771343,436,0.03212102960785645,0.0528912188509635,0.7429850240839415,159,0.006882139425203115,0.020732255041403757,0.36340473867411976,146,-2.2123784940499427e-05,0.00970698320620912,0.11532648141525603,,,,False,False
SW01,B · POC roste 3 dny,long,2,741,0.16470326739275395,0.06100449368122098,-0.0023361497797813537,0.5762483130904184,0.5706002743875349,-0.5991950739549055,408,-0.1155281909268466,0.9080264769410475,436,0.007609468401519815,0.07667804459177292,0.4897643994709663,159,-0.03258550637185064,0.025221019917155762,-0.7719967850142985,146,0.0009060294742714121,0.053168220609205376,-0.05722071773014179,,,,False,False
SW01,B · POC roste 3 dny,long,3,741,0.16470326739275395,0.0922533839456725,-0.018098463008589034,0.5924426450742241,0.7458491364056374,-0.7645646374811979,376,-0.6486893976581442,0.5165391587292463,436,-0.03072802729846716,0.0883552332218398,-0.6835950916520585,159,0.003992338122286228,0.10105639976231995,-0.22448006995538158,146,-0.004440568141618533,0.09430759080008431,-0.04862315163681985,,,,False,False
SW01,B · POC roste 3 dny,long,5,741,0.16470326739275395,0.1579073747223726,-0.04968702000100656,0.6059379217273954,1.0479085789819393,-1.0524937036193982,322,-0.6600503796061981,0.5092214998960203,436,-0.06371873350091167,0.15933213547968372,-0.8029571574158102,159,0.008818306924055651,0.1865569578609244,-0.11407251304931317,146,-0.07149880010461121,0.12245203630307537,0.08702165510121368,-0.21565767488751852,0.08486038241319574,0.796,False,False
SW01,B · POC roste 3 dny,long,7,741,0.16470326739275395,0.2724739108037066,-0.03175033807253659,0.6383265856950068,1.2932013011598886,-1.256315609383296,278,-0.06854073430919722,0.9453551950090706,436,-0.028030804504255328,0.29851457259917674,-0.37909677045170803,159,0.01743867179758667,0.27472698445269245,0.2302188836973069,146,-0.0964268394774697,0.19225495701594145,0.33454968958551606,,,,False,False
SW01,B · POC roste 3 dny,long,10,741,0.16470326739275395,0.32196040557823286,-0.1214466652525799,0.6464237516869096,1.590099957888079,-1.5801088878639393,236,-0.32170199574404684,0.7476784657784195,436,-0.09278688558189943,0.38345117906231374,-0.5675396426462868,159,-0.05638099476518863,0.3163029625191361,-0.20259370318843167,146,-0.27789259363553803,0.14449161247780207,0.5235041346784258,-0.2355473906299261,0.15329590981397775,0.664,False,False
SW01,B · POC roste 3 dny,long,20,741,0.16470326739275395,0.45967381007627234,-0.41928156615337314,0.6626180836707153,2.4489397075872703,-2.6016310749506766,157,-1.4552474567032578,0.14560076711494285,436,-0.405377079517783,0.5466759674848829,-1.2964606611699723,159,-0.2276011432697664,0.4274097364076357,-0.34227790476513054,146,-0.6695524114383787,0.2349960503718821,-0.8290561254537764,,,,False,False
SW01,C · POC + střed VA 2 dny,long,1,1210,0.26894865525672373,0.02807490860326438,0.011647933648032278,0.556198347107438,0.37838447282257626,-0.3881325399980589,798,0.5459073520796989,0.5851296243353039,696,0.023458343458641825,0.042920363658781956,1.0099111152516806,278,0.020446048548425997,0.03240021531078495,0.36809150198437685,236,-0.03354664758287325,-0.020801667597290494,-0.8502922232615255,,,,False,False
SW01,C · POC + střed VA 2 dny,long,2,1210,0.26894865525672373,0.07769883975247271,0.01752292947155422,0.5851239669421487,0.6111925916087785,-0.6226400362698074,672,0.8368185399777077,0.40269457442789003,696,0.03261664672515171,0.09830526666276922,1.1222621060500526,278,0.01778651974321937,0.06949151142944954,0.5832384971307646,236,-0.02730124554550836,0.026595297990752772,-0.6532047587319838,,,,False,False
SW01,C · POC + střed VA 2 dny,long,3,1210,0.26894865525672373,0.14043305071852089,0.03591152729191696,0.6107438016528925,0.7946146770777704,-0.7879759582627806,580,1.1680569156401905,0.242783807644551,696,0.05039418066737427,0.16409014079751288,1.3245406651008107,278,0.02196229357580954,0.10900235063764475,-0.02858772170676277,236,0.009631697731576148,0.10768898261472894,0.44703933336951,,,,False,False
SW01,C · POC + střed VA 2 dny,long,5,1210,0.26894865525672373,0.1739686230842286,-0.022876571318601716,0.6107438016528925,1.088394452400065,-1.0871899013512756,458,0.23755769530835835,0.8122241654833056,696,-0.029158625366023302,0.18430206842409055,-0.43209436786990596,278,0.011017329361987255,0.1714523664016882,0.8573754560865795,236,-0.04427570170927246,0.14645778156389935,0.3819778077942935,-0.1165965311109312,0.1444055132759591,0.404,False,False
SW01,C · POC + střed VA 2 dny,long,7,1209,0.2687263836408091,0.2649609480746051,-0.023931422885048376,0.6393713813068652,1.3290076371877642,-1.3034879026349733,372,0.6781057769354554,0.49770462815015515,696,-0.007693742200375385,0.3053364512388245,0.5689893199154101,278,0.004732856815983597,0.23744306530856465,0.5124263690709026,235,-0.10593182932513058,0.1779338042731689,0.0015953137402510817,,,,False,False
SW01,C · POC + střed VA 2 dny,long,10,1209,0.2687263836408091,0.35719269420764954,-0.0638463128568561,0.6509511993382961,1.6279892759209595,-1.6169258035204803,302,0.9554027439255579,0.33937406693329875,696,-0.035358695440708104,0.4213425879113032,0.4918759552290722,278,0.009826875784265292,0.3471518575127315,1.5881079282987438,235,-0.23537196461800836,0.17907791371166779,-0.4087246920058181,-0.10656970339079144,0.32853172077683035,0.1455,False,False
SW01,C · POC + střed VA 2 dny,long,20,1208,0.26850411202489444,0.5678464584285219,-0.25955988353509984,0.6672185430463576,2.497772805407147,-2.5810454643821314,181,0.6892137586510008,0.49068875978030624,696,-0.253014793889534,0.6513894954515802,0.04571414365409923,278,-0.17115721832560904,0.4185299209494621,0.7427452490383022,234,-0.38405271824258796,0.49675262787779606,0.6736302889957025,,,,False,False
SW01,D · C + nad týdenní VWAP,long,1,1059,0.23538564125361192,0.024292832208635543,0.008384937663609066,0.5524079320113314,0.3683409068416172,-0.38100048389350877,718,-0.3096186220859781,0.75685099336178,610,0.025143016843249117,0.04369843382103202,0.7257619687774656,242,0.009768167794143157,0.022042273921084127,-0.1869248842001861,207,-0.04261588354977103,-0.030261669617327798,-1.7378831154592551,,,,False,False
SW01,D · C + nad týdenní VWAP,long,2,1059,0.23538564125361192,0.07180336694593283,0.012856660126635309,0.5816808309726157,0.5952623838986493,-0.614074116360536,605,0.35616317469915226,0.7217183683639097,610,0.027398904699895282,0.09095403560837374,0.7670812881233519,242,0.006009715939532337,0.05861444736275089,0.3894111761483177,207,-0.0219926572473244,0.030787959482363084,-0.9445217525671994,,,,False,False
SW01,D · C + nad týdenní VWAP,long,3,1059,0.23538564125361192,0.12410309590192614,0.021554609999978273,0.6005665722379604,0.7758434884796973,-0.7842008635360654,527,0.7495054518814657,0.4535526138880641,610,0.033307199448522784,0.14368283530363132,1.325836967940695,242,-0.0068123367447959484,0.08160553991124143,-0.8056799467479158,207,0.020084665790428596,0.1160874800309386,0.4024263289701351,,,,False,False
SW01,D · C + nad týdenní VWAP,long,5,1059,0.23538564125361192,0.16749983527783494,-0.02601879661431834,0.6081208687440982,1.0706667872634164,-1.0740069718030258,430,0.141597558029543,0.887397895907861,610,-0.03484873872932733,0.17288297539970074,-0.23055286022585855,242,-0.004813186985730572,0.1580029573699602,0.07071225829678314,207,-0.024789293425732578,0.16273910570956213,0.7700610586882738,-0.11877727394166067,0.13187546272144285,0.442,False,False
SW01,D · C + nad týdenní VWAP,long,7,1058,0.23516336963769727,0.2528771257158304,-0.03147886122943577,0.6351606805293005,1.3088457854443638,-1.297065874442356,349,0.34369177008941915,0.7310781010859979,610,-0.015726474197526562,0.2892147047996696,0.9189381016609307,242,-0.032315665066706384,0.20386347250500925,-0.819444853436845,206,-0.07714123773839282,0.20285470258901864,0.19695981680628774,,,,False,False
SW01,D · C + nad týdenní VWAP,long,10,1058,0.23516336963769727,0.33737967160685556,-0.07718190938498087,0.6474480151228733,1.605465754453224,-1.6011413073033278,284,1.5089446803139936,0.13131292039499698,610,-0.03392551366598936,0.41091373323406477,1.2587142412762407,242,-0.038471141942261665,0.3042405826554846,1.3572895945141887,206,-0.25074699244188786,0.15856356448857442,-0.14295031783036607,-0.026980461347900674,0.38064343393453237,0.0465,False,False
SW01,D · C + nad týdenní VWAP,long,20,1057,0.23494109802178262,0.5083275978342713,-0.30689593172721885,0.6584673604541155,2.4673164964291705,-2.6072011222008764,176,0.053711772373428966,0.9571648033449538,610,-0.27375508610129773,0.6086556665752941,0.05637001604989734,242,-0.23478183237785297,0.36517669913803197,-0.2495846631211428,205,-0.4906399701387237,0.37877830784630034,0.30501623577724807,,,,False,False
SW01,E · migrace + pullback,long,1,70,0.01555901311402534,0.0575109952890902,0.04368285598274247,0.5857142857142857,0.418365288763929,-0.394915719042245,69,0.49058173581374337,0.6237223068685145,47,0.09437587398319087,0.11059390873443346,0.9654556427504093,12,-0.20828675797077312,-0.20609030637410808,-1.7235808075328787,11,0.1019613579301162,0.11826723965520337,0.6728671892275523,,,,False,False
SW01,E · migrace + pullback,long,2,70,0.01555901311402534,-0.01654967491062972,-0.06881600547369178,0.5428571428571428,0.6465217818902432,-0.708122260312395,67,-0.5615055489309284,0.574452948622056,47,0.07023585043881012,0.12910423555694975,0.6130875503282498,12,-0.6630076635468792,-0.6431519918693879,-1.7539102314944208,11,-0.014737581019995111,0.04467705341017591,-0.05056086736067317,,,,False,False
SW01,E · migrace + pullback,long,3,70,0.01555901311402534,0.037628182090208906,-0.054173096876604876,0.5428571428571428,0.7755643662171343,-0.9055827307231546,67,-0.37676120130323704,0.7063510764210099,47,0.09934663711386585,0.2023686300171502,0.8065402695693182,12,-0.6294582693959528,-0.5954899799449686,-1.8266289758117336,11,-0.08253722663296406,0.02441153589528986,-0.22370855796615197,,,,False,False
SW01,E · migrace + pullback,long,5,70,0.01555901311402534,-0.03660665316918765,-0.21007999715804573,0.5571428571428572,0.998368197616216,-1.2123149383373901,66,-1.5949769955135942,0.1107173801593655,47,-0.16045745685328874,0.03291202948243249,-1.064745183496983,12,-0.6688220850882168,-0.599577873979133,-1.7831866571041302,11,0.07834233564545183,0.2805093982029212,0.2594790347883963,-0.5401506285616308,-0.018867653034643623,0.9815,False,False
SW01,E · migrace + pullback,long,7,70,0.01555901311402534,-0.017921130281675357,-0.27307466730289837,0.5428571428571428,1.2101980872383737,-1.4531714248917011,66,-1.3332274563976014,0.18245717167144537,47,-0.441644851942803,-0.15824587674546817,-1.6670048529389916,12,-0.28146521604325225,-0.1774831623096642,-0.6297692339126197,11,0.45633308387526184,0.7557159122759726,1.1535042715322608,,,,False,False
SW01,E · migrace + pullback,long,10,70,0.01555901311402534,-0.11453746830562682,-0.48614115077129644,0.5142857142857142,1.4344046556645507,-1.899958427436604,65,-1.7371106092638413,0.08236764906721006,47,-0.6658557541642247,-0.25418323082573746,-2.089779995181807,12,-0.6858601481489671,-0.5306467112294252,-0.7858722931748299,11,0.4996056063195821,0.9360681456517174,1.2811441600157907,-0.8533083672772069,-0.03192579201805285,0.984,False,False
SW01,E · migrace + pullback,long,20,70,0.01555901311402534,0.39648568344645146,-0.33685441730204313,0.5714285714285714,2.312938667174404,-2.8513161254089634,53,-0.9330279290164417,0.3508055483350161,47,-0.7310252696159987,0.08165367055999843,-1.610270256867478,12,0.0061064722057710226,0.2555684433228647,0.012385809257623356,11,0.9731909813036052,1.8954049095506635,1.0901086228653942,,,,False,False
SW01,F · C + delta 5D,long,1,675,0.1500333407423872,0.00828399301153475,-0.00523194285022896,0.5451851851851852,0.3625741197646448,-0.39012861806349586,455,-0.35859407668943705,0.719898778603292,362,0.016546990869410066,0.03165902753164041,0.8901647990091279,156,0.026021512111601346,0.037924634254238324,0.17511443528299211,157,-0.08650272616586496,-0.07506443074731878,-2.1409948840044026,,,,False,False
SW01,F · C + delta 5D,long,2,675,0.1500333407423872,-0.007423311021341871,-0.0634522362010577,0.5555555555555556,0.565601877231164,-0.6620667673276819,380,-0.876285064079155,0.38087508264827985,362,-0.0504005646619391,0.007761155509136277,-0.10086182461176375,156,-0.018986762624514663,0.03535324739606482,0.46780580794880583,157,-0.13772815323992166,-0.08493872501591856,-2.063975765669411,,,,False,False
SW01,F · C + delta 5D,long,3,675,0.1500333407423872,0.018352676884126153,-0.08125746862425703,0.5688888888888889,0.738471397103822,-0.8562877034364916,338,-1.850367198100385,0.0642606433945554,362,-0.08975447456719508,0.013744564861868012,-1.2584089009302768,156,-0.014399985631207087,0.07858318538398887,-0.07626360063531527,157,-0.12809728515656416,-0.03086912422365176,-1.8714829954180972,,,,False,False
SW01,F · C + delta 5D,long,5,675,0.1500333407423872,0.07002427727516139,-0.1203603940889837,0.5866666666666667,1.0443128440007639,-1.184126853183962,291,-2.1925362241306083,0.028340810441349396,362,-0.14521706720460079,0.05342922665816774,-2.1777389413570365,156,-0.039301656627883486,0.13189780050658706,-0.3778708069399881,157,-0.1435899952105012,0.046808600200316214,-0.9809497180746223,-0.3666600091315667,-0.030581856162680672,0.993,False,False
SW01,F · C + delta 5D,long,7,675,0.1500333407423872,0.1582653902281262,-0.12300504531710504,0.6192592592592593,1.2900241615339159,-1.4097630548967441,250,-1.7596096932562648,0.07847400687955153,362,-0.11350948526452274,0.18175312541962627,-1.1240873349452638,156,0.014052496954803923,0.2608644022148962,-0.5136236491563192,157,-0.28108383088049715,0.002163441124564661,-1.4355192821649367,,,,False,False
SW01,F · C + delta 5D,long,10,675,0.1500333407423872,0.26337772533225084,-0.14707559342396567,0.6385185185185185,1.5931194113402403,-1.7434638303253962,210,-0.11126120069007259,0.9114092216907606,362,-0.14129925984627573,0.29315481200734844,-0.33210101418796645,156,0.0662551593088812,0.4176693828779936,0.7231183903668147,157,-0.37236623152235976,0.04141082116969549,-0.7375814435787742,-0.24096947601614213,0.24935891298450422,0.517,False,False
SW01,F · C + delta 5D,long,20,675,0.1500333407423872,0.4132388539854565,-0.40538895155379984,0.6488888888888888,2.516086104408708,-2.832546425079981,140,-1.3922576937074298,0.16384437766010373,362,-0.48968029964569065,0.39506249340210364,-1.219936440397124,156,-0.08582901275603547,0.5163406792299314,-0.11887754684773036,157,-0.5285601773065819,0.35270355330415504,-1.1402938511330472,,,,False,False
SW01,VM ≥ 0.10 ATR,long,1,2178,0.4841075794621027,0.01985417365915231,0.0035905645995765677,0.5431588613406795,0.39629182373343247,-0.4316456625015569,1444,-0.4773724483552597,0.6330969297471742,1228,0.01279848728950806,0.03196276886214861,-0.07002083355936074,496,-0.009072489879384282,0.0012952632145888001,-1.0266918476522495,454,-0.007480920073708206,0.007378104653037852,0.14295042824842583,,,,False,False
SW01,VM ≥ 0.10 ATR,long,2,2178,0.4841075794621027,0.06577457596600449,0.006425618456406984,0.571625344352617,0.6412133511325016,-0.6817612757432843,1105,0.06424785580143778,0.9487728726581137,1228,0.012468738176672604,0.07722239596053601,-0.6042640205982336,496,0.02288345451870244,0.07121397962518004,0.4505471095367021,454,-0.02790045578012324,0.028867379560198702,0.6993565099046225,,,,False,False
SW01,VM ≥ 0.10 ATR,long,3,2178,0.4841075794621027,0.10207580701601632,-0.0010508778852235119,0.5977961432506887,0.8351831055368548,-0.880326401984843,894,-0.4125331161595411,0.6799487130271356,1228,0.014192637930435572,0.12651272120345425,0.3718279644136311,496,0.007156582777289345,0.0891738902285679,-0.6330682896690413,454,-0.05124897900909076,0.050073208127031005,-0.7824581045172274,,,,False,False
SW01,VM ≥ 0.10 ATR,long,5,2176,0.4836630362302734,0.16577350977680635,-0.02890784033671073,0.5978860294117647,1.1339092086359712,-1.1865153529288486,635,0.06794199015827877,0.9458318126464182,1228,-0.027731077318273657,0.18372749475675865,0.17997443811466268,496,-0.007605381455591232,0.1449619430036214,0.6383938111713945,452,-0.05548103633599389,0.1398333406708736,-0.7579667706654446,-0.11878416246205326,0.12996585628297844,0.446,False,False
SW01,VM ≥ 0.10 ATR,long,7,2175,0.48344076461435875,0.24946089195561028,-0.036057983264705995,0.6216091954022989,1.3842069752192092,-1.4274140363162189,498,-0.5470852666017922,0.5843201538610199,1228,-0.021993263517445762,0.288483030571704,0.07695387000168157,496,-0.032811082367202746,0.1885830583309495,-1.0013419335064564,451,-0.07792480963897909,0.21016204330210408,-0.2532627985760118,,,,False,False
SW01,VM ≥ 0.10 ATR,long,10,2174,0.4832184929984441,0.3579250278318789,-0.0580329088337101,0.6453541858325667,1.7046621001475921,-1.7498364101641932,366,0.21113719086248361,0.8327802202022998,1228,-0.04286505266083534,0.4110860091087604,0.37945182551555384,496,-0.026305948063877566,0.29294401484249616,-0.19918284896847346,450,-0.13439446421621482,0.28447813324237525,0.10922216337604633,-0.18594280519952397,0.21929036368949006,0.428,False,False
SW01,VM ≥ 0.10 ATR,long,20,2171,0.48255167815070016,0.6865080997682322,-0.12841507602525296,0.6771073238139106,2.6090572318283223,-2.6229725044708276,204,-0.9235435398549243,0.3557240213892685,1228,-0.13099231590588475,0.7672616724544388,-0.9449508164121064,496,-0.0843398635488098,0.45778544395019316,0.17091753942957427,447,-0.17024159686395535,0.718456757546948,-0.5092464368820154,,,,False,False
SW01,VM ≥ 0.25 ATR,long,1,1720,0.38230717937319403,0.012770613259381423,-0.003908514164062493,0.5412790697674419,0.3925328596643345,-0.42961901766047234,1249,-0.7224329484490104,0.4700283357915849,960,-0.01022404272960913,0.009474847223764564,-1.0405246324359807,397,-0.013096503754325224,-0.0030444959378631543,-0.8973514160332658,363,0.02284228277879999,0.03878310291640148,1.0551927331189794,,,,False,False
SW01,VM ≥ 0.25 ATR,long,2,1720,0.38230717937319403,0.06965126125263844,0.009781256865246163,0.5697674418604651,0.6411007068658481,-0.6781683719437743,984,0.623755118637784,0.5327884187662866,960,0.006419080668129292,0.07227560983907981,-0.07260498599725683,397,0.031059134351496424,0.07838541195990242,0.731116392598845,363,-0.004597884216872689,0.05315860980975279,0.6838131810942687,,,,False,False
SW01,VM ≥ 0.25 ATR,long,3,1720,0.38230717937319403,0.10252164822803633,-0.0011782282440483492,0.5976744186046512,0.8333265850151649,-0.8700239596910291,803,0.382094898884018,0.7023909753905042,960,-0.0004478325471179934,0.11347563898181492,0.44948579491009283,397,0.017353467212736166,0.0978583479852799,0.4482675237091797,363,-0.023377299774066516,0.07865249966811041,-0.32780875789194236,,,,False,False
SW01,VM ≥ 0.25 ATR,long,5,1719,0.3820849077572794,0.15235183174755215,-0.04323979821329588,0.5933682373472949,1.1283270628384514,-1.1792715480031088,593,0.21607543095331544,0.8289289506014081,960,-0.05687942280842299,0.15759378099109006,0.14812987321812343,397,-0.026722982517556438,0.12310154449634943,0.8979362829913726,362,-0.025182163461601195,0.1705288835843783,-0.6084266067878041,-0.10059451423794724,0.14029488714251157,0.3635,False,False
SW01,VM ≥ 0.25 ATR,long,7,1718,0.38186263614136473,0.24415141670837567,-0.04263844443002445,0.6175785797438882,1.376788552178291,-1.419754393566914,471,-0.35753192053767235,0.720693634055849,960,-0.04172765150618576,0.27324466005976655,-0.688667800478663,397,-0.07022180471068959,0.14710885973483337,-0.40303521022140293,361,-0.014726442145983157,0.27350427405231237,0.7857713386982773,,,,False,False
SW01,VM ≥ 0.25 ATR,long,10,1718,0.38186263614136473,0.37046769414199815,-0.046993993951676354,0.6490104772991852,1.7053390627224347,-1.7466883155948358,359,-0.3629063997543622,0.7166748058955794,960,-0.048146494561407197,0.4122538830177138,0.1987059571609221,397,0.014063803266822803,0.3268840130174085,-0.3752045547998231,361,-0.11107583580874708,0.3072765032438681,-0.631740840987132,-0.2623746669158485,0.15756805966035192,0.698,False,False
SW01,VM ≥ 0.25 ATR,long,20,1715,0.3811958212936208,0.6566276376586786,-0.1597153028532805,0.6769679300291546,2.603673210341945,-2.6267529205234204,200,0.28455921143191126,0.7759818643232415,960,-0.17283322700520667,0.7353177291149872,0.7405602756897554,397,-0.10218945116793332,0.42958523394387216,0.18168546982251124,358,-0.18833138087907306,0.6973911753031529,-0.7122410817367097,,,,False,False
SW01,VM ≥ 0.50 ATR,long,1,1065,0.2367192709490998,0.008493579639124622,-0.007630104962152011,0.539906103286385,0.39239719491671715,-0.42755163026586746,870,-0.5204257619455251,0.6027668582496357,584,-0.021215639011110284,-0.0017708045593334489,-1.020446255982297,262,0.0036626501544025814,0.013497762782642177,-0.26775349493655237,219,0.015087931768689673,0.029878531183863972,0.6934674932126935,,,,False,False
SW01,VM ≥ 0.50 ATR,long,2,1065,0.2367192709490998,0.0479919047467744,-0.010792413813898106,0.5633802816901409,0.637036645892249,-0.6913406674822716,743,-0.42189271579041004,0.6731033270927218,584,-0.021885983400492623,0.04360572919502078,-0.6292622538838262,262,0.027684279812744815,0.07364542352108884,0.20006091348268157,219,-0.02724103980298144,0.028997861839713843,-0.14387924164260663,,,,False,False
SW01,VM ≥ 0.50 ATR,long,3,1065,0.2367192709490998,0.06941765546705894,-0.032660772907798896,0.5802816901408451,0.8209772195136996,-0.8923061284101249,635,-0.7029829379771732,0.48206638250587264,584,-0.031453305502824824,0.0821550591114416,-0.6896607752981947,262,0.00700369138260907,0.08506582795061908,-0.11832401187901678,219,-0.08333315011598039,0.01673060104234564,-0.3063636335515681,,,,False,False
SW01,VM ≥ 0.50 ATR,long,5,1064,0.23649699933318516,0.11294969665224415,-0.07996927147811758,0.5770676691729323,1.1116723419371934,-1.212423419069264,498,-0.7803975472756702,0.43515691112847676,584,-0.0887043809456514,0.12542289066974832,-0.28087534170485046,262,-0.05665755344942436,0.08864008437149472,-0.6178458050585961,218,-0.08458563016838316,0.10875140817212452,-0.5194196009743282,-0.1948537998896183,0.07541783134799908,0.792,False,False
SW01,VM ≥ 0.50 ATR,long,7,1063,0.2362747277172705,0.1799879919566287,-0.10308623575558742,0.5945437441204139,1.3547708560231124,-1.48260377696957,405,-0.15007040459372892,0.8807090692388095,584,-0.10279108575180528,0.21172636098419526,-0.5725432634175993,262,-0.07911732225728278,0.13183657591643044,0.22748500167420824,217,-0.13281998201717532,0.15270902186645854,0.3632913926677936,,,,False,False
SW01,VM ≥ 0.50 ATR,long,10,1063,0.2362747277172705,0.27954061152361087,-0.1330408888352902,0.6331138287864534,1.6693775145183298,-1.846653313607774,330,-0.9632835252264247,0.33540525866594395,584,-0.09197191150292035,0.36827765944672347,-0.5845804248071782,262,-0.11213734296173909,0.19219750189938423,-0.6106662822092945,217,-0.2688059200840201,0.14618327850264148,-0.4907157638704675,-0.3531884612860309,0.07625221649641721,0.8895,False,False
SW01,VM ≥ 0.50 ATR,long,20,1060,0.23560791286952656,0.5236763309214724,-0.2833949196573957,0.6566037735849056,2.5371179592602444,-2.7698239529908837,187,-0.8635187734259443,0.38785230208256927,584,-0.32033903373634093,0.5875750316497016,-0.37112783201470456,262,-0.18957034257467603,0.3319989336487367,-0.029620506821764543,214,-0.29744481018808966,0.583969026529748,-1.3637219155906979,,,,False,False
SW01,VM 3D ≥ 0.50 ATR,long,1,1842,0.40942431651478106,0.02699529138978348,0.010193481705126,0.5428881650380022,0.3769246365509135,-0.40647071732788276,1108,0.845237556489441,0.39797821727657,1047,0.010447837337755804,0.03043529718423865,0.39159727442558984,419,0.00874912242178956,0.01991639790264128,0.8112972384199553,376,0.011094748174154076,0.02530478687999098,0.388214889154583,,,,False,False
SW01,VM 3D ≥ 0.50 ATR,long,2,1842,0.40942431651478106,0.06449973662856918,0.003090356841718549,0.5694896851248643,0.6054268653018484,-0.6484930433187709,797,0.10208860170076861,0.9186863482685803,1047,-0.003161238532440804,0.06385985096982777,0.9568746675305768,419,0.006524971680291306,0.05829524172666679,-0.710766652012608,376,0.01667098646773681,0.0731955973961207,-0.5879316478475355,,,,False,False
SW01,VM 3D ≥ 0.50 ATR,long,3,1841,0.4092020448988664,0.07613204250654412,-0.030599597774316287,0.579033134166214,0.7841141064187945,-0.8438196106626819,670,-0.3085166126004301,0.7576892613151476,1047,-0.034881815234305266,0.08110979824316374,0.059042110485803656,419,-0.04250494452390527,0.04557753980847033,0.13184790826463208,375,-0.005341405857819652,0.0963737128378833,-0.9330404581656487,,,,False,False
SW01,VM 3D ≥ 0.50 ATR,long,5,1839,0.4087575016670371,0.13016809441446792,-0.07105139419488468,0.5948885263730288,1.0709510303444,-1.1478437130321706,519,-0.6927071288755484,0.4884933643849956,1047,-0.08385072873930598,0.13422065257666901,-0.8357545251333286,419,-0.06507391928413453,0.09820767387944221,-0.038604501218939706,373,-0.041838682987365136,0.15469460328404214,-0.01630122762910209,-0.17824750308274503,0.08498244299183919,0.759,False,False
SW01,VM 3D ≥ 0.50 ATR,long,7,1838,0.40853523005112247,0.22611235074409905,-0.06863826203161112,0.6207834602829162,1.30973689041012,-1.3799636613047541,422,-1.0456265934387001,0.2957334662470503,1047,-0.09186032074792577,0.22803859212797492,-1.615725091501106,419,-0.007449917561368085,0.22890155102965964,0.5215562848288566,372,-0.07219853315271435,0.2175493140544005,-0.002551918859074721,,,,False,False
SW01,VM 3D ≥ 0.50 ATR,long,10,1838,0.40853523005112247,0.32654553956718874,-0.10235153470485493,0.64689880304679,1.618865839514805,-1.687488200126649,330,-0.21356882324833265,0.8308833138797553,1047,-0.13266447915584847,0.3348782864302249,-0.752086737819177,419,-0.040708190244332344,0.29850660730771345,0.8232793400223865,372,-0.08646688010477079,0.3346743746508482,-0.1875893271118262,-0.2369562127617854,0.19024093948676585,0.564,False,False
SW01,VM 3D ≥ 0.50 ATR,long,20,1836,0.40809068681929317,0.6760430915159829,-0.16369639313670903,0.6824618736383442,2.5372810503290713,-2.5695518307339054,191,0.21470342248462257,0.8299985540508577,1047,-0.24808336216014826,0.6784603256279375,0.14357964132214984,419,0.015205783669214424,0.5889807857397515,-0.28859130681585105,370,-0.1274987053370903,0.7677951509890222,0.711975474155649,,,,False,False
BENCH,momentum 5D,long,1,2708,0.601911535896866,0.011771608140225345,-0.005478051128845569,0.5395125553914328,0.37826777635804326,-0.43537444492403865,1486,0.19103821752429628,0.8484956512623856,1510,0.0018897451953695098,0.02261219148900681,-0.534481664573105,626,-0.014334636631150033,-0.003199231741536874,0.6471067791277969,572,-0.015235306242695527,-0.0004618448155034506,0.6442340732598142,,,,False,False
BENCH,momentum 5D,long,2,2707,0.6016892642809514,0.030747781099577685,-0.031201648158004053,0.5567048393055043,0.6126967183856631,-0.6918740060350085,1049,-1.36325580236157,0.17280190607525459,1510,-0.020161095923489285,0.048186488455616704,-1.041824531912843,626,-0.048497424791068805,0.0027421934660411523,-0.5365876421956625,571,-0.041436460245252306,0.015334558246644134,-0.7031441226852273,,,,False,False
BENCH,momentum 5D,long,3,2706,0.6014669926650367,0.059555508408894564,-0.0477996985289005,0.5750184774575019,0.7909499902904824,-0.8827458958083582,834,-1.3693995092605196,0.1708744275818983,1510,-0.031567952748208734,0.08641678289429733,-1.0798063589932203,626,-0.06769289134676786,0.019371891266474765,-0.2852295282156243,570,-0.06895197471286472,0.03252817482678335,-0.9830138166188119,,,,False,False
BENCH,momentum 5D,long,5,2704,0.6010224494332074,0.11996276781726874,-0.08221283797982021,0.5920857988165681,1.0794941709969499,-1.181606713608633,585,-1.088591865423809,0.2763339055702141,1510,-0.08744759312848968,0.13411264780781712,-0.9003127000203238,626,-0.07743470899284131,0.08390911984674392,-0.6814681394790529,568,-0.07356253599277417,0.12208119183807938,-0.19094047209113188,-0.19482529359131784,0.05211296190765858,0.866,False,False
BENCH,momentum 5D,long,7,2703,0.6008001778172928,0.1929708740724154,-0.10316077001246925,0.6137624861265261,1.318606598660406,-1.4354913516277157,473,-1.8479527750134568,0.064609174874942,1510,-0.10681929581917143,0.21810142115213893,-1.6607422998479866,626,-0.09850384774691015,0.13515124860628286,-1.0120125075907984,567,-0.09855911105324476,0.1898808554682114,-0.2674713038696894,,,,False,False
BENCH,momentum 5D,long,10,2703,0.6008001778172928,0.3039140474639539,-0.12744951421507758,0.6422493525712172,1.6356390536453058,-1.7482989771980306,359,-1.45188892398522,0.1465324927561087,1510,-0.1432488794291777,0.33230627982682254,-1.1836186202520922,626,-0.11919916891758313,0.21665333898368735,-0.6525506349112912,567,-0.09448245016382605,0.3246423237262383,-0.5570341974007945,-0.4027078545158188,0.027258472881329793,0.948,False,False
BENCH,momentum 5D,long,20,2698,0.5996888197377195,0.6649487755249249,-0.18217724712961528,0.6764269829503335,2.568370764242793,-2.6340791386721705,203,-0.652437637528703,0.5141188908536085,1510,-0.1837058384078905,0.761963765594875,-0.7359271663029195,626,-0.19070469577827728,0.3801559299918159,0.34608880227102595,562,-0.16857163203307085,0.7215104949165646,-0.5493343530847324,,,,False,False
BENCH,momentum 20D,long,1,3056,0.6792620582351634,0.018934673740463856,0.0010569882879681164,0.544175392670157,0.41240853475752165,-0.46701739548624427,1587,0.4788417897896239,0.6320511846260672,1712,0.0015803489957398789,0.023816265073828977,0.49149449570051723,702,-0.006241126840511866,0.006087533397229591,-0.8895884097651883,642,0.007641541696827439,0.01996490451652207,1.1924926253674977,,,,False,False
BENCH,momentum 20D,long,2,3056,0.6792620582351634,0.060439253223484084,-0.004879618836639558,0.5654450261780105,0.6731622658692712,-0.7316174159617813,1093,0.32912104240324014,0.7420641999109907,1712,0.0008811305035279895,0.07367997582166964,0.5705368430002625,702,-0.020103743768020856,0.03640814514843116,0.2868228318602119,642,-0.003594676731557301,0.05140766565431501,-0.49115768681303934,,,,False,False
BENCH,momentum 20D,long,3,3055,0.6790397866192487,0.10029385714899662,-0.013136553950215043,0.5865793780687397,0.8693285907701782,-0.9324405038759801,836,-0.7664623659321657,0.4434012364324684,1712,-0.00886674691646328,0.1164551557197551,0.10301688183235855,702,-0.027589432889139235,0.06839171805097359,-0.7963167597594285,641,-0.00871219923361325,0.09206789536065604,-0.8712987946547904,,,,False,False
BENCH,momentum 20D,long,5,3053,0.6785952433874194,0.17485925055614307,-0.039054329015303486,0.6033409760890927,1.1810802812642978,-1.2546838360736312,575,-0.735328052513463,0.46213972760422073,1712,-0.05059466181617672,0.18479075322814217,-0.7816512231292565,702,-0.052960849463122135,0.12461990582973617,-0.08398023671758957,639,0.007141957540977729,0.20344342492777875,-0.27947606213114545,-0.176406144083558,0.06638782098353126,0.789,False,False
BENCH,momentum 20D,long,7,3053,0.6785952433874194,0.2618560753376104,-0.0512577336499579,0.6216835899115624,1.445127378416698,-1.514043347081732,438,0.30977967021343045,0.7567285124599497,1712,-0.06869776115248592,0.2762944564109681,0.40223693046048253,702,-0.08291218611821743,0.17390902396753505,0.35662516720801674,639,0.030242661838377267,0.31979085102494126,-0.3595790329860609,,,,False,False
BENCH,momentum 20D,long,10,3053,0.6785952433874194,0.37530523369859264,-0.08073077946432096,0.6423190304618408,1.7919778339611399,-1.8517071678903676,331,-0.5763552265417797,0.5643751011481026,1712,-0.12225537041831763,0.3826429444018696,-0.383226082596488,702,-0.08698793820503214,0.2814599917070091,-0.17105161445144512,639,0.03739539447812292,0.45874373002735874,-0.4337832405168476,-0.2838387092684465,0.12693748657100828,0.7665,False,False
BENCH,momentum 20D,long,20,3051,0.6781507001555901,0.6779767276015477,-0.21591981284233353,0.666994428056375,2.7528446980162684,-2.810113649704657,184,-0.4503875216524872,0.6524310409365399,1712,-0.27425671703222126,0.7310667305858144,-0.3066187443023988,702,-0.265495026205664,0.3517186503346776,0.42994651671081596,637,-0.004499750433941264,0.8948418533979021,-0.8263906295002915,,,,False,False
SW02,V1 · D/W/M zarovnáno,long,1,1866,0.41475883529673263,0.012265668848302724,-0.005494716079619933,0.5423365487674169,0.38182646725688096,-0.4293509843527346,1223,-0.4382154969726101,0.6612300757639837,1055,-0.006310106417391829,0.014920240469809947,-0.36366401227262046,408,-0.03506931040253039,-0.02310409232407487,-1.7955194675395385,403,0.026581391339975138,0.04112494799877404,1.488460189324976,,,,False,False
SW02,V1 · D/W/M zarovnáno,long,2,1866,0.41475883529673263,0.041522436622198504,-0.022016685545054496,0.5680600214362272,0.6155252962245957,-0.682588444562136,934,-1.4166235463106442,0.15659302052004276,1055,-0.012210304712348574,0.05768305894283537,-0.631681481249903,408,-0.05849284308233418,-0.004703564746024683,-1.8457072174345814,403,-0.010759761235611866,0.046015617788360275,-0.08074291787196118,,,,False,False
SW02,V1 · D/W/M zarovnáno,long,3,1866,0.41475883529673263,0.06971168191876224,-0.040345000888421974,0.5819935691318328,0.7913818538112254,-0.8792347988093595,761,-0.020505671038892503,0.9836399881937652,1055,-0.027869168573479264,0.092656046358314,-0.11756149030040759,408,-0.06074488158953992,0.030346584237640042,0.04589382470807771,403,-0.05235207723137105,0.04949990864375173,0.09476165323194918,,,,False,False
SW02,V1 · D/W/M zarovnáno,long,5,1865,0.414536563680818,0.13083495570379572,-0.07629670317287983,0.5903485254691689,1.0853243630271727,-1.1877300801959196,551,-0.5283539808509139,0.597253671638998,1055,-0.06209662238264731,0.16414612647302085,0.19383855644058567,408,-0.10880793656608902,0.05955994439125492,-0.6406520694523926,402,-0.08056660866856637,0.11575266578833358,-0.6707405662554049,-0.17449185893170985,0.09463577796959148,0.695,False,False
SW02,V1 · D/W/M zarovnáno,long,7,1865,0.414536563680818,0.2181543839250763,-0.08507585021578673,0.6235924932975871,1.3297508019223596,-1.4227061714323057,442,-0.2555511072108182,0.798297475712535,1055,-0.0749741706826777,0.2565218397326201,-0.05819252284498227,408,-0.1330283264905607,0.11077006630462238,-0.23365383885957408,402,-0.06291829197529493,0.2264507414180775,-0.20140756854163508,,,,False,False
SW02,V1 · D/W/M zarovnáno,long,10,1865,0.414536563680818,0.34212729963959554,-0.09967840728580293,0.6520107238605898,1.6568359264702774,-1.7483450485160565,342,-1.1724333132449094,0.24102313125129182,1055,-0.11936803508745125,0.3656008205341272,-0.7217038768979417,408,-0.12062086056552962,0.23048626497129682,-0.28791401451054194,402,-0.026750351890610445,0.39383122402003073,-1.0396154919267042,-0.37006894538068147,0.061434617047627815,0.91,False,False
SW02,V1 · D/W/M zarovnáno,long,20,1863,0.4140920204489887,0.6314451689951461,-0.2409240343600117,0.6672034353193773,2.5856506379481368,-2.641365914355613,195,-0.17699792457828706,0.8595100197879608,1055,-0.2926462211191649,0.6778356866693922,-0.004369341783481732,408,-0.25273872242524326,0.34576686303551607,0.3556466107184916,400,-0.09245578495620914,0.8004820507081445,-0.7227464971325546,,,,False,False
SW02,V2 · V1 + sklon W,long,1,1452,0.32273838630806845,0.015059731144433588,-0.004156703232732968,0.5420110192837465,0.3670822819782389,-0.41081872611990256,950,-0.10227674909016597,0.9185370100528032,825,0.003243749033400284,0.025925958715512794,0.5588765510844673,315,-0.03807646537422533,-0.024964782705098165,-2.288451495928364,312,0.010520706879479088,0.026736282799761042,1.1987849528331032,,,,False,False
SW02,V2 · V1 + sklon W,long,2,1452,0.32273838630806845,0.033426009111938,-0.033327927005044646,0.5633608815426997,0.5910292780190297,-0.6610816451826587,735,-1.6152879481619704,0.10624835232702212,825,-0.01908444701885306,0.05400310246325611,-0.2991097436134712,315,-0.05190031193424407,0.0060453318870537405,-2.0509326976582045,312,-0.05224000949193648,0.006659378698479952,-0.7990681499852087,,,,False,False
SW02,V2 · V1 + sklon W,long,3,1452,0.32273838630806845,0.05306985698468917,-0.061932571052313444,0.5750688705234159,0.7565095765728291,-0.8522642627738352,611,-1.622573368651768,0.1046806373168474,825,-0.047974079214262014,0.0774953657487512,-0.8248489148153015,315,-0.05707848395243766,0.04099394181598359,-1.138880399982575,312,-0.1037428056768432,0.0006752048942760511,-1.0125301135630649,,,,False,False
SW02,V2 · V1 + sklon W,long,5,1451,0.3225161146921538,0.12207945156685567,-0.09340418474008562,0.5933838731909028,1.0420338145181984,-1.1453347820873485,461,-1.320524035641288,0.18666011657449522,825,-0.08040622808728815,0.15441457335980577,-0.6479420464412292,315,-0.06032900606143686,0.12029358143889564,-0.9862678621311982,311,-0.16138487773793864,0.03811184259940738,-0.8611792693322844,-0.22647414101487845,0.03600125800445089,0.915,False,False
SW02,V2 · V1 + sklon W,long,7,1451,0.3225161146921538,0.21331593548321195,-0.10159604879993848,0.6305995864920745,1.2821001310055082,-1.3704938526089698,376,-1.376038307107317,0.16880977376157547,825,-0.07722130520811528,0.2665050796291522,-1.1314333637332936,315,-0.08466003873571631,0.17649197129513652,-0.17031989822049226,311,-0.18340957495262053,0.10951691554380066,-0.9603084804300629,,,,False,False
SW02,V2 · V1 + sklon W,long,10,1451,0.3225161146921538,0.3106768308948295,-0.14802574378791733,0.6581667815299793,1.6092430358885532,-1.69451180483575,296,-0.5393210614546595,0.5896653387016024,825,-0.15152236590530507,0.35169726132666695,-1.3519688044786515,315,-0.13413045218277453,0.24140644398820865,0.8559239678205444,311,-0.15282414767465408,0.27202190089264233,0.25259448677742585,-0.29436211323980643,0.17927843393228002,0.7075,False,False
SW02,V2 · V1 + sklon W,long,20,1451,0.3225161146921538,0.6248368900567706,-0.2802062141642518,0.6747070985527223,2.5513398427835567,-2.6034735426340503,182,-0.5771856928894233,0.5638140208920475,825,-0.2970266921756031,0.7116853853130714,-0.8117742097392456,315,-0.43006681985126183,0.209896813377212,-0.36443889433119386,311,-0.0837979017823451,0.8147279368979697,0.455611779460803,,,,False,False
SW02,V3 · V2 + sklon M,long,1,1124,0.24983329628806403,0.011087850730751726,-0.008830833268486016,0.5355871886120996,0.37471505908977604,-0.43112245705737423,746,-0.5882179766165555,0.5563859926723702,641,0.0018505111661805422,0.026343498867929024,0.02244658078098878,234,-0.053510239881088474,-0.03875443066261867,-1.9546603461414942,249,0.005660087874998788,0.01865501294006107,0.5818246283703326,,,,False,False
SW02,V3 · V2 + sklon M,long,2,1124,0.24983329628806403,0.022515586826662527,-0.048526187844767185,0.5613879003558719,0.5988135805610569,-0.6948849843375261,570,-1.9399104521297836,0.0523905736091661,641,-0.028507098393036032,0.049780768887759494,-0.5197434455471319,234,-0.08182079421017571,-0.013333292784048212,-2.312944270025625,249,-0.06877236635502446,-0.013983786154288668,-0.9071870405056149,,,,False,False
SW02,V3 · V2 + sklon M,long,3,1124,0.24983329628806403,0.03303490878219512,-0.08973493722376803,0.5631672597864769,0.7666293733308389,-0.8948089645825313,478,-2.1687450249604248,0.030102047029171075,641,-0.07470403845122993,0.05933414983376076,-1.8572750814595387,234,-0.09318185881688333,0.02356919118742548,-0.8725565365579975,249,-0.1251896619643621,-0.025771659879963403,-0.7729936169934664,,,,False,False
SW02,V3 · V2 + sklon M,long,5,1124,0.24983329628806403,0.08824680798640885,-0.14207945309254688,0.5854092526690391,1.0568641074803033,-1.2114829185322344,356,-2.0364322954611107,0.04170696523279327,641,-0.10261101477097803,0.1475283984525597,-1.491741011814094,234,-0.19215082229001984,0.0233768709703676,-1.1492110892709315,249,-0.196627921252856,-0.0033995142105753364,-0.8254584970576323,-0.3260274625322787,-0.004587814080898057,0.98,False,False
SW02,V3 · V2 + sklon M,long,7,1124,0.24983329628806403,0.16830176069175337,-0.16836722658257455,0.6209964412811388,1.295076444807272,-1.4548730258512308,296,-2.172009074689935,0.029854978442466873,641,-0.11748335607197613,0.24845483523401815,-1.9445527052289395,234,-0.26242145697314184,0.04815784983192742,-0.601290356082533,249,-0.21096911849382305,0.07487025209579963,-0.9261544362790423,,,,False,False
SW02,V3 · V2 + sklon M,long,10,1124,0.24983329628806403,0.24555116103354624,-0.24448331904779702,0.645017793594306,1.6244212259639983,-1.8127812861240509,231,-0.7099701341855973,0.47772265678217307,641,-0.2202690406684139,0.31590584544082334,-1.1871491064992945,234,-0.41427509806792306,0.027866752232004164,0.15274420405786607,249,-0.1472547092103476,0.2690081849471859,0.24071229557652146,-0.34812654483652067,0.17106181562635853,0.732,False,False
SW02,V3 · V2 + sklon M,long,20,1124,0.24983329628806403,0.48672272456368065,-0.47430505290881403,0.655693950177936,2.604383090870002,-2.866126570642057,147,-1.6012293880601502,0.10932612202468728,641,-0.45094955026247807,0.6286918238791618,-1.1008583682619941,234,-0.8894624241227757,-0.17211364316362343,-0.8489696623451064,249,-0.1442811666928877,0.7403995012181616,-0.7893906185504987,,,,False,False
SW02,V4 · V1 + delta 5D,long,1,1017,0.2260502333851967,0.005829314068669551,-0.008800378446579783,0.543756145526057,0.36627131649731065,-0.4229642766463141,684,-0.5234802606235721,0.6006400840492818,529,-0.003147269168943596,0.015241350160040955,0.1021204848066036,243,-0.04483582414687781,-0.03388163231928857,-1.899807862081161,245,0.014734799093431963,0.02489377480311181,0.9428622593049497,,,,False,False
SW02,V4 · V1 + delta 5D,long,2,1017,0.2260502333851967,0.015865849309611317,-0.04244626250784625,0.5535889872173058,0.5861002190102901,-0.676376557990147,544,-1.213881978155637,0.22479279574115507,529,-0.039927299516155514,0.02519061867953423,-0.5382260301398526,243,-0.06698011583253866,-0.015639473833547565,-1.4500687055199961,245,-0.023551589302557106,0.02698009635899248,-0.10320354843670629,,,,False,False
SW02,V4 · V1 + delta 5D,long,3,1017,0.2260502333851967,0.014736147086771458,-0.08843793504946987,0.5683382497541789,0.7504500919176317,-0.879127381467368,460,-2.2882590231575812,0.02212244129341423,529,-0.07625594925667487,0.03821496281598403,-1.6776308097568944,243,-0.10292559007670224,-0.014839875130246337,-1.0470905852768015,245,-0.10037169142812745,-0.006624343207180105,-1.1697673793457894,,,,False,False
SW02,V4 · V1 + delta 5D,long,5,1017,0.2260502333851967,0.08451722291522729,-0.11288758419650732,0.584070796460177,1.0424330413086647,-1.1959656652537607,355,-1.958540065028088,0.050166674566351155,529,-0.09373344130309154,0.125123813008505,-1.849759114303707,243,-0.11683208027829525,0.045924478955797224,-0.19805869156452718,245,-0.15033260069749693,0.035117837702156096,-1.2312575924627474,-0.3332208197361498,-0.0004134365959311569,0.976,False,False
SW02,V4 · V1 + delta 5D,long,7,1017,0.2260502333851967,0.16742243319725544,-0.12424089296856108,0.6312684365781711,1.2977633750175397,-1.448454052828949,305,-2.2884907899708424,0.02210895585386763,529,-0.1031024426465464,0.22131685554581226,-1.504709811721588,243,-0.09270942529590082,0.1420886696597739,-0.5676399457916963,245,-0.2011567577228559,0.07618143367571022,-1.8436500287674522,,,,False,False
SW02,V4 · V1 + delta 5D,long,10,1017,0.2260502333851967,0.31068180321062516,-0.11618616058026467,0.6460176991150443,1.6370274461467471,-1.7634610263844286,246,-1.347710231890694,0.17775159986797595,529,-0.11341918130140792,0.3657198077178491,-0.9053128496688869,243,-0.07254130896796905,0.26147436857833206,-0.8090589611112209,245,-0.1654491441733385,0.24065038374664846,-0.5765211771710456,-0.4524614031085785,0.06838529719718482,0.9175,False,False
SW02,V4 · V1 + delta 5D,long,20,1017,0.2260502333851967,0.4904941631216145,-0.36663094786618267,0.6538839724680433,2.5790440621643316,-2.7554843362588763,151,-0.6712860382744699,0.5020383271914657,529,-0.43896535110749263,0.5462245920056069,-0.6372277234654412,243,-0.2634297434239798,0.3063176010068373,-0.04229455081959442,245,-0.3128064309878248,0.552835010934916,-0.49357364228610967,,,,False,False
SW02,V5 · první zarovnání po ≥3 dnech,long,1,318,0.07068237386085797,0.010392458311911218,-0.00433878359685031,0.5377358490566038,0.4064063741064098,-0.44147074517908425,318,-0.12991499776045012,0.8966336783557802,179,-0.02749318340490134,-0.009846935713381934,-0.6170753554071022,74,-0.03884216420835725,-0.02906966550989532,-0.5022506390308981,65,0.09870564303226732,0.11105474590177519,1.5913525316271433,,,,False,False
SW02,V5 · první zarovnání po ≥3 dnech,long,2,318,0.07068237386085797,0.049706594378718216,-0.00461894056917683,0.559748427672956,0.6519867723058992,-0.6941907565446815,318,-0.09098285498300951,0.9275062142886408,179,0.03180800796410695,0.09166573851727491,0.48314151513485804,74,-0.1096791477275986,-0.06700823372578471,-0.9325199687724045,65,0.014673852388752653,0.06703290943920392,0.13969687906008707,,,,False,False
SW02,V5 · první zarovnání po ≥3 dnech,long,3,318,0.07068237386085797,0.07976659696469333,-0.014949663742355533,0.5943396226415094,0.8468245000956903,-0.8883699377777144,318,-0.22715625726886784,0.8203022402301192,179,0.028000220608298012,0.13211004974043186,0.3262027543457476,74,-0.01666472292882141,0.055192924084467146,-0.12266919934589848,65,-0.13127450864956342,-0.03640303770792909,-0.8426950836797863,,,,False,False
SW02,V5 · první zarovnání po ≥3 dnech,long,5,317,0.07046010224494333,0.09805322680872898,-0.08183129232320643,0.5520504731861199,1.144602850849924,-1.2540336823733842,273,-0.6891603031089273,0.49072239486080216,179,0.008042567875674318,0.2050408196422122,0.19495618165983844,74,-0.16654297067809054,-0.03352220249581931,-0.5901651441167448,64,-0.2352493669691162,-0.049043606764035394,-1.0344708026042713,-0.2715021456787566,0.13301931045235818,0.7375,False,False
SW02,V5 · první zarovnání po ≥3 dnech,long,7,317,0.07046010224494333,0.21103835714872565,-0.05409076665333993,0.5615141955835962,1.3651058830263363,-1.4806433105484997,254,-0.6797195363779904,0.4966820634272284,179,0.03999816423512127,0.33009462933366607,0.5051342413694269,74,-0.13889420168589672,0.05471003150787716,-1.2215723985358304,64,-0.21919177347561114,0.05880747240370151,-0.7571122261531078,,,,False,False
SW02,V5 · první zarovnání po ≥3 dnech,long,10,317,0.07046010224494333,0.3803303044671126,-0.007247023750666232,0.6056782334384858,1.6858101999832955,-1.8229840853631238,216,0.5712888694637602,0.567803845420896,179,-0.007776833400542274,0.4166939704916409,1.2274262323694018,74,0.014893610368831583,0.296914064343751,-0.906296991984898,64,-0.031365320586838406,0.375075703697397,0.5897175372431663,-0.2070374522368232,0.35383620553084677,0.271,False,False
SW02,V5 · první zarovnání po ≥3 dnech,long,20,316,0.07023783062902868,0.629578587196934,-0.13750250140255074,0.6550632911392406,2.5162275835764176,-2.5631524921641664,143,0.07386676555814875,0.9411164008217088,179,-0.2054366174034343,0.6345530249948234,0.20023410978768486,74,0.2564679241093251,0.7636837918475419,-0.4437074143390661,63,-0.407242258921926,0.4579244679911068,0.4309691003256631,,,,False,False
SW02,V6 · pullback na týdenní VWAP,long,1,1102,0.24494332073794176,0.010488626455704253,-0.009466146623362141,0.5399274047186933,0.3845602446408138,-0.4427201571543159,793,-0.5706172307385453,0.5682591358525515,632,0.012606070045575709,0.03525619965848707,-0.07208019454934766,236,-0.07940727586986197,-0.06361794579424343,-2.406156088223825,234,0.0014589199040106456,0.01833497169856284,1.3064464402152205,,,,False,False
SW02,V6 · pullback na týdenní VWAP,long,2,1102,0.24494332073794176,0.03765101144753331,-0.03084267748934988,0.5544464609800362,0.6209703108340989,-0.6947530960935863,638,-1.6837492533755487,0.09223013823763382,632,-0.00021915457982469588,0.07276850775418706,-0.4531859832626778,236,-0.07037078124168344,-0.004363021979570717,-2.3937170828775596,234,-0.07368641250332085,-0.014823115804640285,-0.3514820947435573,,,,False,False
SW02,V6 · pullback na týdenní VWAP,long,3,1102,0.24494332073794176,0.06952229177093766,-0.04816091046988627,0.5834845735027223,0.7946337204417938,-0.8894091909598145,535,-1.196753138187859,0.2314027885449348,632,-0.018602830539624478,0.10673636449340658,-0.23333994498812188,236,-0.024916859850145818,0.08632753252017179,-1.2966029720859749,234,-0.15143570731682723,-0.04793638676504358,-0.884394224346038,,,,False,False
SW02,V6 · pullback na týdenní VWAP,long,5,1101,0.2447210491220271,0.1200105666280133,-0.09975617380037292,0.5894641235240691,1.0755383732285724,-1.1918054078306186,422,-1.4278543759959412,0.15333377791621317,632,-0.06128310094363316,0.17299951300545505,-1.080391736927334,236,-0.06453613642447725,0.13847006268256631,-0.46000200421774656,233,-0.23978583417020513,-0.04241627963558192,-0.9380009025687648,-0.26469340081711074,0.029768774240906955,0.945,False,False
SW02,V6 · pullback na týdenní VWAP,long,7,1101,0.2447210491220271,0.20719813227331266,-0.11377628154621802,0.6185286103542235,1.3161640038349163,-1.427152696689431,354,-1.6199217351591224,0.10524909021309181,632,-0.04005841652912008,0.30267482850068633,-1.237392227549491,236,-0.11492131602670395,0.17795244477343988,-0.4233864018747631,233,-0.31257225817030054,-0.02215504268690272,-1.0737518251002127,,,,False,False
SW02,V6 · pullback na týdenní VWAP,long,10,1101,0.2447210491220271,0.3115852321335994,-0.1559090074883517,0.6485013623978202,1.6564446184945285,-1.7672444181746327,283,-0.993290261314161,0.32056852210892073,632,-0.1106572199281371,0.3910513829679522,-1.087850988419326,236,-0.17800022839996335,0.24334671264523056,0.055572965854185634,233,-0.2562763963420654,0.1651546882363636,-0.36054855799129687,-0.37772866130970006,0.12510160727263397,0.841,False,False
SW02,V6 · pullback na týdenní VWAP,long,20,1101,0.2447210491220271,0.658779591668824,-0.2606256137256338,0.6784741144414169,2.600840485059334,-2.6364557020546973,173,-0.6660113744130429,0.5054038301331063,632,-0.1203386169308446,0.8810155318936383,-0.3437963091999975,236,-0.4505224536928011,0.279758980227424,-0.13051676088653488,233,-0.44880470274733025,0.4398772314889435,-0.7815072215577752,,,,False,False
SW02,V7 · V1 + migrace POC,long,1,1343,0.29851078017337185,0.02222823688465174,0.0054581602750814265,0.5428145941921072,0.3789462702427326,-0.405512676999007,955,0.4733282979632167,0.6359789762142183,766,0.010733279372808643,0.030566527122572445,0.1445521660294245,290,-0.011761277828693574,-0.0005511148286722753,-0.23892646419662886,287,0.008778354774160523,0.022990890803176827,1.0159184230445448,,,,False,False
SW02,V7 · V1 + migrace POC,long,2,1343,0.29851078017337185,0.031153835750627207,-0.029465644103054234,0.5658972449739389,0.6019708905385549,-0.6658661913103368,784,-1.4589990658273346,0.14456536480703108,766,-0.0028681756672339236,0.06381022600524124,-1.1047140770092354,290,-0.04823584365824301,0.0014173074271952855,-0.8854951114724529,287,-0.08148760560421667,-0.02595836536867272,-0.4539269841448764,,,,False,False
SW02,V7 · V1 + migrace POC,long,3,1343,0.29851078017337185,0.06846120609271385,-0.03671861762316133,0.5874906924795235,0.7769946020205455,-0.8629320945762384,660,-0.6064939439271051,0.5441868026276029,766,-0.008384718027762837,0.10706035862071699,0.053844923465944,290,-0.07647296077747304,0.0072488265001310346,-0.45459114118497185,287,-0.07217160569049542,0.027292701721280416,-0.9125448417546079,,,,False,False
SW02,V7 · V1 + migrace POC,long,5,1342,0.2982885085574572,0.11682925936921092,-0.08154757560877723,0.589418777943368,1.0626872077730867,-1.161947703358958,494,-0.11446607769552763,0.9088683356932734,766,-0.07606741608757697,0.14096714174204217,0.1698545444571723,290,-0.08548647617326519,0.06943119455380015,-0.4737885629025817,286,-0.09223121557219639,0.10024122055410747,0.041541844994968775,-0.14859869654990293,0.14524307734146938,0.525,False,False
SW02,V7 · V1 + migrace POC,long,7,1342,0.2982885085574572,0.19744011441903533,-0.09358622825393388,0.6154992548435171,1.3024741855311084,-1.4022162735562447,405,-0.858439489276588,0.39064983009102905,766,-0.08996385804298733,0.22841178197843018,-0.3249514964180385,290,-0.0944311167143422,0.13047719787364653,-0.7284800305424044,286,-0.10243139583458645,0.18238748661367268,-0.5214532423458597,,,,False,False
SW02,V7 · V1 + migrace POC,long,10,1342,0.2982885085574572,0.2987449690131557,-0.12576047367296514,0.646795827123696,1.6134471732591626,-1.7309253538088587,311,0.49773055755934725,0.6186739670441816,766,-0.14273124734351164,0.32277616934890757,0.917697845531183,290,-0.11044936197310783,0.2155118208755257,-0.11524602953909807,286,-0.09583253577548269,0.3187789323094033,-0.09276792744197693,-0.16301500192940024,0.28814573662999515,0.3025,False,False
SW02,V7 · V1 + migrace POC,long,20,1340,0.2978439653256279,0.5374969015947929,-0.3019896332802183,0.6559701492537313,2.4997476234786906,-2.6391196866316013,186,0.08581344635605498,0.9316147172639062,766,-0.3662080039313325,0.562226150046843,-0.15196910332928293,290,-0.2000878398554007,0.3651886413997372,0.35002658630343503,284,-0.23283557755642803,0.6467461661803418,0.12608690554064558,,,,False,False
BENCH,jen denní VWAP,long,1,2566,0.570348966436986,0.008815227507449255,-0.007593110641345597,0.5409197194076384,0.4033470747722398,-0.45512502259457194,1634,-0.662194900733321,0.5078463218049474,1437,-0.007323518960625573,0.012581146133687243,-0.35589075780643326,579,-0.027933173525243566,-0.019202072682327976,-1.2604657010995954,550,0.013115058748803931,0.02847048522377113,0.5010030738855669,,,,False,False
BENCH,jen denní VWAP,long,2,2565,0.5701266948210714,0.045188950267063314,-0.01367959452479934,0.5653021442495126,0.6538117901236602,-0.718379169241045,1200,-1.320620466563673,0.1866279451045174,1437,-0.0023637407783575473,0.0638031976066353,-0.1737264708042203,579,-0.05422310469934209,-0.012149820000881476,-1.6861968969927292,549,-0.000539684584137436,0.056938448551535244,-0.6997957665049196,,,,False,False
BENCH,jen denní VWAP,long,3,2565,0.5701266948210714,0.08373890060519622,-0.018448493473933774,0.5855750487329434,0.8404718638833099,-0.9166450907521427,949,0.22363421856496837,0.8230419353642855,1437,-0.011191017981237061,0.10328497529014871,-0.11788746907109181,579,-0.04167573143251676,0.029934787533125163,0.49745052102073767,549,-0.012948350495765565,0.08932154568070141,0.1306582504284807,,,,False,False
BENCH,jen denní VWAP,long,5,2564,0.5699044232051567,0.1504324665386015,-0.04261066709602636,0.5978939157566303,1.1442479441578948,-1.2336695989894642,660,0.2385343661356587,0.8114666641277763,1437,-0.03655054787348941,0.17898278603574055,0.056926992106227405,579,-0.08145320199374706,0.052514786574841425,1.2044558638641822,548,-0.017462060557714904,0.17902284533719323,-0.7186414070757284,-0.10734855728472917,0.13576864455858148,0.413,False,False
BENCH,jen denní VWAP,long,7,2562,0.5694598799733274,0.2334274619774617,-0.04977157945878477,0.6178766588602654,1.3958466167089665,-1.4805611078660144,515,0.32899605043659524,0.7421586733146082,1437,-0.057971321102999684,0.2584525527749316,-0.5994268044104786,579,-0.07836425898920717,0.11647884223358754,1.2054759052095871,546,0.0021298677772068186,0.2915816659257014,0.4957364752360632,,,,False,False
BENCH,jen denní VWAP,long,10,2561,0.5692376083574128,0.3510283076383141,-0.061959714633883216,0.6411557985162046,1.7224040736028812,-1.805180537965854,380,-0.37499447635246363,0.7076645746517531,1437,-0.07666904192676688,0.3865162327570597,-0.14392930316611338,579,-0.08794027368462137,0.19340876775351468,-0.5667673313612117,545,0.00442569272437597,0.42491007864319746,0.090934853067828,-0.25759664869908,0.15124431861419416,0.7065,False,False
BENCH,jen denní VWAP,long,20,2558,0.5685707935096688,0.7081488192886716,-0.11001330644680404,0.6677091477716967,2.6328885194355363,-2.6363205152511955,205,-0.17900192191934816,0.8579361925951807,1437,-0.1296294128765884,0.7962657735907013,0.1809731680647836,579,-0.12470888093323186,0.3575796047067152,0.3012589631107602,542,-0.04230651204229883,0.8490261475376305,-0.9143446999987944,,,,False,False
BENCH,jen týdenní VWAP,long,1,2675,0.5945765725716826,0.007067602007287306,-0.009313957293921428,0.5409345794392524,0.38696415853877464,-0.44180323835130075,1594,-1.0570430311287637,0.2904919490652318,1490,-0.010399877479483495,0.009205120698215838,-0.3534081905276599,610,-0.03368568299949775,-0.023339266088218475,-2.1937927384104383,575,0.019355214457189927,0.033786361466026454,0.6806273226641699,,,,False,False
BENCH,jen týdenní VWAP,long,2,2675,0.5945765725716826,0.03966526632323237,-0.020201776003017594,0.5607476635514018,0.6284388360369371,-0.6996286267551843,1161,-0.8822288379892457,0.37765307006425486,1490,-0.020159216486460463,0.045842637946784136,-1.2249840861320138,610,-0.042609360449642454,0.005859159226506688,-0.927359609108224,575,0.0034594637061494205,0.0595216865143811,0.9843141440510198,,,,False,False
BENCH,jen týdenní VWAP,long,3,2675,0.5945765725716826,0.06734559095160421,-0.03671114831285654,0.5813084112149532,0.8113535188193901,-0.8986288758637921,922,-0.7169534598603502,0.4734028138520687,1490,-0.03448241977510783,0.0799453064989466,-0.39634239527536713,610,-0.04693463082005761,0.035466817490270794,-0.37915275973991425,575,-0.031640680820426856,0.06851511381399242,-0.5118601326528197,,,,False,False
BENCH,jen týdenní VWAP,long,5,2673,0.5941320293398533,0.13048246984376188,-0.06611984449989772,0.590347923681257,1.1060427158325046,-1.2046454850702866,650,-0.9414530929495325,0.3464727164899726,1490,-0.07990914993811826,0.1355544297343378,-0.2963634375714658,610,-0.07806424526389065,0.07516416943146045,-0.3152484083448382,573,-0.01754715764303161,0.17618394107333554,-1.189431176797819,-0.17181849003205693,0.05908026152449495,0.83,False,False
BENCH,jen týdenní VWAP,long,7,2671,0.593687486108024,0.2198390730697719,-0.06849599640116426,0.615874204417821,1.354068570688275,-1.4498857182623472,501,0.5386341055100637,0.5901393496306997,1490,-0.08468659481196679,0.23162140494883446,0.9497764972677674,610,-0.09963985128245187,0.12255794382089982,-0.5560377866434515,571,0.007023693808435189,0.29301913321339507,0.41894427528774836,,,,False,False
BENCH,jen týdenní VWAP,long,10,2670,0.5934652144921093,0.3348380389808913,-0.0853034481992326,0.6404494382022472,1.6800401629289523,-1.7727861990052654,381,-0.6068944094692922,0.5439209884572531,1490,-0.11252572591015399,0.35033631842117324,0.29421424521976,610,-0.08233261826090744,0.23745251127275752,-0.7997413179911624,570,-0.017322768327487904,0.39854459255271857,-0.7725576434364136,-0.29910451622887907,0.1307635298599544,0.775,False,False
BENCH,jen týdenní VWAP,long,20,2665,0.5923538564125361,0.6488244445366789,-0.17844556655967705,0.6660412757973734,2.5844181480621122,-2.65509896569899,205,0.4476548659350418,0.6544022997086787,1490,-0.18206860264719574,0.7405487322663603,0.12330309141541772,610,-0.1996357192198043,0.34294292790555875,0.25563072814613774,565,-0.14601314727988865,0.7371758364442141,0.5347765680511534,,,,False,False
SW02,skóre 50–60,long,1,437,0.09713269615470105,0.05297100334527721,0.03996061554446924,0.5720823798627003,0.44221666955390776,-0.492294541764486,384,0.8233487548160785,0.4103096956615735,251,0.045047642449804685,0.060303893526679204,0.6570042698768948,94,0.058474346730768526,0.06251248467492519,1.0270738356791393,92,0.007165675492824368,0.023216061165724878,-0.6273165532072649,,,,False,False
SW02,skóre 50–60,long,2,437,0.09713269615470105,0.10802732630564178,0.05849709287489988,0.5789473684210527,0.7280996159851586,-0.7333574230090868,344,1.396635934807776,0.16252307843853853,251,0.08064920560200223,0.1353020868728661,2.1355695269739483,94,-0.002802454592712446,0.023454789975152202,0.20109442913525372,92,0.0606924968689528,0.1200257340523018,-0.5680663925016453,,,,False,False
SW02,skóre 50–60,long,3,437,0.09713269615470105,0.19679300742985764,0.10951303575238627,0.6407322654462243,0.9362106205746835,-0.9140040223113993,321,2.731320824369924,0.006308103115701735,251,0.14079889991454725,0.23697092299481948,2.3917025566009107,94,-0.01522164817038993,0.030270399125116757,1.050427052162052,92,0.15160334427454455,0.2573198375802948,0.9205468061039394,,,,False,False
SW02,skóre 50–60,long,5,437,0.09713269615470105,0.18572319808292972,0.01974878528807027,0.6132723112128147,1.233580432768336,-1.238761209416363,267,0.757027900468276,0.4490331472810287,251,0.07081749357123622,0.25274248553488754,1.1660531158478369,94,-0.0335636986366308,0.05490537444438716,-0.02065097395408517,92,-0.06510852221359018,0.1365387879914252,-0.3993065994896069,-0.09243994341947559,0.23756380571029095,0.1915,False,False
SW02,skóre 50–60,long,7,436,0.0969104245387864,0.2486720720645887,0.004481511153023663,0.6077981651376146,1.4592474602723597,-1.4671745147502513,239,0.7094805250957217,0.4780263326528087,251,0.026288034108802448,0.29423596003660674,1.0854236819077705,94,-0.03472046700276873,0.0954544230223009,-0.25282703120449157,91,-0.01517180000363557,0.2812646339217155,0.028186217656586705,,,,False,False
SW02,skóre 50–60,long,10,436,0.0969104245387864,0.3663660521334937,0.010853168428239529,0.6307339449541285,1.7828458785501093,-1.7615114987378322,214,0.6072700606076692,0.543671703882888,251,0.03546124432901211,0.42647812508407307,0.21459335779085142,94,-0.09337505965525306,0.09533860551652146,0.12677488037531082,91,0.050642469403562596,0.48052483973129606,0.8282396800760559,-0.17605541749303485,0.37509382978027717,0.25,False,False
SW02,skóre 50–60,long,20,436,0.0969104245387864,0.896086147704769,0.20236800029866153,0.6995412844036697,2.6491057844413244,-2.5119213443669772,142,1.140246198735607,0.25418374529024934,251,0.20148379031044142,0.957249701544757,0.6685036197808247,94,0.3239031098073421,0.6418604049107169,1.2786603427068777,91,0.07926510374071952,0.9899890906586594,0.2060866468822263,,,,False,False
SW02,skóre 60–70,long,1,575,0.12780617915092243,-0.009996654377326107,-0.025087328888608873,0.5252173913043479,0.3977896218383651,-0.46622849043655673,485,-1.2652922902957748,0.20576656926065962,299,0.005606675511931975,0.025973385707114296,0.023371432928257763,154,-0.09644409741599451,-0.08757931662451635,-2.195258369707195,122,-0.010239500712742697,-0.00022052322306695358,-0.3119859756159937,,,,False,False
SW02,skóre 60–70,long,2,574,0.12758390753500778,0.06065454961675226,0.0027353369194251086,0.554006968641115,0.6723834986791634,-0.7227458998410647,425,-0.6333576045815266,0.5265001437501302,299,0.035799700280339436,0.10346435789714134,0.11953340927605828,154,-0.08420659205651992,-0.03948957708513656,-1.6494546031427413,121,0.03168419987299654,0.08232449041224432,0.2659849933003115,,,,False,False
SW02,skóre 60–70,long,3,574,0.12758390753500778,0.08132525357086184,-0.019844017899098634,0.5818815331010453,0.8690023361211029,-0.9316524527081717,387,0.31704884453666454,0.7512065400036045,299,0.02427261730654617,0.14105433361989167,1.0887860073274511,154,-0.08482166707655611,-0.008224236663268821,-0.6669968583334378,121,-0.04616067866901056,0.0477023325906652,-0.20469450848874526,,,,False,False
SW02,skóre 60–70,long,5,573,0.12736163591909314,0.13978747941659325,-0.05265902494253439,0.5916230366492147,1.1527145125355411,-1.2542519367096883,331,0.0303034296180649,0.9758250613906618,299,-0.031887086157614146,0.18808759619312013,0.319361383439146,154,-0.1428703521529764,0.0007558934608480007,-0.5688424157294965,120,0.011355430838439892,0.1978635570916202,0.3971914415135922,-0.19206618633876374,0.1937518800210289,0.464,False,False
SW02,skóre 60–70,long,7,573,0.12736163591909314,0.2708128396346177,-0.01159762214645941,0.6038394415357766,1.4222546199438972,-1.4899594182534877,295,0.11428768731524111,0.9090097426437476,299,0.02667723337610836,0.3490521093582113,0.6722967440326324,154,-0.16762120079987405,0.04078879682845966,-0.9337562858346501,120,0.09326445544835808,0.37106418084123316,0.41058944629649435,,,,False,False
SW02,skóre 60–70,long,10,573,0.12736163591909314,0.4007095581764393,-0.010252722187990705,0.62478184991274,1.7410457210343582,-1.8292292251739783,251,0.2359500047429991,0.8134714653031425,299,-0.02794237225683162,0.44284145179681006,0.6756733136019438,154,0.017444221391301962,0.31611221049651017,-0.14003706886006678,120,-0.0017204216932211007,0.4042975194282574,-0.39714653173926157,-0.23392183292987834,0.2923271502094265,0.453,False,False
SW02,skóre 60–70,long,20,570,0.1266948210713492,0.8659672681554604,0.06562699696200953,0.7052631578947368,2.6391371877564693,-2.545720502963185,162,0.08672054525787265,0.9308936451850149,299,-0.027236543371722814,0.9016780309847229,0.35634678871080266,154,0.21711452092458147,0.7130033320424257,-0.10638624808572808,117,0.10355109841115409,0.9760435764927075,-0.2728713479204235,,,,False,False
SW02,skóre 70–80,long,1,763,0.1695932429428762,0.010132474573491245,-0.010119175834708883,0.5386631716906947,0.3997852995334361,-0.4577695762141448,615,-0.6906212273112791,0.48980360402512657,430,-0.04707622675235383,-0.023640053411377007,-1.839322028091123,185,0.009447692393679659,0.02298698554159399,0.23399886193654526,148,0.07279745438377384,0.09218722122480436,1.1869012009365494,,,,False,False
SW02,skóre 70–80,long,2,763,0.1695932429428762,0.09473541496164783,0.026497618353848902,0.6002621231979031,0.6747872033387811,-0.6991876384057502,531,0.07450424970435819,0.9406091597923096,430,-0.023973435339430884,0.05053426299799498,-0.5207632398356292,185,0.013592875123815183,0.07106043520091711,-0.2981507349801725,148,0.18926741960835264,0.2527514055029039,1.678387908999674,,,,False,False
SW02,skóre 70–80,long,3,763,0.1695932429428762,0.1294840905871887,0.012781958798399865,0.6028833551769331,0.8748783153343567,-0.8980033245020134,482,-0.647222940098342,0.5174876664650676,430,-0.0667971025555935,0.06056673091856286,-0.944718414626547,185,0.032897716737981225,0.12972092429371632,-0.36776609534944327,148,0.2188466963889039,0.3294209177615231,0.7353798073013024,,,,False,False
SW02,skóre 70–80,long,5,762,0.16937097132696155,0.21322051538179526,-0.004497079677672204,0.60498687664042,1.172339018963159,-1.1870980632334465,370,0.6696164012372495,0.503102355955267,430,-0.12465625637252176,0.11373093807102522,-0.7710688042510041,185,0.11334161668874781,0.29085098950882204,1.838715582669218,147,0.19868854719986256,0.4065462332738441,0.7926256014750023,-0.0953380147713854,0.2134706825406888,0.2315,False,False
SW02,skóre 70–80,long,7,762,0.16937097132696155,0.30516342928953744,-0.012226814037243693,0.6377952755905512,1.4156481154449618,-1.4308050628388793,319,0.5101735004867172,0.6099299155503961,430,-0.1670188246748069,0.18152207129213802,0.034240505608478994,185,0.11365383078045034,0.37041709979496895,1.117068465576157,147,0.28214492258097934,0.5847134625914212,0.010475314109050097,,,,False,False
SW02,skóre 70–80,long,10,762,0.16937097132696155,0.44062977782251733,-0.02067565103561723,0.6640419947506562,1.761692463375582,-1.7329121393747164,268,-0.35122785837230097,0.7254174118527692,430,-0.254337368926734,0.25427786294350735,-1.972723984734271,185,0.21273787416254217,0.583481139172887,0.39121009115689026,147,0.3690728967978568,0.8059618971977277,2.3381216550339423,-0.3306450798579431,0.18853348408166695,0.709,False,False
SW02,skóre 70–80,long,20,762,0.16937097132696155,0.9654875669366667,0.06069240118053704,0.699475065616798,2.717208757335855,-2.4162402367044145,168,0.00595518811615725,0.9952484754303461,430,-0.15964205522233643,0.8504280256619547,0.17132113280934178,185,0.4679286021352968,1.1153607651901598,0.32179072302430933,147,0.19270001394655767,1.1134403633395904,-0.5547688176103304,,,,False,False
SW02,skóre 80–90,long,1,450,0.10002222716159147,0.020471634739103895,0.0026706004410248932,0.5577777777777778,0.3937939079725719,-0.43636562599012435,375,0.12008929358391206,0.9044124134946396,226,0.022108301189293585,0.04285744709449257,0.25797367054108183,106,-0.06381553909731363,-0.049683795131313456,-1.478598212668198,118,0.025167298932170318,0.04061809214542931,1.4796685015746267,,,,False,False
SW02,skóre 80–90,long,2,450,0.10002222716159147,0.018520250789215105,-0.0464058610693821,0.5288888888888889,0.606527213728972,-0.7071017346714853,335,-1.6036547396311132,0.1087901775743807,226,-0.029192059750566064,0.041507205689197725,-1.356894200023093,106,-0.0915491717700807,-0.030791515214203643,-1.1398702945173727,118,-0.03882220144038527,0.018791398153336376,-0.1555783905741369,,,,False,False
SW02,skóre 80–90,long,3,450,0.10002222716159147,0.0867019749165518,-0.026375907367624706,0.5866666666666667,0.7968008492876225,-0.8909196861708505,295,0.22594696714090434,0.8212426677388345,226,0.01938267584936618,0.14272098021429525,0.1340062393500593,106,-0.03180428933908397,0.07125954236976664,0.48299945563930013,118,-0.10913888463936422,-0.006716646670997283,-0.16675875143149582,,,,False,False
SW02,skóre 80–90,long,5,450,0.10002222716159147,0.1351446596240337,-0.07829450501247436,0.6,1.1135734679766842,-1.249767246057151,249,-1.4733358298410941,0.1406605039575073,226,-0.028081301569534273,0.20584470236054048,-0.9401591793057877,106,-0.2044523307786787,-0.015959279496306666,-1.2040097868933046,118,-0.061137339308125184,0.13547354003340273,-0.3258759682736697,-0.3451578558558812,0.03729079867751268,0.935,False,False
SW02,skóre 80–90,long,7,450,0.10002222716159147,0.21660168083510856,-0.09653741448055878,0.6311111111111111,1.361189951004821,-1.493996503143492,216,-0.5628336583098773,0.5735481585467714,226,-0.03406129358999049,0.3109478735018632,-0.6108925195865675,106,-0.21139039769682053,0.06033999509348926,-0.04009089865980351,118,-0.11302205092415772,0.17627540241074513,-0.1765359899673983,,,,False,False
SW02,skóre 80–90,long,10,450,0.10002222716159147,0.3816728127486593,-0.07579675622849712,0.6644444444444444,1.709706028798041,-1.7732219324546934,182,-0.49343821408863037,0.6217029865564725,226,0.09294642488332382,0.6020924994228416,0.05023540524911363,106,-0.30022011256704395,0.08883125229125236,-1.0263040600868742,118,-0.19738220673176482,0.22257413664798062,0.17907920927706716,-0.34631809240453226,0.21893216840963622,0.679,False,False
SW02,skóre 80–90,long,20,450,0.10002222716159147,0.535337119949476,-0.3804111259954069,0.6444444444444445,2.7248912263696297,-2.8486345228848253,123,-1.0562028632650875,0.29087554292426,226,-0.18497795416890636,0.8578190184715977,-1.0765154547471685,106,-0.7798908489457821,-0.10487276277795544,-0.8821209399519825,118,-0.39586067006362186,0.49280609031479955,0.7718135171392734,,,,False,False
SW02,skóre 90–100,long,1,824,0.18315181151366972,0.01016696377975091,-0.009465840562533545,0.5339805825242718,0.36312329407450383,-0.41548271226466466,586,-0.5231469267247837,0.6008720115374955,476,-0.004041118189697165,0.019582202071305704,-0.6331637128961283,173,-0.02205941474630124,-0.006415524412769839,-0.3759102911763905,175,-0.011771437794981026,0.0009504896684709964,0.23496511971281867,,,,False,False
SW02,skóre 90–100,long,2,824,0.18315181151366972,-0.008135010109912206,-0.07863794250103927,0.5533980582524272,0.5743155309775154,-0.692085216283629,484,-2.569193691470418,0.010193546432328171,476,-0.0539436051876639,0.022494472662773962,-1.8552698681858493,173,-0.06673763724959783,0.004028332363695887,-1.3592695436423108,175,-0.1575708417562738,-0.10347153609695688,-1.1717861243137198,,,,False,False
SW02,skóre 90–100,long,3,824,0.18315181151366972,-0.006186280794881046,-0.12815597526046538,0.5546116504854369,0.7361635767178331,-0.9020155638236769,418,-3.036101910555504,0.0023965834633392635,476,-0.10666419288426492,0.024602897866975837,-1.8656901783437696,173,-0.125165692679852,-0.004840287695942848,-1.7448472935380561,175,-0.18956973124627974,-0.09126345707579635,-1.7244311940523438,,,,False,False
SW02,skóre 90–100,long,5,824,0.18315181151366972,0.045887758047684,-0.18292822408840617,0.5752427184466019,1.021748625295539,-1.2113001018603262,319,-2.3934684964701516,0.01668991455029034,476,-0.16061828345795043,0.08462958602943511,-2.1221831041861066,173,-0.19754976328997714,0.023873552278672605,-0.8016600976941555,175,-0.22915682670683557,-0.037727399216742036,-0.9912348269764343,-0.3622077466344253,-0.03466221522354855,0.99,False,False
SW02,skóre 90–100,long,7,824,0.18315181151366972,0.1261408536600652,-0.20854401180121102,0.6080097087378641,1.2730199721960276,-1.4755564976629039,269,-2.2179823192223873,0.026556037977093938,476,-0.16057924955178668,0.1984729248963472,-1.6715912362013927,173,-0.25715662771835324,0.061836997649157795,-0.8113690822891798,175,-0.29095112195584183,-0.007033425303267831,-1.3354893971195654,,,,False,False
SW02,skóre 90–100,long,10,824,0.18315181151366972,0.18050751334521056,-0.3069792494696338,0.6322815533980582,1.5901392183962353,-1.8574656348074858,213,-1.3888195552420768,0.16488762725817763,476,-0.28471654060004364,0.2416751931537795,-2.087954939741601,173,-0.42565309188490286,0.0291711246776019,0.8605590743070052,175,-0.25021624766439565,0.16373825420588195,-0.11467632168781347,-0.48328930411424603,0.0706476453155542,0.9185,False,False
SW02,skóre 90–100,long,20,824,0.18315181151366972,0.3488163314852771,-0.6073763884776017,0.6492718446601942,2.5490242526762943,-2.9719168347008686,141,-2.0067424093647426,0.044777097837509716,476,-0.5759926780375271,0.4849632072277419,-1.8102229296089067,173,-1.0226414213036383,-0.2770505667831781,-1.0297092156002432,175,-0.2822209341380086,0.5972109631825885,-0.3719080298150606,,,,False,False
SW03,CB1 · close za VAH/VAL kompozitu,long,1,592,0.13158479662147143,0.006174650843830909,-0.010221412921614735,0.5236486486486487,0.3801903256627105,-0.4408711981166849,524,-0.4856136274570255,0.6272411326384228,333,0.011936343319236731,0.030804307524865588,-0.14323632384928053,129,-0.05204945029320935,-0.04210866657779813,-0.5569423516438411,130,-0.025473074515982654,-0.009003254751510655,-0.2011984669553676,,,,False,False
SW03,CB1 · close za VAH/VAL kompozitu,long,2,592,0.13158479662147143,0.024421903561931798,-0.03427818851445874,0.5320945945945946,0.616851735393746,-0.7234400338086686,471,-0.7974139022448818,0.42521068785493443,333,0.0062780358415707,0.06941787898511674,-0.6107942719091723,129,-0.15507488358792984,-0.10947419091009863,-1.0670202830201088,130,-0.018297027330458956,0.04202910641555748,0.347230902530488,,,,False,False
SW03,CB1 · close za VAH/VAL kompozitu,long,3,592,0.13158479662147143,0.046622615087738434,-0.0552890680492523,0.5827702702702703,0.8172714435778295,-0.9303965831796948,429,-0.8116288870944162,0.4170046105091827,333,0.00028557627096087695,0.10972878272897806,0.1326498265254372,129,-0.25497949829210637,-0.177696901254058,-1.5612121207331913,130,0.0005086930484183166,0.10756772111511492,-0.15550752807704066,,,,False,False
SW03,CB1 · close za VAH/VAL kompozitu,long,5,591,0.13136252500555679,0.12042962870793389,-0.07141046882649868,0.560067681895093,1.1067849109773495,-1.2463103487606642,364,-1.4782744974054551,0.13933432084644948,333,-0.05089538201402464,0.15478059144341438,-0.9640141949617776,129,-0.2439580013043889,-0.10035501124150306,-1.971934367737976,129,0.04817951397267951,0.25254085322392117,0.4697658960474688,-0.293756401141748,0.02289000178083103,0.949,False,False
SW03,CB1 · close za VAH/VAL kompozitu,long,7,590,0.13114025338964214,0.19977914238407402,-0.08097735608289838,0.5864406779661017,1.321894038739285,-1.477785148720582,314,-0.21633417155354243,0.8287272746107528,333,-0.0412932704397931,0.2605053553432459,0.35738599063738513,129,-0.18138077249028836,0.027193738875285006,-0.7775437452218824,128,-0.08303016704071679,0.2157298309561798,-0.03303197066522766,,,,False,False
SW03,CB1 · close za VAH/VAL kompozitu,long,10,590,0.13114025338964214,0.24013966703980366,-0.1687124118782587,0.6474576271186441,1.6328946264207511,-1.8097893922936634,255,0.1512890358987699,0.8797477178178839,333,-0.13679300654811694,0.3046571798107324,1.3000441004144652,129,-0.415160029149841,-0.11362206432481142,-1.5164927165054018,128,-0.0033797505259390292,0.42881882011258554,0.5259272891436374,-0.2069778880835067,0.26118363519657717,0.4145,False,False
SW03,CB1 · close za VAH/VAL kompozitu,long,20,590,0.13114025338964214,0.6811139487285679,-0.13055603551569972,0.6694915254237288,2.5200914983558227,-2.6107112654647806,164,-0.9615737902756201,0.3362637424708037,333,-0.11725719523354315,0.7662134035417024,-0.3123061220450726,129,-0.055107648125157116,0.4673144160441733,-1.0282419923821604,128,-0.24119162760427862,0.6751922398497638,-0.06363784010732214,,,,False,False
SW03,CB2 · close za High/Low kompozitu,long,1,381,0.08468548566348078,0.0025978403820835264,-0.01351411699786996,0.5301837270341208,0.3502028081005597,-0.40829013441147827,357,-0.7487120198003127,0.4540307974258613,220,-0.016414378030928507,0.0030145644772986615,-0.6546319321652477,82,-0.08517487127742022,-0.07480640150170124,-1.4741018886667936,79,0.06894460804258574,0.08178098637604576,1.439976372519902,,,,False,False
SW03,CB2 · close za High/Low kompozitu,long,2,381,0.08468548566348078,-0.0264067872612772,-0.08506283465708057,0.5039370078740157,0.5730596224248101,-0.7049935881750756,331,-1.7921871308067474,0.07310299541191978,220,-0.05284382891995163,0.010782708921344803,-1.291567943321943,82,-0.20837311182117,-0.16036406176749207,-1.72810022854629,79,-0.0467937021850938,0.009071786780909934,0.03341975118069134,,,,False,False
SW03,CB2 · close za High/Low kompozitu,long,3,381,0.08468548566348078,0.017443931844195786,-0.0846721282772306,0.5800524934383202,0.7462961982723827,-0.8985040595017316,308,-1.4141910776479163,0.1573058069915132,220,-0.08129888815475447,0.02859277200424626,-1.0101968588790697,82,-0.22071661848880597,-0.1390480966334899,-1.5437325792457173,79,0.04714477514561021,0.1488312926031721,0.35216156245895675,,,,False,False
SW03,CB2 · close za High/Low kompozitu,long,5,380,0.08446321404756613,0.020141163192915288,-0.173036843299532,0.5394736842105263,1.0181872980291338,-1.234957293810989,277,-2.074210725767936,0.03805974453963712,220,-0.18199958037042918,0.024920541012946572,-1.3568782049168067,82,-0.3562576037410359,-0.20472695084165343,-1.946665314044959,78,0.04485936839022063,0.24306067896763003,-0.15113286552726715,-0.4049491672603158,-0.011006926250823758,0.98,False,False
SW03,CB2 · close za High/Low kompozitu,long,7,379,0.08424094243165148,0.10877899053731174,-0.17435057111789168,0.58311345646438,1.2274068439100672,-1.487574278593064,248,-1.4137134907639537,0.15744604264197326,220,-0.17579833693969427,0.12791687282277442,-0.9659399111986768,82,-0.26850187243067547,-0.048898539029797315,-0.9961803971970062,77,-0.06994907516406265,0.22201565705291107,-0.37140639759341515,,,,False,False
SW03,CB2 · close za High/Low kompozitu,long,10,379,0.08424094243165148,0.21919151723544564,-0.19313403167974125,0.6649076517150396,1.5295740526249204,-1.7945238014640528,208,-0.6889658193996931,0.49084477757028866,220,-0.13370467995365853,0.31048234842386585,0.02262091734752663,82,-0.5006775804542956,-0.18485026522930054,-1.1731695261606405,77,-0.03541827038395895,0.38863883282839023,-0.016653670509098516,-0.3457550128475998,0.1561187788445838,0.753,False,False
SW03,CB2 · close za High/Low kompozitu,long,20,379,0.08424094243165148,0.6563046814389403,-0.1582978939294735,0.6754617414248021,2.4339039790484356,-2.5699167492729935,143,-1.5952399482970352,0.11065858863984568,220,-0.15500811213708052,0.7296495056008431,-1.3955329881053349,82,-0.37380167645413226,0.16801243625844942,-0.9690597542676419,77,0.06180026415748187,0.9667475748049357,-0.11395339713869052,,,,False,False
SW03,CB4 · CB1 + objem > 1.2× průměr,long,1,63,0.014003111802622805,0.06034901241873967,0.04785220802165883,0.5238095238095238,0.44639676620063723,-0.4985778512753741,58,0.7268895967487194,0.46729359062783615,38,0.035221204112555214,0.049841289373778686,0.3045083086773272,13,0.08585401110389482,0.08957750547440978,0.8284977404347826,12,0.04668176706139793,0.06195926791747347,0.259519739872311,,,,False,False
SW03,CB4 · CB1 + objem > 1.2× průměr,long,2,63,0.014003111802622805,0.19476235814099563,0.14159351079285018,0.6190476190476191,0.7834164813309845,-0.7494580299429304,55,1.9773860630459077,0.04799800812558752,38,0.20324218333805258,0.2567963605059762,1.6233580849142897,13,-0.14706081772956042,-0.1090055961680282,0.13176422740859298,12,0.25908157029898743,0.327403301153333,1.5108477703549634,,,,False,False
SW03,CB4 · CB1 + objem > 1.2× průměr,long,3,63,0.014003111802622805,0.03310053067439318,-0.0622811237441508,0.6031746031746031,0.9655684797528158,-1.0680029891967515,55,0.2750881693434559,0.7832485005765886,38,0.053991877045181644,0.14891133917168375,0.5571585091468475,13,-0.43327922683361975,-0.36505304411250017,-0.5410109702456942,12,-0.028564347896778974,0.09769934311877419,0.3766966086696472,,,,False,False
SW03,CB4 · CB1 + objem > 1.2× průměr,long,5,63,0.014003111802622805,0.24274573787527745,0.06067127125055709,0.5396825396825397,1.2534721827049204,-1.3020378437233924,52,0.6524068771193201,0.5141387290601145,38,0.3176471638209823,0.4982055134242301,1.796069919569061,13,-0.6814026562021347,-0.5472305877539037,-1.2622359141799995,12,0.05082769951795988,0.2895974680685404,0.5385336281180714,-0.2870585497912265,0.4910369231473442,0.2865,False,False
SW03,CB4 · CB1 + objem > 1.2× průměr,long,7,63,0.014003111802622805,0.39422517060311313,0.12897792769139635,0.6031746031746031,1.5255780114901047,-1.5045238174411906,50,0.9136739992824437,0.3608881701626139,38,0.35697159765374065,0.623318444307429,0.9931028968259538,13,-0.2287002944004266,-0.03402212335279507,-0.22962152310205866,12,-0.20551728658988574,0.1326977056583468,0.5626092565416403,,,,False,False
SW03,CB4 · CB1 + objem > 1.2× průměr,long,10,63,0.014003111802622805,0.2761882089483826,-0.10661270856004293,0.6190476190476191,1.8509105251563356,-1.9345502304262359,47,-0.05069815620933775,0.9595660458934594,38,0.16302572999861717,0.5523826832592595,-0.09367852516999679,13,-0.8318647164493391,-0.5614862539446535,-0.38645208898319994,12,-0.17477808878239579,0.30905304176472775,0.48660069717109755,-0.6251563448097834,0.7834133751880624,0.3905,False,False
SW03,CB4 · CB1 + objem > 1.2× průměr,long,20,63,0.014003111802622805,0.501403017048235,-0.25245736703020777,0.6190476190476191,2.7084550465825212,-3.0925713726253674,41,-1.2658838687764855,0.2055546624897595,38,-0.05522630725844562,0.7419802238626236,-0.5679584839969222,13,0.2421271725558493,0.5999612301028779,-0.6067436431298789,12,-1.4128223075256832,-0.3671962020065251,-1.2202072135480428,,,,False,False
SW03,CB5 · CB1 + delta dne,long,1,365,0.08112913980884641,0.018312307974585756,0.005555761767374287,0.5452054794520548,0.3854838363044319,-0.4336396530006773,334,-0.0388131154591533,0.9690393880901425,205,0.028035839559386246,0.040348976735819435,0.31305778423601993,72,-0.037092726419031864,-0.027680954976996703,-0.3305854232864173,88,-0.011918383663775818,0.004607737934370188,-0.22729405335176997,,,,False,False
SW03,CB5 · CB1 + delta dne,long,2,365,0.08112913980884641,0.02200180617370325,-0.02989271613844068,0.5178082191780822,0.6165214327685076,-0.7164101693477213,304,-0.7403753765944937,0.45907225549460606,205,-0.010500151094803005,0.039643766011473396,-0.6947947550664038,72,-0.08880132283156356,-0.04374968859128727,-0.31020250721464165,88,-0.02687062695708701,0.034700736359344536,-0.1567064913238083,,,,False,False
SW03,CB5 · CB1 + delta dne,long,3,365,0.08112913980884641,0.0491228154311149,-0.04332079710418653,0.5972602739726027,0.8129031740724221,-0.9166313118692537,286,-0.721042496580819,0.4708833687337446,205,-0.004312890150404808,0.08599074424752094,-0.43029376740989356,72,-0.14730416838733615,-0.06989885037251548,-0.17862955286373342,88,-0.049114185662578365,0.060618662368593854,-0.6898858100438746,,,,False,False
SW03,CB5 · CB1 + delta dne,long,5,365,0.08112913980884641,0.10170926487037198,-0.07517748701025698,0.547945205479452,1.118667939859704,-1.255602415529864,254,-1.0405900738851368,0.29806583998662584,205,-0.040185136280066536,0.13473270756615804,-0.647662038806935,72,-0.3254093820996771,-0.18175592791314457,-1.5706456035241234,88,0.04804142829371127,0.25670572086783844,0.44466730070147165,-0.33468088170582844,0.07558869276686037,0.8935,False,False
SW03,CB5 · CB1 + delta dne,long,7,365,0.08112913980884641,0.20324335994534773,-0.05753862577434344,0.5917808219178082,1.3578162897012485,-1.5164523114159754,221,0.711979086758189,0.47647772642055086,205,0.030368215294572495,0.2916420095535908,1.565660635560915,72,-0.2685810761099372,-0.06087222480233011,-0.6049747862483141,88,-0.08965051208076429,0.21340925690151752,0.11679702733120322,,,,False,False
SW03,CB5 · CB1 + delta dne,long,10,365,0.08112913980884641,0.22480330498925893,-0.15512692700272654,0.6383561643835617,1.6780087813638334,-1.877002399661131,192,-1.2612171212329164,0.20723063170441014,205,-0.1062057627501183,0.2784002911062651,-0.13103612594153144,72,-0.5261011845275703,-0.22989833919792002,-2.2398530904704503,88,0.03443338970186498,0.47197530757438,0.08684758066676822,-0.5151313406230187,0.09886981805036464,0.916,False,False
SW03,CB5 · CB1 + delta dne,long,20,365,0.08112913980884641,0.6842736804740488,-0.08078371180657164,0.6657534246575343,2.6054607428129377,-2.7513189876899706,128,-0.696896793305794,0.485867384728337,205,-0.08532368802056248,0.6982172949360896,0.4512796632921113,72,-0.2054574513640448,0.30589419780865196,-1.1650223591352287,88,0.031798156057135235,0.9613746098739374,-0.13067394586043204,,,,False,False
SW03,CB6 · CB1 + směr týdenního VWAP,long,1,444,0.09868859746610358,0.015292798301345816,-0.0036828531641079185,0.5247747747747747,0.36615954784360655,-0.42345687529843185,396,-0.17545510569949796,0.8607220439739929,252,0.0047344672381453585,0.026808454800313408,-0.0973778627705105,95,-0.03397496262251131,-0.020994936536607788,-0.5019442550272257,97,0.004116998971773491,0.020915369145322726,0.32560509508867663,,,,False,False
SW03,CB6 · CB1 + směr týdenního VWAP,long,2,444,0.09868859746610358,0.03796313525287698,-0.027357039043201765,0.5315315315315315,0.6014507274561479,-0.6875435235580649,354,-0.8446957552017671,0.3982807300870954,252,-0.021917007066954958,0.04790726015473467,-1.2068323118304742,95,-0.05322900270250267,0.0042447293839051456,-0.49624741859355387,97,-0.01615138451104315,0.04515209486405411,0.691398980300296,,,,False,False
SW03,CB6 · CB1 + směr týdenního VWAP,long,3,444,0.09868859746610358,0.07150821680475004,-0.04106949966525009,0.5765765765765766,0.8003245749013117,-0.8844310057906627,327,-0.8756011237464134,0.3812469142885526,252,-0.022495804253495462,0.09719299156013872,-0.6648664702793092,95,-0.12746976400853913,-0.030188080720770637,-0.9633190427321973,97,-0.004703995862669675,0.10438022738791007,0.21704520767800192,,,,False,False
SW03,CB6 · CB1 + směr týdenního VWAP,long,5,443,0.09846632585018893,0.15214012538879446,-0.05859190150791915,0.5665914221218962,1.0814110294826134,-1.180599116582539,279,-1.2580139167698479,0.20838672326728336,252,-0.06375381218648013,0.16007677875229093,-1.2058893746568655,95,-0.12313409756723108,0.05610210523949485,-1.4523628128492383,96,0.018827995540330895,0.22634403441569403,0.7319351587601525,-0.2905525700002234,0.054309387024040465,0.896,False,False
SW03,CB6 · CB1 + směr týdenního VWAP,long,7,443,0.09846632585018893,0.22763688720149106,-0.0799728375337744,0.5959367945823928,1.305314514438953,-1.415760742869417,249,-0.6412935771879602,0.5213319613869047,252,-0.05997159346230534,0.26782671404535646,-0.22712869367989064,95,-0.07631034749460432,0.18287752946978916,-0.5262599102855624,96,-0.13610044232264276,0.1664317061583411,-0.40330142405756886,,,,False,False
SW03,CB6 · CB1 + směr týdenního VWAP,long,10,443,0.09846632585018893,0.279728027920476,-0.16837165336858434,0.6501128668171557,1.6222455132647768,-1.7339155530163917,209,0.2624535318749096,0.7929718061396092,252,-0.14246875814281384,0.3380363936916321,0.7503440811667471,95,-0.3293351824534708,0.04343006494737246,-0.6727366072918584,96,-0.07707992767931292,0.36050509362999156,0.28371663355460336,-0.20421156851058053,0.3006065590609725,0.3245,False,False
SW03,CB6 · CB1 + směr týdenního VWAP,long,20,443,0.09846632585018893,0.79298716538401,-0.09166351699285781,0.6839729119638827,2.5373000268270336,-2.565872596125102,144,-0.7988285977027835,0.4243898058195468,252,-0.1390637336660233,0.8230866958995073,-0.4001968991252628,95,-0.02554642825189126,0.6096799991145567,-0.7531547368248976,96,-0.03266631729237988,0.8953736144016426,-0.0032864786953443865,,,,False,False
SW03,CB8 · délka 2–3 dny,long,1,540,0.12002667259390976,0.005437873427316599,-0.011451396007298005,0.524074074074074,0.37935389634877736,-0.4430296042684402,485,-0.6062892596450791,0.5443226893973003,305,0.010224584306688987,0.03013856079370173,-0.30961434430259355,122,-0.0482018811084578,-0.037972000049491354,-0.39968184624201836,113,-0.030279845683621354,-0.014364826418496622,-0.37622076307516616,,,,False,False
SW03,CB8 · délka 2–3 dny,long,2,540,0.12002667259390976,0.0315594668043464,-0.028503247631644937,0.5333333333333333,0.6193156204616035,-0.7247501423603283,446,-0.4150786033258285,0.6780843623474462,305,0.02108122524870331,0.08686440845359729,-0.3113016090962134,122,-0.13433127504006567,-0.08787586207828427,-0.7363175568503053,113,-0.04808063599163507,0.0112329439783236,0.36226947116056035,,,,False,False
SW03,CB8 · délka 2–3 dny,long,3,540,0.12002667259390976,0.03719998374217827,-0.066826229129858,0.5796296296296296,0.8074037152022512,-0.9272673700963411,404,-0.6676918487530425,0.5043303142381645,305,-0.013989236406049483,0.09964183187605138,0.0526806484066407,122,-0.20823340682531316,-0.12965492689448455,-1.0919865291639042,113,-0.05676965481053118,0.048806491855820554,-0.26516292964306354,,,,False,False
SW03,CB8 · délka 2–3 dny,long,5,539,0.1198044009779951,0.11150610773258006,-0.08425840466450557,0.5547309833024119,1.0940381160870454,-1.2431747896349092,348,-1.3707070427876749,0.1704662984769474,305,-0.05425436345091753,0.15909822705384205,-0.9518399425534163,122,-0.20174884620648503,-0.05585606755132683,-1.6037490932150458,112,-0.03798517878970959,0.164207795158042,0.24607485491061512,-0.29382783629589687,0.026438004856586917,0.9395,False,False
SW03,CB8 · délka 2–3 dny,long,7,538,0.11958212936208046,0.1997550852374208,-0.08692484706662859,0.5855018587360595,1.30929281554156,-1.4720015031603317,298,0.09627416739324632,0.923302827201014,305,-0.04081494784940239,0.27219322151682546,0.5366209699742808,122,-0.11146140943997107,0.10047816782430011,-0.463370654412423,111,-0.18665510519010797,0.10982852991473879,-2.3273480972115545e-05,,,,False,False
SW03,CB8 · délka 2–3 dny,long,10,538,0.11958212936208046,0.23159318903098056,-0.1863401435381023,0.6412639405204461,1.6119720441151852,-1.803142929499827,245,-0.09478529266158081,0.9244853690277044,305,-0.1597756042476894,0.29839152304360034,1.0925062088009923,122,-0.3570188015471356,-0.05019598768718483,-1.39593674663008,111,-0.0717400372901192,0.3577624474613152,0.21577893036118836,-0.25177278018097676,0.24377701992929882,0.4985,False,False
SW03,CB8 · délka 2–3 dny,long,20,538,0.11958212936208046,0.687034250463193,-0.1414230756199838,0.6784386617100372,2.4925186737356086,-2.563228533708682,159,-0.6286886395191927,0.5295529170114961,305,-0.1109100311976578,0.8062418329773341,-0.07490233371357516,122,-0.04641676680449647,0.4853493654545902,-0.7939673973865145,111,-0.3296865731361899,0.5811535595103684,0.05872722053740551,,,,False,False
SW03,CB8 · délka 4 dny,long,1,38,0.008446321404756613,0.027751655717751494,0.015907470435534223,0.5526315789473685,0.36879003487020395,-0.3941097616229564,38,0.17146832978603677,0.8638555307916798,19,0.060720485158369294,0.0730330688804055,0.43103055806055257,7,-0.11910708465602246,-0.1142048546425736,-0.7947849539137226,12,0.02371202092778674,0.03886404925373893,0.13286629799501043,,,,False,False
SW03,CB8 · délka 4 dny,long,2,38,0.008446321404756613,-0.10453929920151475,-0.1487855616160159,0.5263157894736842,0.539123009534246,-0.7006894258509996,38,-0.9763157524843686,0.32890801610052023,19,-0.37014233743624664,-0.33028572414758434,-1.5366285666967698,7,-0.5166063468507051,-0.4859022076931489,-1.624221483205921,12,0.4162581248195845,0.4753542369165487,2.8322953359310814,,,,False,False
SW03,CB8 · délka 4 dny,long,3,38,0.008446321404756613,0.006303541240496725,-0.07191578267857546,0.5789473684210527,0.8484561141321785,-0.9946176016550143,38,-0.32682708836728974,0.7437986699951793,19,-0.1253329568153762,-0.055505340753107014,-0.44608504552102934,7,-1.069697092427645,-1.0149998829494806,-1.8130919413249766,12,0.5947005070583162,0.6999279351745228,1.8193389807887022,,,,False,False
SW03,CB8 · délka 4 dny,long,5,38,0.008446321404756613,0.09986983625265068,-0.04802073305709221,0.6052631578947368,1.1385232545262962,-1.3095606993030735,38,-0.16351095293586482,0.8701161500117969,19,-0.3523567784878591,-0.22279053141412478,-0.8513953222306665,7,-0.9796032758678564,-0.8759080298417181,-1.2634835646893603,12,0.9772678221812345,1.1799525069467602,2.7235594515562975,-0.5919660024586328,0.6177066423105234,0.5205,False,False
SW03,CB8 · délka 4 dny,long,7,38,0.008446321404756613,-0.002524403568516453,-0.21803378176457663,0.5526315789473685,1.2955421750846725,-1.5525686825592753,38,-0.6998625729736533,0.48401313283316405,19,-0.4775300633458002,-0.28771873506698215,-1.3011342865969586,7,-1.399975385652961,-1.250049165664693,-1.5955980554998552,12,0.882301266340585,1.1767560658601572,1.7788261577531528,,,,False,False
SW03,CB8 · délka 4 dny,long,10,38,0.008446321404756613,0.12952318109680977,-0.18079392713398054,0.6842105263157895,1.6515512159051269,-1.9605897623193589,37,-0.5208575443628418,0.602466012830863,19,-0.27673098222883324,-0.0016317486410717952,-0.6275813327397659,7,-1.4284785673684204,-1.219047971437733,-1.0787259040642176,12,0.6989224502362927,1.1238516588269387,1.7409046878181955,-1.0702021203465404,0.5119805786187732,0.7215,False,False
SW03,CB8 · délka 4 dny,long,20,38,0.008446321404756613,0.5844115663905168,-0.037667357809718534,0.6052631578947368,2.4694748336734826,-3.1807261777277454,34,-0.4626832049600144,0.6435914584794706,19,-0.4060672390973293,0.13460295032106429,-1.08326286942287,7,-0.20657729399952776,0.15299101203405036,-0.13858726208009142,12,0.6441632503397204,1.5482705318750887,0.8008608896900244,,,,False,False
SW03,CB8 · délka 5+ dní,long,1,14,0.003111802622805068,-0.023972947748401776,-0.033700463014664235,0.42857142857142855,0.4433962456369366,-0.48454228846053216,12,-0.3004534149961006,0.76383132524546,9,-0.0330427895825918,-0.03578388278072123,-0.2581584673800156,0,,,,5,-0.034884275192394607,-0.0027132646902267464,-0.12954851558044034,,,,False,False
SW03,CB8 · délka 5+ dní,long,2,14,0.003111802622805068,0.09915344314100952,0.053779818709807206,0.5,0.7327941386807472,-0.7346589255583194,12,-0.27001557887919614,0.7871482684028648,9,0.2992796272974686,0.3219930980556456,0.2870928958060452,0,,,,5,-0.3881198367479833,-0.3019579357053356,-0.9598739742041835,,,,False,False
SW03,CB8 · délka 5+ dní,long,3,14,0.003111802622805068,0.5195044531447143,0.4348453704822722,0.7142857142857143,1.1132397179883347,-0.8767806091046061,12,0.6161345073036316,0.5378057489990646,9,0.749237797951912,0.8003919334292282,0.8579437534342838,0,,,,5,-0.13106099896307946,0.013906988632588935,-0.23828462401412503,,,,False,False
SW03,CB8 · délka 5+ dní,long,5,14,0.003111802622805068,0.5197903372091095,0.3597486352769493,0.6428571428571429,1.51138958176406,-1.1953498522014085,12,0.22540311113053263,0.8216656915840046,9,0.6993552703476635,0.8055553106781703,0.4157578157553506,0,,,,5,-0.25154330785033635,0.0054133849648001055,-0.4631570911331816,-0.5722880310239502,1.5588226024957865,0.2405,False,False
SW03,CB8 · délka 5+ dní,long,7,14,0.003111802622805068,0.7498132488910654,0.5195865242850034,0.7142857142857143,1.8776675315429403,-1.497058507688036,12,0.07530781684463979,0.9399698022032452,9,0.8634412490207599,1.0217785258824215,0.13098926288182813,0,,,,5,-0.09935198023935846,0.2602757503066243,-0.11609824076727611,,,,False,False
SW03,CB8 · délka 5+ dní,long,10,14,0.003111802622805068,0.8688133552241324,0.5414888176012632,0.7857142857142857,2.3862802607056195,-1.6558881724442103,12,0.03712254088696171,0.9703872993847704,9,0.9374863085966838,1.163603285872906,0.11938937088296293,0,,,,5,-0.17130666619049376,0.3381914800563401,-0.22343596547676942,-0.9270852850881913,1.8508507441035362,0.225,False,False
SW03,CB8 · délka 5+ dní,long,20,14,0.003111802622805068,0.7160831055583973,0.034922380432698255,0.5,3.717063848613246,-2.888221481092501,11,0.17403203763517097,0.8618402840147208,9,0.27735456059611263,0.743094251688862,0.03288740754797235,0,,,,5,-0.4014555438614476,0.6674630425235607,,,,,False,False
SW03,CB3 · retest prolomené hrany,long,1,218,0.0484552122693932,0.04698210746889651,0.027618204662082833,0.555045871559633,0.42744486198906007,-0.46464725209852453,190,1.3008560962178684,0.19330771641446742,121,0.011793278252687552,0.03326627344143566,0.5269023979134473,48,0.019828306610419996,0.039111709213316956,0.6223407468068511,49,0.07432700470323887,0.08856159795033688,1.3685892286736572,,,,False,False
SW03,CB3 · retest prolomené hrany,long,2,218,0.0484552122693932,0.034566164032387846,-0.03257039913155138,0.5779816513761468,0.7007191126810091,-0.747630652917717,184,-0.41702743590358904,0.6766583400272805,121,-0.04186669153238762,0.026543780875960335,-0.3237985592559028,48,-0.172865633412465,-0.09588311493959838,-1.2515887216860735,49,0.12781781772528614,0.18216358755449127,0.6807900543916394,,,,False,False
SW03,CB3 · retest prolomené hrany,long,3,218,0.0484552122693932,0.09408273375605851,-0.021437592436800774,0.6376146788990825,0.8858217044161372,-0.9720726403430114,177,-0.1481373124320388,0.882234403222764,121,-0.011283311123785719,0.10630905525268763,0.33639773392373973,48,-0.17827104446246003,-0.049134929490387995,-1.0978970108657795,49,0.1071203189582364,0.20418605895477918,0.4768341111255173,,,,False,False
SW03,CB3 · retest prolomené hrany,long,5,218,0.0484552122693932,0.09175443133199444,-0.1232091897673177,0.5871559633027523,1.1414358955073811,-1.2963436059421003,163,-1.2906521924110315,0.19682430920966776,121,-0.22225673741264174,-0.003796285799058672,-1.3592886894063374,48,-0.09258216938993169,0.14124258597381475,-1.1736955089243613,49,0.09137563241573692,0.2792280099044444,0.9411359846023863,-0.38944823815299356,0.046751006604218166,0.942,False,False
SW03,CB3 · retest prolomené hrany,long,7,217,0.04823294065347855,0.09718238099800841,-0.2169786681981388,0.6267281105990783,1.379272618264678,-1.617570979149305,150,-1.2162338601423912,0.2238958485247311,121,-0.2955698940727113,0.022769047845201337,-1.0011024762308591,48,-0.3092654875234067,0.027476081691506875,-1.0051536759969433,48,0.0734235330192806,0.3544722909605444,0.1889915868839631,,,,False,False
SW03,CB3 · retest prolomené hrany,long,10,217,0.04823294065347855,0.23080702382676402,-0.22667704379451203,0.6175115207373272,1.7642676104270025,-1.9863967674083547,139,-0.9320056035748405,0.35133362952354963,121,-0.3170374652013879,0.14817365560877638,-0.7227654688369165,48,-0.2571725688344349,0.22780799251875217,-0.9733541709962781,48,0.031602043541910645,0.44211100418428634,0.34395923323618244,-0.5273748691580511,0.07789113059689705,0.909,False,False
SW03,CB3 · retest prolomené hrany,long,20,216,0.0480106690375639,0.43220029327816817,-0.47714595750821115,0.6203703703703703,2.6293021580150935,-3.0049650906272394,107,-1.28938301687893,0.19726496267035065,121,-0.4223886295929679,0.5254833438887043,-1.0942807465927074,48,-0.7651618261840545,0.0841947010053784,-0.710750635802968,47,-0.32397308476999787,0.5474560231764454,-0.3695178254655937,,,,False,False
SW03,CB7 · failed breakout opačným směrem,long,1,140,0.03111802622805068,0.0044924422779231395,-0.009482819874722142,0.5428571428571428,0.4051127823006145,-0.43437653232195617,140,-0.19840034951536392,0.8427318440057152,72,-0.10833641206803718,-0.09224008570741132,-1.471830022528701,38,0.010205117979024642,0.016334416285584775,0.11900863232733856,30,0.20282774677448803,0.22165067569968774,2.868239202697402,,,,False,False
SW03,CB7 · failed breakout opačným směrem,long,2,140,0.03111802622805068,6.631979151074623e-05,-0.05245198708415733,0.5428571428571428,0.6375623898109656,-0.7172702517202828,138,-0.8334958370589248,0.404565144671138,72,-0.16858029494776738,-0.10888413729031189,-2.0195548994623,38,0.09345046920502023,0.127539664048704,0.6099765956416632,30,0.041446173822215236,0.10008118072877366,0.19993310031232306,,,,False,False
SW03,CB7 · failed breakout opačným směrem,long,3,140,0.03111802622805068,-0.05521470064981297,-0.14671333932846622,0.5571428571428572,0.8278041888992529,-0.9967861993530621,132,-1.497520797978355,0.1342577980383406,72,-0.23604539448612924,-0.13047426040339166,-1.8513268815418904,38,0.0036330613728548307,0.06169930198617362,0.12657369101433558,30,-0.12275518117174834,-0.022682827246807133,-0.5310444539033549,,,,False,False
SW03,CB7 · failed breakout opačným směrem,long,5,140,0.03111802622805068,0.12257054717617061,-0.051080362081708915,0.6142857142857143,1.155021883172781,-1.272932138242494,122,-0.3570377677907479,0.7210635319782748,72,-0.19084438596449557,0.008877385262586893,-0.9225660637607291,38,0.25719471843160924,0.3685223297523714,0.6601347449670912,30,-0.10612847341322394,0.08389521117225049,-0.21128930131716617,-0.29390603750722577,0.2201469049197994,0.594,False,False
SW03,CB7 · failed breakout opačným směrem,long,7,140,0.03111802622805068,0.11018929860240192,-0.14539109658229632,0.5785714285714286,1.3752684204875185,-1.5556414544589565,116,-0.8032547094691597,0.421827529673493,72,-0.40971995901069264,-0.11588943066150141,-1.4633137656795616,38,0.19626686910478336,0.359597899710429,0.3074764548931453,30,0.056231416708887316,0.336860687432269,0.4770337861192804,,,,False,False
SW03,CB7 · failed breakout opačným směrem,long,10,140,0.03111802622805068,0.4082590134145461,0.03502835266719341,0.6357142857142857,1.7614150709981993,-1.8219430352565726,109,-0.27910848531894406,0.7801615714563981,72,-0.14387527920925278,0.2866276125515405,-0.8579222317064223,38,0.5547619929255889,0.7926987611463665,0.6417416211765218,30,-0.19393220848997034,0.21321736169212044,0.07511409427389659,-0.5196432569478777,0.4156627818140152,0.549,False,False
SW03,CB7 · failed breakout opačným směrem,long,20,140,0.03111802622805068,0.7710263432298495,0.038869576152696796,0.6714285714285714,2.741749686780642,-2.5611954822786425,88,-0.26590537525634295,0.7903120852315648,72,-0.005436556155201642,0.8566432035411734,-0.329169207129275,38,0.7067722784709057,1.0990613996191954,0.8630019220574973,30,-0.7008057959114119,0.15003480705616687,-0.8817788555262771,,,,False,False
BENCH,Donchian 5D,long,1,927,0.20604578795287842,0.029023109318038306,0.012106682991121111,0.5490830636461704,0.3464048600651898,-0.35779016772617334,652,0.02546294680699531,0.9796857030624186,512,0.016576199415503118,0.03694297668604016,0.4507588753524333,231,0.010213877814334455,0.021537851918119494,-0.08823347987543405,184,0.0020460611789152737,0.016382470008061638,-0.7106157448493655,,,,False,False
BENCH,Donchian 5D,long,2,927,0.20604578795287842,0.03585321762130606,-0.025747928666507987,0.5663430420711975,0.5556070423903374,-0.6045467317629235,533,-0.36141438549037513,0.7177896956820629,512,-0.014821576802213621,0.052941739461404146,0.12201428003676829,231,0.004939004574220743,0.05731290761870411,0.1786070516710386,184,-0.09467713373785065,-0.03863869309352636,-1.1305118783496098,,,,False,False
BENCH,Donchian 5D,long,3,927,0.20604578795287842,0.07056550789967761,-0.036195217037199426,0.5911542610571737,0.7233245094423296,-0.7861443513447631,478,-1.690486848311762,0.09093485225368503,512,-0.024398430719917503,0.09268106066016282,-1.2628592815012554,231,-0.057207251603921185,0.03180446773475146,-0.6074826479687502,184,-0.042641818175979986,0.057688536512337976,-0.9902537172920196,,,,False,False
BENCH,Donchian 5D,long,5,926,0.20582351633696377,0.13769063142640695,-0.06351915903388362,0.5982721382289417,1.0164895713088253,-1.0676984706475583,387,-1.0232632112238167,0.3061834129483887,512,-0.022846447779329686,0.19723688070029294,-0.7799859640148623,231,-0.0995167980916423,0.0655098292790051,-0.12284653626836348,183,-0.13187420570049221,0.06220476075875771,-0.7760768115289226,-0.20892319218311675,0.0677752673193798,0.8405,False,False
BENCH,Donchian 5D,long,7,926,0.20582351633696377,0.21549438423740927,-0.07917897625424955,0.6263498920086393,1.2537755347094148,-1.292456110386061,327,-1.5524207123097837,0.12056159069091366,512,-0.013646266800351817,0.3091035185711911,-0.8435764427152422,231,-0.11727159689976156,0.12166543251546844,-0.7487596436307683,183,-0.21444319413010932,0.07203324253725642,-1.277077634482758,,,,False,False
BENCH,Donchian 5D,long,10,926,0.20582351633696377,0.32672876272685564,-0.10202032335508723,0.6641468682505399,1.5650657347059105,-1.6313117084720068,262,0.4116610948923891,0.6805878446536227,512,-0.05620877342965175,0.41548243231874454,0.08032907074206447,231,-0.11674477099421905,0.22648108301626796,1.8784725256316939,183,-0.21160593077139064,0.20495463803887007,-0.8828513495545064,-0.15406701974453604,0.26015378093507857,0.3045,False,False
BENCH,Donchian 5D,long,20,926,0.20582351633696377,0.4876417677712468,-0.3495082221208985,0.6673866090712743,2.470960328439023,-2.5988545529668237,171,-1.5456701148551688,0.12218425830585589,512,-0.32501388448269525,0.6121611406023962,-0.8711958385484259,231,-0.3733902785789519,0.20586015115639977,-0.9999513965377445,183,-0.3878926255577822,0.49495124617824754,-0.8162871313143142,,,,False,False
BENCH,Donchian 20D,long,1,616,0.13691931540342298,0.029815062514333666,0.010403625300045165,0.5373376623376623,0.3484008547427146,-0.3761233974163844,441,0.6344431305043436,0.5257916695455114,326,0.009164314587876338,0.03346926929502481,0.1497910697756831,172,0.014388887747368672,0.029326984352141094,0.7336494969285763,118,0.008018457090107862,0.020430978051552386,0.3567226069890826,,,,False,False
BENCH,Donchian 20D,long,2,616,0.13691931540342298,0.035790487932625285,-0.03367546960311301,0.5551948051948052,0.5588543563359076,-0.6339825016735462,363,-0.14789243093697502,0.8824276617561446,326,-0.03360832663559325,0.04400945633669572,-0.11434231408516737,172,-0.004477863689691151,0.06001568006660563,0.29408151901431684,118,-0.07642018845497746,-0.022227450599337246,-0.4485613723835134,,,,False,False
BENCH,Donchian 20D,long,3,616,0.13691931540342298,0.07720163531110819,-0.04245496473696616,0.5762987012987013,0.7361053284903902,-0.8164257647345906,327,-0.999531040245344,0.31753751014110954,326,-0.048512501460402035,0.0843915278950421,-0.9214546930529671,172,-0.07955855020484015,0.029331026851650465,-0.650812461294481,118,0.02836345621485102,0.12711553084216135,0.03273909661451036,,,,False,False
BENCH,Donchian 20D,long,5,616,0.13691931540342298,0.15910825272717477,-0.06511941810962915,0.5909090909090909,1.037202976126582,-1.0890654226689462,258,-0.1846556244722187,0.8534991540579555,326,-0.029303628586682583,0.21927460175832258,-0.8939590217062219,172,-0.1470840783537756,0.05266782997324596,0.14332615017600103,118,-0.04459421321545454,0.14803641314684904,0.662305999739647,-0.1786706918539216,0.16152256028912354,0.5465,False,False
BENCH,Donchian 20D,long,7,616,0.13691931540342298,0.21683545645762586,-0.11068057991394863,0.6168831168831169,1.284815369638135,-1.3339769478600643,218,-0.6876778299002292,0.49165568418395766,326,-0.030316324005526436,0.3332060173529929,-0.5236905437796054,172,-0.22247644125722893,0.0659690878275571,-0.544653743842391,118,-0.16974718394023192,0.11524403741086467,-0.0038441815003491045,,,,False,False
BENCH,Donchian 20D,long,10,616,0.13691931540342298,0.35634790367893326,-0.12052884749943274,0.6688311688311688,1.6057753662591363,-1.6868957260214232,182,0.07077262964365204,0.9435787155667712,326,-0.07227674928753292,0.45975982365335255,-0.5950288967085945,172,-0.2607604291257654,0.1539528493753028,0.2906100415184012,118,-0.04943013544307798,0.3656670852769314,0.7985748471185067,-0.2500257351975324,0.26210505565190495,0.4695,False,False
BENCH,Donchian 20D,long,20,616,0.13691931540342298,0.3882603832449432,-0.5423744082644181,0.663961038961039,2.5935645257411934,-2.8008275079508653,119,1.2379932044613144,0.21571858057028148,326,-0.5380813293567804,0.5286339482652463,0.7830643204953538,172,-0.715655376422655,-0.010524428538479506,-0.08988716975786894,118,-0.30165590996503805,0.5817282258731633,2.4999231884872093,,,,False,False
BENCH,Donchian 55D,long,1,473,0.10513447432762836,0.007568158301657295,-0.012560861416745266,0.5200845665961945,0.3458362455646727,-0.4060974376557809,341,-0.5689922297063719,0.5693614131484237,260,0.0006682276111116475,0.025021671949199298,-0.23648395717251774,124,-0.020013787825483804,-0.001348170367118521,0.11428207230665262,89,-0.04082378582752301,-0.030996884321182267,-1.2089999236948048,,,,False,False
BENCH,Donchian 55D,long,2,473,0.10513447432762836,0.02837652444261178,-0.04608587447379145,0.5560253699788583,0.5652279209259,-0.67054686649532,283,-0.5819099395393402,0.5606273450962389,260,-0.024822267296599216,0.055137684836216234,-0.09833069644297257,124,-0.04293342826321084,0.03590630979053173,-0.13160837645800616,89,-0.11259644971179114,-0.06029308325940202,-0.9761270932940378,,,,False,False
BENCH,Donchian 55D,long,3,473,0.10513447432762836,0.06303189624673962,-0.06569880345793135,0.5708245243128964,0.7518604443811434,-0.8626916403624106,252,-1.449306625993945,0.1472519714960654,260,-0.05801438441752336,0.07944807674787528,-0.6663866136272059,124,-0.13960038941837752,-0.00696348966551453,-1.3877411062248688,89,0.014816339335206421,0.11259617627847267,-0.4112711775372175,,,,False,False
BENCH,Donchian 55D,long,5,473,0.10513447432762836,0.11352298610003923,-0.12759636229689447,0.5708245243128964,1.0549602886977576,-1.170535747534984,204,-0.9468381915087888,0.3437212373606988,260,-0.05697117983227539,0.19997066592207874,-0.9642580842983846,124,-0.3135793237522512,-0.07120087653537924,-0.7569942898948372,89,-0.07479479173888015,0.11834728062882151,0.4054870745087417,-0.26003800012744666,0.12290943878746365,0.802,False,False
BENCH,Donchian 55D,long,7,473,0.10513447432762836,0.1530651924702912,-0.19882496657880694,0.5961945031712473,1.3089142424111946,-1.4577889036202671,171,-1.4125269777123433,0.15779485299852203,260,-0.079584914494756,0.2961506244798591,-0.8145770498571416,124,-0.40878179406241294,-0.05932184324693476,-1.2408827762637955,89,-0.2546425725775273,0.030972834115778426,-0.27066048893238526,,,,False,False
BENCH,Donchian 55D,long,10,473,0.10513447432762836,0.23537347729547767,-0.27676384559070627,0.6405919661733616,1.6359951855339343,-1.8759658973285498,143,-1.2691539654936135,0.20438615606116128,260,-0.1834993290312611,0.36611730829036415,-1.3989202948150714,124,-0.6083387593257414,-0.10602630222551819,-0.3215088439628932,89,-0.08725244112229533,0.32908332675539925,-0.04342263800365404,-0.515940130703921,0.13288589176341015,0.8895,False,False
BENCH,Donchian 55D,long,20,473,0.10513447432762836,0.19607673437760076,-0.7999854272824474,0.6342494714587738,2.6711596690282335,-3.1327686423071914,97,-0.212573338805299,0.8316597687032574,260,-0.7210720843831919,0.3842909379493747,-0.49014718102429244,124,-1.2379573607877952,-0.39665561475657046,-0.7669237963404177,89,-0.42031070143012456,0.4720668283548593,1.6729173709672356,,,,False,False
SW04,režim Bull (vše),long,1,1358,0.3018448544120916,0.012790113696282688,-0.007886275964804065,0.5353460972017673,0.390398349254104,-0.46212936891912443,764,-0.00049429755632289,0.9996056076274278,766,0.016061667821303624,0.042239769159521684,0.6189808068147798,305,-0.04474786333574949,-0.029902257427029635,-0.7758916612695843,287,-0.0326296236721913,-0.02044076746131595,-0.1983969053551065,,,,False,False
SW04,režim Bull (vše),long,2,1358,0.3018448544120916,0.034093965353911064,-0.03932307287809757,0.5559646539027983,0.6217227917726498,-0.7219954838203431,553,-1.4477528128723844,0.14768619389860627,766,0.0010433889892053452,0.08337949576198768,-0.983401906674145,305,-0.09996956732819437,-0.032526342136301824,-0.934250962404112,287,-0.08261063031041298,-0.0266500155104505,-0.5482755257984543,,,,False,False
SW04,režim Bull (vše),long,3,1358,0.3018448544120916,0.050625063248446636,-0.07626710019956918,0.5633284241531664,0.8055662276724812,-0.9192116486731235,440,-1.0656258290903857,0.2865928184378368,766,-0.02311271796101725,0.117493920590659,-0.6345980678604216,305,-0.1743911250399259,-0.05946575299060424,-0.428061569933406,287,-0.11385744590835667,-0.01085175128543541,-0.7953014544364505,,,,False,False
SW04,režim Bull (vše),long,5,1358,0.3018448544120916,0.09989079805206161,-0.13744962982991396,0.5721649484536082,1.085141780455112,-1.241552710613175,334,-2.0769752836121693,0.037803840499817776,766,-0.0821940683647229,0.17935296703866765,-0.7433407291055171,305,-0.2532807953769824,-0.04182216395059479,-1.7755802083061907,287,-0.16183030784552538,0.038407982606312334,-1.1304037504233047,-0.3359730380035831,-0.021488852623613955,0.9855,False,False
SW04,režim Bull (vše),long,7,1358,0.3018448544120916,0.18239116420101062,-0.1633466916269295,0.6030927835051546,1.3343848779622807,-1.4994606866680738,267,-1.640871018846142,0.1008241921139219,766,-0.0931318413370037,0.2883948498519544,-1.4049857469191076,305,-0.33567760206039715,-0.031132224688569802,-0.830460110477628,287,-0.16761027225367361,0.12638353494212243,-0.4318953264362991,,,,False,False
SW04,režim Bull (vše),long,10,1358,0.3018448544120916,0.28101679681668795,-0.22192144449754578,0.6369661266568483,1.6912525262843912,-1.8710953445518796,207,-0.31525058681064516,0.7525713994735139,766,-0.1398071011079203,0.4191732956800388,0.2741825092597304,305,-0.4983811349215233,-0.06478092577718454,-0.07280331861742474,287,-0.1472851429544796,0.2797639301330794,-0.8998717464472942,-0.24353489579956616,0.20079207714519023,0.564,False,False
SW04,režim Bull (vše),long,20,1358,0.3018448544120916,0.5990542604153671,-0.3883759320011414,0.6693667157584683,2.7847937813518135,-2.9235804309079607,134,-1.8542544418598326,0.0637027666046317,766,-0.251980193296558,0.8714203108165088,-1.5763631275424264,305,-0.8981553860983699,-0.18213586577204327,-0.9556580806717094,287,-0.21066304819645945,0.7022967478017275,-0.5827750637736627,,,,False,False
SW04,Bull stáří 1–2,long,1,474,0.10535674594354301,0.011269934260860672,-0.008440763004396596,0.540084388185654,0.38163170526098,-0.44263877131756596,282,0.19712856955109642,0.8437269267927439,261,0.022926745539931088,0.04818874886576519,0.7246130009862785,103,-0.05263511201120878,-0.03884111001040623,-1.0043893086622486,110,-0.04148532466228635,-0.029406184393135613,0.11063772710954822,,,,False,False
SW04,Bull stáří 1–2,long,2,474,0.10535674594354301,0.050585632334431085,-0.020611495177635678,0.5970464135021097,0.6015823630596056,-0.7017151874463639,276,-0.39026602574762853,0.6963398429673844,261,0.016741945795509593,0.09866613689431243,0.007993695240511477,103,-0.03062239966351887,0.03091939719104357,-0.10805868606409445,110,-0.09986717637713519,-0.04508154466884282,-0.6675785001112104,,,,False,False
SW04,Bull stáří 1–2,long,3,474,0.10535674594354301,0.08977813734616842,-0.0335201981310636,0.620253164556962,0.7967335415538911,-0.876225203953424,255,0.07713280772826805,0.938517893942453,261,0.0012776877661693662,0.14185789496716303,0.49720868281674624,103,-0.06334820306728448,0.04055434332227283,0.23522893789810487,110,-0.08815623186512773,0.012298446849638007,-0.6379663077115038,,,,False,False
SW04,Bull stáří 1–2,long,5,474,0.10535674594354301,0.12277245796047889,-0.10928394954709557,0.6012658227848101,1.0720346558046383,-1.190137231148628,228,-0.8103821501869928,0.4177205735828653,261,-0.1208022520329131,0.1423445003168711,-0.5847070671005468,103,-0.11168015715018188,0.08016899852875199,-0.4161724268268971,110,-0.07971043743876582,0.11622566947365622,-0.3741762748938742,-0.27350634520720285,0.11349091677123045,0.7675,False,False
SW04,Bull stáří 1–2,long,7,474,0.10535674594354301,0.25038354355277814,-0.08900537583271285,0.6160337552742616,1.3169046644872848,-1.4201073510563176,202,-0.4515739562911403,0.6515759355042059,261,-0.1533689754118362,0.23172679258399226,-0.8347493418137054,103,-0.03488308936151818,0.24272306995016232,-0.13960986489213584,110,0.013033751291088342,0.3018239143157102,0.45631294063968864,,,,False,False
SW04,Bull stáří 1–2,long,10,474,0.10535674594354301,0.4069854407640173,-0.08833634316110853,0.6582278481012658,1.6332067481064283,-1.7325783470968357,175,-0.1835450178657661,0.8543703995351648,261,-0.05336499791971829,0.5113326739196529,-0.35899417771283015,103,-0.05963503099114327,0.3402537026078838,1.083852059861522,110,-0.19818867281119298,0.22188308782275265,-0.8481224112079528,-0.24457330919232706,0.24772353216639906,0.4865,False,False
SW04,Bull stáří 1–2,long,20,474,0.10535674594354301,0.7142528488973531,-0.26519901190818423,0.679324894514768,2.647300066215365,-2.69010046570113,115,-0.475974295885668,0.6340926902922295,261,-0.19961240749110887,0.9379793473706355,-0.13933984351404272,103,-0.4388647808026993,0.22856022024075134,-0.6009338534953073,110,-0.2582038260601989,0.638195800261928,-0.09012212415167994,,,,False,False
SW04,Bull stáří 3–5,long,1,376,0.08357412758390753,0.03805234428233639,0.018408601854431158,0.5638297872340425,0.36736045575364223,-0.4109999829357538,252,1.2352966951153619,0.21672010327195546,207,0.008688909750893389,0.03484757818049033,0.5556588743547903,90,0.036773337639013165,0.05289440179871167,1.3983356158389006,79,0.022954804953417732,0.029540969682442252,0.28487160100004044,,,,False,False
SW04,Bull stáří 3–5,long,2,376,0.08357412758390753,0.06658777751446991,-0.005673806775398413,0.5558510638297872,0.5856860497158658,-0.6294391656625655,151,0.9061682115308201,0.36484682570302396,207,-0.020604778853318618,0.06193749390005875,0.6730562926851923,90,-0.028237388662126654,0.04158823840633428,0.15228360629338034,79,0.059154466514918375,0.10725318546276516,0.6431111747808218,,,,False,False
SW04,Bull stáří 3–5,long,3,376,0.08357412758390753,0.061906846604670454,-0.06353874216898167,0.5425531914893617,0.7464147636901707,-0.8214262628922564,151,-0.3304831395644774,0.741034930324646,207,-0.0973830234592293,0.04348309911139707,-0.2500409355114329,90,-0.07527325875578025,0.0430113169998544,0.06497299898702702,79,0.038510279601817424,0.13170828199126586,-0.3329933959118952,,,,False,False
SW04,Bull stáří 3–5,long,5,376,0.08357412758390753,0.08798721086176364,-0.14754580292853048,0.5212765957446809,0.9927672491326142,-1.1155125847185363,151,-0.8490514514187729,0.3958526631601329,207,-0.17125982541295998,0.09102050396394742,-0.9397817060285034,90,-0.08719345820896215,0.12930257649539062,-0.35790064809342403,79,-0.1541648962257994,0.03297107694811206,0.0356261710278776,-0.2872766715651826,0.14275342719681297,0.7265,False,False
SW04,Bull stáří 3–5,long,7,376,0.08357412758390753,0.2119240105856125,-0.13214168327912187,0.6063829787234043,1.213871136444533,-1.3669165550307498,140,-0.32276027864068424,0.7468767973291823,207,-0.028594737063037747,0.3538180402936314,-0.05589840218984113,90,-0.14302869078747205,0.16885709052222697,1.578766327823655,79,-0.391057976835804,-0.110810689969517,-1.8117572693133295,,,,False,False
SW04,Bull stáří 3–5,long,10,376,0.08357412758390753,0.10703084843653694,-0.3940566937636071,0.6143617021276596,1.5368747893227566,-1.780933311617423,128,-1.7135594381890253,0.08660966836163486,207,-0.24687981456005184,0.3123615922906641,-0.9349077220441877,90,-0.7271351219685035,-0.2810332995487485,-0.6935558280036092,79,-0.40024094005088917,0.011110713510858024,-1.6388408305051503,-0.6475886775047012,0.06011015244878367,0.942,False,False
SW04,Bull stáří 3–5,long,20,376,0.08357412758390753,0.48252554596887604,-0.49588719406477655,0.6648936170212766,2.59144767374323,-2.7748057808363504,100,-1.4277005704203463,0.15337806192783954,207,-0.17829889884475794,0.9336723204749423,-0.2753781747366362,90,-1.1468570492350578,-0.39408411637706064,-0.8817484989161403,79,-0.5864377022320996,0.29907601797366873,-1.3816898640689406,,,,False,False
SW04,Bull stáří 6–10,long,1,330,0.07334963325183375,0.00033916579763280713,-0.020343481936834978,0.5181818181818182,0.394302210787878,-0.485747878966974,197,1.0244304381364693,0.30563201126899164,175,0.05208321328038043,0.07860126912992668,1.9211659438921933,79,-0.08995273223428245,-0.0762578154117653,0.2887881502041676,76,-0.11475849364097114,-0.10024907851301164,-1.004119389875598,,,,False,False
SW04,Bull stáří 6–10,long,2,330,0.07334963325183375,-0.001992023691251209,-0.07472381947336837,0.503030303030303,0.6224245498274882,-0.7556986357155531,143,-1.2059356900189717,0.22784228796565298,175,0.029631111684952617,0.11086951556204663,-0.3225271930446153,79,-0.17073674685266307,-0.10373280603544231,-0.7336274132446763,76,-0.2152118680226037,-0.15611370216672524,-1.0335083533450307,,,,False,False
SW04,Bull stáří 6–10,long,3,330,0.07334963325183375,-0.014292771161776047,-0.13979474476906606,0.5242424242424243,0.7916473952412478,-0.970451790852562,135,-0.7404953664512338,0.45899947168103505,175,0.041635058647573386,0.17988438867831846,-0.8317818339941209,79,-0.3623691368548292,-0.24682276598543532,-0.27276873413823277,76,-0.3262005161261269,-0.2197024209110847,-0.03322646119263422,,,,False,False
SW04,Bull stáří 6–10,long,5,330,0.07334963325183375,0.0744504073924464,-0.15990740980256757,0.5636363636363636,1.0752249422460298,-1.287985065209099,91,-1.8999257730849584,0.05744286123793074,175,0.07369348945493696,0.3301456078143209,-0.7282352895158927,79,-0.5313225112797827,-0.3176485337000433,-1.0063020654984438,76,-0.31172799339945295,-0.10674490481178175,-1.9942163248599403,-0.5296851884401713,-0.013102248485719755,0.9815,False,False
SW04,Bull stáří 6–10,long,7,330,0.07334963325183375,0.11671701677576575,-0.22357274288452603,0.5909090909090909,1.3366519906148868,-1.5366448685579264,91,-2.2311552208729974,0.025670848975065663,175,0.03167006452185937,0.40527728706154814,-0.9231321133703158,79,-0.7587774770690974,-0.4517992452832837,-1.8573284746031034,76,-0.25497165466789823,0.04322671944225236,-1.2384972393775766,,,,False,False
SW04,Bull stáří 6–10,long,10,330,0.07334963325183375,0.3320487582419012,-0.16108724633532095,0.6212121212121212,1.7375836772940079,-1.8796058676220806,91,-2.1915619903111505,0.028411149024887283,175,-0.006087508273421755,0.5415775485859932,-0.8837866604889182,79,-0.5966186701283895,-0.16444188880630428,-1.7851681304434213,76,-0.06527108424558341,0.36567011096021895,-1.1582030778591856,-0.979941824664353,-0.05143669234099088,0.986,False,False
SW04,Bull stáří 6–10,long,20,330,0.07334963325183375,0.5859991073652211,-0.3747240058866532,0.6696969696969697,2.9102263481876847,-2.9313517713381474,76,-0.011788167027437136,0.9905946213590986,175,-0.08989132854524091,1.010745322151705,-0.373505485392123,79,-1.2574634737464983,-0.5664175590095484,0.07946434488340703,76,-0.11300427659480251,0.8058718581016951,0.6652199736267179,,,,False,False
SW04,Bull stáří 11–20,long,1,172,0.03823071793731941,0.004978420893008934,-0.0214804557634885,0.5116279069767442,0.4611362164222842,-0.5685397330524933,93,1.0398534809918216,0.2984079777018449,118,-0.02754387383416462,0.0018414711048733382,0.08578317993104023,32,-0.07973002885046873,-0.06294933064689698,1.4751858750791018,22,0.09576816565120015,0.1206078810874176,1.2667326567631487,,,,False,False
SW04,Bull stáří 11–20,long,2,172,0.03823071793731941,0.020612639069046597,-0.06474147655091546,0.5581395348837209,0.7627268935885665,-0.8843129356510331,71,-1.7765769893190704,0.07563786439358466,118,-0.017340469713478284,0.07086286591537251,-0.9079869164787012,32,-0.2515123799375843,-0.17245310729137614,-1.4357623042851373,22,-0.047316471934742095,0.03191159887209522,-0.5606651649858226,,,,False,False
SW04,Bull stáří 11–20,long,3,172,0.03823071793731941,0.07648197035260038,-0.06919763518101923,0.5348837209302325,0.995192055343248,-1.113687451239033,55,-0.06420753785429799,0.9488049754421681,118,-0.013110437997139214,0.13629927378736192,0.8056298838701907,32,-0.28512460106189463,-0.1485488545566791,-1.0719355068117573,22,-0.05595337879510262,0.08296126997964955,0.8842133497611486,,,,False,False
SW04,Bull stáří 11–20,long,5,172,0.03823071793731941,0.212418110998577,-0.05495770100477944,0.622093023255814,1.3515160993433168,-1.4373655398907081,48,-0.0032880429504975454,0.997376526021704,118,0.06777829753565418,0.3425593353495555,0.2716599228283031,32,-0.4888677421507591,-0.2385078603811353,-0.7053083531126739,22,-0.08212708787295307,0.17028022966836473,0.5521951851179981,-0.32772698544989637,0.268162706274232,0.5965,False,False
SW04,Bull stáří 11–20,long,7,172,0.03823071793731941,0.19793578480242502,-0.18794070463986703,0.5930232558139535,1.6579522614588704,-1.7517302184815495,42,-0.44532696700831703,0.6560834823684494,118,-0.07056804885814674,0.32860224512091757,0.1256439163220242,32,-0.7728855180862673,-0.4146989913091512,-0.852264108162982,22,0.03334387027112457,0.3881935356200763,0.14506791423052484,,,,False,False
SW04,Bull stáří 11–20,long,10,172,0.03823071793731941,0.3404584648368644,-0.21907595395847376,0.6627906976744186,2.104496528492705,-2.218494019193858,36,0.9145601418838247,0.36042259128943877,118,-0.167048842138959,0.4185132978863292,0.26166393856187675,32,-1.0649642298887656,-0.5638170839375848,0.5297163000543184,22,0.7322524839990987,1.2371106130616616,1.14231495843177,-0.4513412768487404,0.7744686252373305,0.297,False,False
SW04,Bull stáří 11–20,long,20,172,0.03823071793731941,0.6072559739626608,-0.5020461495583176,0.6569767441860465,3.3503350534964174,-3.698942079661898,35,-0.7014963000134485,0.4829933428710911,118,-0.6774250805082307,0.520144341400162,-1.0239116318743124,32,-0.914837742369945,-0.10666770994614008,-0.7716181038846998,22,1.0390467968990391,2.112925543392501,0.598524603489629,,,,False,False
SW04,Bull stáří 21–∞,long,1,6,0.0013336296954878863,-0.5414781661784843,-0.5370479938184132,0.0,0.2841399742277509,-0.8565462766118513,4,,,5,-0.26872651297470346,-0.28151292984896376,,1,-1.8786553980369618,-1.841304347826087,,0,,,,,,,False,False
SW04,Bull stáří 21–∞,long,2,6,0.0013336296954878863,-0.9338325371854855,-0.9505230856230638,0.16666666666666666,0.39040488392255107,-1.6175611952024163,3,,,5,-0.48889835658720476,-0.4936425228834521,,1,-3.258646730802359,-3.1347826086956525,,0,,,,,,,False,False
SW04,Bull stáří 21–∞,long,3,6,0.0013336296954878863,-0.9202099918850952,-0.9595536794044351,0.3333333333333333,0.5397688977551006,-2.049844130371872,3,,,5,-0.7237272377423748,-0.7177302511316794,,1,-2.1386858877147366,-1.9326086956521742,,0,,,,,,,False,False
SW04,Bull stáří 21–∞,long,5,6,0.0013336296954878863,-2.788363688975503,-2.8594355858171707,0.5,0.8187708840900734,-5.034809535644608,3,,,5,-3.374936898025169,-3.361253818074951,,1,-0.28192902477718074,0.07608695652173914,,0,,,,,,,False,False
SW04,Bull stáří 21–∞,long,7,6,0.0013336296954878863,-3.873266193542417,-3.9743633036273134,0.3333333333333333,0.8672266881369316,-6.797616533340874,3,,,5,-4.52116176713417,-4.501832475729161,,1,-1.2403709860930308,-0.7304347826086958,,0,,,,,,,False,False
SW04,Bull stáří 21–∞,long,10,6,0.0013336296954878863,-3.2781390048313312,-3.415453790445339,0.5,1.5566658164386673,-8.037251432128638,3,,,5,-4.256555211488754,-4.238114631884554,,1,0.7900533147717365,1.5217391304347827,,0,,,,,,,False,False
SW04,Bull stáří 21–∞,long,20,6,0.0013336296954878863,-0.7162504949458136,-0.8742898963481051,0.5,2.652179043150867,-8.037251432128638,3,,,5,-1.6685951307461444,-1.766457115674107,,1,3.097236275642092,4.534782608695653,,0,,,,,,,False,False
SW04,Balance → Bull (1. den),long,1,136,0.030228939764392088,0.03272151016206189,0.013176577214036592,0.5220588235294118,0.39834996040561643,-0.4205359376473443,136,0.2986331663270614,0.7652199565003601,80,0.006070485856962881,0.03191312213469607,0.10601919863407587,27,-0.037083677409702163,-0.02560346270112812,-0.39117258751294165,29,0.0795736180211691,0.08925410704121342,0.7770845097965482,,,,False,False
SW04,Balance → Bull (1. den),long,2,136,0.030228939764392088,0.0843066963818958,0.011100213962511688,0.6029411764705882,0.6102103551611764,-0.6941735532281479,132,0.07634248491470147,0.9391466263714323,80,0.012565183190282403,0.09578789353526969,0.029919913630338482,27,-0.1323355952881017,-0.06856025485993202,-0.6536336532862923,29,0.14060260401578423,0.1949588312529109,0.9374087572955988,,,,False,False
SW04,Balance → Bull (1. den),long,3,136,0.030228939764392088,0.12361198656233734,-0.0038402667275474773,0.625,0.8178435988140689,-0.8619132298892377,127,-0.1607271905992421,0.872308272851384,80,-0.014803605389842638,0.12759501190008832,-0.048450145567483824,27,0.038092469144799274,0.14818827035209,-0.2398215652564171,29,-0.012637396919607835,0.0897429627918753,-0.05395610157650147,,,,False,False
SW04,Balance → Bull (1. den),long,5,136,0.030228939764392088,0.07047407416841416,-0.17011130641824088,0.5955882352941176,1.1065910445573672,-1.23971924182167,121,-1.077501647848315,0.28125621499457787,80,-0.21776407641600173,0.048183688973150604,-1.3533579138225043,27,8.830029841286644e-05,0.20751770377486525,0.05488226638747012,29,-0.19711709198819902,0.004372447142445312,-0.4158963206740759,-0.42531454181423783,0.12127079308946946,0.8585,False,False
SW04,Balance → Bull (1. den),long,7,136,0.030228939764392088,0.2264936490379831,-0.12514058300110023,0.5808823529411765,1.3692015756285723,-1.486118769990773,116,-0.6274374111811903,0.530372551130333,80,-0.3194590250033742,0.07030322892258166,-1.4919605492421821,27,-0.09083539321503555,0.20859944748569514,-0.548251351062042,29,0.3789709768595262,0.6740238921808757,1.2070143022245918,,,,False,False
SW04,Balance → Bull (1. den),long,10,136,0.030228939764392088,0.31786518709651673,-0.1942727342539558,0.6617647058823529,1.6674073931147175,-1.830971223786845,107,-0.5056365479948649,0.6131118196258654,80,-0.32547279617279135,0.24711763074597556,-0.37647226380959403,27,0.15292892174104883,0.5758468441268579,-0.028751929005338444,29,-0.15559824316286228,0.2728410411732092,-0.41742978849504625,-0.3814786999583263,0.2583494455527041,0.65,False,False
SW04,Balance → Bull (1. den),long,20,136,0.030228939764392088,0.5929416463601718,-0.4063554363149803,0.6397058823529411,2.6155849342915105,-2.7516994495381444,80,-1.6643004870701765,0.09605239513405506,80,-0.3924291789079314,0.760616446427602,-1.5216945640768758,27,-0.28650363714460536,0.3394927899760784,-1.1303764817348456,29,-0.5563588559758093,0.3663600986696924,-0.11257912552208413,,,,False,False
SW04,Transition → Bull (1. den),long,1,146,0.03245165592353856,0.017730935265008144,-0.00046383153876650303,0.5616438356164384,0.3835758993874854,-0.45373863722873053,146,-0.010606835890122143,0.9915371280904544,75,0.05627894798928826,0.07858658582875849,0.9127796796682852,35,-0.07154402407117823,-0.05976577999846864,-1.0377171814600012,36,-0.04957221281570254,-0.03370764134775824,-0.4839091860064987,,,,False,False
SW04,Transition → Bull (1. den),long,2,146,0.03245165592353856,0.0068385015526329475,-0.05778826161471234,0.6095890410958904,0.5989567515056279,-0.7403836288744864,140,-0.9715627454790694,0.331268123768633,75,0.03753291047097215,0.11183550500588996,0.029352682654026914,35,-0.04313200194299939,0.008169594961102072,-0.25301790035180294,36,-0.2706231781407204,-0.2131993742332197,-1.6391169272900301,,,,False,False
SW04,Transition → Bull (1. den),long,3,146,0.03245165592353856,0.04678291981233807,-0.06487706716699877,0.6164383561643836,0.7849087555616115,-0.9303929051656427,132,-0.20509906266265548,0.8374947287543597,75,-0.039235484879167414,0.08927005725947249,0.3771164897370343,35,0.01135128268291256,0.09749576471737538,0.16544965436289796,36,-0.1924079259540613,-0.0910361046379782,-1.1383655932337355,,,,False,False
SW04,Transition → Bull (1. den),long,5,146,0.03245165592353856,0.19061126669328596,-0.019999616817862036,0.6164383561643836,1.071422624074592,-1.1600769470490309,124,-0.48692271577243906,0.6263131004138351,75,0.03096634481646352,0.27326270151396553,0.4031040303537003,35,-0.10264021410305961,0.05661395295145322,-0.9552006731712397,36,-0.04583367841765365,0.14869594362142977,-0.8469680852984598,-0.2671500665508105,0.16111802950391402,0.6785,False,False
SW04,Transition → Bull (1. den),long,7,146,0.03245165592353856,0.37827828669035657,0.0697367376949695,0.6438356164383562,1.3127586896784231,-1.3621971589644368,114,0.6151278659939826,0.5384702805610975,75,0.06608518268486567,0.42116915213729855,0.24892430640196653,35,0.16049841991406444,0.39186898253287317,2.008585444744968,36,-0.010896380413656485,0.27570914049566986,-0.5801881511817223,,,,False,False
SW04,Transition → Bull (1. den),long,10,146,0.03245165592353856,0.5184353202487041,0.06781354860876543,0.6575342465753424,1.6578915496300826,-1.6319748130098608,107,0.35057049534779305,0.7259105946693494,75,0.21092879772155815,0.7314020370112654,0.6682310423076406,35,-0.10549109748134797,0.23094141634345153,0.9353309336214359,36,-0.06185259223305353,0.3542626224568082,-1.1730565784406695,-0.17952800834816793,0.42590490623137567,0.215,False,False
SW04,Transition → Bull (1. den),long,20,146,0.03245165592353856,0.773747037703525,-0.1277355563011375,0.6986301369863014,2.689095719579851,-2.6403246159464575,83,-0.7142297793576328,0.47508510544130056,75,-0.10154981841419923,0.9593771325306828,-0.5560401946775454,35,-0.46696706748851013,0.11631643206125276,-0.24439148657284723,36,0.14751923675546433,1.0261863178547115,-0.37207527196243145,,,,False,False
SW04,Bull + HV,long,1,70,0.01555901311402534,-0.09436344453476017,-0.1071988792212992,0.5142857142857142,0.22253568454144884,-0.4139688198146829,43,-1.2543886508102633,0.2097007756508198,38,-0.06262298419502316,-0.035429985360099614,-0.9950093413525414,6,-0.30234855450818887,-0.32675039350994234,,26,-0.12731372380888198,-0.12686920433422202,-0.8895185587486387,,,,False,False
SW04,Bull + HV,long,2,70,0.01555901311402534,-0.11907492664525474,-0.17589545450668073,0.5,0.35331403738326134,-0.6287547109110316,35,-1.6283262721401321,0.10345572160579075,38,-0.1409712213463142,-0.056699355876981,-1.9728872328787332,6,-0.6291829087191639,-0.7060880921725518,,26,-0.12233376738433566,-0.07477464572335545,-0.03354578542977264,,,,False,False
SW04,Bull + HV,long,3,70,0.01555901311402534,-0.07541438659493173,-0.17768101130040095,0.6,0.5195927165082858,-0.8045706395538885,31,0.03246764254125026,0.9740991199299407,38,-0.19571237678071182,-0.05352615137184362,-0.3314966243760959,6,-0.476990684853509,-0.6039594332965014,,26,-0.08225601400922941,0.014567049625532513,0.970666881010249,,,,False,False
SW04,Bull + HV,long,5,70,0.01555901311402534,-0.2194555005293043,-0.4204614058111218,0.6428571428571429,0.7553696182788395,-1.2938512836877665,25,-0.8501027376874868,0.39526796969071665,38,-0.543924992714153,-0.27769085945466737,-0.8278330801482372,6,-0.3662622594821337,-0.5814329828965225,,26,-0.2525221202595348,-0.05080901847672315,0.43521236559238885,-1.6505685100409466,0.4457631284488528,0.7775,False,False
SW04,Bull + HV,long,7,70,0.01555901311402534,-0.07087106249095278,-0.3652719493854734,0.6,0.9510374196245881,-1.4571459304734045,23,-0.7403141795581845,0.45910937906966387,38,-0.5169033151981908,-0.12615063804910429,-1.0418710609989503,6,-0.5491516816663974,-0.8499741383043071,,26,-0.10122309190205775,0.18971518082019664,1.1270403220900795,,,,False,False
SW04,Bull + HV,long,10,70,0.01555901311402534,0.1269703562657393,-0.30281408405727656,0.6857142857142857,1.2628110649460083,-1.643235406721337,21,-1.0687452987769406,0.2851844537930901,38,-0.5135173931175846,0.057168482208401025,-0.6844449229613663,6,-1.4040103227041023,-1.8255145187789747,,26,0.2592591150262873,0.6795619125906291,0.19613516750531454,-2.500236303369907,0.5544782564249129,0.823,False,False
SW04,Bull + HV,long,20,70,0.01555901311402534,0.3756489951723341,-0.5310868886701017,0.7142857142857143,2.0416750453077133,-2.2019499992515708,21,-1.0048578240921537,0.31496531554537976,38,-0.6983698920513041,0.4472814880383572,-0.30499673844413117,6,-4.579971898338113,-5.287731874797865,,26,0.6477617338873503,1.5778893986689615,1.8026155304915552,,,,False,False
SW04,Bull bez HV,long,1,1288,0.2862858412980662,0.018613676643621985,-0.002488851874777151,0.5364906832298136,0.3995213201624004,-0.46474679006610503,728,-0.09144262988833861,0.9271408898652889,728,0.02016883372325475,0.04629395964268873,0.4301944432121151,299,-0.039578618696837674,-0.023945438642757135,-0.8271237511869229,261,-0.023197491091524785,-0.00983870095290385,-0.05531569889575211,,,,False,False
SW04,Bull bez HV,long,2,1288,0.2862858412980662,0.04241836165821355,-0.031900660833065884,0.5590062111801242,0.6363102240764208,-0.7270629171306316,528,-1.1423586751142556,0.2533049611838156,728,0.008456239528696752,0.09069130395193385,-0.9416309830910531,299,-0.08934990161466322,-0.019010052837915552,-0.6698024662619565,261,-0.07865353619576931,-0.021855991044797105,-0.23980670695298814,,,,False,False
SW04,Bull bez HV,long,3,1288,0.2862858412980662,0.057475033348630244,-0.07075547459626315,0.5613354037267081,0.8211082663227094,-0.9254421382991689,420,-0.9397603459163172,0.3473405033096064,728,-0.014103395110538696,0.12642079247881158,-0.5149596805058522,299,-0.16831889307042255,-0.04853945840252604,-0.2569999035148404,261,-0.11700548126995557,-0.013383892372351765,-0.8696642522802333,,,,False,False
SW04,Bull bez HV,long,5,1288,0.2862858412980662,0.11724657514887496,-0.12206855504832655,0.5683229813664596,1.1030641805733878,-1.2387103968591209,323,-1.8299880680252973,0.06725172307703953,728,-0.058092728906922984,0.20320965028969337,-0.548988753076317,299,-0.25101360880631046,-0.030993853202515995,-1.692685733807929,261,-0.1527958744249727,0.04729549995558023,-0.9768813320958055,-0.3186980403093101,0.0018510332169037016,0.974,False,False
SW04,Bull bez HV,long,7,1288,0.2862858412980662,0.1961554156516608,-0.1523724928357043,0.6032608695652174,1.3552189789588946,-1.5017604016786534,256,-1.8647108118335802,0.062221950462208575,728,-0.07101190176732636,0.31003321323140526,-1.5203910245677184,299,-0.331393841265628,-0.014700614381899483,-1.0276588643072777,261,-0.174223554587551,0.12007463535273573,-0.49906390219717695,,,,False,False
SW04,Bull bez HV,long,10,1288,0.2862858412980662,0.28938888597706564,-0.21752510539103873,0.6343167701863354,1.7145373883136512,-1.8834790368252792,199,0.19100820787950762,0.848519162594825,728,-0.12030024520631694,0.4380691513282836,0.8333975988143841,299,-0.48020797396267556,-0.029448479094874424,-0.13045525368212338,261,-0.18778380466903877,0.23993731119094794,-0.609297713152441,-0.18307172904624067,0.30358779321776874,0.327,False,False
SW04,Bull bez HV,long,20,1288,0.2862858412980662,0.6111958509177058,-0.3806199017473936,0.6669254658385093,2.825180669180297,-2.962799476106677,130,-2.0004220271396242,0.045454711818302185,728,-0.22867963209782127,0.8935594251922917,-1.608543327905828,299,-0.8242727805015857,-0.07968243415279595,-0.8117129398732605,261,-0.2961766280209002,0.6150729588264473,-0.987799689507527,,,,False,False
BENCH,EMA20>EMA50 + ADX>25,long,1,881,0.1958212936208046,0.023968569799740803,0.0019630106968098696,0.5539160045402951,0.4839138179382443,-0.5209624079072086,454,0.010116556121096175,0.9919282937454528,490,0.0005864530855639606,0.027148462025349047,-0.44707347902967876,177,0.0047021517385379625,0.01939171668545363,0.15068422692663783,214,0.0028493904403828945,0.020473036204791212,0.53608809635435,,,,False,False
BENCH,EMA20>EMA50 + ADX>25,long,2,881,0.1958212936208046,0.08192023783810129,0.004726489289761793,0.5732122587968218,0.778688644296523,-0.8179598569971132,310,0.22916173363083997,0.8187432133303116,490,0.01833035691159882,0.10429041779435835,0.743181507945439,177,-0.03667122899208037,0.032752982034681424,-1.0125108337749584,214,0.007817615463527796,0.07136517287847215,0.3784323554078038,,,,False,False
BENCH,EMA20>EMA50 + ADX>25,long,3,881,0.1958212936208046,0.13829952622464448,0.004998501424345413,0.5856980703745743,1.003975688795675,-1.0317409390781769,239,1.0784926969681523,0.2808139391362956,490,0.035235035328981264,0.18265492627962818,1.0404275876777087,177,-0.09144721751353711,0.027376195183826203,-0.6540750676492024,214,0.015535840857680195,0.12848309429605956,1.4340091982453265,,,,False,False
BENCH,EMA20>EMA50 + ADX>25,long,5,881,0.1958212936208046,0.2591457337670841,0.010078350202366517,0.6186152099886493,1.3649396742850688,-1.3650724111170283,171,0.8530703551083202,0.3936202898533434,490,0.06959156723444007,0.34503953523127184,0.6957558144713016,177,-0.21606231544170787,0.003383452786261036,-0.2715031801266277,214,0.06085134774108203,0.27401471047808285,0.8892584707602045,-0.12813223970027382,0.3433146164655409,0.1805,False,False
BENCH,EMA20>EMA50 + ADX>25,long,7,881,0.1958212936208046,0.36217244707404617,0.0002798751661936862,0.6311010215664018,1.6743717921321188,-1.644371550096163,137,0.7050947272791585,0.4807512876283071,490,0.07722228531380206,0.47896966578465894,1.1434386184889365,177,-0.4051377927626235,-0.08931996780572242,-1.0542578532268558,214,0.15942541839550456,0.46817020532413395,1.1305357690167395,,,,False,False
BENCH,EMA20>EMA50 + ADX>25,long,10,881,0.1958212936208046,0.512052991551119,-0.012686635924528917,0.6424517593643587,2.0762372051261417,-2.0344838737324578,104,0.7428650281597461,0.4575634005687548,490,0.06405940604427421,0.6513538748810426,1.111151639345711,177,-0.5608609538461479,-0.11317542275384238,-0.9254327817037278,214,0.2649829608390833,0.7102211994965189,1.221293208720343,-0.20291359243352744,0.5266083449844556,0.1815,False,False
BENCH,EMA20>EMA50 + ADX>25,long,20,881,0.1958212936208046,0.7462783577410406,-0.2791404788873086,0.6583427922814983,3.1442652367863793,-3.131962141048417,61,0.27240015387384375,0.7853143543975079,490,-0.2785033812699662,0.8920830286463458,0.5676755777784337,177,-1.212951307172431,-0.4924990892027437,-0.8170321153305058,214,0.49175830043030316,1.4370228407571637,1.2377980212035733,,,,False,False
BENCH,nad/pod MA200,long,1,3687,0.819515447877306,0.00853331720272981,-0.010055178771977202,0.5364795226471386,0.428611495785285,-0.48550125085618384,1863,-1.332237340137563,0.18278221003822148,2117,-0.004827586083725117,0.015498527035185325,-1.2554015666718523,718,-0.025500918379700845,-0.0068934418125339465,-1.0299916069809016,852,-0.010027916662451484,0.004227054007484565,0.16934651492225583,,,,False,False
BENCH,nad/pod MA200,long,2,3686,0.8192931762613914,0.045486104980972906,-0.021648573398712085,0.555615843733044,0.6888575503563598,-0.7592241004581155,1248,-0.6835032566469573,0.4942888930518037,2117,-0.012752402466881686,0.054966811183894605,-0.020574236642407186,718,-0.05314712342307995,0.024301156307878262,-1.5565499923841863,851,-0.017203491078134892,0.03977533895946496,0.1715962105635869,,,,False,False
BENCH,nad/pod MA200,long,3,3685,0.8190709046454768,0.08157737480147842,-0.03480250948145396,0.5747625508819538,0.8833227638959003,-0.9677454415668044,944,-1.2798774253726373,0.2005882481572301,2117,-0.02216653710019158,0.0951039502324593,-1.2577617310765512,718,-0.08022450610561033,0.05019388527640326,-0.9556608727052951,850,-0.027905285899087102,0.07439806337985189,0.25940779302858824,,,,False,False
BENCH,nad/pod MA200,long,5,3683,0.8186263614136475,0.1654350497139624,-0.05310756103684433,0.5967960901439044,1.1991336946520998,-1.2962323585613358,634,-0.689941399390081,0.49023103986740724,2117,-0.03870434040607602,0.18171149843987344,-0.052908613443610475,718,-0.11610443726814004,0.12144405146010025,-1.277324689301465,848,-0.035725321580790274,0.16204860489499945,-0.09185280907159656,-0.16212566798650654,0.07653518107236716,0.7425,False,False
BENCH,nad/pod MA200,long,7,3681,0.8181818181818182,0.2510548516807816,-0.06839947493147266,0.6079869600651997,1.4609946094284505,-1.5619079689395148,478,-0.47636213539828093,0.6338164055014199,2117,-0.05557461644312712,0.2678140489893754,-0.3740441419965596,718,-0.12842441659113088,0.21373761262125784,-1.2162574851755528,846,-0.04954878617047134,0.24078837052527935,0.7652558248479749,,,,False,False
BENCH,nad/pod MA200,long,10,3678,0.8175150033340742,0.3653342498987806,-0.0998208283971861,0.6302338227297444,1.7984940123114475,-1.8984069279882365,355,-0.8799411491197409,0.37889119154530504,2117,-0.0765396032696545,0.39717605957043917,-0.8770995651025437,718,-0.19328854541864818,0.297937663286727,-0.8317502459625041,843,-0.07867792540024021,0.34277391551272285,0.4762235681536286,-0.3364658018105171,0.09431322468365406,0.8525,False,False
BENCH,nad/pod MA200,long,20,3668,0.8152922871749277,0.734464467150279,-0.18190342483404615,0.6744820065430752,2.730402782890769,-2.784654079570147,187,-0.8499632108875566,0.3953455401996506,2117,-0.12728661419838974,0.823375858486382,-0.7642885085050011,718,-0.36798781989947027,0.46791313018313707,-0.31173729058273086,833,-0.16031301962241357,0.7382561171909495,-0.2779914115289865,,,,False,False
H,H1 · zarovnání + migrace + pullback,long,1,173,0.03845298955323405,-0.06778823577017916,-0.0875612982715014,0.48554913294797686,0.3748322993318896,-0.5215544196625213,166,-1.8870687202051895,0.05915108324131735,106,-0.0686385484643306,-0.04501886569041756,-1.3257908558698883,39,-0.10588014723566151,-0.09362690118693993,-1.3213262950781952,28,-0.1336818829128537,-0.11799699567021696,-0.7571759849042098,,,,False,False
H,H1 · zarovnání + migrace + pullback,long,2,173,0.03845298955323405,0.041959168351012724,-0.025979812062163987,0.5664739884393064,0.631933013427961,-0.7672520412156951,162,-0.6123023262976871,0.5403377508337963,106,0.027733760990980155,0.10218288254165597,-0.035774215463646945,39,-0.20997643988551856,-0.15378699239467655,-1.7703026170727698,28,0.026956964419177196,0.08661583138221628,0.23561459811194954,,,,False,False
H,H1 · zarovnání + migrace + pullback,long,3,173,0.03845298955323405,0.0828316824078194,-0.03403706500855264,0.5838150289017341,0.788232782772417,-0.9168724440994843,152,-0.6550981101397604,0.5124045887821016,106,0.03991862820111799,0.16745185955341044,0.2151360570639575,39,-0.13594736559308482,-0.0406057879954386,-1.262058423374023,28,-0.17206569920242182,-0.06558536872452318,-0.7146449756663159,,,,False,False
H,H1 · zarovnání + migrace + pullback,long,5,173,0.03845298955323405,0.10576130879348924,-0.11413754961916703,0.5838150289017341,1.0834925633989791,-1.2512957358924144,140,-1.0515890986213068,0.2929881114659927,106,-0.04521973403936752,0.19490657822225663,-0.5888924767394771,39,-0.27203386514386585,-0.09550592394990332,-0.7911948805307504,28,-0.15511369769043445,0.04861929156288101,-0.4954881889674551,-0.388276498970111,0.103419142433208,0.8665,False,False
H,H1 · zarovnání + migrace + pullback,long,7,173,0.03845298955323405,0.22584175060855627,-0.09560554512410398,0.630057803468208,1.3089893549060791,-1.4767804896951602,132,-1.270870111272478,0.20377486105798326,106,-0.07078933021206701,0.2813533014433111,-1.2563554378738402,39,-0.33244823887040614,-0.07700909278363251,-0.6686001003064992,28,0.14033539328410552,0.43751884003038966,0.015937492766668605,,,,False,False
H,H1 · zarovnání + migrace + pullback,long,10,173,0.03845298955323405,0.16321128540138036,-0.3059606403409746,0.6184971098265896,1.602585067096779,-1.8389594493673849,121,-1.8506415319179628,0.06422114061137552,106,-0.22488337099362163,0.2922997739728167,-1.7161502122671082,39,-0.670784100865442,-0.30387517161686123,-0.7564498901862274,28,-0.10474905428258806,0.3251038580849221,-0.4498883975371647,-0.7980892399360641,0.04164889370495682,0.9635,False,False
H,H1 · zarovnání + migrace + pullback,long,20,173,0.03845298955323405,0.43975979095534473,-0.48941740335233014,0.6416184971098265,2.593031480779192,-2.892959572523112,95,-1.4207865446099512,0.15537882354143706,106,-0.4131259582790942,0.6363215359138958,-1.6580525151049286,39,-1.2146980195386199,-0.6007171658141057,-0.21425234743478305,28,0.23197726998703763,1.1448689462554225,-0.807116285059423,,,,False,False
H,H2 · balance → breakout → akceptace (2. close),long,1,467,0.10380084463214048,0.0358892605860904,0.01979250599555325,0.5524625267665952,0.3893176706817111,-0.4189731266507913,411,1.0779517341852032,0.28105529623150094,270,0.04724549966556422,0.06474614002476813,1.5784016462617834,96,-0.06367701157921636,-0.050195662115658624,-0.516335069277098,101,0.025740678235898935,0.040570400496238126,0.12618896487045336,,,,False,False
H,H2 · balance → breakout → akceptace (2. close),long,2,467,0.10380084463214048,0.060300921232029306,0.0013515985870533522,0.5524625267665952,0.6353288214592651,-0.6716577198452063,373,0.7082764387892626,0.4787736056471381,270,0.02414573253492416,0.08400506290094564,1.4581974395563324,96,-0.18190856637457886,-0.12486248014838545,-1.5221998105363324,101,0.11460466463053429,0.1729303101618551,0.9096884181378393,,,,False,False
H,H2 · balance → breakout → akceptace (2. close),long,3,467,0.10380084463214048,0.11806519295441702,0.01537361984396859,0.582441113490364,0.8259023673293063,-0.8458132238011239,346,0.23167546325881486,0.8167900904070942,270,0.05645274591263082,0.1607018138555339,1.215356990380261,96,-0.277650895039959,-0.18151603890867488,-1.991023387467774,101,0.1840764850946443,0.2888365851876374,0.8285804879880753,,,,False,False
H,H2 · balance → breakout → akceptace (2. close),long,5,466,0.10357857301622583,0.1487911015359467,-0.044517785495500097,0.5815450643776824,1.1062727810330102,-1.158692347757414,299,-1.0138292313888906,0.31066424444476537,270,-0.055282615213142844,0.14102148704178247,-0.8327647964725834,96,-0.20724181363229607,-0.031106533144560883,-1.111143493080653,100,0.14076232175345943,0.3424707899634773,0.5459322027052521,-0.2797469807921322,0.07336422396704387,0.8655,False,False
H,H2 · balance → breakout → akceptace (2. close),long,7,465,0.10335630140031118,0.2795548125864076,-0.0034568263281970677,0.6279569892473118,1.360181205497429,-1.3817916833656734,261,0.29524331186081587,0.7678080177470847,270,0.017874476518400684,0.30614999213088223,0.5912448636765186,96,-0.2328825449674481,0.021854923757633815,-0.9940884905199336,99,0.16084031731611312,0.45691330602634833,0.6864233435326157,,,,False,False
H,H2 · balance → breakout → akceptace (2. close),long,10,465,0.10335630140031118,0.2683512595446694,-0.14355052356780293,0.6365591397849463,1.6609616529807094,-1.7049032129056163,219,0.2862290919681435,0.7747026632540077,270,-0.11505541790485732,0.3061891751850329,1.025393359712126,96,-0.39703776138611907,-0.029284637598875157,-1.2555194977856827,99,0.024541358266167004,0.4537735716949939,0.7118072138477001,-0.22802831930030357,0.3044133272449856,0.3955,False,False
H,H2 · balance → breakout → akceptace (2. close),long,20,465,0.10335630140031118,0.9398756206007283,0.12533458084352833,0.6946236559139785,2.5840321530285864,-2.4575030902078248,152,0.17702265914423013,0.8594905912304203,270,0.053996421832343884,0.8929442278590037,-0.3162598165901713,96,0.22174808525039544,0.8664883077052242,0.5982515323991702,99,0.22640131326737228,1.1390337830071322,0.31660189238359554,,,,False,False
H,H3 · Bull stáří 3–10,long,1,706,0.15692376083574128,0.02042437133622849,0.0002950216120546334,0.5424929178470255,0.3799536273702113,-0.44593880119397283,385,-0.44951843536601116,0.6530577122580974,382,0.02856849906414007,0.05489180832748342,0.3568158251541245,169,-0.022465476088740416,-0.0074785281399136535,-0.5833611934278536,155,-0.044569135002540686,-0.03409802169081255,-0.7830367355169063,,,,False,False
H,H3 · Bull stáří 3–10,long,2,706,0.15692376083574128,0.03453206306986938,-0.03794930846141835,0.5311614730878187,0.6028584364535929,-0.6884556318346419,294,-0.3393245442254381,0.7343652547034358,382,0.0024090453461511957,0.08435399597034114,0.27940453473665744,169,-0.09484951468018808,-0.02634290071141927,-0.5597228552025836,155,-0.07537354267767309,-0.021881546536210755,-0.4337982045873526,,,,False,False
H,H3 · Bull stáří 3–10,long,3,706,0.15692376083574128,0.02628946152970256,-0.09918248276108912,0.5339943342776204,0.7675574951517223,-0.8910840875762518,232,-1.575503903143564,0.11514017823695832,382,-0.03369672930035374,0.10597060087634799,-0.21300857859432365,169,-0.2094778408257499,-0.09247325433646443,-1.379385095599069,155,-0.14031565894865847,-0.04059632072214472,-1.6129994709153228,,,,False,False
H,H3 · Bull stáří 3–10,long,5,706,0.15692376083574128,0.08165980980670033,-0.15332389112744296,0.5410764872521246,1.0313097969051737,-1.1961300331064764,200,-0.6939582152129189,0.48770841358614336,382,-0.05904299268552031,0.2005673447330976,-0.33106536605716663,169,-0.2948040806503516,-0.07962723241253412,-0.7996774845453045,155,-0.23142164064642948,-0.03553482378577134,-0.1661339820104651,-0.23620009040864404,0.14835995571678962,0.6715,False,False
H,H3 · Bull stáří 3–10,long,7,706,0.15692376083574128,0.16742215795494755,-0.17487858082839006,0.5991501416430595,1.2712616206884662,-1.4462513191440196,147,-0.8284091894293456,0.40743880406775457,382,-0.0009865164416843167,0.3773923025564205,-0.43240588443118333,169,-0.43086392224456327,-0.12127220254662116,0.8457261449228164,155,-0.32433178015992764,-0.035282669870843004,-1.8117572693133295,,,,False,False
H,H3 · Bull stáří 3–10,long,10,706,0.15692376083574128,0.21220919154669307,-0.28516162626879915,0.6175637393767706,1.6306905584877893,-1.827055044594104,136,-1.645723587501602,0.09982068047568093,382,-0.13656920304130762,0.4173689021118227,-0.7616586866060455,169,-0.6661244728834799,-0.2265319892016888,-0.85713528882295,155,-0.23599765591409413,0.18495919226022212,-1.6388408305051503,-0.6067462435128324,0.05828887796118693,0.9455,False,False
H,H3 · Bull stáří 3–10,long,20,706,0.15692376083574128,0.5308913749501705,-0.439252842650073,0.6671388101983002,2.7404518700133007,-2.8479788358867655,105,-1.3883625613750916,0.1650266706509269,382,-0.13779804857665467,0.9689806327614173,-0.03263749837085882,169,-1.1985606441250216,-0.4746423528739039,-0.6577751760488917,155,-0.354302603209941,0.5475694621654752,-1.9171244519148698,,,,False,False
H,H4 · failed breakout + Transition,long,1,35,0.00777950655701267,-0.05243774823806431,-0.06725461134495112,0.5142857142857142,0.38337529387547914,-0.41093063301777144,35,-0.7860865163021717,0.4318168031771261,18,-0.12536564415062848,-0.1148455967542507,-1.0064620325743645,11,-0.11791643133929779,-0.1177631735836052,-0.9093130195284795,6,0.19995849039504998,0.2545490771106532,0.8669974427240856,,,,False,False
H,H4 · failed breakout + Transition,long,2,35,0.00777950655701267,-0.18937314080802178,-0.2328793119941953,0.4,0.6497412326322825,-0.7706536798326012,35,-1.6434434276723187,0.1002912211384952,18,-0.5079685008064465,-0.466371026336686,-3.6706256085470828,11,0.04498390129809433,0.058812619135989015,0.15674448220436,6,0.08297236340669421,0.1866132892139506,0.18304013393624521,,,,False,False
H,H4 · failed breakout + Transition,long,3,35,0.00777950655701267,-0.24227788761304855,-0.31482910863685076,0.5428571428571428,0.7718380053331267,-1.1640580098453732,35,-1.4920377151928994,0.13568925842924262,18,-0.6586280082564252,-0.5846051576478293,-2.9617392679421277,11,0.16225065044747164,0.1879844206750696,0.3608346736025695,6,-0.15807863476605208,-0.004110309370256721,-0.26308358344742033,,,,False,False
H,H4 · failed breakout + Transition,long,5,35,0.00777950655701267,-0.1583112262348223,-0.2895545103348879,0.5142857142857142,1.1153292219052227,-1.5311997548551188,34,-0.8771642964794961,0.38039740562916524,18,-0.5306751019213989,-0.3934751584755796,-1.5737247570015565,11,0.173271252740684,0.22701194666484278,0.25728749065006423,6,-0.41470663454723716,-0.15924524649526925,-0.32312625560665575,-0.6613118694688056,0.1824496457790033,0.863,False,False
H,H4 · failed breakout + Transition,long,7,35,0.00777950655701267,0.11919963469666044,-0.06969498724193375,0.6,1.427765502163535,-1.7761795329851722,34,-0.2243093822118925,0.8225165762547051,18,-0.372455958517661,-0.17188945757272808,-0.5891149765469549,11,0.434927106976866,0.5149734913473825,0.7287517529532979,6,-0.0865525794825512,0.2668815076451688,-0.25409992200900006,,,,False,False
H,H4 · failed breakout + Transition,long,10,35,0.00777950655701267,0.3749581171576054,0.10622827218446398,0.6857142857142857,1.7857578883947556,-2.0225786532310956,34,0.2207919285906623,0.8252544485523268,18,-0.004024938745871904,0.28438399953657956,-0.00510429922698111,11,0.644412464319088,0.7582086648113493,0.8825483298964036,6,-0.5496831139380058,-0.055945534011181554,-0.6585474905766211,-0.7039939178507103,0.919783950152782,0.3795,False,False
H,H4 · failed breakout + Transition,long,20,35,0.00777950655701267,1.1189966014568493,0.6313238413321536,0.8285714285714286,2.813882944564524,-2.4677795543168894,32,0.614337537260568,0.5389923024193712,18,0.12089604813134693,0.6269559994872665,0.11181204494890633,11,1.3012038690128487,1.4878977869243748,1.2564834591596072,6,0.9344938368532997,1.9187995673418008,,,,,False,False
H,H5 · hodnota předbíhá cenu,long,1,189,0.042009335407868414,0.0899816133380998,0.07209156233701372,0.6190476190476191,0.5154206452714508,-0.4908130233412084,187,1.5157826273993003,0.12957432629643018,112,0.07259894361032608,0.09227453244154311,1.235011766356734,42,-0.0016350609483210279,0.005372674771125495,0.12903345941501215,35,0.15893989020481572,0.18417499848745036,1.1947993415941032,,,,False,False
H,H5 · hodnota předbíhá cenu,long,2,189,0.042009335407868414,0.2016253661839476,0.14143273498181305,0.5978835978835979,0.7966169576004511,-0.7125715700608943,178,1.919494956137808,0.05492172401223572,112,0.18997841225778273,0.25430676039506045,2.3557001704376304,42,0.0930222375856868,0.13299012596254528,0.4221354514216644,35,0.044179164574061486,0.11540719297406914,-0.053672695327438374,,,,True,False
H,H5 · hodnota předbíhá cenu,long,3,189,0.042009335407868414,0.23915146799044482,0.1360225339265883,0.6190476190476191,1.0053290723595776,-0.8887189646018497,169,1.4489439871534229,0.1473532256757133,112,0.2230982254733855,0.3336895453678664,2.512881676033235,42,0.05752918316230314,0.1261626450993668,0.008235251404677223,35,-0.04842765810602041,0.07221620785198955,-0.46051047465187495,,,,False,False
H,H5 · hodnota předbíhá cenu,long,5,189,0.042009335407868414,0.2572733698266891,0.06571144802191918,0.6084656084656085,1.3038910584982608,-1.2448715793078369,159,0.2934974732009563,0.7691419305962943,112,0.15859646871278557,0.3639817252146407,0.8534416760611209,42,0.25826994524202335,0.3892635657847296,0.9794279222221007,35,-0.4625908148529782,-0.24258160256440436,-1.7844776494327736,-0.1946485490674268,0.2533697887034288,0.3815,False,False
H,H5 · hodnota předbíhá cenu,long,7,189,0.042009335407868414,0.33608334786755567,0.056995560335912694,0.6455026455026455,1.594054921083817,-1.5399911033756535,150,0.34171505976584843,0.7325653375840635,112,0.11401155505971164,0.41428672482789797,0.9648840091811645,42,0.17650079006926145,0.3675289386364377,0.007741359867892083,35,-0.26886189846026215,0.04809783267180169,-0.958339414969696,,,,False,False
H,H5 · hodnota předbíhá cenu,long,10,189,0.042009335407868414,0.3609294491160927,-0.04311464619547614,0.6349206349206349,1.955343021640095,-1.9503707954910483,134,0.2146234193152178,0.8300609334267635,112,-0.014732722988407835,0.42188934961262464,1.3669309111058436,42,0.08969240118439548,0.3643498580860244,-0.6096068014297606,35,-0.2933052573139407,0.16175327676327256,-0.7332148818617491,-0.28463921604727116,0.36490424079458406,0.3855,False,False
H,H5 · hodnota předbíhá cenu,long,20,189,0.042009335407868414,0.9044899730317429,0.14502676415966112,0.671957671957672,2.9021178010547874,-2.74353556502448,101,0.1781194126212844,0.8586291967432158,112,0.37079219763492893,1.191965463359692,1.0287468642854174,42,-0.2195201781666303,0.21551407951013873,-0.8042059939667874,35,-0.1399662921696462,0.8113394762082309,-0.39640441711302904,,,,False,False
REF,RSI(2) extrém (reverze),long,1,438,0.0973549677706157,0.05288844940771728,0.043543393809451984,0.5365296803652968,0.61206796322471,-0.5942111391998888,298,0.33110489205534654,0.7405652565386098,234,0.006610706543832414,0.01755548210004745,0.08455464143982648,94,0.14092405583965872,0.13749203517152309,0.7626309260122274,110,0.038893090075956954,0.05575369748223544,-0.33549221030777565,,,,False,False
REF,RSI(2) extrém (reverze),long,2,438,0.0973549677706157,0.16055376827104936,0.12423711480066622,0.5707762557077626,0.9627818050633733,-0.9090271941852072,258,1.250827235096797,0.21099751608419703,234,0.06704491669694862,0.10898552697547695,0.35486532535138476,94,0.12832489020156296,0.12492571774111583,0.812001579172429,110,0.2424073281514447,0.30069927020721027,1.4627238438937231,,,,False,False
REF,RSI(2) extrém (reverze),long,3,438,0.0973549677706157,0.24372857746788718,0.17897774603480407,0.5821917808219178,1.2178796487204482,-1.1388524915138243,233,0.9746438053074444,0.329736976547766,234,0.09188153961923495,0.1670648330551504,0.7175926908075119,94,0.17187607685456519,0.16729113523197423,-0.3346543487951729,110,0.3703238297092189,0.4721325389474891,1.7610549617444302,,,,False,False
REF,RSI(2) extrém (reverze),long,5,438,0.0973549677706157,0.41108824806327304,0.28545291043959325,0.6210045662100456,1.6060133140057988,-1.4588279207233974,209,1.0766055285234042,0.2816565333087344,234,0.19458160810529584,0.3385898746395163,-0.014993249414349649,94,0.4082474929010292,0.4073242843709139,0.822842820398882,110,0.3738274013018716,0.5685285386836443,1.3619820436445467,-0.08428092304756812,0.3867039125793953,0.1065,False,False
REF,RSI(2) extrém (reverze),long,7,438,0.0973549677706157,0.459476241912892,0.2729031163661483,0.6141552511415526,1.8947447709877079,-1.7495929464372617,192,0.8074708291244531,0.4193952742514875,234,0.23641580012679425,0.4497867336600494,0.96057850599317,94,0.2671051590141171,0.27034646982765,0.19471154053557557,110,0.35547620719432815,0.6417084556145093,0.04551383365429159,,,,False,False
REF,RSI(2) extrém (reverze),long,10,438,0.0973549677706157,0.5142909826945495,0.24181072386556668,0.634703196347032,2.2773926999021827,-2.1269040385286404,172,0.7032898544955191,0.4818751320162331,234,0.27883349473314684,0.58959174465703,0.0036956282288798056,94,0.09512617303472559,0.10562241291193356,0.48706126031359354,110,0.288401809275433,0.7033315941522359,1.0782373801166176,-0.22030018545946484,0.4938018558358367,0.211,False,False
REF,RSI(2) extrém (reverze),long,20,435,0.09668815292287175,1.2757770667877133,0.7290530927068034,0.696551724137931,3.229703897262343,-2.7720793357974496,122,1.101818797610012,0.27054045648920955,234,0.8896360139506836,1.487921667818656,1.054009331477492,94,0.2708711409573125,0.30962266498824553,0.45432859892858607,107,0.7803867365702063,1.6606058249924747,0.5005279298699427,,,,False,False
REF,každý den,long,1,4499,1.0,0.015264687027064646,-4.935421314181625e-19,0.5398977550566793,0.4308528257550961,-0.47789522221680525,2250,0.4279749279737354,0.6686693742154506,2504,3.1923345755994915e-18,0.018370646341494084,-0.18329341290680737,1033,-3.4392194373673776e-18,0.007882460665780413,0.5542040336470215,962,-8.309361514866037e-18,0.01510722102693501,0.6350069587317987,,,,False,False
REF,každý den,long,2,4498,0.9997777283840854,0.05591845366816028,-5.923822274567309e-19,0.5602489995553579,0.6934861726466128,-0.7472337680005425,1500,-0.5513333407595626,0.5814051870518999,2504,2.128223050399661e-18,0.06240246944298833,-0.44727173328886527,1033,2.579414578025533e-18,0.03918540577098619,0.22840388214827426,961,9.242231214361345e-18,0.05701029859803688,-0.7627333684938523,,,,False,False
REF,každý den,long,3,4497,0.9995554567681707,0.09739822662090472,3.1600744307765184e-18,0.5817211474316211,0.8912959781694135,-0.9510230632099793,1125,-0.30185742487787154,0.7627607526695013,2504,2.128223050399661e-18,0.10848265516132811,-0.11967283189535007,1033,-6.878438874734755e-18,0.06680289077889115,-0.24347436812089954,960,2.2204460492503132e-17,0.1014081983496337,-0.207514753401609,,,,False,False
REF,každý den,long,5,4495,0.9991109135363414,0.18452222483319017,1.1855551764629035e-18,0.6004449388209121,1.2079328858652276,-1.2690722655137094,750,-0.3583742365325593,0.7200632692850846,2504,0.0,0.2046838446378424,-0.4777398335087496,1033,-6.878438874734755e-18,0.12561274597417932,-0.22255365367344213,958,-1.4833877573279752e-17,0.19534560235981768,0.26119145705277624,-0.13120348656728353,0.09144212492009858,0.6425,False,False
REF,každý den,long,7,4493,0.9986663703045121,0.27097168054087994,1.265155104847719e-17,0.6136211885154685,1.4695720730595747,-1.5236169981518177,562,-0.6126390318114596,0.5401150437950859,2504,4.256446100799322e-18,0.30087463702712947,-0.5471539036874995,1033,4.470985268577591e-17,0.18300799976152826,0.1710841838225253,956,1.4864910789960254e-17,0.2876970771972623,-0.6279253218531704,,,,False,False
REF,každý den,long,10,4490,0.9979995554567682,0.3950639232787526,0.0,0.6385300668151448,1.805969848792241,-1.8419443052832842,409,-0.12103032414601765,0.9036670165451255,2504,-2.2701045870929717e-17,0.44017136340811197,0.09681417549058917,1033,-1.375687774946951e-17,0.264553711211182,-0.07021306282373782,953,7.455852421407138e-18,0.4180104279816744,-0.3412048840823312,-0.20029813193602383,0.1870541626326102,0.5545,False,False
REF,každý den,long,20,4480,0.9957768392976217,0.7790538629499497,4.123685520036296e-17,0.6767857142857143,2.714794315608544,-2.66816594560725,214,0.02212475372820713,0.9823484406874006,2504,3.9726830274127006e-17,0.8730220322480122,0.5832950575190028,1033,4.6429462404459597e-17,0.4523488213429547,-0.5349728006281077,943,3.013967065790457e-17,0.8874207898403819,-0.13247269245706736,,,,False,False
SW01,A · POC roste 2 dny,short,1,876,0.1947099355412314,-0.008706449781706368,0.003344646198492125,0.4748858447488584,0.5529263319108916,-0.5055431086236877,605,0.38224489216890495,0.7022797262430476,474,0.026750516873080814,0.012478104454607326,1.3756353619800603,196,-0.038703378959775984,-0.03999771462131202,-0.953596588305316,206,-0.010504721610898639,-0.02767922065282278,-0.44034956481874077,,,,False,False
SW01,A · POC roste 2 dny,short,2,875,0.19448766392531674,-0.05756278464850438,-0.012762615493593265,0.4514285714285714,0.8408328912596382,-0.7960345659595102,531,0.33180046264332297,0.7400399349160702,474,0.0416549404016839,-0.01026022688313381,-0.10861501754991483,196,-0.04818935310110747,-0.06054931105811656,0.7931431207038903,205,-0.10471520536329369,-0.1640801173533905,-0.04137801667936438,,,,False,False
SW01,A · POC roste 2 dny,short,3,874,0.1942653923094021,-0.0892214335809471,-0.010589240872077351,0.4473684210526316,1.0797829548697735,-1.003251805087566,464,-0.07518304049613941,0.9400690778837955,474,0.09155682105062012,-4.9797126354019645e-05,1.2190561284375845,196,-0.11724819271677377,-0.1386053294561044,-1.5345129014737007,204,-0.14545237219461704,-0.24896708107087978,-0.7527965449090956,,,,False,False
SW01,A · POC roste 2 dny,short,5,874,0.1942653923094021,-0.20489231157913804,-0.054485933507250756,0.408466819221968,1.436698341494984,-1.349627662647668,388,-0.2828144307460331,0.7773190916227741,474,0.015557897794685933,-0.15832836149853202,0.8481616704727263,196,-0.13383746035483174,-0.17806678950418692,-0.7661205717628473,204,-0.1409951333846632,-0.33885855993647956,-1.0036849374961032,-0.18684975954113142,0.1253025107439542,0.655,False,False
SW01,A · POC roste 2 dny,short,7,874,0.1942653923094021,-0.2737037509455846,-0.05187280113330994,0.40503432494279173,1.7349398771565518,-1.617751949318717,330,-0.0025864161222727724,0.9979363408090518,474,0.0368506054768453,-0.21988804226028474,0.9473229603963957,196,-0.18064754458436028,-0.24812004110411578,-1.6726102003516965,204,-0.1342994923921713,-0.4233265599934278,0.15021620616204767,,,,False,False
SW01,A · POC roste 2 dny,short,10,873,0.19404312069348745,-0.41871452365942596,-0.09478557559987412,0.3642611683848797,2.0573696994356436,-1.9718463486266014,273,0.2624936521102044,0.7929408787161192,474,-0.03980476653786682,-0.4148036498499963,0.8505421302659378,196,-0.05248384678417624,-0.1552999387849521,-0.33893218986750073,203,-0.2640074590642497,-0.6821776410045814,-0.5541844599010888,-0.22486388884240407,0.33272265282137786,0.392,False,False
SW01,A · POC roste 2 dny,short,20,867,0.19270949099799956,-0.933305851197084,-0.2852771615140533,0.3206459054209919,2.789468099886574,-2.9161322109260364,169,-0.435621178032659,0.6631116026768968,474,-0.3500431205474325,-1.0815974231617693,0.5778296751110504,196,-0.09738891217862983,-0.3008284946595889,-1.3017261058157723,197,-0.3163788482547704,-1.2057695911467714,-0.6925317363957199,,,,False,False
SW01,B · POC roste 3 dny,short,1,390,0.0866859302067126,-0.00863666263717481,0.00011814556031640295,0.47692307692307695,0.5680114231417486,-0.5309398830639063,271,-0.2673630998083608,0.7891896076699996,208,0.033002341321443966,0.023216018705870995,-0.5143648459060106,84,-0.05041440616069915,-0.046670042400325254,0.05250264029898694,98,-0.02636326641671651,-0.04364231385400018,0.12508077543872637,,,,False,False
SW01,B · POC roste 3 dny,short,2,389,0.08646365859079795,-0.08886419931428546,-0.05321188868750305,0.4473007712082262,0.8655189185577947,-0.8380773904586808,233,-1.097945563607516,0.27222826034539827,208,0.07952395296557414,0.03799599680868004,0.8833955550246758,84,-0.14522381239852408,-0.13928686061539255,-2.458643269489561,97,-0.25816089355466065,-0.3172293255440157,-1.676468573819336,,,,False,False
SW01,B · POC roste 3 dny,short,3,389,0.08646365859079795,-0.10515088207483483,-0.04141280111364024,0.4318766066838046,1.1148038045616206,-1.0605835743507541,227,-0.5504665399510322,0.5819994206208807,208,0.08389557687526894,0.00868410174493651,0.7328068296864814,84,-0.08721515681595568,-0.07776395566039064,-0.7535348635995379,97,-0.2704514067084713,-0.37296715478953324,-1.7288364300381216,,,,False,False
SW01,B · POC roste 3 dny,short,5,389,0.08646365859079795,-0.2398923971666198,-0.1162692143719206,0.39331619537275064,1.491700308209888,-1.4181428292360052,209,-1.0419021851330652,0.29745703094327514,208,-0.034426040975291367,-0.17810100201509338,-0.10653059560325126,84,-0.23929456245563824,-0.2295026268745532,-1.2087484794357566,97,-0.1852305631086897,-0.3813908600125072,-0.8665226876734545,-0.338333363096159,0.08412564277315557,0.8895,False,False
SW01,B · POC roste 3 dny,short,7,389,0.08646365859079795,-0.37770545476492895,-0.1942469307780287,0.38817480719794345,1.732023588235972,-1.6802502717162862,189,-1.0384939543585476,0.29904014843188076,208,-0.1135491456617391,-0.32654506117971704,-0.9083487255849966,84,-0.22602410459050498,-0.2170862931394503,-1.0916537673736202,97,-0.33977122669493837,-0.626503098499612,0.35808569674684343,,,,False,False
SW01,B · POC roste 3 dny,short,10,389,0.08646365859079795,-0.4442238852790355,-0.17645342205048495,0.36246786632390743,2.0623369425869824,-2.036762951887277,165,-1.0113769299438518,0.3118360585943898,208,-0.20323385671331973,-0.5125587261792913,-0.7529022136644873,84,0.20109026229170693,0.20551929504118982,0.021529496583193107,97,-0.4459723815852734,-0.8603556403269293,-1.3170336704606997,-0.4842144157755344,0.0826487359531505,0.912,False,False
SW01,B · POC roste 3 dny,short,20,385,0.08557457212713937,-1.0488978720684161,-0.5122259402358199,0.3116883116883117,2.705529743053072,-2.99937144245749,125,-1.2377551310603208,0.21580687009384825,208,-0.6308607311528814,-1.2210971475233452,-0.9845496561136616,84,-0.014964436258831874,-0.03582617949185831,-0.7741074563426567,93,-0.696031637260746,-1.578796505206111,-0.149541762261394,,,,False,False
SW01,C · POC + střed VA 2 dny,short,1,762,0.16937097132696155,-0.02226708631879308,-0.009645346609837832,0.46981627296587924,0.5440371216369287,-0.5164475290608412,536,-0.011444780853156958,0.9908685853992887,409,0.01584410577897107,8.999374783746553e-05,0.9197838579013579,173,-0.05374367206131264,-0.053870031211506644,-1.186433279460271,180,-0.02517965618715842,-0.04269339898997333,-0.35870328673668644,,,,False,False
SW01,C · POC + střed VA 2 dny,short,2,761,0.1691486997110469,-0.10384753373728499,-0.05830505334320865,0.44021024967148487,0.8165968631363646,-0.8206938160156642,472,-0.3357644186702919,0.737048523773645,409,-0.009140879904483815,-0.06417777625578586,-0.4484695280458071,173,-0.09312161641691338,-0.10189853684606172,0.20987873965278,179,-0.13699154230794355,-0.1963732726876468,-0.2747419434751339,,,,False,False
SW01,C · POC + střed VA 2 dny,short,3,761,0.1691486997110469,-0.15583458286601679,-0.07629282612097762,0.43495400788436267,1.0332616118738989,-1.0364287494082012,419,-1.1766889684911779,0.23931967250367858,409,0.0315820727821386,-0.06477686480396433,0.2986069062183704,173,-0.17941995937222027,-0.1949944893372728,-1.8459839344632518,179,-0.22310757248360077,-0.32604655419479983,-1.2297972090660083,,,,False,False
SW01,C · POC + střed VA 2 dny,short,5,761,0.1691486997110469,-0.24062739436466124,-0.08850063699022447,0.40341655716162944,1.3912915354020226,-1.3832418525833445,355,-0.5244773397097254,0.5999465767141079,409,-0.012585583000263318,-0.19507534360320725,0.9106210811121722,173,-0.1526531623923699,-0.18692959885451435,-0.796313216039257,179,-0.19995801233839727,-0.3966078825472874,-1.654403803325283,-0.22525152427754383,0.12201138447262924,0.721,False,False
SW01,C · POC + střed VA 2 dny,short,7,761,0.1691486997110469,-0.32476368781746456,-0.10041872709281675,0.4021024967148489,1.6935275720242948,-1.6545239005381314,303,-0.6350912493145172,0.5253689039098082,409,-0.027800355968367583,-0.29692154424379674,0.44565011864037474,173,-0.17747230222605334,-0.23072996688137837,-1.9091316432265488,179,-0.19187484604169813,-0.4792624053793253,-0.11088958233141308,,,,False,False
SW01,C · POC + střed VA 2 dny,short,10,760,0.16892642809513225,-0.45389587823586525,-0.126090005622349,0.3671052631578947,2.017171104186742,-2.0037862658282974,259,-0.3119542185314843,0.755075316575958,409,-0.07195255262380926,-0.4654451400256084,0.2182388378829554,173,-0.07966390411321973,-0.1616301855923565,-0.5409235781196011,178,-0.29560648785539456,-0.711414511692731,-0.43706831768585247,-0.32531911136721514,0.22496652310913037,0.6665,False,False
SW01,C · POC + střed VA 2 dny,short,20,754,0.16759279839964436,-0.9918587392937122,-0.33431610748563867,0.3156498673740053,2.747375080917447,-2.9746906185125894,162,-0.35115245395646466,0.7254739778032753,409,-0.4012355710479459,-1.1723264878588728,0.5170686592399064,173,-0.06327664562882064,-0.22737737798622756,-1.1979411036699723,172,-0.4478031208824166,-1.331649241288155,-0.5069129028196059,,,,False,False
SW01,D · C + nad týdenní VWAP,short,1,612,0.13603022893976438,-0.04175414945925283,-0.03035525520988377,0.4673202614379085,0.5318392424325206,-0.5364475797253649,451,-0.8496671855507918,0.39551014719042277,322,-0.008132612508531822,-0.022665081880350855,0.34494197184905,144,-0.06376072832183646,-0.061670621218182266,-1.220747090860832,146,-0.04641897316682994,-0.06421105238473636,-1.2536539038289143,,,,False,False
SW01,D · C + nad týdenní VWAP,short,2,611,0.13580795732384973,-0.1099891406527815,-0.06828997382416838,0.4402618657937807,0.8135859583744605,-0.8374002150827635,392,-0.08067624129286842,0.9356994319144873,322,-0.03314855932899822,-0.0853195129702582,-0.19610432992515586,144,-0.10147553124838289,-0.10201110674325269,-0.037369136099104125,145,-0.11337145795077459,-0.17269574063033083,0.17425584126615934,,,,False,False
SW01,D · C + nad týdenní VWAP,short,3,611,0.13580795732384973,-0.19460936928776634,-0.12155551102532107,0.42225859247135844,1.0214100177375922,-1.0581710934724564,363,-1.9110193586195063,0.056002093173427525,322,-0.025672337691750546,-0.11745180458354673,-0.2328351894340652,144,-0.21189258527310167,-0.21362930777880065,-2.2979683221437592,145,-0.24476822220966116,-0.34706360854328205,-1.417628266016283,,,,False,False
SW01,D · C + nad týdenní VWAP,short,5,611,0.13580795732384973,-0.2623698443553198,-0.12194256919297336,0.40589198036006546,1.374016039378774,-1.4141677451470527,316,-0.6968954000351589,0.48586825672517686,322,-0.050440693048448365,-0.2244857309304749,0.4624372687760068,144,-0.15501342136777582,-0.16485262859084804,-0.3557365987314279,145,-0.24788326854032158,-0.4433433863752097,-1.7960508961718682,-0.251628024294532,0.09802677380665065,0.793,False,False
SW01,D · C + nad týdenní VWAP,short,7,611,0.13580795732384973,-0.35420109590006504,-0.1465946121366637,0.4026186579378069,1.6803274337734306,-1.6827207975660468,273,-0.34780093792438366,0.7279896852283763,322,-0.047985538522705734,-0.3049946580622367,0.972146729373069,144,-0.2918798635832952,-0.3104730505818214,-1.7139932625819696,145,-0.22129147762203985,-0.5068997959663262,-0.42305840502202163,,,,False,False
SW01,D · C + nad týdenní VWAP,short,10,610,0.13558568570793508,-0.4531185207874592,-0.14967645030493948,0.3704918032786885,2.0036057567769583,-2.0338332011729494,238,-0.6146353277223604,0.5387955783767095,322,-0.080233486669746,-0.45550611588334916,-0.346112909493644,144,-0.06939456019134198,-0.10249024797049947,0.02237555560575716,144,-0.385240522991678,-0.7984078656816648,-0.8753817450411328,-0.3602768696055818,0.14130164727209002,0.7875,False,False
SW01,D · C + nad týdenní VWAP,short,20,605,0.13447432762836187,-0.9470866958553337,-0.33843720602819055,0.31074380165289256,2.780041105300499,-2.9966578037010483,152,0.05790659643675789,0.9538230287446503,322,-0.4248623184911446,-1.15249507081032,-0.1285412503264613,144,0.06818891342144633,-0.015126823774496416,0.17193809115386885,139,-0.5594823498244242,-1.4367321983311243,0.053543820722609395,,,,False,False
SW01,E · migrace + pullback,short,1,54,0.012002667259390976,0.10400980621010404,0.1188720792153233,0.5185185185185185,0.6011101066722143,-0.47937902178292696,53,1.1154024449104738,0.2646780023082149,32,0.0460352590156143,0.026070230984077014,0.3879709524905829,12,0.21777546657225533,0.21860019057796712,0.8930167626233998,10,0.23326583902607384,0.21590798569195488,0.7278078127556167,,,,False,False
SW01,E · migrace + pullback,short,2,54,0.012002667259390976,0.02671421364210184,0.07488687104315445,0.5,0.8979356491832762,-0.7036258933147441,52,0.2593455053103237,0.7953686719522086,32,0.14711597384829694,0.08257431222221723,0.5805804082028476,12,0.04744788543925238,0.053801606522535926,-0.2211221536039224,10,-0.1233194752086191,-0.1845429732707883,-0.41369633401143807,,,,False,False
SW01,E · migrace + pullback,short,3,54,0.012002667259390976,-0.20945828634860775,-0.12636576533230814,0.3888888888888889,1.071308127579957,-0.9513233174252295,52,-0.8697960976317678,0.38441184446392573,32,0.04365114193049266,-0.06766212874028862,0.028704964564285916,12,-0.22176665650718938,-0.209166117229604,-1.3387836562359503,10,-0.5559387991634136,-0.6635565936380337,-1.284035582690004,,,,False,False
SW01,E · migrace + pullback,short,5,54,0.012002667259390976,-0.45889909129092593,-0.30349585778301774,0.37037037037037035,1.3654439249514372,-1.3387567591738516,52,-1.048016391883033,0.2946310547163191,32,-0.13048856287139138,-0.33641332432868515,-0.317812771515759,12,-0.3245710279929734,-0.3042896801212493,-0.4275475111873696,10,-0.8318289972482745,-1.0363848389737078,-1.5330944693969735,-0.7428964149748584,0.11176175359865945,0.9225,False,False
SW01,E · migrace + pullback,short,7,54,0.012002667259390976,-0.8180933158060639,-0.5897494961695182,0.2962962962962963,1.46271161160215,-1.652700294426886,52,-2.59700698506337,0.009404001170268295,32,-0.45127850898126876,-0.7524894705435903,-1.3816704539045541,12,-0.6497643455654768,-0.626116162365801,-1.5917964890101932,10,-0.9608388358967661,-1.2583982047742945,-1.8542301355628996,,,,False,False
SW01,E · migrace + pullback,short,10,54,0.012002667259390976,-0.667227756989586,-0.3308512061377364,0.35185185185185186,1.6881282740057932,-1.9867609440533185,50,-1.4662717616592735,0.14257426526431938,32,-0.16359842889227194,-0.6035676890116843,-0.5710228046682312,12,0.0076595130011494665,0.02516289909502494,-0.14337833845434203,10,-1.2722729562898851,-1.7018087618204034,-3.610488962641093,-0.9659685321979231,0.06356854315699081,0.9585,False,False
SW01,E · migrace + pullback,short,20,54,0.012002667259390976,-0.7841596233376782,-0.07207443886514042,0.3333333333333333,2.45044746156305,-2.7890287516342114,43,-0.568010812549814,0.5700276260127981,32,0.15554437178814456,-0.7309162158838303,-0.14091708898592645,12,0.2835227334344132,0.20054790195106512,0.1960663323400093,10,-1.2271712397151164,-2.136187557536483,-1.3560982937039425,,,,False,False
SW01,F · C + delta 5D,short,1,428,0.09513225161146921,-0.05001964696479464,-0.0403346134292192,0.4462616822429907,0.5550639954950736,-0.5586018881728597,312,-1.046020873487355,0.29555139529684116,248,-0.0304254485861493,-0.03989988341747484,-0.7098216112556934,92,-0.07817814120562336,-0.07735739142459258,-0.7088721806497951,88,-0.02869675349344818,-0.049958611390179784,-0.33403087686266414,,,,False,False
SW01,F · C + delta 5D,short,2,428,0.09513225161146921,-0.11298361322732041,-0.07551689602102213,0.441588785046729,0.8433482428954098,-0.8598673023553862,276,-0.2084246412838182,0.8348974178171475,248,-0.03735126109047792,-0.07709663385419706,-0.6370144843778542,92,-0.18267403815447975,-0.1872781919568509,-0.23666608955860333,88,-0.07104667314030466,-0.13644804097070426,1.0263002603595388,,,,False,False
SW01,F · C + delta 5D,short,3,428,0.09513225161146921,-0.20846795862019468,-0.14190171334426152,0.43457943925233644,1.0548289893882163,-1.097115336441437,252,-1.6034904881008336,0.10882640748577432,248,-0.04286067671178076,-0.11510329300881256,-0.20919897336401225,92,-0.30299092944177736,-0.3109619365833484,-2.158752166751665,88,-0.25260590884294076,-0.36443376656352,-1.0675081616213362,,,,False,False
SW01,F · C + delta 5D,short,5,428,0.09513225161146921,-0.31710317440692326,-0.18785487493460354,0.38317757009345793,1.4030705704065185,-1.4727747431775742,225,-1.2066337385176118,0.22757322758083243,248,-0.1523541080735763,-0.2935103540772851,-0.6726163075280912,92,-0.1048582825519593,-0.12590874117672304,-0.11090273951413739,88,-0.37467165539753555,-0.5834771209856584,-1.5670892903814486,-0.33987469908886825,0.08720580766520308,0.8875,False,False
SW01,F · C + delta 5D,short,7,428,0.09513225161146921,-0.37053487881885727,-0.1777637506333935,0.3925233644859813,1.7391309459272755,-1.7611043786173077,197,-0.13744638884413612,0.8906779659575326,248,-0.1391614696306307,-0.3516637109577961,-0.17326144921207284,92,-0.09849436447654,-0.13356727504037294,-0.42865918725543617,88,-0.3694245371687996,-0.671456119468445,0.3999444289330992,,,,False,False
SW01,F · C + delta 5D,short,10,427,0.09490997999555456,-0.49132000128531406,-0.20874023454087448,0.3583138173302108,2.069989176687824,-2.103846194624831,174,-0.1792853480627747,0.8577136510074366,248,-0.15067725908788773,-0.4626106514664723,0.3332200456698478,92,-0.03340924088983058,-0.09213022764154423,-0.29089788627211216,87,-0.5596605716470443,-0.9952898625531253,-0.8047345734079329,-0.3299865797773062,0.32893635627527534,0.5385,False,False
SW01,F · C + delta 5D,short,20,426,0.09468770837963993,-0.9910119331714603,-0.41648785284858153,0.323943661971831,2.8433956749769886,-3.091276295053634,123,-0.6558203958935506,0.5119396916962982,248,-0.5370364862328872,-1.1589931849902246,-0.5013756459979093,92,0.3904330212372338,0.26504361443946395,-0.33589770277563763,86,-0.9320769149019204,-1.850288211417408,-0.26125527565645446,,,,False,False
SW01,VM ≥ 0.10 ATR,short,1,1697,0.37719493220715716,-0.010036697185367493,0.004227831221501232,0.45668827342368884,0.5393559262063712,-0.4819183775075045,1202,0.33802795614091663,0.7353421205461146,932,0.005518575540550295,-0.011609260552179621,-0.2895294997024573,393,0.008226368924219652,0.0025704109366489892,1.0049795190695388,372,-0.003230230666998968,-0.019415633836129792,0.07178179706393556,,,,False,False
SW01,VM ≥ 0.10 ATR,short,2,1696,0.3769726605912425,-0.06871309936363512,-0.01659218573257146,0.43337264150943394,0.8200873564087254,-0.777845661636797,949,-0.32208015388391137,0.7473919727570737,932,-0.01227836619438099,-0.0712457309110587,-0.8094721750319066,393,0.004888469568017701,-0.02528317850851361,1.3167674266742038,371,-0.05018349932482231,-0.10835608128779685,-0.95589277502549,,,,False,False
SW01,VM ≥ 0.10 ATR,short,3,1695,0.37675038897532787,-0.11350324263007347,-0.02259766809873948,0.4289085545722714,1.0313491341877916,-0.9873251720952934,785,0.6867701584585755,0.49222757762656144,932,-0.002915269985466809,-0.10584394909927165,-0.13434395105793612,393,-0.044820908455238,-0.0963880526589582,1.4081749450944725,370,-0.048571348048648155,-0.15097548919589937,0.10627259866167474,,,,False,False
SW01,VM ≥ 0.10 ATR,short,5,1695,0.37675038897532787,-0.23274879120699285,-0.05989585585722309,0.3882005899705015,1.3785700532316358,-1.3313850227130428,575,-0.33839088233944836,0.7350686441430139,932,-0.05588814333508335,-0.25082538225032625,-0.16488948365095743,393,-0.07228933814627297,-0.17061210064373153,-0.1676978564277655,370,-0.05682707080597342,-0.25321456563665484,-0.29927598978133857,-0.15070128767560304,0.10510336459721044,0.651,False,False
SW01,VM ≥ 0.10 ATR,short,7,1694,0.3765281173594132,-0.30097688673856765,-0.04676873797165699,0.3919716646989374,1.6547145265290522,-1.6017609316223744,459,-0.6367506979429076,0.5242872446300355,932,-0.043375270173038626,-0.3304663817149367,-0.33582990044293703,393,-0.061198080772786594,-0.20543291293336327,-0.6580205551038301,369,-0.039971936528481834,-0.3282521506612488,-0.118643507913016,,,,False,False
SW01,VM ≥ 0.10 ATR,short,10,1692,0.3760835741275839,-0.4257718549858015,-0.05477544370147967,0.3723404255319149,1.9831229444839584,-1.9551926391113001,351,-0.6324511654726515,0.5270921093369385,932,-0.0608649177426806,-0.4811028423839301,-0.9700153542534512,393,-0.03159798093183727,-0.2417371595765867,0.1144911894539882,367,-0.06413062915671176,-0.4823308605464708,-0.033469091833829366,-0.2731310557535179,0.13714471495206063,0.7635,False,False
SW01,VM ≥ 0.10 ATR,short,20,1685,0.3745276728161814,-0.8729959887243584,-0.13788304500731455,0.32225519287833826,2.7696628608394804,-2.863896611214177,200,-0.27022591493035963,0.7869864568293183,932,-0.16903786098443926,-0.9995997768346812,-0.12748918598143144,393,-0.062268492281378374,-0.4307880399525008,-0.25666493027838017,360,-0.13977257481457198,-1.0279765258035787,-0.08642978596923435,,,,False,False
SW01,VM ≥ 0.25 ATR,short,1,1318,0.2929539897755057,-0.01433888405390015,-0.0011260042096494106,0.4582701062215478,0.5567027103141848,-0.5007992839681645,977,-0.4687606664292247,0.6392407179435176,724,0.016981868392346982,0.0010219674990227534,-0.08565635627077792,306,-0.04074258760170311,-0.045492404771148486,-0.6401141623302671,288,-0.004554564091166606,-0.019853742334588333,-0.19215879787558154,,,,False,False
SW01,VM ≥ 0.25 ATR,short,2,1318,0.2929539897755057,-0.05905087020409591,-0.00947087728986359,0.4408194233687405,0.8511728574279541,-0.8042546716245329,787,0.05708665266039869,0.9544761687182721,724,0.014190326907419632,-0.04201362064756719,-0.5324069503328605,306,-0.020436931025020283,-0.04749770954020408,0.6384669831190557,288,-0.05730108352554104,-0.1141558557668657,0.215616257011709,,,,False,False
SW01,VM ≥ 0.25 ATR,short,3,1317,0.29273171815959104,-0.11611316164915951,-0.029246977254243346,0.43356112376613515,1.068447506386352,-1.0193819237448747,673,0.40357625302015065,0.6865243510960473,724,0.007987448471427247,-0.09059302030277971,0.7685940612305013,306,-0.08368584096852782,-0.13003991005185586,-0.3339669625828962,287,-0.06513349965429369,-0.165642769048302,0.0808600872229708,,,,False,False
SW01,VM ≥ 0.25 ATR,short,5,1317,0.29273171815959104,-0.24831324324943033,-0.08239626404092848,0.3826879271070615,1.4203227908468317,-1.373427981190608,506,-0.4470335089441615,0.6548508657880348,724,-0.07678770684040306,-0.2640080405928883,-0.2026524090149439,306,-0.12803761473987302,-0.21731609545552097,-0.4652578297557663,287,-0.04788177658205518,-0.24177001658835973,-0.13444614254707135,-0.1858690150360969,0.11185676973657444,0.7,False,False
SW01,VM ≥ 0.25 ATR,short,7,1317,0.29273171815959104,-0.3087920513665534,-0.06431847910314481,0.3955960516324981,1.6994275157626684,-1.6512617176022615,424,-1.2110808379471067,0.22586442457995926,724,-0.0559624178631549,-0.3321172262357699,-0.4669778682335299,306,-0.10649312747349292,-0.2379516939421321,-1.536753082545927,287,-0.040431182714385915,-0.3254809808667631,-0.1946746289150992,,,,False,False
SW01,VM ≥ 0.25 ATR,short,10,1315,0.29228717492776174,-0.41733030652195036,-0.06046602664277137,0.379467680608365,2.0467160071648784,-2.006507985499611,328,-1.2188746737361515,0.22289176356372398,724,-0.11606454808676583,-0.5200399912863005,-1.2763751486717552,306,0.04222975113716448,-0.14991767028197603,-0.23458400677260494,285,-0.029489109011923507,-0.4435283939606962,-0.4672520555231735,-0.3897186429165165,0.07178691738370419,0.9145,False,False
SW01,VM ≥ 0.25 ATR,short,20,1308,0.2907312736163592,-0.813116782954324,-0.10801753391530723,0.33409785932721714,2.8980962924263327,-2.9072441796236146,190,-0.2776743413693794,0.781262358919423,724,-0.20131372528592417,-0.994577617341507,-0.6347611820335355,306,0.12138027239418271,-0.21496372690000534,0.188198779695547,278,-0.11754734031234755,-0.9989340169697958,0.16835662590232892,,,,False,False
SW01,VM ≥ 0.50 ATR,short,1,830,0.18448544120915758,-0.0146103910917439,-0.0027478235296570187,0.45542168674698796,0.5786904842942778,-0.5342394788940429,671,-0.16776411685802156,0.8667688529395174,458,0.010311614975479982,-0.003207957293794794,-0.10282450726823783,192,-0.024956543648569817,-0.030048508346068148,-0.09010384449084403,180,-0.012287537821443085,-0.02715592535080188,-0.098771700431932,,,,False,False
SW01,VM ≥ 0.50 ATR,short,2,830,0.18448544120915758,-0.056816787518042706,-0.010829689678360514,0.4457831325301205,0.8972642083759684,-0.8503610246666581,572,-0.020470037535761435,0.9836684136493099,458,-0.008656965181231484,-0.05788784715681138,-0.053066379482503784,192,0.04596032499035862,0.017019357114360544,0.7797712112634292,180,-0.07693408210102257,-0.1328500900450725,-0.8653894124476225,,,,False,False
SW01,VM ≥ 0.50 ATR,short,3,829,0.18426316959324293,-0.11907907866187317,-0.03810942850860187,0.4330518697225573,1.1223383682772168,-1.0736351663096022,502,0.08411694215073671,0.9329634544948795,458,-0.026042835969366046,-0.11308372799164035,0.29918046143270904,192,-0.04821716690753921,-0.09775891642077998,0.2747573151611342,179,-0.0581419067788478,-0.15728769183090413,-0.5378580416599386,,,,False,False
SW01,VM ≥ 0.50 ATR,short,5,829,0.18426316959324293,-0.27236704979550214,-0.11742010964558468,0.3823884197828709,1.4875458335635974,-1.442329114906642,410,-1.0952357663205161,0.2734133601523556,458,-0.15661692959788662,-0.32220842893343804,-0.3582603023716086,192,-0.09147781555179324,-0.18675968427346387,-1.517436214109875,179,-0.044955176281638656,-0.2366646058572714,-0.17783273343189065,-0.2542040166340757,0.05846287897439879,0.897,False,False
SW01,VM ≥ 0.50 ATR,short,7,829,0.18426316959324293,-0.32980991210367233,-0.10104135668657536,0.3896260554885404,1.7764234520044189,-1.7373158224907326,344,-0.14733729310674704,0.8828657980287764,458,-0.14676830150686992,-0.39156764883021017,0.05265224663758074,192,-0.03639108247952563,-0.17648253045578285,-0.5766399541837396,179,-0.05338723333494777,-0.33625579956535073,0.27303130719378294,,,,False,False
SW01,VM ≥ 0.50 ATR,short,10,827,0.18381862636141363,-0.4412576516654775,-0.10777315528327935,0.3784764207980653,2.1304771849171935,-2.107482688446444,273,-0.8129092824484161,0.41627007211219236,458,-0.2003257695099665,-0.5576244208719016,-1.09004548134233,192,0.07484850469381148,-0.1294901184153319,0.27649183287826135,177,-0.06638480160971294,-0.47833892899590535,-0.4392558701577997,-0.37260205654638695,0.13772825577976872,0.817,False,False
SW01,VM ≥ 0.50 ATR,short,20,823,0.18292953989775507,-0.8010669015413473,-0.14799527689149664,0.3244228432563791,3.006909134071064,-2.977490309581462,173,-1.290138643122828,0.19700252488876946,458,-0.3387306105828092,-1.0342007243260123,-1.1989154666494153,192,0.38532337531407906,0.034482773887214,-0.07169478043976986,173,-0.23493399592530842,-1.1111839353384991,-0.8612008720682615,,,,False,False
SW01,VM 3D ≥ 0.50 ATR,short,1,1246,0.27695043342965103,0.0058699348508031365,0.01691212920036228,0.46869983948635635,0.575325689981987,-0.5269213396217145,759,0.6756866000999432,0.499239645404987,694,0.026877160607958875,0.014041928632049332,0.3490940233534691,289,-0.005905424380464284,-0.00890746989299811,0.46566054966026976,263,0.015689852348601176,0.000544103241577659,0.3903949601532328,,,,False,False
SW01,VM 3D ≥ 0.50 ATR,short,2,1245,0.2767281618137364,-0.04291254509054602,0.0009017354672151349,0.4530120481927711,0.890858207937342,-0.8306883732152893,560,1.0762738796231868,0.2818047869070761,694,0.03243435980896529,-0.015664555182407044,0.9536237361424962,289,-0.020626936736521467,-0.04188260342724348,0.8256099498465892,262,-0.05887633715223038,-0.11622459904834327,-0.06662170960653933,,,,False,False
SW01,VM 3D ≥ 0.50 ATR,short,3,1245,0.2767281618137364,-0.1252964960403139,-0.0476792909643248,0.42329317269076305,1.1146105789855973,-1.0552345365373268,491,0.3146562160600668,0.7530226912547857,694,-0.027388105835570498,-0.11279539273842863,0.3631530653506705,289,-0.06300815151781679,-0.09977355062143682,-0.048186345192746484,262,-0.08451914508415793,-0.1865632781684203,0.18884084858183398,,,,False,False
SW01,VM 3D ≥ 0.50 ATR,short,5,1245,0.2767281618137364,-0.26974564144089314,-0.12068328835724149,0.39036144578313253,1.4590122194022233,-1.4243250929687732,401,-0.41105128553597314,0.6810349293503146,694,-0.15403098409694668,-0.3170371898331477,-0.15629644497308845,289,-0.08824872918408837,-0.1608886643332325,-0.2789982242997502,262,-0.06812713094382865,-0.2645522513641345,-0.3302593914484913,-0.21832346404724798,0.13852704095657464,0.6655,False,False
SW01,VM 3D ≥ 0.50 ATR,short,7,1245,0.2767281618137364,-0.3922693890466912,-0.17210887710702913,0.3855421686746988,1.736619718142358,-1.7232819308048273,338,-0.4267693067871688,0.6695473643480874,694,-0.22619688804238655,-0.46727646572876813,-0.26420725856789085,289,-0.10740712614395789,-0.21524360343181245,-0.27659809985976386,262,-0.10020706962301966,-0.38885542273118967,-0.19666290580639262,,,,False,False
SW01,VM 3D ≥ 0.50 ATR,short,10,1244,0.27650589019782174,-0.5277274990421845,-0.2069377354771188,0.3609324758842444,2.043840825252909,-2.0904663816744264,279,-1.3371276347468537,0.18118097808490785,694,-0.3240213545920926,-0.6754815275473781,-0.7926356265683653,289,-0.02925850397181157,-0.18759806524829697,-0.5096003864632762,261,-0.09235254865429102,-0.5114673863365489,-1.0974564019498267,-0.45139827329040927,0.03316734562378603,0.9465,False,False
SW01,VM 3D ≥ 0.50 ATR,short,20,1239,0.2753945321182485,-0.9297302789390788,-0.3000324225037589,0.32929782082324455,2.8231336477554407,-2.973656946925954,172,-0.13880937042387925,0.8896007891472082,694,-0.46739780025059463,-1.147752019510846,-0.1286055644378284,289,0.09730193857747564,-0.17809339740265906,0.2133914696066911,256,-0.29486858733255894,-1.1872145399047782,-0.5380945150371766,,,,False,False
BENCH,momentum 5D,short,1,1778,0.3951989330962436,-0.019408716266469995,-0.007315985091045152,0.45106861642294716,0.5430234171024458,-0.5102980747065718,1038,0.5777353763251769,0.5634427912525106,985,0.003229684363345382,-0.01136343255016018,0.9528018418442695,404,-0.020046241236269923,-0.022679884169459395,-0.08975917540789209,389,-0.02079788979516822,-0.03638314461546087,-0.16061731680856584,,,,False,False
BENCH,momentum 5D,short,2,1778,0.3951989330962436,-0.09411945038428322,-0.047773070785510345,0.42857142857142855,0.832741268801241,-0.8163495216880163,767,-1.1943098776343026,0.23235677519681852,985,-0.03190199321330531,-0.08473658768924713,-1.1498350272905893,404,-0.07699169340113309,-0.09690135037858112,-0.931057043694156,389,-0.057615456060344204,-0.11498894179023231,0.27239509584268395,,,,False,False
BENCH,momentum 5D,short,3,1778,0.3951989330962436,-0.15413066013321497,-0.07250655219890487,0.4077615298087739,1.0561091581886597,-1.0440199050248846,620,-0.661503809393862,0.5082892724491757,985,-0.04930970302998845,-0.1424910277889368,0.661176079015928,404,-0.10352747931540454,-0.13796752159156414,-0.9668764588238961,389,-0.09902696833339532,-0.20039016098139226,-1.4300403967979796,,,,False,False
BENCH,momentum 5D,short,5,1778,0.3951989330962436,-0.28455440152673805,-0.12793761440113668,0.38526434195725534,1.403185772028411,-1.4034654406853677,456,-0.981694242538115,0.3262505026825291,985,-0.13820711281469542,-0.3157544248902248,-0.866811339980876,404,-0.12341583481722834,-0.1920348764531245,-0.12853306496393085,389,-0.10663001289610752,-0.30163888768793473,-0.6951189345441282,-0.24990434691288468,0.08498219799771593,0.8425,False,False
BENCH,momentum 5D,short,7,1777,0.39497666148032895,-0.39495908183868933,-0.16373851793331712,0.38379290939786154,1.6575914841315955,-1.7012728232536078,382,-0.47200376100759367,0.6369241040674432,985,-0.17292693255677621,-0.43517666158012575,-0.29390477894340755,404,-0.16043667615418797,-0.2626567720824697,-0.46466817979247343,388,-0.14385025936285575,-0.4306184042515706,-0.036948589512350485,,,,False,False
BENCH,momentum 5D,short,10,1774,0.394309846632585,-0.5405388887457715,-0.20294336255650466,0.3652762119503946,1.980695191814976,-2.067360450633125,303,-0.42579820110840116,0.6702548978586249,985,-0.2245593559050311,-0.6079206312819012,0.11445590819233689,404,-0.208925201569034,-0.35963200985446575,-0.7005905587696393,385,-0.14136306019452965,-0.5579813891977189,-0.3249018619110759,-0.30634039400025126,0.18734059568113945,0.679,False,False
BENCH,momentum 5D,short,20,1769,0.39319848855301176,-0.9567079344835658,-0.2860264881078002,0.32108535895986434,2.7174927261719515,-2.940037440041222,188,-0.991800025862035,0.321295085055576,985,-0.2869549114631326,-1.0430091789858347,-0.51484959249801,404,-0.3090286537317478,-0.5708376148908025,-1.0270867933994903,380,-0.2591649830628602,-1.1432471010118337,-0.2976699287481205,,,,False,False
BENCH,momentum 20D,short,1,1441,0.3202933985330073,-0.007208872830696912,0.0025248419459481934,0.4600971547536433,0.501039410185597,-0.47004430574460637,788,1.3331098442131577,0.18249575930928863,790,0.003941390527579045,-0.006079967592194868,0.5439064546230643,331,-0.013236468404952644,-0.011689224842586091,1.1317536315711234,320,0.015330843029260069,-0.005361493525950967,0.8508550356141849,,,,False,False
BENCH,momentum 20D,short,2,1440,0.32007112691709266,-0.046612298541096504,-0.010609406474715683,0.44583333333333336,0.7804443149841104,-0.736828682438665,563,-0.9065984502199579,0.36461918160849494,790,0.0014469180547086544,-0.03850446585988064,-0.9026890636180563,331,-0.0426369429762859,-0.04507554763513616,-0.41508452658114275,319,-0.007234427779497738,-0.06828581693618559,-0.054717320659852985,,,,False,False
BENCH,momentum 20D,short,3,1440,0.32007112691709266,-0.09097989563046624,-0.02753673514880559,0.4284722222222222,0.9907986973639171,-0.9383036864065424,441,0.6863240442863875,0.49250878998066483,790,-0.01860835065488378,-0.09073202546277526,0.6591199309301117,331,-0.05851293621805361,-0.06343323293900643,-0.3954487969394565,319,-0.01750633137537963,-0.12017664416761073,0.8931075370507837,,,,False,False
BENCH,momentum 20D,short,5,1440,0.32007112691709266,-0.20517437454817575,-0.08285088987695612,0.4027777777777778,1.3000131986475136,-1.2650913460697462,321,-0.671830006787569,0.501691923471133,790,-0.1097347797068226,-0.24814628875780492,-0.9284628006705661,331,-0.11232180158039799,-0.1277184069451736,0.5474228733860057,319,0.01430630366358865,-0.17912457220017142,-0.4706860949399951,-0.23132019951635924,0.10934471877008181,0.731,False,False
BENCH,momentum 20D,short,7,1438,0.31962658368526337,-0.29187023827464315,-0.11019977284627416,0.4012517385257302,1.5444456041763903,-1.52206171976817,258,-0.5406416281910377,0.5887546192086739,790,-0.15137718938313505,-0.35703066039853476,-0.7354788719212183,331,-0.1758439717673374,-0.2023055254635923,-0.3954038339841227,317,0.06096233727041982,-0.2230033185982502,0.3388150189322515,,,,False,False
BENCH,momentum 20D,short,10,1435,0.3189597688375195,-0.4379558122922739,-0.17235251589271636,0.3686411149825784,1.821886765895257,-1.8367997275748724,205,-0.36619864025938315,0.7142168567455303,790,-0.2660202338704253,-0.5665073756424417,-0.4635697653397819,331,-0.18448801395750014,-0.22869809517471487,-0.31783612185073923,314,0.07610081869910998,-0.3351168610797882,0.2992431807356301,-0.40680657627162037,0.27085328371754125,0.6495,False,False
BENCH,momentum 20D,short,20,1427,0.3171815959102023,-0.9934114808549889,-0.4594357628364194,0.3027330063069376,2.366549581624817,-2.6342520985539255,124,-0.4621939053822639,0.6439422734258646,790,-0.5903430179047766,-1.1777275937502842,-0.6790426841799143,331,-0.5630740434935839,-0.6657699091006901,0.1269719571172794,306,-0.009367127537322266,-0.8719723666830599,-0.19981080918982305,,,,False,False
SW02,V1 · D/W/M zarovnáno,short,1,906,0.20137808401867083,-0.03905104771878354,-0.028121648874076817,0.45253863134657835,0.5616752171418747,-0.5416073017937489,647,-1.390951811897787,0.16424003978522173,497,-0.029867203685732382,-0.04352138605287452,-1.2636492070681185,210,-0.05530700009741007,-0.0529555356739493,-1.3162442559304766,199,0.004925911418851846,-0.01321335614778844,0.2900702701782769,,,,False,False
SW02,V1 · D/W/M zarovnáno,short,2,906,0.20137808401867083,-0.07469398303945735,-0.03355298272017117,0.445916114790287,0.8698921629827743,-0.8458414603292016,520,-0.04040983564154011,0.9677663889474253,497,-0.014835458974303651,-0.06489915168464552,-0.15815452570721691,210,-0.08622943455875123,-0.08864437199622413,-0.5584793002864294,199,-0.024711547622655303,-0.0844349353129269,0.8134796235358883,,,,False,False
SW02,V1 · D/W/M zarovnáno,short,3,906,0.20137808401867083,-0.13637130844039952,-0.06390899644162142,0.4381898454746137,1.0986791129845503,-1.0758040591161753,439,-0.1031768693709374,0.9178225974896692,497,-0.07380260540648119,-0.1623241228979799,0.13776856026905832,210,-0.06181186734160148,-0.06708362055602118,-0.6793582925040588,199,-0.04141288315252016,-0.14467214095448006,0.3207186598282397,,,,False,False
SW02,V1 · D/W/M zarovnáno,short,5,906,0.20137808401867083,-0.30195562065524234,-0.16205253493473992,0.3830022075055188,1.43708899169958,-1.4485459974461925,356,-1.2847252018214441,0.19888832833851922,497,-0.24040065566463636,-0.40941017991967055,-0.6474534498699094,210,-0.08853304854477018,-0.1061176619171367,-0.64752980949419,199,-0.04396246528215247,-0.2402523813616813,-1.0530668840690667,-0.3047501270995894,0.050214372536321,0.9295,False,False
SW02,V1 · D/W/M zarovnáno,short,7,906,0.20137808401867083,-0.39265322653034446,-0.18535804199329753,0.39403973509933776,1.721217093357073,-1.7512850956542774,302,-1.0524268435466093,0.2926037582612169,497,-0.3235667866449053,-0.5736214660945266,-0.8798357658822775,210,-0.09466652694597452,-0.12450253721959,-0.7936621154542076,199,0.06411194761429682,-0.22366041091155023,-0.05621413949146774,,,,False,False
SW02,V1 · D/W/M zarovnáno,short,10,904,0.20093354078684153,-0.5302405723949805,-0.22734075180609917,0.37057522123893805,2.028274850243293,-2.113093109398523,245,-0.4692980821282916,0.6388565859334387,497,-0.41153376626201016,-0.7767326431255664,-0.3616640371442834,210,-0.041861378031296796,-0.0898959408646296,-0.04052269523725212,197,0.03963010957399863,-0.37778277274154065,-0.41486450826022925,-0.36171530468060487,0.21001869982781754,0.715,False,False
SW02,V1 · D/W/M zarovnáno,short,20,900,0.20004445432318294,-0.8481808749893541,-0.2420795068892189,0.33,2.840831629469526,-2.9450259691323453,157,-0.5679935826381746,0.5700393254685212,497,-0.33579880755882524,-1.0552744951611859,-0.691448496564566,210,-0.10574596860969465,-0.1898805392174238,-0.08173786509669308,193,-0.14908235976955952,-1.0311733168893797,-0.10161742121083228,,,,False,False
SW02,V2 · V1 + sklon W,short,1,632,0.14047566125805735,-0.04000507160252066,-0.03078764864927519,0.4509493670886076,0.5830603677100555,-0.5731852018428362,448,-1.3729099214162566,0.16978035184996587,354,-0.027746863516197234,-0.039225529717872125,-1.3986834920964342,137,-0.08814222902619448,-0.083612151015424,-1.281101975484282,141,0.017305539822557045,0.00040777983295577937,0.5007802116214445,,,,False,False
SW02,V2 · V1 + sklon W,short,2,632,0.14047566125805735,-0.08185264863975827,-0.044419718892767586,0.46360759493670883,0.8977199011521229,-0.889596052259596,358,-0.4065505263440333,0.6843381400867306,354,-0.021725220642464786,-0.0671251896322916,-0.04689069248365382,137,-0.12499224173958279,-0.12006023771221082,-0.8808968108723979,141,-0.02311061783314702,-0.08170428541789448,0.21184299525586345,,,,False,False
SW02,V2 · V1 + sklon W,short,3,632,0.14047566125805735,-0.17960097465578756,-0.11277727386830125,0.439873417721519,1.1242536419281026,-1.123781483306119,305,0.3597667386849737,0.7190215786457883,354,-0.14133405519077266,-0.2226760306491312,-0.33021530520697595,137,-0.05552727597980402,-0.048725181177469636,-0.16652970043653156,141,-0.09670740948935976,-0.19861809440675135,1.430141629001831,,,,False,False
SW02,V2 · V1 + sklon W,short,5,632,0.14047566125805735,-0.3567287039281404,-0.22678077594962584,0.37816455696202533,1.4689906170442926,-1.5246867716232024,250,-0.21507874693019746,0.8297059236469273,354,-0.350356804837877,-0.5058887484337404,-0.3330764940420814,137,-0.04397950222673054,-0.04046640285705624,0.4008950529417575,141,-0.0941414871098794,-0.289532104578893,-0.2703134081352322,-0.2565773112350591,0.19994891125622394,0.5965,False,False
SW02,V2 · V1 + sklon W,short,7,632,0.14047566125805735,-0.48678952733136244,-0.2941806484378381,0.3987341772151899,1.7182494383828781,-1.8413796576129664,218,-0.839713787799139,0.40106888144908615,354,-0.5198362515064119,-0.7499313609473327,-1.3109857254874786,137,-0.01395895111413468,-0.013733921189256726,0.523419544332158,141,8.680512902536515e-05,-0.2857711510293415,-0.13060812616001913,,,,False,False
SW02,V2 · V1 + sklon W,short,10,630,0.14003111802622806,-0.6085749710743488,-0.327973116841814,0.37142857142857144,2.0279749688549042,-2.2056070603587012,193,-0.6157851270587751,0.5380363447662284,354,-0.6017204609736241,-0.9364644030524633,-0.9788151695946907,137,-0.045505455330470464,-0.050225975977344905,0.3529545705634051,139,0.09079299967334234,-0.32383362868612564,-0.34450986524086186,-0.40198657770435664,0.21516313368309242,0.744,False,False
SW02,V2 · V1 + sklon W,short,20,627,0.1393643031784841,-0.988727690760853,-0.42883617464853385,0.32057416267942584,2.834209540409681,-3.0556573331735026,131,-0.5097863933269514,0.6102011193111161,354,-0.6240289203170649,-1.274686095532951,-1.0330222706450614,137,-0.06700051537758214,-0.07504414519353778,0.37775404956560926,136,-0.2852571551886834,-1.1647965911534963,-0.06027471391819968,,,,False,False
SW02,V3 · V2 + sklon M,short,1,282,0.06268059568793065,-0.06217973012129644,-0.05559170943947187,0.44680851063829785,0.5868956636094198,-0.5629567639018171,203,-1.470076082671853,0.14154114919976424,161,0.015504335401136314,0.01070209105821751,-0.22120634746211731,58,-0.2390035236601758,-0.2306720503406069,-2.577568425308087,63,-0.06842628078133044,-0.0933133592829114,-0.46447203888184047,,,,False,False
SW02,V3 · V2 + sklon M,short,2,282,0.06268059568793065,-0.13216323102653446,-0.10573527632383735,0.44680851063829785,0.8929985616438254,-0.8909729247128813,157,-0.5714806687192722,0.5676738606040679,161,-0.014308242732547622,-0.04125874756662161,-0.04386676096759239,58,-0.30964595644811493,-0.29139691728267253,-0.5621036353638731,63,-0.15165484713319527,-0.2178785966485972,-0.5234440707189978,,,,False,False
SW02,V3 · V2 + sklon M,short,3,282,0.06268059568793065,-0.3364500878460291,-0.2886679567632344,0.39361702127659576,1.0613771641518246,-1.1634199554906075,142,-1.7630957778381742,0.07788433722561594,161,-0.2195391344664278,-0.27103342193648616,-0.6594944636148067,58,-0.4691998320317879,-0.44071667127121933,-2.0612663915287044,63,-0.29912655397291305,-0.40763455408055915,-0.7316768090204749,,,,False,False
SW02,V3 · V2 + sklon M,short,5,282,0.06268059568793065,-0.5715601475436225,-0.47751051151247564,0.3262411347517731,1.3249251536636404,-1.5587549648851033,118,-2.2802082169557725,0.02259534223325832,161,-0.5379804743109359,-0.639372250105645,-1.906997350023296,58,-0.6243629642842159,-0.5823836523101681,-1.4857523292560617,63,-0.18777866593607848,-0.38829805565560227,-0.37595276269397837,-0.6063886148582459,-0.09418504776845496,0.9955,False,False
SW02,V3 · V2 + sklon M,short,7,282,0.06268059568793065,-0.7852224678556513,-0.6447596667889963,0.33687943262411346,1.4714413904652643,-1.8903746934036798,107,-2.4764100432465272,0.013271106354074025,161,-0.7683783580932635,-0.9205448669927795,-2.496369186301992,58,-0.5849352074217845,-0.5295094014581099,-1.3474771680743136,63,-0.38392171985742884,-0.6748169375378699,-0.14511815032942998,,,,False,False
SW02,V3 · V2 + sklon M,short,10,280,0.06223605245610136,-1.044081474163496,-0.8408506607375581,0.29642857142857143,1.6495278075153625,-2.277628689529764,92,-2.0553155195932242,0.03984853927801901,161,-0.9601295671908238,-1.181398049919332,-2.1334320316009308,58,-0.7442798011690951,-0.6684759592226122,-0.8391396274631219,61,-0.6178540364096088,-1.0387888703910644,-0.03012985722695737,-0.846705894333163,-0.12132593279497164,0.9965,False,False
SW02,V3 · V2 + sklon M,short,20,277,0.06156923760835741,-1.560256303467014,-1.1708524902760873,0.2779783393501805,2.2565545372984928,-3.2255670232156692,69,-2.470775369323803,0.013482047578803114,161,-1.1300198942675888,-1.527051582100145,-2.31908735953526,58,-1.4628519087892051,-1.3373528792633822,-0.4645048377048814,58,-0.9921987262003531,-1.8753314542235056,-1.257555064811174,,,,False,False
SW02,V4 · V1 + delta 5D,short,1,589,0.1309179817737275,-0.04620786312544146,-0.03656788300235606,0.45840407470288624,0.5670039394837187,-0.5488350307667927,419,-0.3978103184855212,0.6907700106317589,353,-0.03268855848884814,-0.04154048538040901,0.09423942012995018,128,-0.04761023008080918,-0.04813991675089752,-0.3656879329147182,108,-0.03616030084704396,-0.059173432384127284,-0.8353877871269204,,,,False,False
SW02,V4 · V1 + delta 5D,short,2,589,0.1309179817737275,-0.12312948636556828,-0.08572132489504147,0.4363327674023769,0.8761492155468418,-0.8770519673596278,353,-0.8327751902647618,0.4049715294258942,353,-0.07895969463781698,-0.11742852655926113,-1.46134284704489,128,-0.08526284856069993,-0.09587242124403958,-0.2012107424399327,108,-0.10836521796537453,-0.1740678488394767,0.9848793771119985,,,,False,False
SW02,V4 · V1 + delta 5D,short,3,589,0.1309179817737275,-0.19273776041707796,-0.12625182702544854,0.42614601018675724,1.0875951961247587,-1.1229634209615995,296,-0.01824469636148246,0.9854436460208162,353,-0.12910922736137545,-0.1995752394120593,-0.22307489563153088,128,-0.054302319730315136,-0.07245312053701006,-0.15865022744454993,108,-0.20218585124021593,-0.3129489068931918,0.5014536044932073,,,,False,False
SW02,V4 · V1 + delta 5D,short,5,589,0.1309179817737275,-0.40055871568803225,-0.27129608361984486,0.3548387096774194,1.412923509154966,-1.5152583952810204,250,-2.0594632529676846,0.03944988175479436,353,-0.35728447065092234,-0.4959037114128141,-1.8625918519655635,128,0.04623641101224131,0.006652948456682302,0.40719150258284637,108,-0.3665762566840734,-0.5715430630924343,-2.2810150247369174,-0.4303288946193343,-0.004164723320394761,0.978,False,False
SW02,V4 · V1 + delta 5D,short,7,589,0.1309179817737275,-0.4351374457347643,-0.24194069295758192,0.3853989813242784,1.7148388016988305,-1.8184113750875261,217,-1.0622652774502455,0.28811527285153127,353,-0.38034889796276244,-0.5890710505175586,-1.276761489575628,128,0.022424880838594508,-0.0390687985434844,0.25778332485088307,108,-0.10287307331945082,-0.40141730084733385,-0.546567981501608,,,,False,False
SW02,V4 · V1 + delta 5D,short,10,587,0.1304734385418982,-0.5729976918345765,-0.2896791993398602,0.37137989778534924,2.036119152798467,-2.164694441366981,184,-0.5290121763753466,0.5967970031264038,353,-0.4537902798711885,-0.7603101611941596,-0.5016721117063869,128,0.06905200371572792,-0.02675132605460201,-0.1293741704762644,106,-0.17634318578850558,-0.6088300799091417,-0.1868589066531062,-0.36745609079796704,0.2165113735564442,0.686,False,False
SW02,V4 · V1 + delta 5D,short,20,587,0.1304734385418982,-0.834735908286461,-0.25959110784308514,0.32367972742759793,2.9282011859952206,-3.0145710344673113,123,-0.30343431360132966,0.7615588990649522,353,-0.3807620170056039,-1.0017737317685915,-0.5578678433821824,128,0.1937841670647164,0.01572803365660952,0.41456257411087616,106,-0.4035411479735518,-1.3054437656404316,-0.49071837820669933,,,,False,False
SW02,V5 · první zarovnání po ≥3 dnech,short,1,287,0.06379195376750389,-0.06709852496792833,-0.054332375879282115,0.4425087108013937,0.5194030005130515,-0.5409609632453393,287,-1.3809355837740835,0.16729876771362262,157,-0.052262169482002296,-0.06674829221214262,-0.9570215192116794,68,-0.06336687880662521,-0.06922817114554014,-0.8324086647905854,62,-0.04966586306175958,-0.06564966371923077,-0.5812360649205415,,,,False,False
SW02,V5 · první zarovnání po ≥3 dnech,short,2,287,0.06379195376750389,-0.026167085066450144,0.021295837383984204,0.445993031358885,0.8387254108626846,-0.8155035073575787,287,0.3183746821695445,0.7502007406172224,157,0.10112271098789327,0.048478090911775865,1.0763330296311966,68,-0.084049109632982,-0.11170074517864456,-0.616415902903721,62,-0.06530678775569353,-0.1213768228237447,-0.5014866131035713,,,,False,False
SW02,V5 · první zarovnání po ≥3 dnech,short,3,287,0.06379195376750389,-0.010575660863252581,0.07231846226558071,0.445993031358885,1.103200939409328,-0.9971148084337152,287,0.8477466120341777,0.3965791013530082,157,0.1454730850814704,0.052697783614078245,1.2890350958966579,68,-0.011136206612896197,-0.05753422655213387,-0.0551108639165555,62,-0.021396994159552415,-0.11929740789707537,-0.13325735026699376,,,,False,False
SW02,V5 · první zarovnání po ≥3 dnech,short,5,287,0.06379195376750389,-0.23987689005065804,-0.08167456366079573,0.397212543554007,1.3914225037642538,-1.3656113322154104,264,-1.0054544374380552,0.31467807831366446,157,-0.052102930888287095,-0.22868313132196763,-0.5216464248947944,68,-0.05046613936667891,-0.13846444578165798,-0.4312154822832866,62,-0.190786163616986,-0.3794489276425355,-0.8991780848933801,-0.31776564246357314,0.07913513816853042,0.877,False,False
SW02,V5 · první zarovnání po ≥3 dnech,short,7,287,0.06379195376750389,-0.26903385092575416,-0.03504148953763543,0.4146341463414634,1.7216773734904118,-1.6386963519576663,233,0.10785965329222869,0.9141070223557768,157,0.055510127704921156,-0.20577232411583318,0.3774129348139683,68,-0.24433242854867507,-0.37425013351352493,-0.6533392972791083,62,-0.03479665170425919,-0.31382985888041837,0.3164899239972277,,,,False,False
SW02,V5 · první zarovnání po ≥3 dnech,short,10,287,0.06379195376750389,-0.4117904618724652,-0.06946668589536323,0.3867595818815331,2.0324414794411596,-1.9730545987420682,208,-0.18648931063858587,0.8520610606972918,157,-0.07258028962438946,-0.4545737435526824,-0.21068153842236179,68,-0.09786059780563636,-0.2910074378595141,-0.14226515858362315,62,-0.030440527905755247,-0.4359238555674099,0.11937141074751706,-0.30797487241128796,0.2643290394536264,0.581,False,False
SW02,V5 · první zarovnání po ≥3 dnech,short,20,285,0.0633474105356746,-0.7636654168741777,-0.08029603797639924,0.32280701754385965,2.880614960156553,-2.821136984847122,142,-0.9476846089331338,0.34329003857157936,157,-0.06511784867860122,-0.8201259815684615,-0.32576847185288793,68,-0.012147641823929342,-0.37444355135443286,-1.1752659969885946,60,-0.19724714894510348,-1.0570450535131781,-0.2251146852517238,,,,False,False
SW02,V6 · pullback na týdenní VWAP,short,1,543,0.1206934874416537,-0.00866998393579958,-0.0007054172360599927,0.4622467771639042,0.5917941426774209,-0.5527568609621769,398,0.07599807356713004,0.939420630837986,306,-0.04599077279127257,-0.05740475462257287,-1.153174679780032,124,-0.00860514643633884,-0.0030863629133839002,0.3098773514566329,113,0.13059445197393668,0.11717489060732503,1.297774108981737,,,,False,False
SW02,V6 · pullback na týdenní VWAP,short,2,543,0.1206934874416537,-0.04351142887050772,-0.008453829089624916,0.47513812154696133,0.9095408997445136,-0.856055077358278,323,-0.015692106167630084,0.9874800245888502,306,-0.05669701534027457,-0.1019891509324519,-0.1968482640718588,124,-0.027450890313220802,-0.019081400523006546,-0.3984268819579416,113,0.14303334422386782,0.08803599976546375,0.5943492292058277,,,,False,False
SW02,V6 · pullback na týdenní VWAP,short,3,543,0.1206934874416537,-0.11285381410646819,-0.04937899902634947,0.4530386740331492,1.1478937855653062,-1.0891797079848302,281,-0.01191090783435765,0.9904966952395575,306,-0.12109815001156815,-0.2023127341164975,-0.2314327280563683,124,0.06022797750189194,0.072692361803458,-0.17997747916437587,113,0.024557240902632765,-0.07421041844064415,0.49970477881452147,,,,False,False
SW02,V6 · pullback na týdenní VWAP,short,5,543,0.1206934874416537,-0.24657586711813007,-0.12168471252146058,0.3830570902394107,1.511561881531155,-1.454853874422981,234,-0.3529303868574129,0.7241406294344495,306,-0.3204927038097827,-0.47654769259164237,-0.3560779798292823,124,0.16492438852783728,0.17839407504600913,0.24158554135102212,113,0.10217118839989889,-0.09015900192749741,-0.3672062353510035,-0.2962823321958583,0.23004318472123336,0.615,False,False
SW02,V6 · pullback na týdenní VWAP,short,7,543,0.1206934874416537,-0.32061902633722583,-0.13472604610956765,0.4180478821362799,1.77351534065288,-1.757505262517178,211,-0.98759526335901,0.3233509069786469,306,-0.4455403050535722,-0.6765763366669393,-1.3056414090913089,124,0.2283558411063386,0.2427796310095296,0.34855064905462413,113,0.30852182311249443,0.025057995343257946,-0.3362243801602468,,,,False,False
SW02,V6 · pullback na týdenní VWAP,short,10,541,0.1202489442098244,-0.45674060151303564,-0.1853210722716394,0.3955637707948244,2.0991147824336283,-2.106721403414274,184,-0.48696299812003013,0.6262845530292898,306,-0.5707730900228801,-0.9070265786807076,-1.0019401116363966,124,0.13800268632321352,0.15370861963027616,0.3765957289594112,111,0.5160858769726658,0.1026450344467563,-0.08558856981928564,-0.39297169212062333,0.23814568830559088,0.6885,False,False
SW02,V6 · pullback na týdenní VWAP,short,20,540,0.12002667259390976,-0.8368767588278863,-0.29272559311654806,0.3388888888888889,2.921728221756387,-2.9262587558142488,130,-0.525496229682913,0.5992382736164787,306,-0.6649553850540919,-1.3195950022626022,-0.8589141322187788,124,0.06431224958592623,0.09115993266393227,0.267580540892629,110,0.3402709872269207,-0.5401928247729988,-0.1792883302153235,,,,False,False
SW02,V7 · V1 + migrace POC,short,1,656,0.1458101800400089,-0.057290351641273975,-0.04721799475416767,0.4451219512195122,0.5572254175927045,-0.562503230514453,514,-1.9697421879470038,0.04886792527968309,346,-0.04274191482353534,-0.056471427820344304,-0.9921652182749501,160,-0.061131430570196967,-0.05698603411285399,-1.4713059366488397,150,-0.04270182092372829,-0.05950394128519972,-1.128278467410181,,,,False,False
SW02,V7 · V1 + migrace POC,short,2,656,0.1458101800400089,-0.06993634337082635,-0.031248031629824487,0.45121951219512196,0.880791613522824,-0.8681892159365736,431,-0.6015087286239733,0.5475011998547765,346,-0.012284912222308717,-0.06220603065650059,-0.2380276976105234,160,-0.05441400136884648,-0.050707649685111045,-0.7236916029209817,150,-0.05027925934153739,-0.10827820462996746,-0.10333719603518522,,,,False,False
SW02,V7 · V1 + migrace POC,short,3,656,0.1458101800400089,-0.11186359309947237,-0.04351667469111635,0.45121951219512196,1.1203591681995442,-1.088587418420925,374,0.034492607522549464,0.9724843371847389,346,-0.04407336772679648,-0.13209742764677915,0.8341000101179762,160,-0.031790643797586095,-0.027050971379791722,-1.1890283600824278,150,-0.05474033570857974,-0.15565767791134405,0.17903456295490033,,,,False,False
SW02,V7 · V1 + migrace POC,short,5,656,0.1458101800400089,-0.26497643170829993,-0.13216389875737766,0.3902439024390244,1.4693361149804698,-1.4553769834016765,310,-1.599049867236296,0.10980952270145283,346,-0.17563616736778873,-0.34355565479036976,-1.2538406293229531,160,-0.11242723673337793,-0.11241461135380944,-0.7019670967545765,150,-0.05294030532162928,-0.24645296551044873,-0.7140029935672483,-0.3548870408151224,0.01229005904050449,0.9685,False,False
SW02,V7 · V1 + migrace POC,short,7,656,0.1458101800400089,-0.34295228683566814,-0.1457787436044352,0.4115853658536585,1.7729893901773481,-1.7341136317647485,272,-0.7844495784536971,0.4327763568587355,346,-0.2183931438849841,-0.4668797683489003,-0.44630883567309304,160,-0.13619347051376546,-0.14087610057233887,-1.1889529339134863,150,0.011494181745983371,-0.2726408281593637,0.23650069606661947,,,,False,False
SW02,V7 · V1 + migrace POC,short,10,655,0.14558790842409425,-0.514936930375624,-0.22688485748903067,0.3755725190839695,2.0672937962977818,-2.103351142554406,222,-0.8378765081500983,0.4021000637217891,346,-0.3089625629735236,-0.6714417493041924,-0.7726776812165734,160,-0.1169386291489721,-0.12850786329776487,-0.20553810355025953,149,-0.15435137048751923,-0.566467020195576,-0.3797296189566205,-0.434380806110931,0.14204792897214472,0.8405,False,False
SW02,V7 · V1 + migrace POC,short,20,651,0.14469882196043565,-0.8832895889816518,-0.30722767999545547,0.3271889400921659,2.8828894635333717,-2.9631329706701632,146,-0.5968710851785155,0.5505934534989838,346,-0.35312629290227143,-1.060768065156264,-0.6831468030885279,160,-0.1466475310853872,-0.1680828326001089,0.022540875577546717,145,-0.3748959817875426,-1.2489828873584163,-0.3070544651928908,,,,False,False
BENCH,jen denní VWAP,short,1,1933,0.429651033563014,-0.023826152690454752,-0.0100796285078597,0.4526642524573202,0.5081219848813944,-0.46736589198479556,1352,-0.38770653549203266,0.6982332187651303,1067,-0.00986307099008337,-0.026167752057162715,-0.7318859112740913,454,-0.03562402526677537,-0.04242418931898472,-0.6016228609918323,412,0.01750796677631593,0.0027320879736957198,1.0026124513646688,,,,False,False
BENCH,jen denní VWAP,short,2,1933,0.429651033563014,-0.07015599956770179,-0.018152177939012068,0.44076564924987066,0.7855224621640764,-0.746132210500402,1045,0.06407781264927172,0.9489082684732539,1067,-0.003183407215088846,-0.06051601548688645,-0.5370880983943306,454,-0.0691523736143592,-0.10465477960779543,-0.7750602587082587,412,-0.0007191428075035188,-0.05710604052893347,2.025676388926288,,,,False,False
BENCH,jen denní VWAP,short,3,1932,0.42942876194709934,-0.1155328908187786,-0.02449295329225681,0.42080745341614906,0.9966646260227903,-0.9587720926331073,849,0.29554846694923204,0.7675749336285753,1067,-0.015071689633587295,-0.11548271699346005,0.12348536924911868,454,-0.053150327091249325,-0.11382190350862355,0.115015853715502,411,-0.01729597183011026,-0.1175531431555797,0.338904005260545,,,,False,False
BENCH,jen denní VWAP,short,5,1931,0.4292064903311847,-0.22978692719845453,-0.05657884538281283,0.39306059036768515,1.3160802598006929,-1.2924943517055183,617,-0.36472828543276525,0.7153142422628436,1067,-0.04922505838257195,-0.2392971728582925,-0.0979520082716315,454,-0.1038797443929065,-0.21883679551650673,-0.6734648414389606,410,-0.02333953459909212,-0.21716236052664253,0.10177173326217293,-0.1427714256148814,0.09696497499187985,0.672,False,False
BENCH,jen denní VWAP,short,7,1931,0.4292064903311847,-0.3207843620320646,-0.06603562225448296,0.3909891248058001,1.5807424206853382,-1.5673890690048147,481,0.2370275510933976,0.8126354165167551,1067,-0.07807384107311205,-0.35800728470323845,-0.13637122362998585,454,-0.09994032148623563,-0.26785465660883584,0.39382016832179095,410,0.0028363605033047247,-0.28252394196378006,0.2778045038369331,,,,False,False
BENCH,jen denní VWAP,short,10,1929,0.4287619470993554,-0.45352696716426993,-0.08225963150719277,0.3644375324002074,1.890753018658058,-1.9169143538518325,363,-0.6563024400565072,0.5116295478891291,1067,-0.10325530763707964,-0.5124323031883952,-0.7974733715728277,454,-0.11215290410439595,-0.3552870201582952,-0.3705080478583334,408,0.005911770918590389,-0.4087939828578262,0.2796926404074621,-0.2837277090539293,0.12374936931021054,0.769,False,False
BENCH,jen denní VWAP,short,20,1922,0.4272060457879529,-0.8734217618498195,-0.14641729338757797,0.3106139438085328,2.7105491978709284,-2.8238031744069594,201,0.2868857878776638,0.7741997729252685,1067,-0.1745805682321064,-0.9763948004678392,0.46923254062997355,454,-0.1590450265646285,-0.573210883969348,-0.11061374347356046,401,-0.05718236789757105,-0.939315792653577,-0.020028272433405603,,,,False,False
BENCH,jen týdenní VWAP,short,1,1824,0.4054234274283174,-0.02728617958622274,-0.013659449430504284,0.4512061403508772,0.5308261744318407,-0.4952180586518394,1180,-0.2441459803200212,0.8071177626314696,1014,-0.015281871246972788,-0.03183872642875699,-0.890629331543249,423,-0.04857746248154519,-0.052906700192823716,-0.21297797583477746,387,0.02875774757851217,0.012646023811508356,0.9209964607971848,,,,False,False
BENCH,jen týdenní VWAP,short,2,1823,0.40520115581240274,-0.07976775490111813,-0.029643308177768543,0.4339001645639057,0.8170877190873954,-0.7889341295478104,901,-0.4144318232988242,0.6785578869816071,1014,-0.029622517322313698,-0.0867359496494422,-0.4148282529252103,423,-0.061446122634236156,-0.08724453199352165,-0.14493361956133652,386,0.005153346194393568,-0.05326924146876762,-0.07830093888435546,,,,False,False
BENCH,jen týdenní VWAP,short,3,1822,0.4049788841964881,-0.14152051005415328,-0.05389809096426524,0.4154774972557629,1.0279464721842115,-1.0086648468638773,762,-0.8838618805625922,0.37677077703558703,1014,-0.050669433397347786,-0.1504162345567408,-0.5795124935602902,423,-0.06768351016604052,-0.11199202719983309,-0.37305465405830895,385,-0.04725556226427393,-0.15053423369507196,-0.587002514543913,,,,False,False
BENCH,jen týdenní VWAP,short,5,1822,0.4049788841964881,-0.2638022825097774,-0.09700238438431757,0.38199780461031835,1.3635908078437144,-1.3574128114950132,551,0.059575207911712946,0.9524939645076409,1014,-0.11742074300571619,-0.30626454306606893,0.36318983888275835,423,-0.11257491633799831,-0.19836364831710723,-0.3426433701060538,385,-0.02611563981677168,-0.2238641268199586,-0.01732264788382913,-0.14153902404306284,0.14645258828968544,0.491,False,False
BENCH,jen týdenní VWAP,short,7,1822,0.4049788841964881,-0.3459306237655394,-0.10041317584385821,0.3880351262349067,1.6317049501741974,-1.6388969110583356,455,-0.17184432828181676,0.8635599149329907,1014,-0.1244408543094976,-0.4026372758798509,-0.6959134035824113,423,-0.1436886744262309,-0.2701818392976591,0.6726365660796647,385,0.010416958869133793,-0.2798038460668421,-0.09505679015719908,,,,False,False
BENCH,jen týdenní VWAP,short,10,1820,0.4045343409646588,-0.4834172810124282,-0.1251429707098632,0.36428571428571427,1.9434015271307075,-1.9907128494817918,349,-0.25909469814818825,0.7955621754289277,1014,-0.16534845326048267,-0.5721774946019371,-0.5446066198317656,423,-0.1187302532840509,-0.3036358198694301,0.16184820254053797,383,-0.025780621270673904,-0.44698047026497684,0.05478017388612807,-0.2375977815181836,0.18598206334735298,0.6115,False,False
BENCH,jen týdenní VWAP,short,20,1815,0.4034229828850856,-0.9702722651931269,-0.2620151156372118,0.3068870523415978,2.687352447786598,-2.906228192474243,195,-0.30231202838663246,0.7624142097494904,1014,-0.2675367040871022,-1.0676820095386048,0.01827839958770143,423,-0.2878907534848243,-0.6101209135339982,-0.37563250179304397,378,-0.21824716458501878,-1.1119932730912672,-0.19036000536650927,,,,False,False
SW02,skóre 50–60,short,1,401,0.08913091798177372,0.002601239192322065,0.018057147988558314,0.4488778054862843,0.5086865463522131,-0.4290696482649075,362,0.8199766825807243,0.4122293999232647,231,-0.007980278425933561,-0.025373930484576143,-0.08666263942498638,81,-0.052693601150398735,-0.062333549952341916,-0.7006969569330916,89,0.15002856576387452,0.1343089034179543,2.8450969559166186,,,,False,False
SW02,skóre 50–60,short,2,400,0.08890864636585907,-0.07484720352941644,-0.01932511853644021,0.4325,0.7599500156452129,-0.7292266314087206,336,-0.9031597809211309,0.3664411000159844,231,-0.029315983546943904,-0.08914399736863947,-0.9183638359848355,81,-0.043634137374342206,-0.08697902529899407,-0.7928241234689782,88,0.029276249001019064,-0.02615132920900381,0.3273120635624654,,,,False,False
SW02,skóre 50–60,short,3,400,0.08890864636585907,-0.11039302854038495,-0.014094771991383925,0.3825,0.9735361986067846,-0.9408643209795271,308,-0.8075753015001477,0.4193351096246394,231,-0.03176282417415314,-0.13582862553541955,-0.3419029017745714,81,-0.05011098594519592,-0.12368002362892389,-1.8372145813979779,88,0.06543515283223508,-0.03139451140374132,0.31212847739870525,,,,False,False
SW02,skóre 50–60,short,5,400,0.08890864636585907,-0.09584697483578271,0.08579319155840501,0.405,1.3572853188015659,-1.243337040188332,268,0.39571273051034256,0.6923169629369195,231,0.0631747330416448,-0.1323217399183935,0.1755261789948678,81,-0.05256876874811965,-0.18877373017691768,-0.5115165299055986,88,0.2725225404470425,0.08543413785416056,1.1190076437697054,-0.1743280421888251,0.2590986077460536,0.318,False,False
SW02,skóre 50–60,short,7,399,0.08868637474994444,-0.18222315871689893,0.08439510176428808,0.39598997493734334,1.6011827168762498,-1.4671381045848986,238,-0.16028305117143313,0.8726581094667196,231,0.1324391734269457,-0.15417419699126164,0.3633225029374783,81,-0.07987326392740224,-0.2775711432003343,-1.6951575141897768,87,0.1097693209246674,-0.16792572671073727,0.5049512218791041,,,,False,False
SW02,skóre 50–60,short,10,399,0.08868637474994444,-0.3529788355329319,0.03498907667626274,0.38847117794486213,1.8634217362140375,-1.7574514543984832,211,-0.050953539071930995,0.9593625428719801,231,0.0741766071408147,-0.343694286454106,0.8219437693085582,81,-0.00959393957952709,-0.29519698175203746,-1.060904611280367,87,-0.027552247698363834,-0.43142781246926803,-0.5043258031636327,-0.2954072704382984,0.28753819908602124,0.51,False,False
SW02,skóre 50–60,short,20,398,0.08846410313402979,-0.8761868937177106,-0.12551817610497523,0.314070351758794,2.53775070888736,-2.608997317229481,142,-0.6678204597256652,0.5042482049093033,231,-0.14183624781815188,-0.9396892692686436,-0.2604627484631738,81,-0.3508079293902523,-0.8589467420568975,-0.8381606489322652,86,0.1305044353118997,-0.7218543766509706,-0.12877521116454416,,,,False,False
SW02,skóre 60–70,short,1,495,0.1100244498777506,-0.013846759113334496,-0.00108550885447106,0.45656565656565656,0.5286336875958888,-0.47267247301912885,422,-0.07710471632967902,0.9385402410841597,263,-0.0060445025799548005,-0.021203900978144386,0.2673640071138842,126,-0.010644505028192662,-0.015465786344810368,-0.1798538130805399,106,0.022580989897332242,0.006331785618844388,-0.3333692334175455,,,,False,False
SW02,skóre 60–70,short,2,495,0.1100244498777506,-0.07361205865770831,-0.02559372772994561,0.4,0.8039314581932931,-0.7465750679650959,387,-1.0065816261650777,0.31413586772415525,263,-0.010329281124527362,-0.06367609680161182,-0.6319860394077635,126,-0.022731221732615988,-0.0497277338891245,-0.044243706239393735,106,-0.0668694372854978,-0.12665529345954737,-1.259102683290343,,,,False,False
SW02,skóre 60–70,short,3,494,0.10980217826183597,-0.1065762458563853,-0.022317703224859896,0.4271255060728745,1.0056072798523128,-0.9394915745924637,354,-0.7102283478373062,0.4775625444684788,263,0.015182871148665449,-0.0786708390647095,-0.38060164228863125,126,-0.03713140273339934,-0.08295661620837957,0.13040537580955877,105,-0.09847127391210939,-0.2048162013026657,-1.2396915283846064,,,,False,False
SW02,skóre 60–70,short,5,494,0.10980217826183597,-0.2330035996844798,-0.0727705305344648,0.39473684210526316,1.339570704477765,-1.2829295180165627,306,-0.6456148426142793,0.5185288225193136,263,0.008299328433250501,-0.16920876800863144,-0.030099793742217152,126,-0.061775876610274214,-0.15034891371852757,-0.0014121817104032223,105,-0.2890248096102472,-0.49198008694598544,-1.5633453869272191,-0.2547409129581004,0.11049096317700725,0.7525,False,False
SW02,skóre 60–70,short,7,494,0.10980217826183597,-0.29423418133331763,-0.058586003521872355,0.38461538461538464,1.6257626523899298,-1.557457093991674,271,-1.6896038136113622,0.0911037758627633,263,0.048782943927820135,-0.21277217240486282,-0.6576284770940622,126,-0.08079816244992546,-0.21169534251941252,-0.6461205961161779,105,-0.30086506213458136,-0.5973237245593714,-2.0138942624287277,,,,False,False
SW02,skóre 60–70,short,10,493,0.10957990664592132,-0.38487050325985955,-0.04042312713556436,0.3630831643002028,1.9879566672632978,-1.933420689345648,234,-1.4273478017555035,0.15347966852884087,263,-0.007203650304429481,-0.3903320232591158,-0.3923785585344113,126,-0.012327394376436575,-0.20540169404712486,-0.8803584481766901,104,-0.1584691341955508,-0.5884925244233231,-1.4692180186503931,-0.456027445886394,0.03122408763063105,0.9555,False,False
SW02,skóre 60–70,short,20,492,0.10935763503000667,-0.6269505043441266,0.06020649870915631,0.34146341463414637,2.8679263545172,-2.774744561909744,153,-0.3634220220301425,0.7162896535382066,263,0.08712615588133708,-0.6791721566873604,0.270919566865594,126,0.02537135845499647,-0.3110294058416933,-0.04932718025419067,103,0.03408375925032753,-0.8800744251697192,-1.455621416038066,,,,False,False
SW02,skóre 70–80,short,1,433,0.09624360969104245,-0.001235415624951801,0.01127950971725477,0.4618937644341801,0.5388494877228708,-0.5034522110048602,354,0.20907970847986096,0.8343860149267628,250,-0.0066644865572567085,-0.021519636821398024,-0.002159505629182547,89,0.04939784078382262,0.04801643541944104,0.3404825201685581,94,0.02291214379920515,0.006079909440586437,0.11280021772100156,,,,False,False
SW02,skóre 70–80,short,2,433,0.09624360969104245,-0.08687706453525273,-0.042085736612229384,0.46882217090069284,0.8042363626577314,-0.7998946990310364,297,-0.22427487821174144,0.8225434226197361,250,-0.11323584030112369,-0.16535683465403878,-1.2416792682023647,89,0.02836317718914278,0.016570623297792502,0.13948407135315363,94,0.08044163140799883,0.02390057708767795,1.1312094102056682,,,,False,False
SW02,skóre 70–80,short,3,433,0.09624360969104245,-0.1856863372760167,-0.10760418682609624,0.4133949191685912,1.0149344728156258,-1.0412912426063263,274,-0.20009989633977807,0.8414024544347334,250,-0.16345296314731922,-0.25491353658513477,-0.9097546905797239,89,-0.1558501658168003,-0.17577647699572882,-0.6121972370243085,94,0.0866094962640995,-0.010954185549060219,1.7027758445090406,,,,False,False
SW02,skóre 70–80,short,5,433,0.09624360969104245,-0.37498570359833194,-0.224853199196712,0.3648960739030023,1.288762720588091,-1.4209123428260346,239,-2.074109159587871,0.038069174100441305,250,-0.3077411881653915,-0.48238687242003564,-1.7111948082256565,89,-0.35550215606778957,-0.3971187413622497,-1.8181518764820808,94,0.11929312424685988,-0.0683885486364746,0.11237638119224207,-0.42307472061467116,-0.027881982049682754,0.985,False,False
SW02,skóre 70–80,short,7,432,0.0960213380751278,-0.4277277183057184,-0.20488051373300184,0.37037037037037035,1.5713725349561747,-1.7420975000267622,218,-1.3609478004801863,0.17353018609828919,250,-0.3435825228243684,-0.6025327195749053,-1.2634334174031194,89,-0.3682838329277224,-0.4324172688428658,-1.801098076516838,93,0.3243495688602429,0.04666604852334432,0.9445240811458582,,,,False,False
SW02,skóre 70–80,short,10,432,0.0960213380751278,-0.5898636957616794,-0.262938164602423,0.3680555555555556,1.9059310735023787,-2.1301564611897845,192,-0.6977366218930947,0.4853419210103014,250,-0.510857353222987,-0.8902817744773632,-1.1878446716176654,89,-0.22347809744620403,-0.3234095127675835,-0.7866258111494651,93,0.3657484072065825,-0.03728200336978224,1.1071595136520498,-0.4115802352694195,0.185713253627081,0.7855,False,False
SW02,skóre 70–80,short,20,429,0.09535452322738386,-1.175285773938988,-0.5245008220952776,0.29836829836829837,2.5477631548187873,-3.0082210742222983,136,-1.6074718226478526,0.10795090571480026,250,-0.8598756986678959,-1.597790367183819,-1.6137581824301803,89,-0.3301596355223186,-0.5322514802966068,-0.7206407813968685,90,0.21491421721762546,-0.637551371971922,-0.002962599262525876,,,,False,False
SW02,skóre 80–90,short,1,295,0.06557012669482107,-0.07191947206316082,-0.062049389612722834,0.43728813559322033,0.5411361419077665,-0.5871282667271679,239,-1.0607102370489812,0.2888216062321376,167,-0.06614296733469519,-0.07966045256621196,-0.8420698734649149,74,-0.12886829710616698,-0.12330124652500296,-1.238982602782053,54,0.04217702953698535,0.022432288199540223,0.566672061676991,,,,False,False
SW02,skóre 80–90,short,2,295,0.06557012669482107,0.009221207562324193,0.04631985411881013,0.5016949152542373,0.905171834067931,-0.8778414576163146,206,0.4185326318625204,0.67555773331313,167,0.02853616249567489,-0.021103831271829514,-0.06995982626108813,74,-0.08036701275052288,-0.07046159898183212,-0.6291519782270286,54,0.27492549577425884,0.21219915514697676,2.3713799951382057,,,,False,False
SW02,skóre 80–90,short,3,295,0.06557012669482107,-0.04128706431737617,0.024445457308771876,0.4915254237288136,1.1557828271643569,-1.0880432953230526,180,1.4831008615702987,0.13804761515318242,167,-0.01950063919316832,-0.10744957225415092,1.0301330629235022,74,0.1057278040086476,0.12133128784250077,0.4163341489592882,54,0.048965910272349915,-0.05952075384310798,1.036541918182281,,,,False,False
SW02,skóre 80–90,short,5,295,0.06557012669482107,-0.20132594380399366,-0.07333472113000873,0.4101694915254237,1.5380396186077125,-1.4631021174290513,157,-0.43027986780789457,0.6669920699869432,167,-0.16958639709625217,-0.3384365486158203,-0.6445833756550214,74,0.16201484356116702,0.18133778229043077,0.810811758363705,54,-0.09818357114453366,-0.3016897350523706,-0.8217088760510062,-0.2983307839217598,0.16989075028565317,0.7,False,False
SW02,skóre 80–90,short,7,295,0.06557012669482107,-0.22893859143739712,-0.038277970154261286,0.43728813559322033,1.8596479054581811,-1.7374016531452159,145,-0.37730031114505647,0.7059504409837789,167,-0.19234681723824262,-0.4428746809122232,-0.4974683200845253,74,0.15274232766814988,0.17511859364522211,0.22437314351261012,54,0.1764256488117844,-0.1210294202118023,-0.21374875679310879,,,,False,False
SW02,skóre 80–90,short,10,294,0.06534785507890642,-0.2571385437833519,0.02289471772710601,0.43197278911564624,2.195306892621021,-2.0387460836357163,122,0.6546752333837019,0.5126768742816283,167,-0.053704320900154,-0.42056791263537197,0.39779373853947914,74,0.013896301572002768,0.03875610853492291,0.5899568712414139,53,0.27681777897672977,-0.15531778290155904,0.1049875096239539,-0.20937499875208906,0.4745439210073675,0.2185,False,False
SW02,skóre 80–90,short,20,294,0.06534785507890642,-0.5226071173852187,0.06337977453161088,0.37755102040816324,3.1348877019989168,-2.7997318947484136,95,-0.24556376102486435,0.8060199448439294,167,0.13099325414708934,-0.6279376325236115,-0.4110736483291261,74,-0.05991042311638377,-0.02502191963609526,0.6884520310723918,53,0.022474558119661765,-0.885458223146041,-0.558682455543886,,,,False,False
SW02,skóre 90–100,short,1,177,0.039342076016892644,-0.06576285865174311,-0.054986518768715235,0.4519774011299435,0.6275673855245204,-0.5850958167663541,137,-1.1484388140072779,0.25078745821272097,106,0.0241732804218126,0.019639180631241145,-0.11064514820086523,27,-0.3526762667789812,-0.35369932149737315,-1.8839324892645681,44,-0.06301641690323273,-0.09481585108729583,-0.9309692514634129,,,,False,False
SW02,skóre 90–100,short,2,177,0.039342076016892644,-0.20806249541898453,-0.17193969880130866,0.4067796610169492,0.9323806390809214,-0.9518994108220805,117,-1.9714818143512842,0.04866879110535827,106,0.008234123399552375,-0.018743036445779064,-0.24712728756739635,27,-0.6766106065118891,-0.6856945987830833,-1.6808132823261066,44,-0.2963103952809814,-0.37105785588101,-2.0728629813194606,,,,False,False
SW02,skóre 90–100,short,3,177,0.039342076016892644,-0.37015135163835194,-0.30745295742912243,0.384180790960452,1.0888719208072644,-1.2302554778290775,106,-2.053996081456931,0.03997607097307365,106,-0.1766060221331121,-0.22843024568655915,-0.2640152711414077,27,-0.8189287696301141,-0.8347192818663145,-2.6365739200880705,44,-0.30881496224617516,-0.42649460424596697,-1.6603661825838179,,,,False,False
SW02,skóre 90–100,short,5,177,0.039342076016892644,-0.6514414319024027,-0.531382836404822,0.3107344632768362,1.3319087987666316,-1.6344043767375513,94,-3.0705234324234874,0.0021368391815568266,106,-0.5672960553908353,-0.6714302947619387,-2.443720963050981,27,-0.9243032475990737,-0.9572555739118888,-1.7110290156520078,44,-0.20375437470568117,-0.415627766053154,-1.1485604041222977,-0.7327017547507313,-0.25375262729607395,1.0,False,False
SW02,skóre 90–100,short,7,177,0.039342076016892644,-0.8613384682793586,-0.6841109326108434,0.3502824858757062,1.479892561991847,-1.9775634704933134,83,-2.0722861428596278,0.03823876393849024,106,-0.7390058823931387,-0.8967995540277321,-2.02248962403931,27,-0.9830266723853797,-1.0340060020661455,-1.0338987415536396,44,-0.3684384405463939,-0.6699544114254756,-0.32949826311432495,,,,False,False
SW02,skóre 90–100,short,10,176,0.039119804400977995,-1.1974098747857702,-0.9415760578720161,0.2840909090909091,1.6506854249146925,-2.393232523147034,74,-1.9650992232594502,0.04940275450554377,106,-1.0020079912092696,-1.231903188356707,-2.273546575769028,27,-1.1825236638294074,-1.2618039440470852,-0.6808615394333234,43,-0.641311632416239,-1.0719463606328674,0.156644504598591,-1.0380960628728915,-0.014597109895167153,0.9775,False,False
SW02,skóre 90–100,short,20,173,0.03845298955323405,-2.0061124829884585,-1.5146486543851916,0.23699421965317918,2.1425464534031726,-3.490968173495424,60,-2.956033565514757,0.00311623175841369,106,-1.4295859972179985,-1.844618371781551,-2.237890741216307,27,-2.0283796611907996,-2.214549783874921,-1.6025245868705607,40,-1.3932962662844681,-2.293376699588402,-1.0141271383519408,,,,False,False
SW03,CB1 · close za VAH/VAL kompozitu,short,1,447,0.09935541231384752,-0.012868874154146774,0.00016904179026897668,0.47874720357941836,0.5547209467915337,-0.49548197171628033,397,-0.062431030125961545,0.9502195846819221,246,0.031523474182580245,0.016840014619972674,0.0638938736728707,110,-0.07991276612186357,-0.08525617417775135,-0.679412953784369,91,0.012210893458686692,-0.005679683339167431,0.6228521251926433,,,,False,False
SW03,CB1 · close za VAH/VAL kompozitu,short,2,447,0.09935541231384752,-0.039781083270367966,0.009522560479262537,0.4541387024608501,0.8590251519975965,-0.7819067640593352,364,-0.151914513728118,0.8792543608588104,246,0.04868420943150676,-0.005872047152153371,-0.2676771691313112,110,-0.0006013838063478393,-0.0302199646615616,0.3668344163960139,91,-0.0841052611782643,-0.1430046649412414,-0.4217688256275386,,,,False,False
SW03,CB1 · close za VAH/VAL kompozitu,short,3,446,0.09913314069793287,-0.1073673705046277,-0.020900505967328273,0.4349775784753363,1.077217960383084,-0.9979697099997962,336,-0.17355041565312906,0.8622188030941009,246,0.07089430714951793,-0.025777477998608224,0.3911697619379328,110,-0.20952594799519747,-0.26009134447049126,-1.04345662261825,90,-0.041264121563756646,-0.1437171085072476,0.10121500767765663,,,,False,False
SW03,CB1 · close za VAH/VAL kompozitu,short,5,446,0.09913314069793287,-0.2983611794151161,-0.13381124830257057,0.4013452914798206,1.389355224899832,-1.3702175580182459,287,-0.7564078703059444,0.4494046907204985,246,-0.0757890686529138,-0.2595452154782827,-0.7930830530021028,110,-0.3351740345939856,-0.4322132744090881,-1.0840274896630395,90,-0.04629513387768065,-0.24086114251649451,0.7684714442652116,-0.273650626477604,0.10904781747885826,0.7795,False,False
SW03,CB1 · close za VAH/VAL kompozitu,short,7,446,0.09913314069793287,-0.4960017133426208,-0.2534894932962683,0.38565022421524664,1.6055211083628889,-1.6882302742380484,261,-1.2069127660803993,0.22746574074573056,246,-0.18722121383067009,-0.45812813319744083,-1.2929359492529133,110,-0.5621950059705012,-0.7048555431798912,-1.2858246530209225,90,-0.057316052789285254,-0.34425704038278204,0.8207034068562891,,,,False,False
SW03,CB1 · close za VAH/VAL kompozitu,short,10,446,0.09913314069793287,-0.6470633778970378,-0.29319003052277487,0.34977578475336324,1.8910078743287984,-2.071131629767461,222,-1.158240950727806,0.246765721120761,246,-0.18601262752311049,-0.5820196994134628,-0.41142720886221357,110,-0.6790460090171012,-0.8874304959549602,-1.3760937805155418,90,-0.11453984722879192,-0.5310673992369047,-0.2587901644903171,-0.4706821765846217,0.08751321670390119,0.9,False,False
SW03,CB1 · close za VAH/VAL kompozitu,short,20,445,0.09891086908201822,-1.1274274092116585,-0.42906999705296406,0.30786516853932583,2.5675683077246236,-2.999146610192597,148,-0.7928923266494966,0.42784055837363577,246,-0.3285032986876003,-1.1140556205092031,-0.866734366135139,110,-0.9025804715966006,-1.2613658785091346,-0.9601143920479165,89,-0.12180320602014856,-0.9988457058193173,0.8710235657795959,,,,False,False
SW03,CB2 · close za High/Low kompozitu,short,1,254,0.05645699044232052,-0.047126660918418044,-0.03529008506955432,0.47244094488188976,0.5294092496214426,-0.518558538653241,240,-0.8870043783609505,0.37507654323093687,131,-0.004762285817070785,-0.01783487840411921,-0.162369910414903,68,-0.13663779418827154,-0.1424310399133541,-1.5323758439658555,55,0.017300869803126104,0.0009365074867183901,0.2143279401197057,,,,False,False
SW03,CB2 · close za High/Low kompozitu,short,2,254,0.05645699044232052,-0.12519109374616155,-0.07959722984223846,0.4448818897637795,0.8284325064573723,-0.8280808909542458,226,-1.4875527217002804,0.13686888959424204,131,-0.10729077347980644,-0.15578622003990433,-1.8940393709893488,68,-0.05134165202205614,-0.08242318538432665,-0.24159596525643603,55,-0.048570413028620266,-0.10519575236660647,-0.19731770593987977,,,,False,False
SW03,CB2 · close za High/Low kompozitu,short,3,254,0.05645699044232052,-0.24678426206422277,-0.1668257011943426,0.421259842519685,1.0080461083359566,-1.0719754904398575,216,-2.4684900201531144,0.013568443549142328,131,-0.040530354003191264,-0.12616837019939017,-1.2275855224273775,68,-0.3672790555043647,-0.4203014905288569,-2.0343574370141058,55,-0.2198050173572393,-0.3195389947678218,-1.1763508422289652,,,,False,False
SW03,CB2 · close za High/Low kompozitu,short,5,254,0.05645699044232052,-0.5019571242402638,-0.3500449884360364,0.38188976377952755,1.275613807163449,-1.4609241185892585,198,-2.554806889931926,0.010624672432239413,131,-0.2183102111309172,-0.38035201609558306,-1.356852737892356,68,-0.7250239827373544,-0.8262613421247603,-3.1998855242639803,55,-0.20020288324478175,-0.39064043970948986,0.00979091042903609,-0.4927952330579099,-0.10007978531075507,0.9995,False,False
SW03,CB2 · close za High/Low kompozitu,short,7,254,0.05645699044232052,-0.7246972680520131,-0.5004119649230063,0.3464566929133858,1.4694871176694857,-1.8001552628007451,188,-2.5997105386212356,0.009330242497104013,131,-0.41855552509760124,-0.6572728369333312,-1.803101122323569,68,-0.8790542320953668,-1.0276155401988225,-2.9715615359314094,55,-0.22723959127587084,-0.5107728675168178,0.44292284523336756,,,,False,False
SW03,CB2 · close za High/Low kompozitu,short,10,254,0.05645699044232052,-0.8498435950628762,-0.5240459087270822,0.3346456692913386,1.710360682602452,-2.1704435828199364,166,-2.5209567024439603,0.01170362520187962,131,-0.4073392031362852,-0.7529189336802031,-2.0037386783734625,68,-0.8948253371174065,-1.1114737775556143,-1.950487847306071,55,-0.34360185966985185,-0.7572304720014947,-0.055451489970553325,-0.8235410326615722,-0.1576375241513336,0.9985,False,False
SW03,CB2 · close za High/Low kompozitu,short,20,253,0.05623471882640587,-1.3606032601925777,-0.7279313562732942,0.2924901185770751,2.441181825948438,-3.1144082711323566,121,-2.36326502947997,0.01811470980373575,131,-0.6547664297767295,-1.322369326271004,-1.5664919963319652,68,-1.1966025932586677,-1.5711250977320037,-2.7029173351847917,54,-0.3152454536074536,-1.1882543785452666,0.09746855091392274,,,,False,False
SW03,CB4 · CB1 + objem > 1.2× průměr,short,1,196,0.04356523671927095,-0.03765152529615226,-0.02545928361780585,0.4744897959183674,0.5853291215576454,-0.5623732175984182,180,-0.4505590249383412,0.6523074041672037,105,0.0353006745913495,0.021220922072931567,0.21333239699762724,50,-0.1218412798520424,-0.13041378513345786,-0.8655561512602056,41,-0.06352503484340304,-0.07529771997636012,-0.2804606167679495,,,,False,False
SW03,CB4 · CB1 + objem > 1.2× průměr,short,2,196,0.04356523671927095,-0.029285617076268432,0.020851456673950004,0.47959183673469385,0.9550542959471543,-0.8658409225788607,170,0.5885673061557768,0.5561515710242362,105,0.1452300123622665,0.09161484206749335,1.0172953429338407,50,-0.009711110347818632,-0.05079541179400083,0.6444941789197492,41,-0.2604075676232403,-0.3126772871789116,-1.3799547004635766,,,,False,False
SW03,CB4 · CB1 + objem > 1.2× průměr,short,3,195,0.0433429651033563,-0.13102895331721764,-0.042385780459820444,0.4307692307692308,1.1662438486912752,-1.0912104638544853,164,-0.2501882224314638,0.8024417928334189,105,0.21959619297650831,0.1243498308671481,1.2695331477562175,50,-0.35707501570632666,-0.4262095194594749,-0.9264981405632494,40,-0.33672691667205096,-0.43242255412335623,-1.9111041855012947,,,,False,False
SW03,CB4 · CB1 + objem > 1.2× průměr,short,5,195,0.0433429651033563,-0.42654777273116923,-0.2567701854121584,0.4,1.480042319149272,-1.4912105987198978,147,-0.8619699978608399,0.38870402786554537,105,0.006445285146693862,-0.17530506777788196,0.6596174163144624,50,-0.6666083960450752,-0.7968069899761793,-1.8534488709822092,40,-0.4354130323379996,-0.6232358516772852,-0.903634473012253,-0.4050806755840259,0.13277454982824974,0.8455,False,False
SW03,CB4 · CB1 + objem > 1.2× průměr,short,7,195,0.0433429651033563,-0.6944048371922177,-0.444131299220146,0.3487179487179487,1.663090749121857,-1.8544847169160577,139,-1.678108172712114,0.09332598356379629,105,-0.26469888644832745,-0.5322504337897523,-0.759362454981644,50,-0.7675560225547625,-0.9579644254915657,-1.929388361945793,40,-0.5108604785778988,-0.7906106607495047,-0.2482279199311331,,,,False,False
SW03,CB4 · CB1 + objem > 1.2× průměr,short,10,195,0.0433429651033563,-0.9141038752893258,-0.5486645114105401,0.3128205128205128,1.9047666647631936,-2.281612114896711,133,-2.2701817751887217,0.02319655630602524,105,-0.4824678201771287,-0.872830532202141,-1.4108647396984957,50,-0.6154440841142977,-0.8939295818369531,-1.5523946943949813,40,-0.6389563600185477,-1.0476642677086516,-0.8846345518641956,-0.8471901152836638,-0.11602542672797198,0.997,False,False
SW03,CB4 · CB1 + objem > 1.2× průměr,short,20,195,0.0433429651033563,-1.5542141616961707,-0.8346578506373613,0.26666666666666666,2.529923799519855,-3.256574344533967,105,-2.0686702997400226,0.038577036085776006,105,-0.9155186787453523,-1.6957830372370954,-2.0351792015360917,50,-0.7891894832574746,-1.261517980413223,-1.044919361263608,40,-0.6792336360787435,-1.5484660900049287,-0.040102256183982124,,,,False,False
SW03,CB5 · CB1 + delta dne,short,1,300,0.06668148477439431,-0.037321018271692735,-0.028807950350158564,0.47,0.5424216422642544,-0.5082126693201242,269,-0.5988636101010306,0.549263839733533,171,0.027541973442733826,0.019466065600811808,-0.139938250874037,76,-0.1623769378779899,-0.16594133166249117,-1.0090012930645924,53,-0.01908330726467591,-0.036103047035798246,0.157355965460828,,,,False,False
SW03,CB5 · CB1 + delta dne,short,2,300,0.06668148477439431,-0.11089024981878573,-0.0727012533118085,0.45,0.8193926103530053,-0.8153224934387808,254,-1.1594581144920377,0.24626950021766847,171,0.011763309558530501,-0.02650189090493671,-0.3580089453044816,76,-0.15907962790283878,-0.1835053626441213,-0.5557471634327726,53,-0.2213556642912362,-0.2790347932063835,-1.711940553590078,,,,False,False
SW03,CB5 · CB1 + delta dne,short,3,300,0.06668148477439431,-0.1686366211774651,-0.09967423802320831,0.41333333333333333,1.036393578819829,-1.0376780998959483,238,-0.8269459151357073,0.40826771725063327,171,0.018389929987068815,-0.05271071406558214,0.05540254210901214,76,-0.31798737369107233,-0.35994574588616485,-1.398129820244559,53,-0.1675454534760332,-0.2683316520882352,-0.5156072264831266,,,,False,False
SW03,CB5 · CB1 + delta dne,short,5,300,0.06668148477439431,-0.4197511603994514,-0.2850112014623869,0.38333333333333336,1.3397440334869763,-1.439734397562204,211,-2.3771494869143877,0.017447015900800222,171,-0.18659515113840544,-0.3266638891338719,-1.1465340912762856,76,-0.4430818529754822,-0.5257529983235997,-1.7446427534346038,53,-0.3758748824134357,-0.5680867019877309,-1.4299617072346462,-0.46851371797530256,-0.05765586465421529,0.993,False,False
SW03,CB5 · CB1 + delta dne,short,7,300,0.06668148477439431,-0.581522134059259,-0.3803704568142661,0.38666666666666666,1.584000695278536,-1.780751873132457,201,-2.3028221871282093,0.021288849651260877,171,-0.30462242680272683,-0.5148851455408707,-1.5590182657684875,76,-0.5503983246423826,-0.672901071772655,-1.331801884846526,53,-0.3809514978904243,-0.665486771237114,-1.0469993044637764,,,,False,False
SW03,CB5 · CB1 + delta dne,short,10,300,0.06668148477439431,-0.6577655979735179,-0.36318057452680735,0.34,1.9144955342134342,-2.1358664262735343,173,-1.5393652784592573,0.12371514564955155,171,-0.1624436556521219,-0.47106775821799446,-0.30746618740960835,76,-0.7337779108959119,-0.9136188573456544,-1.381488745138407,53,-0.47941860402717096,-0.8932464071416709,-1.446107871954398,-0.5582652771276767,0.06016123633064506,0.938,False,False
SW03,CB5 · CB1 + delta dne,short,20,300,0.06668148477439431,-1.0027097764726178,-0.4190175076635052,0.32,2.655456416370569,-3.034466730132231,117,-0.5658049609199095,0.5715263737158724,171,-0.34158277167760664,-0.9632848544056448,-0.9647847973697063,76,-0.8188666262814153,-1.1176941081942804,-0.2230383091802395,53,-0.09548556122251427,-0.9650277474651845,0.6470652641991125,,,,False,False
SW03,CB6 · CB1 + směr týdenního VWAP,short,1,239,0.0531229162036008,-0.0454734398370983,-0.03367209966746493,0.48535564853556484,0.564679904408319,-0.5560537442896474,217,-0.9095948058743908,0.36303623887044667,140,0.03252689320406983,0.016897448739517408,0.11761429658011181,54,-0.2352582559147937,-0.23501011648135506,-2.293116623818639,45,0.002278865562332565,-0.012072192324572375,0.058705699390019545,,,,False,False
SW03,CB6 · CB1 + směr týdenního VWAP,short,2,239,0.0531229162036008,-0.021119540439752022,0.025600319539130584,0.4602510460251046,0.9267690428027767,-0.8528829420182995,200,0.11706506628362634,0.906808492416608,140,0.11585264801469555,0.05836762233483628,0.7670096436390946,54,-0.1222314858953476,-0.13413095078775789,-0.37659380452195484,45,-0.07778653586347548,-0.1327992433208641,-0.6049351117494435,,,,False,False
SW03,CB6 · CB1 + směr týdenního VWAP,short,3,239,0.0531229162036008,-0.153402474517824,-0.07078803542565798,0.4560669456066946,1.1187981456885083,-1.0759584458486782,188,-0.5054868754561577,0.6132169143582828,140,0.0483389200163012,-0.0530208338279151,0.3405883842936641,54,-0.2665504117897587,-0.28793166192109565,-0.8108315452559016,45,-0.20649037849705465,-0.30426588733583676,-0.7535311633187184,,,,False,False
SW03,CB6 · CB1 + směr týdenního VWAP,short,5,239,0.0531229162036008,-0.4009018880336192,-0.2421696527763661,0.39748953974895396,1.4044317272497284,-1.4885957899986217,165,-1.1571231332394578,0.24722205658304208,140,-0.12241257520231831,-0.3143231742090958,-0.17325050337801495,54,-0.37628235652796777,-0.4232324885254339,-0.9523847281446612,45,-0.4538119829492594,-0.643461166008626,-1.2519672887309374,-0.38235851530028336,0.07692159070660372,0.9135,False,False
SW03,CB6 · CB1 + směr týdenního VWAP,short,7,239,0.0531229162036008,-0.6011357512221298,-0.366609460553371,0.39330543933054396,1.6104242981248753,-1.842218103806606,155,-1.4564845943541296,0.1452587053155232,140,-0.32259719206001214,-0.6051150014090083,-0.9993256636579284,54,-0.44824905009381877,-0.5199358870040802,-1.0238056637692083,45,-0.4055690106397278,-0.6861956988135013,-0.46858155015030695,,,,False,False
SW03,CB6 · CB1 + směr týdenního VWAP,short,10,239,0.0531229162036008,-0.8614610589118786,-0.519013206055866,0.34309623430962344,1.832980891862349,-2.23360114193441,146,-2.051862523744229,0.04018302487020575,140,-0.5476168760906435,-0.9598623630602138,-1.690017842028683,54,-0.5490493647813539,-0.6557129333989662,-1.2076834161443128,45,-0.3939806199215287,-0.8022214188436638,-0.5250386320744006,-0.699238276163112,-0.06960800939358024,0.989,False,False
SW03,CB6 · CB1 + směr týdenního VWAP,short,20,238,0.05290064458768615,-1.3857333524616868,-0.7007901463215457,0.29411764705882354,2.5469222367148174,-3.1676361244503233,109,-2.283346147010002,0.022409986759310607,140,-0.7870166693224118,-1.6143477756640652,-2.0758938432252356,54,-0.8067739346360666,-0.9734736534920337,-0.8744319818368163,44,-0.29636201475096957,-1.1642789091896026,-0.6277231378152212,,,,False,False
SW03,CB8 · délka 2–3 dny,short,1,410,0.09113136252500556,0.0170880896226923,0.02951018082330226,0.4902439024390244,0.5693285398714661,-0.4790972996524465,368,0.594165691051891,0.5524012975078041,222,0.07889386421681227,0.0651551747708657,0.8968861047233371,103,-0.06813262001811031,-0.07391847890762315,-0.5643982149105198,85,0.01885171933278777,0.001826720866551132,0.6348265868695958,,,,False,False
SW03,CB8 · délka 2–3 dny,short,2,410,0.09113136252500556,-0.0054259078792044555,0.04286275267595693,0.4658536585365854,0.8731572566893153,-0.7573850562971033,343,0.09646833195819202,0.9231486240324511,222,0.10105934083728466,0.048742173518573774,-0.05629074159811275,103,0.018804503796254455,-0.0133048446557724,0.4082068949846461,85,-0.07998010540881248,-0.13735277355356054,-0.23113042617797902,,,,False,False
SW03,CB8 · délka 2–3 dny,short,3,409,0.09090909090909091,-0.046049563164238985,0.038920876170771036,0.4572127139364303,1.1084732818237149,-0.9621528188857185,316,0.39711587638937934,0.69128201284991,222,0.16232408069111226,0.0692373425105955,0.8319477840635164,103,-0.1794762205577482,-0.2345211541789779,-0.8106838520319835,84,-0.019419724311113017,-0.11963431537013375,0.3410456648014941,,,,False,False
SW03,CB8 · délka 2–3 dny,short,5,409,0.09090909090909091,-0.23601459149672085,-0.07413185066986588,0.41075794621026895,1.4206100598858074,-1.3182894835605894,276,-0.3813691785916167,0.7029293279294015,222,0.023874975356143205,-0.1531765822878938,-0.4405373360591393,103,-0.34754788062359265,-0.45274628107553067,-1.0553829446852818,84,0.0021102410856081496,-0.1891892821841278,1.0460933772055938,-0.2282947480157738,0.1562535299268622,0.6575,False,False
SW03,CB8 · délka 2–3 dny,short,7,409,0.09090909090909091,-0.4473622771276575,-0.20844065022241864,0.39119804400978,1.642971128617322,-1.6303120739310435,255,-1.0604652370513952,0.28893299691356944,222,-0.10356067832419955,-0.3650427290708524,-1.1494133130518243,103,-0.6021113700592058,-0.7561918018446111,-1.2362948950956747,84,-0.0029081456773658136,-0.286237260731997,0.8207034068562891,,,,False,False
SW03,CB8 · délka 2–3 dny,short,10,409,0.09090909090909091,-0.6128190825447081,-0.2644232155518587,0.3471882640586797,1.8966278253155677,-1.993533652201806,214,-1.0735020744237054,0.28304590842405153,222,-0.12818663805485345,-0.5104543525696733,0.01781663021269312,103,-0.7541921018550362,-0.9776156206213551,-1.665685333632646,84,-0.0239270835888569,-0.436044399599031,-0.38750841444556516,-0.45934724664281434,0.1132921132249607,0.877,False,False
SW03,CB8 · délka 2–3 dny,short,20,408,0.09068681929317626,-1.1517955907008437,-0.46932276191871475,0.30637254901960786,2.5367062476606317,-2.940176378904524,144,-0.5325001353189545,0.5943796481197527,222,-0.3826005928075188,-1.136641350816049,-0.5607832598951605,103,-0.9857677252509389,-1.3644096763984046,-0.9224463032959559,83,-0.06038891034602086,-0.9284822223583818,0.8710235657795959,,,,False,False
SW03,CB8 · délka 4 dny,short,1,28,0.006223605245610136,-0.38993649755586934,-0.3725374504507891,0.35714285714285715,0.3385129699098089,-0.7175552471317339,28,-3.4130793585096373,0.0006423323447735108,17,-0.4766203806554426,-0.497151845612528,-3.4015793962310834,6,-0.39615517594499267,-0.3992746736888513,-1.48108355334148,5,0.009685782838076796,-0.014198502803651434,0.05581279721029838,,,,False,True
SW03,CB8 · délka 4 dny,short,2,28,0.006223605245610136,-0.49670306672508685,-0.4405267779009296,0.35714285714285715,0.6674820370385888,-1.1219655222798803,28,-2.364721398877151,0.01804363883070148,17,-0.49758091520047476,-0.5656461213338442,-1.9570988593329721,6,-0.7217393344864002,-0.7294986435976805,-1.9223332535950897,5,0.09091235682008851,0.017058011191800285,0.25798658678971204,,,,False,False
SW03,CB8 · délka 4 dny,short,3,28,0.006223605245610136,-0.911177183365684,-0.8147450983395819,0.14285714285714285,0.6884058821935116,-1.474476689338076,28,-3.9907773303871266,6.585708985040739e-05,17,-0.8751553017988547,-0.9935633526473048,-3.3810372508620334,6,-1.1608138522745355,-1.1697471328128841,-2.4068350282496906,5,-0.19406790185610934,-0.3207802684715324,-0.4573501986489716,,,,False,True
SW03,CB8 · délka 4 dny,short,5,28,0.006223605245610136,-0.9711021649176247,-0.7871917465387598,0.35714285714285715,1.0656982154515753,-1.978158166148297,27,-2.6286653716075286,0.008572066530152744,17,-0.7958847691342017,-1.0232230350262117,-1.8991965412434038,6,-0.6988193842437518,-0.7185051451635885,-0.9570654135446872,5,-0.863682304468268,-1.0970076302532725,,-1.3008053221214373,-0.39102828520290267,1.0,False,False
SW03,CB8 · délka 4 dny,short,7,28,0.006223605245610136,-0.9757515150742677,-0.7071622397612273,0.35714285714285715,1.250687899395,-2.3270383318732186,27,-1.946588929935303,0.051584036835605085,17,-0.737526785701515,-1.0705049510543043,-1.4624150658293957,6,-0.3854060633512943,-0.4210006750639818,-0.42477274323502207,5,-0.9900301952561688,-1.3192908407544874,,,,,False,False
SW03,CB8 · délka 4 dny,short,10,28,0.006223605245610136,-0.7374186935313068,-0.34162968482996864,0.42857142857142855,2.0928846376526073,-2.904125542948417,27,-0.5968354926161102,0.5506172188437652,17,-0.22964073291337636,-0.7172718098447995,-0.25268753286349827,6,0.27703431160707076,0.2019014757884594,0.2572098640717099,5,-1.4647889170708295,-1.933102301249151,,-1.067539573902855,0.8140633161719641,0.5715,False,False
SW03,CB8 · délka 4 dny,short,20,28,0.006223605245610136,-0.43459548903605866,0.3967420170836838,0.35714285714285715,3.3629315793555876,-3.5584235412588896,25,0.22020787190486155,0.8257092662042747,17,0.6262239963128171,-0.3748368497130792,0.5234426788838219,6,0.420111096111273,0.2028684044839931,-0.09477814426660292,5,-0.4115396071284774,-1.4027315349582519,,,,,False,False
SW03,CB8 · délka 5+ dní,short,1,9,0.0020004445432318294,-0.20447572896034621,-0.176951538297955,0.3333333333333333,0.5619109678933121,-0.5510001755539682,9,-0.9639478519909271,0.3350720712334363,7,-0.2367309622964379,-0.2671748324579909,-1.1909391193189673,1,0.6041866441303255,0.6310722100656455,,1,-0.5396337527368553,-0.6011299435028249,,,,,False,False
SW03,CB8 · délka 5+ dní,short,2,9,0.0020004445432318294,-0.18331512478646872,-0.10915492018732777,0.2222222222222222,0.8111411848028784,-0.841046203208206,9,-0.31482748984223113,0.7528926384224204,7,-0.28571179818835,-0.37847172255396544,-1.7998090617504021,1,2.3274198972059335,2.423194748358862,,1,-1.3098315915734329,-1.423728813559322,,,,,False,False
SW03,CB8 · délka 5+ dní,short,3,9,0.0020004445432318294,-0.39317941962789493,-0.26971125130727547,0.3333333333333333,0.866474818170871,-1.143182270464892,9,-0.6621041958689603,0.507904446965262,7,-0.5311866034378553,-0.688767518572236,-1.810483326267831,1,2.403079551623565,2.5641137855579865,,1,-1.1121745893240569,-1.2813559322033898,,,,,False,False
SW03,CB8 · délka 5+ dní,short,5,9,0.0020004445432318294,-1.0386952754766046,-0.8131689906540045,0.1111111111111111,0.9759295310428749,-1.8386892719671353,9,-1.4567164682698044,0.1451946619876081,7,-1.4877591917713098,-1.778304306328502,-5.432037148045569,1,3.1212042043541284,3.4004376367614877,,1,-0.025410777841001264,-0.30056497175141245,,,,,False,False
SW03,CB8 · délka 5+ dní,short,7,9,0.0020004445432318294,-1.213838931501938,-0.8892828173168943,0.2222222222222222,1.0075512824781983,-2.332887864435847,9,-1.45689660312947,0.1451449238597866,7,-1.5039989510638263,-1.9230643921311492,-2.8236782511536913,1,2.4884568394508366,2.8796498905908097,,1,0.035990462143899504,-0.3427495291902072,,,,,False,False
SW03,CB8 · délka 5+ dní,short,10,9,0.0020004445432318294,-1.9221709291574092,-1.4497808085786965,0.2222222222222222,1.0075512824781983,-3.005991991465935,9,-1.886646300412033,0.059207914847871246,7,-1.913968608997186,-2.5231941454118307,-2.1564495041978184,1,1.3245196295451767,1.8656455142231947,,1,-0.9747666437731444,-1.5028248587570623,,,,,False,False
SW03,CB8 · délka 5+ dní,short,20,9,0.0020004445432318294,-2.1782136000260177,-1.1734709226751658,0.2222222222222222,1.4921848522181511,-3.932491087490144,9,-1.1262548055087034,0.26005768158043585,7,-0.9314696873140542,-2.1930109027112548,-0.7205183473788922,1,-0.2704427514470108,0.5667396061269147,,1,-3.7705077414311017,-4.819585687382298,,,,,False,False
SW03,CB3 · retest prolomené hrany,short,1,149,0.03311847077128251,-0.012220141411347715,0.0009486505866633181,0.4429530201342282,0.5669654052790312,-0.48760414838228777,131,-0.16169620099462922,0.8715450963396703,91,-0.03397022735911526,-0.052660057896727425,-0.9593568653781782,26,0.06321184391852978,0.06161846330254392,0.11107249063992249,32,0.04966036516282966,0.04278700476391385,1.0290498022956378,,,,False,False
SW03,CB3 · retest prolomené hrany,short,2,149,0.03311847077128251,-0.1175077925026962,-0.06375082065288046,0.37583892617449666,0.8681960336750125,-0.818638246947666,122,-0.09914538665474712,0.9210228362451687,91,-0.09569304371849531,-0.1608152985756207,-0.510890731114679,26,-0.25680913699974633,-0.27792969040521087,-1.2721247694135178,32,0.1839447582217903,0.13599071993797604,1.2135950411010294,,,,False,False
SW03,CB3 · retest prolomené hrany,short,3,149,0.03311847077128251,-0.2456598978826844,-0.14958117562450735,0.3691275167785235,1.0814174686135147,-1.086716280112325,120,-1.2795212243062057,0.20071357045918004,91,-0.18563936700672432,-0.2998082966343899,-1.6229577773528125,26,-0.25443501905901134,-0.2922613842900211,-0.8342549212047188,32,0.038153053909206494,-0.05381168122656099,0.5529979237855869,,,,False,False
SW03,CB3 · retest prolomené hrany,short,5,149,0.03311847077128251,-0.42435903590871893,-0.23888022349492688,0.3422818791946309,1.3294013451960691,-1.422177007533082,114,-2.0232720290516886,0.04304510903776948,91,-0.24130384741057131,-0.45796697171101924,-1.9563739974860248,26,-0.49437963871991103,-0.5709327075997034,-1.2576343934491538,32,-0.02439476811451355,-0.2096953602220024,0.058811463434712316,-0.592798299449982,0.02464926461531804,0.966,False,False
SW03,CB3 · retest prolomené hrany,short,7,149,0.03311847077128251,-0.6113492924040023,-0.3377033076104264,0.3221476510067114,1.523832686895191,-1.7556678654735216,107,-1.4871462496870016,0.13697618861120286,91,-0.4559479925975652,-0.7743419125694101,-2.185317152367528,26,-0.18979665846347843,-0.30288481646762805,-0.2842122100251515,32,-0.12161913711014563,-0.3984664155069275,0.2666894112486616,,,,False,False
SW03,CB3 · retest prolomené hrany,short,10,149,0.03311847077128251,-0.7298048815053056,-0.32813927700604917,0.31543624161073824,1.760470225614154,-2.124988642590756,100,-0.9607157318365385,0.3366951189572094,91,-0.48273453719635695,-0.9516128116671103,-1.9478274176444224,26,0.09615550366990686,-0.0653527177914062,0.18454751300600783,32,-0.233248515139076,-0.6389059631252165,0.2808045678147585,-0.6345353109417413,0.2646697288853574,0.828,False,False
SW03,CB3 · retest prolomené hrany,short,20,149,0.03311847077128251,-1.2496578064676997,-0.44499788103878873,0.26174496644295303,2.334657471164058,-2.975328196780431,83,-2.3822585198486785,0.01720681310175398,91,-0.4195965677199759,-1.3603368129560938,-2.6129070376828847,26,-0.843876430158941,-1.0886236202246213,-0.9718193931996746,32,-0.19314404462903934,-1.0657546580888309,0.021339090036326478,,,,False,False
SW03,CB7 · failed breakout opačným směrem,short,1,122,0.02711713714158702,-0.10059260837946032,-0.08325589771380429,0.45081967213114754,0.4641866148661019,-0.48968480516623464,122,-1.5656308060396793,0.11743507369537243,60,-0.018174527658779412,-0.04215027371843726,-0.2352052086609863,33,-0.14297892898524595,-0.1439867870623206,-1.6154436991925445,29,-0.14994631741531878,-0.17212820090108086,-1.242048122354805,,,,False,False
SW03,CB7 · failed breakout opačným směrem,short,2,122,0.02711713714158702,-0.11121023262904126,-0.05383225370987361,0.4344262295081967,0.7666351144323147,-0.8112226498113054,119,-0.7570130349533958,0.44904205317005275,60,-0.0773163008765448,-0.15312781500592618,-0.9545428272619834,33,-0.09396988639442568,-0.10911883766887509,-0.48901366817041064,29,0.04042928796566039,-0.026864063355675222,0.1818949147577817,,,,False,False
SW03,CB7 · failed breakout opačným směrem,short,3,122,0.02711713714158702,-0.184210198103303,-0.08588174022115523,0.4262295081967213,0.9305782356481236,-1.015072076588886,115,-0.9013825611557404,0.3673849502305002,60,0.026640284176076723,-0.10307833877462078,0.27944606587868664,33,-0.30022349338571225,-0.3267704917281949,-1.366028852882812,29,-0.07477979571782903,-0.18984543500328596,-0.4965983375749359,,,,False,False
SW03,CB7 · failed breakout opačným směrem,short,5,122,0.02711713714158702,-0.1245447903447164,0.060728816348306305,0.3360655737704918,1.3705200925719383,-1.3264612334173982,111,0.7091683780998524,0.47821999424659856,60,0.07267313004109195,-0.17036608912814347,0.8094051539502154,33,-0.19511486490865063,-0.2505470141203555,-0.3051011595623262,29,0.327148908069425,0.11363973764154967,0.7223861517924013,-0.24375254717149972,0.5544850401779453,0.235,False,False
SW03,CB7 · failed breakout opačným směrem,short,7,122,0.02711713714158702,-0.09950919793894142,0.17149867975310656,0.4016393442622951,1.6267594889290458,-1.5459734246753984,103,1.1520054270420121,0.24931884322565567,60,0.17589782930431122,-0.18027284552729445,1.1336589918583426,33,0.10007527707608381,0.016358103523234007,0.4616188490565068,29,0.24367189752101953,-0.06426099424758316,0.4893061685334885,,,,False,False
SW03,CB7 · failed breakout opačným směrem,short,10,122,0.02711713714158702,-0.17871750941252326,0.21741882912699292,0.4180327868852459,2.0282804164893817,-1.8604749879257911,95,1.5272304027492662,0.12670372876113412,60,0.2188938108439282,-0.30431153084467016,0.8853188793421402,33,0.09844086963994038,-0.026070793639689553,0.47295928689534994,29,0.34975585533584186,-0.09256924508751277,1.6812879334368587,-0.12070334195477068,0.8911071835957325,0.059,False,False
SW03,CB7 · failed breakout opačným směrem,short,20,122,0.02711713714158702,-0.44703199033157276,0.35429404403421233,0.38524590163934425,3.0173998575605685,-2.685485776707023,77,1.314863321004163,0.18855584178227502,60,0.3718284730827946,-0.6945974423979908,1.5515334134384953,33,-0.0924921447329081,-0.2994527730328304,0.2188081493064632,29,0.8264277849445588,-0.10276257815479306,0.8527871682318507,,,,False,False
BENCH,Donchian 5D,short,1,455,0.1011335852411647,-0.030283761106547163,-0.01980095991099344,0.44835164835164837,0.5985441076756473,-0.5794098526728797,352,0.023891720965461924,0.9809389781119722,240,7.909775916996968e-05,-0.012249845532755503,0.4569129490214447,109,-0.06323116901000765,-0.06356430300156075,-0.8529787147908061,106,-0.020153045279358225,-0.036892824041957706,0.13384678688644608,,,,False,False
BENCH,Donchian 5D,short,2,455,0.1011335852411647,-0.1384259020986737,-0.09777690506655996,0.43956043956043955,0.9238827438258841,-0.9372919626901252,305,-1.4675498757247045,0.14222653191975998,240,-0.08557136067432601,-0.1316296575931599,-1.266293612288696,109,-0.020651414469888114,-0.032014960732399705,-0.500685143135468,106,-0.20472038741725226,-0.2632361972896848,-0.6477549033385034,,,,False,False
BENCH,Donchian 5D,short,3,455,0.1011335852411647,-0.23270154250035138,-0.16095975836829668,0.42637362637362636,1.1274677860840536,-1.1834915784073154,283,-1.632410833446816,0.10259296846597765,240,-0.15942110610118754,-0.24089815922652394,-1.166387336673961,109,-0.02933192122267657,-0.049521590632831104,-0.26896602559555693,106,-0.29979665264168165,-0.40250745513505226,-1.5976621813948122,,,,False,False
BENCH,Donchian 5D,short,5,455,0.1011335852411647,-0.40549716449118584,-0.26733508093774877,0.37362637362637363,1.4872059667833133,-1.5779462448063493,241,-1.0291544434859956,0.303407105930215,240,-0.30757922158633827,-0.4632008156267475,-0.7374111415678368,109,-0.15768224288860092,-0.20103480958731365,-0.08997625675422066,106,-0.28897249218016047,-0.4850964136608773,-1.0030517813678776,-0.3736005126703204,0.10099317979294938,0.8635,False,False
BENCH,Donchian 5D,short,7,455,0.1011335852411647,-0.5280205828703447,-0.32335102245674147,0.389010989010989,1.7295312333407973,-1.8876569675310693,218,-0.9873727598854081,0.3234599332662558,240,-0.3780457069037722,-0.6085648806762323,-0.6844476189843506,109,-0.23426891439460026,-0.30052688889884127,0.0437207392620371,106,-0.291117300866987,-0.5795883297522394,-1.163788156502829,,,,False,False
BENCH,Donchian 5D,short,10,454,0.10091131362525005,-0.6398014164201099,-0.3420042218614209,0.3656387665198238,2.056760629580524,-2.287339116227524,190,-0.9798704142957876,0.3271500886803067,240,-0.4554221729430489,-0.7900622076073552,-0.5108519637202601,109,-0.16758672719965867,-0.2671712565296567,-0.35379527247673015,105,-0.2638251614665765,-0.6831737739736387,-0.9929052744316834,-0.4902865783313575,0.14108574999985685,0.8835,False,False
BENCH,Donchian 5D,short,20,452,0.10046677039342077,-1.1417571882001745,-0.5553873097087492,0.31194690265486724,2.893867851606187,-3.2236557511632844,134,-1.3230662698755828,0.1858133405474538,240,-0.6996830008632825,-1.3415930873429949,-1.8067076397034403,109,0.10000154417640099,-0.07833882714938588,-0.10195876510564043,103,-0.9127311854018888,-1.8014852033483215,-0.6399523771567962,,,,False,False
BENCH,Donchian 20D,short,1,197,0.0437875083351856,0.009972781407901145,0.018777695885187167,0.49746192893401014,0.6865247593973731,-0.6175315263081762,150,0.0055697062458347265,0.9955560403547299,103,0.08895407480309198,0.07853491955425226,0.7236160284705522,47,-0.08367228541500438,-0.0786421194397169,-1.154279043301793,47,-0.032563110655987125,-0.0516655141077609,-0.018450426014760168,,,,False,False
BENCH,Donchian 20D,short,2,197,0.0437875083351856,-0.06059826323418205,-0.025884185096619824,0.4720812182741117,1.0539917363860347,-0.9697401148176044,126,0.227063949008536,0.8203740164182514,103,0.01186690385919271,-0.030371379320885742,0.05222841794615819,47,0.03646011321213803,0.04405895534482732,0.5135831340141829,47,-0.17095959324471155,-0.2314973763465853,-0.3096406633642353,,,,False,False
BENCH,Donchian 20D,short,3,197,0.0437875083351856,-0.264902895511068,-0.2031245854532949,0.4517766497461929,1.2452360740787907,-1.2499372900568284,115,-0.2616408215657884,0.7935983689234929,103,-0.21426743513574809,-0.29022483413171934,-0.35766764047155747,47,-0.07536100473499244,-0.06427585820879012,0.3894378018451376,47,-0.30646872963345534,-0.41003717370851417,-0.5107795053527215,,,,False,False
BENCH,Donchian 20D,short,5,197,0.0437875083351856,-0.5499716710935018,-0.42962763836009776,0.37055837563451777,1.5076641284545667,-1.6519995576915032,98,-1.2593034765755977,0.20792073799282584,103,-0.4975099723171187,-0.6434969264351447,-1.072040246888797,47,-0.20176135246556307,-0.18993641359451663,0.22600549994389774,47,-0.5087305115403105,-0.7050473264608017,-1.2682709207044929,-0.5329542575565125,0.07837480823485345,0.934,False,False
BENCH,Donchian 20D,short,7,197,0.0437875083351856,-0.6997220204082323,-0.5209745059844375,0.39086294416243655,1.7092920565758736,-1.973370594114549,92,-1.3897049402582475,0.16461849404369522,103,-0.6875773086137906,-0.9041255997267734,-1.464334854288403,47,-0.19122198186260653,-0.17875819860070113,0.15676027664044737,47,-0.4856187605142816,-0.7727375726453432,-0.7565858964342342,,,,False,False
BENCH,Donchian 20D,short,10,196,0.04356523671927095,-0.8414740496773846,-0.5820556472386371,0.35714285714285715,1.9845448938803154,-2.3625389483348203,82,-1.1762668164925627,0.23948827164792696,103,-0.7508116886271047,-1.0645027871449289,-1.4153298217010006,47,0.009471565002585041,0.023040134271568858,-0.19419624252892848,46,-0.8085753583761435,-1.225391586339206,-0.11041475403667746,-0.7664438696542272,0.09030753172195272,0.924,False,False
BENCH,Donchian 20D,short,20,194,0.04312069348744165,-1.7276179737966373,-1.1996972119624947,0.24742268041237114,2.569681651439492,-3.4333875784710313,70,-1.7102972262119982,0.08721092445808543,103,-1.5888819103738612,-2.210931917889138,-1.8390055083962258,47,0.05939765076057778,0.07142784717472113,-0.23469363397892862,44,-1.633593453135533,-2.5179320043449613,-1.2376236832229741,,,,False,False
BENCH,Donchian 55D,short,1,83,0.01844854412091576,0.11088776277243546,0.11836286236410656,0.5421686746987951,0.7844841926810849,-0.5704387920542053,63,1.7532622237197688,0.07955700663785037,42,0.24543906824288733,0.24058048256531211,1.933985845770867,19,-0.1888918010064735,-0.17842353724219437,-0.5655309917426202,22,0.14111913314284427,0.11315232954412395,1.0356018480108757,,,,False,False
BENCH,Donchian 55D,short,2,83,0.01844854412091576,0.16614816101924842,0.19399424331969015,0.5301204819277109,1.2445192368498714,-0.8732078824840982,52,2.362572953621812,0.018148569019988514,42,0.39565428651789214,0.3697958948835432,2.123284114635658,19,-0.026644031708410256,-0.013219757890053275,0.7219953812664841,22,-0.00044187435260871364,-0.06772521911819016,1.0955483713167504,,,,False,False
BENCH,Donchian 55D,short,3,83,0.01844854412091576,-0.06668813837066055,-0.017119015662037836,0.4939759036144578,1.4688030622590467,-1.147577616073113,45,1.8512070657080986,0.06413976966003676,42,0.08266835831025973,0.03319074280757114,0.9732809117913009,19,-0.16025666154465612,-0.1432475634828422,1.396625397215353,22,-0.0840033081650719,-0.19124649893221876,0.9911885230834309,,,,False,False
BENCH,Donchian 55D,short,5,83,0.01844854412091576,-0.4578679325559068,-0.35948101069598815,0.40963855421686746,1.7250893880198115,-1.569276357964017,36,0.9454659938575165,0.34442102408321107,42,-0.5336528209361708,-0.6333051955777529,-0.07425519068496171,19,-0.1635612236551477,-0.14678875297312644,1.6415352719529412,22,-0.19617464359091089,-0.39160154006296555,0.6095180996567329,-0.34121610715747436,0.9791291202440523,0.1675,False,False
BENCH,Donchian 55D,short,7,83,0.01844854412091576,-0.6958499989973995,-0.5488574714446637,0.37349397590361444,1.8741303820069888,-1.926815628698402,35,-0.2053639649569868,0.8372877720290806,42,-0.7394159671696124,-0.8897198982922104,-0.6652829714355557,19,-0.07153688365129515,-0.05093205882563622,0.4144512160414104,22,-0.5972953963367617,-0.8827093214011015,0.2160405284782078,,,,False,False
BENCH,Donchian 55D,short,10,83,0.01844854412091576,-0.7221753705177782,-0.511811684370306,0.3855421686746988,2.2289113189156913,-2.338457802208632,32,-0.6730754796227241,0.5008992726564403,42,-0.7318195155992341,-0.9496407485602454,-1.0271414162533241,19,0.6706574252208811,0.7086108807423631,0.319186121613895,22,-1.1130200557620138,-1.5236023203431908,-0.15116050700700187,-0.9746005271008132,0.5253792026957781,0.732,False,False
BENCH,Donchian 55D,short,20,83,0.01844854412091576,-1.7632956127546,-1.379172274404797,0.26506024096385544,2.931774542426215,-3.537642253493196,29,-1.1992083826287288,0.23044692859220817,42,-1.9790529190683592,-2.3664621655736062,-2.9866060677161714,19,0.6483651498431027,0.7994180145032006,0.5778908106283223,22,-1.9850006373520914,-2.8250485081864167,-0.7111482121838173,,,,False,False
SW04,režim Bear (vše),short,1,257,0.05712380529006446,-0.004426467959519568,-0.003401274614570532,0.48249027237354086,0.564828869594722,-0.5084240365438404,152,-0.2788131694441176,0.7803882073230848,138,0.0732569490608047,0.07326763196204188,0.294655007940076,62,-0.20574777462009736,-0.18844370480246694,-1.8306221383901198,57,0.031101324212462443,0.00763112669113406,0.8953390072595122,,,,False,False
SW04,režim Bear (vše),short,2,257,0.05712380529006446,-0.03665647480653826,-0.027216808498522777,0.4591439688715953,0.8773869131909764,-0.7684756460250781,110,-0.19741962303544625,0.8434991748298519,138,0.055232029458434126,0.04064890888418268,0.7396289967399282,62,-0.2612053244942439,-0.2122512140883997,-1.604303552754651,57,0.027684039811559032,-0.032819090838890556,-0.013340492710654768,,,,False,False
SW04,režim Bear (vše),short,3,257,0.05712380529006446,-0.167988470342177,-0.14833127400741924,0.4357976653696498,1.0596404187478676,-0.9950668424812384,91,0.08972390835744508,0.9285066164444034,138,-0.06602846394769081,-0.09784268265555651,0.8891671597441304,62,-0.4681222314912784,-0.3887681481578561,-1.3534963464374943,57,0.0002520869707694174,-0.09766879799448477,0.08713426374237453,,,,False,False
SW04,režim Bear (vše),short,5,257,0.05712380529006446,-0.38433202446221937,-0.33922791234281763,0.377431906614786,1.342137988694208,-1.359894455200781,73,-1.0785081872193647,0.2808070300464225,138,-0.31701595387616294,-0.3842668370146523,-0.9287418009404175,62,-0.6429902729564404,-0.5122207766401651,-1.0311833633880996,57,-0.06259605112095333,-0.24538278293119545,0.11769441460961222,-0.506450309600197,-0.027653892688904686,0.9865,False,False
SW04,režim Bear (vše),short,7,257,0.05712380529006446,-0.5613843311171977,-0.48934797229630234,0.3540856031128405,1.5456738029471278,-1.6720343618069284,63,-0.8780037230751827,0.3799416982787607,138,-0.5367122737578623,-0.6405059652170672,-0.42791136423742143,62,-0.5836551474636101,-0.40210573287072066,-1.1195765390544328,57,-0.2720967712073836,-0.5430770957750852,-0.16638426810754509,,,,False,False
SW04,režim Bear (vše),short,10,257,0.05712380529006446,-0.7977317784409175,-0.691748159662826,0.3346303501945525,1.7083444712314675,-1.9949344597994272,49,-1.1496990284007793,0.25026785466386015,138,-0.7899798331757187,-0.9401346252102742,-1.2755981143302797,62,-0.5344163992770538,-0.2785339346750134,-0.7241074085797521,57,-0.625056899998593,-1.0177085057973179,0.18592422499092975,-0.9063749232613819,0.12831682781871695,0.9285,False,False
SW04,režim Bear (vše),short,20,257,0.05712380529006446,-1.3826451187412396,-1.1758630238669783,0.31906614785992216,2.2001515343800273,-2.96910654650183,40,-2.518167816462951,0.011796710000988586,138,-1.2725805530695349,-1.5231170747450173,-2.7607464996632722,62,-1.3664118337149744,-0.9247109625500065,-0.5292206701317345,57,-0.7344411775419151,-1.5406589390102767,-0.7573906300571074,,,,False,False
SW04,Bear stáří 1–2,short,1,116,0.025783507446099134,0.017463895204082723,0.01801603818944338,0.5172413793103449,0.5801349258909722,-0.5288603074521325,70,0.05900529304534988,0.9529478922190464,57,0.1987939056991043,0.19766548533653594,2.2824193096863676,33,-0.2224124713390124,-0.20692585562781274,-1.9313759063004408,26,-0.07314540925715782,-0.09279106095350505,-0.17071546198567245,,,,False,False
SW04,Bear stáří 1–2,short,2,116,0.025783507446099134,0.10966280409864632,0.11857909892274615,0.5431034482758621,0.9768986518788133,-0.7466089154093973,67,0.8859988116029806,0.3756181675913537,57,0.21786662687041536,0.20145663159609822,1.4043802022296887,33,0.019373823177398036,0.061078979099523756,-0.039638088527950664,26,0.026824676098874758,-0.029913424454573536,-0.5907576594319036,,,,False,False
SW04,Bear stáří 1–2,short,3,116,0.025783507446099134,-0.026997024758828897,-0.007932432280542145,0.5,1.1793059979895677,-0.9479739789140631,63,0.31317089068643095,0.7541508327227489,57,0.06351058990357258,0.029309721854631723,0.8487429765826123,33,-0.17437819212363284,-0.10739210993395461,-0.8273863908867769,26,0.046700560424359924,-0.0483988226891408,0.14329255497333648,,,,False,False
SW04,Bear stáří 1–2,short,5,116,0.025783507446099134,-0.24893138043943425,-0.20504598117684145,0.4051724137931034,1.4958767979487622,-1.3179816406236549,56,-1.2638490488277756,0.20628421240404227,57,-0.411459225660682,-0.48151649476234976,-0.8660957314386757,33,-0.20632497940604014,-0.09751602234679303,-1.3512576901862092,26,0.2490987064055609,0.06878572338168176,-0.11512340560076566,-0.5710121348625113,0.05324782248267012,0.955,False,False
SW04,Bear stáří 1–2,short,7,116,0.025783507446099134,-0.34996604014856997,-0.27985851971018505,0.4224137931034483,1.8138869862873408,-1.67374228245782,52,-0.221603829423395,0.8246223011642617,57,-0.6568756916957619,-0.7635921596861183,-0.1664711525741832,33,-0.15845863133849414,-0.007941506095377832,-0.9144983459301651,26,0.3925946528633564,0.12272162100084974,0.5443675347250294,,,,False,False
SW04,Bear stáří 1–2,short,10,116,0.025783507446099134,-0.6132269863623286,-0.5096112781853757,0.35344827586206895,2.025320884042115,-1.983316059736245,47,-1.0015695750640978,0.3165515215425969,57,-0.8803047355697076,-1.0349222425231903,-1.4209951261386167,33,-0.2916782617111288,-0.07882776655781529,-0.47871099028601766,26,0.02645554978603866,-0.3670171653000143,0.4652052979094946,-0.9576378603363578,0.08422331207052765,0.9515,False,False
SW04,Bear stáří 1–2,short,20,116,0.025783507446099134,-1.2811597315902121,-1.0749845867139474,0.3017241379310345,2.450162919247155,-2.836636206213055,39,-2.4365062547899377,0.014829912979720472,57,-1.6630577144011685,-1.9270838197406537,-2.9375559506876,33,-0.7749592251044686,-0.4017522934696402,-0.5292206701317345,26,-0.16654876575014757,-0.9812663636442006,-0.36199811108805036,,,,False,False
SW04,Bear stáří 3–5,short,1,79,0.01755945765725717,0.028331146746774574,0.029129169862597094,0.5316455696202531,0.6389967245177584,-0.5142980786766944,54,0.6274081851220977,0.530391703753945,42,0.0345822143314513,0.03593485639203224,-0.26400423351033464,19,-0.12831533345361637,-0.11132885587082197,-0.44668846986298216,18,0.18259681960238489,0.15800804922641415,2.5631852352452706,,,,False,False
SW04,Bear stáří 3–5,short,2,79,0.01755945765725717,-0.06988051175418562,-0.061296689643103995,0.4430379746835443,0.8956093807774704,-0.784278439213624,34,0.4865345186454928,0.6265882375193419,42,0.02315902701363317,0.010975428248978262,0.15295356588614803,19,-0.44871875625386043,-0.3998991667487343,0.35362803477520677,18,0.1505854862469744,0.08980865295490001,0.6433334489149098,,,,False,False
SW04,Bear stáří 3–5,short,3,79,0.01755945765725717,-0.23118639840848618,-0.21309525276521718,0.3924050632911392,1.0788245476081704,-1.0514036372471844,34,-0.849210921653899,0.3957639370640411,42,-0.2183265733477731,-0.24675272175765256,-1.2130397400388422,19,-0.6404134138185634,-0.5610525748203664,-0.3555111677628143,18,0.2501692208170567,0.15332709784099777,1.0159344183376122,,,,False,False
SW04,Bear stáří 3–5,short,5,79,0.01755945765725717,-0.5153105260223326,-0.4734629378534304,0.4050632911392405,1.3694449657040941,-1.4723402488490656,34,-1.1601136538617691,0.24600253580410625,42,-0.4217779176222308,-0.48261415901169535,-1.2370592131470015,19,-1.3128431379415624,-1.1816099078101954,-0.7009498436610438,18,0.2919511150334654,0.11171396506225752,0.662432028028452,-0.9818272928462816,-0.038440886475087574,0.984,False,False
SW04,Bear stáří 3–5,short,7,79,0.01755945765725717,-0.7651199422696728,-0.6978501349325807,0.3037974683544304,1.5062516874038283,-1.7738249558556138,33,-2.5226061243927456,0.011648879510036902,42,-0.6325521650498435,-0.7269308063818019,-2.208988723089744,19,-1.3555975263642266,-1.1734125161346818,-1.4562339321655327,18,-0.15592315148111963,-0.4232524313727508,0.018770078211355484,,,,False,False
SW04,Bear stáří 3–5,short,10,79,0.01755945765725717,-0.6030582236652631,-0.5043315505144809,0.4050632911392405,1.663568594352918,-1.9763834468296515,31,-1.2814041930845068,0.2000517321267019,42,-0.3919661794343774,-0.5276156539092244,-1.2342634001661297,19,-0.8778349886865778,-0.621790363332645,-0.29891967445489737,18,-0.3722637871863983,-0.7593180723360056,-0.40188793023033875,-1.229130143955425,-0.030249685622198447,0.9825,False,False
SW04,Bear stáří 3–5,short,20,79,0.01755945765725717,-1.408832450402251,-1.215591980363324,0.31645569620253167,2.223914494004293,-3.067545996006087,29,-2.1517070669167615,0.031420433201156506,42,-1.0910323335442125,-1.312025848437519,-2.171883547924646,19,-1.973534907451138,-1.5392785776664284,-1.386509347085187,18,-0.7061802887930028,-1.4970213873188838,0.08262092625280541,,,,False,False
SW04,Bear stáří 6–10,short,1,60,0.013336296954878863,-0.0859999186387874,-0.08371323833014879,0.36666666666666664,0.44817294541066066,-0.472861703507629,34,0.3457587801187466,0.7295240053353569,37,-0.06572563597628514,-0.06550496859319056,0.9473066954422724,10,-0.29787591366399135,-0.2739708200489511,-2.3641542471755845,13,0.029831797534887364,0.0002613015469474586,0.769284241390378,,,,False,False
SW04,Bear stáří 6–10,short,2,60,0.013336296954878863,-0.2832023552549495,-0.27168302979220244,0.31666666666666665,0.6726127940236657,-0.8078292385562307,27,-1.0730590551276484,0.2832446203941923,37,-0.16655626516488697,-0.18123105417761642,-0.9387464196964465,10,-0.8308409914673909,-0.7577097415539114,,13,-0.1407684662890321,-0.2084226842450807,-0.06316498814712107,,,,False,False
SW04,Bear stáří 6–10,short,3,60,0.013336296954878863,-0.37453144493557555,-0.3519208967042993,0.36666666666666664,0.8151346174349927,-1.0373742298569084,22,-0.24172236673638048,0.8089952972695491,37,-0.1165167314601288,-0.14874487034727016,0.37203073519690877,10,-1.1101243149826676,-0.9899686636379608,,13,-0.43868396833896317,-0.5437415274543025,0.6372382275653157,,,,False,False
SW04,Bear stáří 6–10,short,5,60,0.013336296954878863,-0.4778575594767532,-0.4269161172154725,0.2833333333333333,1.0291700176073164,-1.3165375435927935,19,-1.3039503993236505,0.19225049461002586,37,-0.05953115405072295,-0.12962928639541463,-0.2907886729633729,10,-0.81126529820103,-0.6089071165852353,,13,-1.1768970270031773,-1.3681614466248075,,-1.0861943554341782,0.022177446348992515,0.971,False,False
SW04,Bear stáří 6–10,short,7,60,0.013336296954878863,-0.686761146429625,-0.6059727022054232,0.3,1.1060332076314205,-1.5506921652048666,19,-1.3197773058880713,0.18690938070800334,37,-0.22288839508281594,-0.33255156797315694,-0.09107796642382114,10,-0.5201131307653226,-0.23736479302782562,,13,-1.762335400508306,-2.0405856031148035,,,,,False,False
SW04,Bear stáří 6–10,short,10,60,0.013336296954878863,-1.4125527142441998,-1.2944885382958657,0.21666666666666667,1.1868997736404758,-2.0681000007414827,19,-3.117964446930712,0.001821047696353828,37,-1.1141730686239237,-1.2729778074035316,-2.0919768856684633,10,-0.6829569333665104,-0.28537707501226706,,13,-2.2781030326924334,-2.676862556199896,,-1.2764844692251773,-0.5595842510371983,1.0,False,False
SW04,Bear stáří 6–10,short,20,60,0.013336296954878863,-1.5495597895195894,-1.3256976618674825,0.36666666666666664,1.7120743932321518,-3.1360983673134744,19,-1.6712389911604522,0.09467448153298919,37,-0.8938786399899552,-1.1564156015172584,-1.6178842815451342,10,-2.164671602030933,-1.4827961017940137,,13,-1.9093564624700983,-2.719865315161281,,,,,False,False
SW04,Bear stáří 11–20,short,1,2,0.0004445432318292954,-0.12078979196903725,-0.12119906262815072,0.0,0.24712506047411706,-0.15796565070149976,2,,,2,-0.12119906262815072,-0.12078979196903725,,0,,,,0,,,,,,,False,False
SW04,Bear stáří 11–20,short,2,2,0.0004445432318292954,0.185551221577165,0.1967625050892279,0.5,0.5291421746492502,-0.23192791485244316,2,,,2,0.1967625050892279,0.185551221577165,,0,,,,0,,,,,,,False,False
SW04,Bear stáří 11–20,short,3,2,0.0004445432318292954,0.3471150822447992,0.37440174767313256,0.5,0.6964377721335269,-0.23192791485244316,2,,,2,0.37440174767313256,0.3471150822447992,,0,,,,0,,,,,,,False,False
SW04,Bear stáří 11–20,short,5,2,0.0004445432318292954,-0.2581525157232704,-0.1888502661205863,0.5,0.7357005926463474,-0.6499361998064828,2,,,2,-0.1888502661205863,-0.2581525157232704,,0,,,,0,,,,,,,False,False
SW04,Bear stáří 11–20,short,7,2,0.0004445432318292954,-1.0147841074020318,-0.9051589008844776,0.0,0.7357005926463474,-1.192512397194001,2,,,2,-0.9051589008844776,-1.0147841074020318,,0,,,,0,,,,,,,False,False
SW04,Bear stáří 11–20,short,10,2,0.0004445432318292954,-0.7439870585389453,-0.5764319877234053,0.0,0.7357005926463474,-1.2066004475084664,2,,,2,-0.5764319877234053,-0.7439870585389453,,0,,,,0,,,,,,,False,False
SW04,Bear stáří 11–20,short,20,2,0.0004445432318292954,-1.2269578495403966,-0.9624794571219752,0.0,1.403168541364296,-1.7542734034833092,2,,,2,-0.9624794571219752,-1.2269578495403966,,0,,,,0,,,,,,,False,False
SW04,Bear stáří 21–∞,short,1,0,0.0,,,,,,0,,,0,,,,0,,,,0,,,,,,,False,False
SW04,Bear stáří 21–∞,short,2,0,0.0,,,,,,0,,,0,,,,0,,,,0,,,,,,,False,False
SW04,Bear stáří 21–∞,short,3,0,0.0,,,,,,0,,,0,,,,0,,,,0,,,,,,,False,False
SW04,Bear stáří 21–∞,short,5,0,0.0,,,,,,0,,,0,,,,0,,,,0,,,,,,,False,False
SW04,Bear stáří 21–∞,short,7,0,0.0,,,,,,0,,,0,,,,0,,,,0,,,,,,,False,False
SW04,Bear stáří 21–∞,short,10,0,0.0,,,,,,0,,,0,,,,0,,,,0,,,,,,,False,False
SW04,Bear stáří 21–∞,short,20,0,0.0,,,,,,0,,,0,,,,0,,,,0,,,,,,,False,False
SW04,Balance → Bear (1. den),short,1,34,0.007557234941098022,0.08278940014462242,0.08327828389321279,0.5882352941176471,0.5513871779784794,-0.4657744055436011,34,0.6282587643842288,0.5298344399211259,15,0.3786512474727263,0.37502935196994364,2.336807702274824,10,-0.22386555999364025,-0.2048938918330796,-0.9794087296304332,9,-0.06773905108725092,-0.08462908403346628,-0.21661462268381426,,,,False,False
SW04,Balance → Bear (1. den),short,2,34,0.007557234941098022,0.38876787067712243,0.39127902898175365,0.5882352941176471,1.1995696162107496,-0.6197813567991763,32,1.7578316549956687,0.0787761575050634,15,0.946843124061133,0.9294362704737433,2.766712458925258,10,0.07140281901499881,0.1338919722222395,0.30178021597752364,9,-0.1792431184097067,-0.2291506862562647,-0.9199092317717292,,,,False,False
SW04,Balance → Bear (1. den),short,3,34,0.007557234941098022,0.31828523922864616,0.324738236133517,0.5294117647058824,1.3787773734914321,-0.755585450205797,32,1.1567002555808787,0.2473948452430983,15,0.6948155645836498,0.6606555417044276,1.6334585677456246,10,-0.04476260955825351,0.05912119048161222,-0.11217943935207933,9,0.1184991839297076,0.03562812259904819,-0.15079939957182967,,,,False,False
SW04,Balance → Bear (1. den),short,5,34,0.007557234941098022,-0.03230157091812968,-0.008815540424122451,0.38235294117647056,1.7400122688452275,-1.1058636351266946,31,0.04285766174287484,0.9658149987531639,15,0.15407941628872884,0.07983317361327445,0.6277055014935297,10,-0.6058470937116663,-0.4287762280707172,-1.333181854844364,9,0.3830612575961741,0.22133458503240505,0.5485553270646156,-0.4891042073380252,0.37456395186864805,0.578,False,False
SW04,Balance → Bear (1. den),short,7,34,0.007557234941098022,-0.20961080479321798,-0.16589256980279257,0.35294117647058826,2.0745264682205478,-1.4689317614782325,29,-0.1535565062224356,0.8779594330990954,15,-0.1057132934166606,-0.2211420180501228,0.06242469165435365,10,-0.9043164711980894,-0.6574587022217854,-1.2832386014359796,9,0.5542796377706506,0.30721665888892014,0.5286166488188656,,,,False,False
SW04,Balance → Bear (1. den),short,10,34,0.007557234941098022,-0.557254224674686,-0.48552577755904985,0.3235294117647059,2.2484778732941444,-1.8495218115166876,28,-1.0755212326940653,0.2821414312825832,15,-0.31959661729566285,-0.49246885926671463,-0.29310229954040345,10,-1.4291123150760878,-1.0870406135940636,-2.6958741937735815,9,0.2863551081320137,-0.07657829044421928,0.15415482759317994,-1.3839968192004508,-0.06412308858314589,0.984,False,False
SW04,Balance → Bear (1. den),short,20,34,0.007557234941098022,-1.2712616532761556,-1.0837214416724548,0.38235294117647056,2.6185403686329014,-2.6298503428889317,22,-1.8931645389375302,0.05833599159603975,15,-0.6593452546281388,-0.9903742650094333,-0.9212982985185261,10,-2.322002703760226,-1.7899466439175526,-3.3857111183225497,9,-0.41514701775990204,-1.163090644119141,-0.22635204003120724,,,,False,False
SW04,Transition → Bear (1. den),short,1,36,0.008001778172927318,-0.06904595998034607,-0.0688991514238631,0.4444444444444444,0.5618522564084136,-0.5923485768889758,36,-0.6361591186069657,0.5246727160353482,18,0.10269158184408751,0.10268987161599707,0.855166528102069,11,-0.4001849293057973,-0.384558096329731,-1.6598340057767047,7,0.010459471130160516,-0.014847598393337737,0.045787268750523566,,,,False,False
SW04,Transition → Bear (1. den),short,2,36,0.008001778172927318,-0.06585284780735783,-0.05455331985947047,0.4722222222222222,0.863072952822642,-0.8721544964988429,34,-0.4163874211871715,0.6771265314631307,18,-0.11343029060664585,-0.13104349473473018,-0.4704180398969506,11,0.04610076865088677,0.0807382563448506,0.004673658651038381,7,-0.06132610559729516,-0.1285772050904421,-0.18649111402282395,,,,False,False
SW04,Transition → Bear (1. den),short,3,36,0.008001778172927318,-0.2089793861926045,-0.18498568685557173,0.4444444444444444,1.0900127413423162,-1.0956350005351916,33,-1.223838123181899,0.22101329964593353,18,-0.34442477492444057,-0.3816185457129287,-1.0669862113266133,11,-0.22518812986438805,-0.17185235754735562,-0.8212747750810736,7,0.28817580719251656,0.1766074075599807,0.11590812610794551,,,,False,False
SW04,Transition → Bear (1. den),short,5,36,0.008001778172927318,-0.1763979623905699,-0.1261658684705778,0.4166666666666667,1.4524240808414295,-1.3919737776964227,31,-1.5219654757032615,0.1280177315308837,18,-0.7589736141841508,-0.8298585326237596,-2.016720123671997,11,0.6499853458705682,0.7315138301381484,0.10571979797993586,7,0.2813878551139513,0.07721068709250381,-0.06317741867514157,-0.9314071639904714,0.005661109713153641,0.9735,False,False
SW04,Transition → Bear (1. den),short,7,36,0.008001778172927318,-0.042245221955583334,0.03391065811261576,0.5555555555555556,1.8466216025951152,-1.6755636274621575,30,-0.7665467896031413,0.44335102253464576,18,-0.8796583522024961,-0.9845439787785593,-1.5565230522885396,11,1.414340520297907,1.5264405239220773,0.5053399133606642,7,0.21384118691744555,-0.08426887650425499,0.1293168265822817,,,,False,False
SW04,Transition → Bear (1. den),short,10,36,0.008001778172927318,-0.2832124294389393,-0.1765256849636697,0.4166666666666667,2.227180245598562,-1.9635350952670112,28,-1.2133737019610875,0.224986976092876,18,-1.249630522273914,-1.396267619016688,-2.4614560454616345,11,1.457305589785299,1.6217285447527212,0.6471472657202914,7,0.015437607800007438,-0.4145491871116231,0.20656072787694313,-1.4657241179237483,0.3625549704521454,0.8675,False,False
SW04,Transition → Bear (1. den),short,20,36,0.008001778172927318,-0.9613525538989101,-0.7763359307613358,0.3055555555555556,2.7555252528164678,-2.7666648239428775,27,-2.395820913370275,0.016583190487149846,18,-2.396371510560823,-2.632837016001437,-4.09502565007291,11,0.9539169011171922,1.3019296371122433,0.35127611989534935,7,0.6705011100568026,-0.21983595150993773,-0.22758751510915998,,,,False,False
SW04,Bear + HV,short,1,149,0.03311847077128251,-0.017904335359571696,-0.02847397174922196,0.4429530201342282,0.5849121176806527,-0.5293242991761777,90,-0.8264394783815636,0.40855483651479285,86,0.0625124463068639,0.06931806580689305,-1.1952612417934645,41,-0.22258447580571697,-0.2007875211489234,-1.458263125437613,22,-0.022396757499544076,-0.018036875493778377,1.5338600801555222,,,,False,False
SW04,Bear + HV,short,2,149,0.03311847077128251,-0.05834469200265406,-0.07025308781697598,0.4228187919463087,0.8953969031625487,-0.7753421053054325,64,-0.0005009136047559671,0.9996003287851829,86,0.042576835910393955,0.04201969056643207,0.6298426853269113,41,-0.2142684179826267,-0.15715337382387906,-0.9905911320054764,22,-0.24292331071525483,-0.2665347350149803,0.30541476383203664,,,,False,False
SW04,Bear + HV,short,3,149,0.03311847077128251,-0.1773194005899645,-0.18838298385579383,0.4228187919463087,1.0911102599912168,-0.9655549462143306,54,-0.9204098494542853,0.35735862351248415,86,-0.05463560514737831,-0.06513459215837229,-0.4668681010691384,41,-0.32314912794927403,-0.23190759599729252,-1.1507608734638446,22,-0.4600585593599325,-0.5141274693816231,0.002576148622349375,,,,False,False
SW04,Bear + HV,short,5,149,0.03311847077128251,-0.27255159222542197,-0.27743975486833616,0.37583892617449666,1.3961179959087047,-1.275104549929034,45,-1.207721681603069,0.22715433531155726,86,-0.13924652120883974,-0.16905042501971684,-1.2047833501628913,41,-0.3090601757737946,-0.1610771715471554,-0.10017258248698617,22,-0.7587207020316499,-0.8848948480208566,-0.5103167084528965,-0.8388118559240503,0.10330439040412519,0.9245,False,False
SW04,Bear + HV,short,7,149,0.03311847077128251,-0.41044972746513153,-0.4068589713392243,0.35570469798657717,1.6302786158113955,-1.5604083854843704,37,-0.5985234883354866,0.5494906911723707,86,-0.34308427083438087,-0.3931114760221226,-0.17350909245412252,41,-0.21132994356695156,-0.005286403114132638,-0.7108804739074481,22,-1.0205550796155758,-1.2333036330328466,-0.2603210046127059,,,,False,False
SW04,Bear + HV,short,10,149,0.03311847077128251,-0.5472802554831705,-0.539227069807835,0.348993288590604,1.7883612027355187,-1.8004574307130632,30,-1.2210757869747404,0.22205732635715503,86,-0.5986133661168215,-0.6697953519953412,-1.0237955572959279,41,-0.1185117455222718,0.1775355576273502,-0.4502886829311412,22,-1.091141015859437,-1.4191507117324738,-0.48167129382908974,-1.369208210500435,0.0886707902656322,0.9555,False,False
SW04,Bear + HV,short,20,149,0.03311847077128251,-0.9440857255746694,-0.9426892722592916,0.3691275167785235,2.268567164124374,-2.5289094826963034,24,-2.1645752860806238,0.030420225324590433,86,-1.0432676420782256,-1.1387486106556806,-2.44646719470238,41,-1.1940636235119848,-0.6220393150500217,-0.008441168538391072,22,-0.08104889926889229,-0.783308212599377,-1.0955092413319627,,,,False,False
SW04,Bear bez HV,short,1,108,0.02400533451878195,0.014167997249811584,0.031189761247124467,0.5370370370370371,0.5371214254761695,-0.47958941494922686,65,0.36986041424295046,0.7114864979627584,52,0.09102670361539908,0.07979960675709566,1.458989958887781,21,-0.17287611992436377,-0.16434387288795657,-1.2609856721930461,35,0.06472868986000943,0.023765299493078988,0.3464483071584954,,,,False,False
SW04,Bear bez HV,short,2,108,0.02400533451878195,-0.006734767748934133,0.032157317598232135,0.5092592592592593,0.8525397973968628,-0.7590024753512559,48,0.05737255041524555,0.9542484285704009,52,0.07616177263403898,0.03838184687123172,0.9247308026739911,21,-0.35284404673121095,-0.31982318793817804,-1.6196875978942162,35,0.1977800887141278,0.1140878855003659,-0.29184574894421833,,,,False,False
SW04,Bear bez HV,short,3,108,0.02400533451878195,-0.15511524250032205,-0.0930747483832727,0.4537037037037037,1.0162236933288018,-1.0357823289976205,41,0.844715019216871,0.39826997171872347,52,-0.08487049965589998,-0.15193683232397656,1.5715449033641018,21,-0.7511649574542392,-0.6950197023760989,-1.0553789516985221,35,0.2895902075214964,0.16410522402028793,0.25476465607700277,,,,False,False
SW04,Bear bez HV,short,5,108,0.02400533451878195,-0.5385476207889122,-0.42447268515483366,0.37962962962962965,1.2676655713334672,-1.4768731208071728,33,-0.6967471630699369,0.4859610376258947,52,-0.6110192463644283,-0.7402016722370455,-0.4983306967743872,21,-1.2949490341225587,-1.1977868627741364,-2.989848314337021,35,0.37496801516577016,0.15659622941087728,0.8209492024743043,-0.7449778142318108,0.14817744842491795,0.9145,False,False
SW04,Bear bez HV,short,7,108,0.02400533451878195,-0.7696181824519926,-0.603152242135234,0.35185185185185186,1.4289504963103143,-1.8260368661778645,28,-0.31502894128207576,0.752739679850285,52,-0.8569432016697738,-1.0496583896548604,-0.1210417324780746,21,-1.3105757836428014,-1.1768482338240591,-1.092679819197969,35,0.19836273693490863,-0.10922041521306386,0.5571479833655838,,,,False,False
SW04,Bear bez HV,short,10,108,0.02400533451878195,-1.1432621202992908,-0.9021707743701749,0.3148148148148148,1.5979510175823592,-2.2632407314093186,25,-1.3002636579656157,0.1935106192684093,52,-1.1064705286962024,-1.387234192450356,-0.9785778409271638,21,-1.3464207232744851,-1.1689553244081996,-2.0957763734784747,35,-0.3320897414574911,-0.7653734049237918,0.3840529172365622,-1.1920388834718643,0.08902759605507839,0.9565,False,False
SW04,Bear bez HV,short,20,108,0.02400533451878195,-1.9876946519062304,-1.4975564404368422,0.25,2.105763304454955,-3.576415458603899,21,-1.3881432571124792,0.16509342675045424,52,-1.6518288289397773,-2.158803380738921,-1.1812587491564794,21,-1.7029011964922398,-1.515641321954739,-1.8974478939484238,35,-1.1451448953135295,-2.0167079670399843,-0.15210985784947686,,,,False,False
BENCH,EMA20>EMA50 + ADX>25,short,1,515,0.11446988219604357,-0.053995637494261776,-0.052072895568895015,0.4407766990291262,0.4219744823862066,-0.43357606849274993,264,-1.4608969263483347,0.14404373026552375,259,-0.03243744736199408,-0.03703506283754475,-0.42972511019151816,147,-0.09790465523029497,-0.0857741867052719,-2.3213950735534463,109,-0.03691979846212023,-0.051439143017850956,0.13002508991197237,,,,False,False
BENCH,EMA20>EMA50 + ADX>25,short,2,515,0.11446988219604357,-0.11258126197385916,-0.09789379593925691,0.4116504854368932,0.6574744449577588,-0.6830392802796443,183,-1.1770884799840944,0.2391601926430913,259,-0.03771343982406301,-0.06345774874239227,-0.49475663646637924,147,-0.21600328109151226,-0.18436123231279997,-1.6408314994716442,109,-0.08160588691589635,-0.13250176002088324,0.047133147854083166,,,,False,False
BENCH,EMA20>EMA50 + ADX>25,short,3,515,0.11446988219604357,-0.1710735012772541,-0.14201115051936058,0.4,0.8332536822398035,-0.8831380319082615,142,-1.9839651196919394,0.047259728486815256,259,-0.046484721009523736,-0.09591152486936831,-1.1930599780959137,147,-0.2966560351581544,-0.24569539133093368,-2.052738550052472,109,-0.1604381890619757,-0.2490325292749744,-0.1696920321053001,,,,False,False
BENCH,EMA20>EMA50 + ADX>25,short,5,515,0.11446988219604357,-0.27657993988109353,-0.21401662974874838,0.37281553398058254,1.113071067012204,-1.1974939500575075,98,-1.4235598738511055,0.1545739184061281,259,-0.05774845724605927,-0.15533822754572651,-0.5117091099658649,147,-0.38946453594375413,-0.3082696343268778,-2.1355731266616416,109,-0.3487195147719653,-0.5219305675079723,-0.1109407284640697,-0.5182971353541796,0.10409393188709673,0.922,False,False
BENCH,EMA20>EMA50 + ADX>25,short,7,515,0.11446988219604357,-0.3877653587384275,-0.2910123538274315,0.36699029126213595,1.3279599837650704,-1.4460340778614629,80,-1.9276399968851972,0.053899920272856505,259,-0.09975631606266612,-0.24489366130678986,-1.267875676311624,147,-0.4650618122504482,-0.3541823987299488,-2.1832850252108527,109,-0.5107375225695491,-0.7725402647571481,-0.09378526705263511,,,,False,False
BENCH,EMA20>EMA50 + ADX>25,short,10,515,0.11446988219604357,-0.5597527835914871,-0.4168549915619201,0.3339805825242718,1.5671771522857483,-1.7531317837714273,60,-1.6757885953897502,0.0937796087933851,259,-0.2199314626010895,-0.4298318532511847,-0.6959322682587524,147,-0.625519547978072,-0.4716748709703576,-1.8193359873105444,109,-0.6033642044764228,-0.9872479589441878,-0.5625640613158546,-1.0219003271345075,0.10730851114980149,0.9485,False,False
BENCH,EMA20>EMA50 + ADX>25,short,20,515,0.11446988219604357,-1.1876384910967097,-0.9112705593660586,0.3067961165048544,2.08875251791114,-2.5674479739433584,40,-2.496612218470124,0.012538598884674013,259,-0.6506193282715388,-1.0107486196468567,-1.9671855462117196,147,-1.3031315123474247,-1.041513684696033,-1.5754881834968095,109,-1.0021431168451391,-1.8050221906050705,-0.7641420371103023,,,,False,False
BENCH,nad/pod MA200,short,1,812,0.18048455212269393,-0.04582941675898894,-0.04565695090182259,0.4421182266009852,0.4433589813382478,-0.44102989915250185,424,-1.3662775716320061,0.17185185788439195,387,-0.0264082680600674,-0.0340819553116637,-0.6839498117166674,315,-0.058125902846429205,-0.0415621367909541,-1.1848036383244724,110,-0.07767077269462418,-0.0993790601230421,-0.36197710842315967,,,,False,False
BENCH,nad/pod MA200,short,2,812,0.18048455212269393,-0.10327514980236308,-0.0982717260439073,0.41625615763546797,0.6928047465244166,-0.7144973817129595,290,-1.2961972479773078,0.19490753744607292,387,-0.06975926620772231,-0.10307763361482661,-0.13941803877294281,315,-0.12114169719927427,-0.07311204422975287,-1.5228711306121925,110,-0.13309246279538908,-0.19034621362007967,-0.598118896436623,,,,False,False
BENCH,nad/pod MA200,short,3,812,0.18048455212269393,-0.16919605784576422,-0.15793995990044069,0.3842364532019704,0.875133944681777,-0.9274798385116504,227,-1.6872794124586181,0.09154963775251534,387,-0.12125725850414874,-0.18166797385490763,-0.3068972750527322,315,-0.1828609377264388,-0.10466087792424454,-2.2052434127296245,110,-0.21563175467476414,-0.3101228776615841,-0.457329830867933,,,,False,False
BENCH,nad/pod MA200,short,5,812,0.18048455212269393,-0.2710961976954018,-0.24088072327425814,0.3805418719211823,1.1458818434762605,-1.2478435031533432,158,-1.4959259314252218,0.13467295792269596,387,-0.21172374325494295,-0.33034910794817873,-0.5864987778079703,315,-0.2646443998683319,-0.135114722676112,-1.6772662473340034,110,-0.27540975182281957,-0.452035182815871,-0.1523560348115141,-0.44488830152876463,0.01120823503171945,0.9685,False,False
BENCH,nad/pod MA200,short,7,812,0.18048455212269393,-0.36125966949903504,-0.310072003968905,0.35960591133004927,1.3500344076721227,-1.5084558706287472,125,-1.7351137931672242,0.08272065167122267,387,-0.30400894834651193,-0.48172545066001177,-1.2537446311797933,315,-0.2927261305156571,-0.1129639933066525,-1.6499092182908428,110,-0.3810752100019887,-0.6484676757836036,0.15392737913695737,,,,False,False
BENCH,nad/pod MA200,short,10,812,0.18048455212269393,-0.5297261630466552,-0.4521440970995695,0.32389162561576357,1.5861936571197202,-1.839832073639975,94,-1.8540682440565357,0.06372939720848492,387,-0.41869338532779987,-0.6753678962875779,-1.2234985562251646,315,-0.4405751606685376,-0.18845949663898742,-1.0723753375863487,110,-0.6029590101127501,-0.9945957008119121,-0.9083879968251519,-0.7547788604633625,-0.05002217458433773,0.989,False,False
BENCH,nad/pod MA200,short,20,812,0.18048455212269393,-0.9804749267346684,-0.8217016776986223,0.312807881773399,2.1419609266714077,-2.644287101333669,56,-1.5622072100602566,0.1182391826335405,387,-0.6962939593229744,-1.1446007140396688,-1.508050400729224,315,-0.8387785863105386,-0.4168720792881897,-0.6995714106464104,110,-1.214006775867914,-2.0170041745401734,-0.21348230944088809,,,,False,False
H,H1 · zarovnání + migrace + pullback,short,1,69,0.01533674149811069,0.08497973266029445,0.09274906511509143,0.5072463768115942,0.5839260067208961,-0.46278938780200674,67,0.9398314384447484,0.3473040299276242,34,0.027022429915019547,0.01810752755594803,0.09859597205661098,16,-0.029344307391232907,-0.026397205354316403,-0.16590127070535074,19,0.3131806207415984,0.2984368895961656,1.4121224112076278,,,,False,False
H,H1 · zarovnání + migrace + pullback,short,2,69,0.01533674149811069,-0.01755102006710116,0.017735730632467948,0.4927536231884058,0.8429305415598359,-0.712393958336704,66,0.01766064053621676,0.9859095800488973,34,-0.04002466417390599,-0.07862054878584475,-0.5226580112223973,16,-0.10884567819304816,-0.11473163573329125,-0.4492054457746029,19,0.22769130771799273,0.17356760241165273,0.8447343884415223,,,,False,False
H,H1 · zarovnání + migrace + pullback,short,3,69,0.01533674149811069,-0.14481563344910853,-0.08123693335183953,0.391304347826087,1.011418051085748,-0.9685895653180925,64,-0.7644760296118281,0.44458361592814954,34,-0.1540025103507263,-0.2243419217527411,-0.8858872752659791,16,-0.18540904613718243,-0.1978743436761021,-0.7290018196959656,19,0.1366990362548782,0.0421755858117023,0.08069252894755663,,,,False,False
H,H1 · zarovnání + migrace + pullback,short,5,69,0.01533674149811069,-0.45621326460907086,-0.33021095003149525,0.34782608695652173,1.3918261778206804,-1.4111166855269106,62,-1.8324743798839027,0.06688077538313864,34,-0.6907815459524491,-0.8280744044259563,-2.5713506739979053,16,-0.09412805160729598,-0.12676307277273985,-0.20060136403632856,19,0.11621399136456977,-0.0682092812199754,-0.46505509286120456,-0.7575486535739361,-0.003568178004623942,0.976,False,False
H,H1 · zarovnání + migrace + pullback,short,7,69,0.01533674149811069,-0.5574698208392462,-0.36924099885535505,0.36231884057971014,1.613135974243697,-1.722050308661683,60,-2.1963240288334758,0.028068759037143343,34,-1.020480237460173,-1.2260930046104745,-2.9478361824646924,16,-0.17110663000056783,-0.22204497394974984,-0.23653245320048463,19,0.6292844859281828,0.35655074221284944,-0.5380449298262036,,,,False,False
H,H1 · zarovnání + migrace + pullback,short,10,69,0.01533674149811069,-0.5120998200497958,-0.23842929954616796,0.37681159420289856,1.9399749928756498,-2.120304593537159,57,-0.9257229154960217,0.35458999582510975,34,-1.1671879567565258,-1.4666859287675829,-2.424835678088044,16,-0.15796859427052354,-0.2313318584522726,0.1746142295549238,19,1.355803493124456,0.9596707226262254,0.652694263178648,-1.0153446875936867,0.41867086174343815,0.7895,False,False
H,H1 · zarovnání + migrace + pullback,short,20,69,0.01533674149811069,-0.7651930010371688,-0.22528531165991325,0.2753623188405797,2.7980298458497175,-2.9785518016264945,52,-0.09822222303918825,0.921755836353205,34,-0.5886125603073238,-1.1774704369270628,0.20812132163584277,16,-0.734848219242486,-0.8200833060365212,-0.5360646291885259,19,0.853984844936567,0.018790035817885638,-0.05960889052959762,,,,False,False
H,H2 · balance → breakout → akceptace (2. close),short,1,305,0.06779284285396754,0.0006302442877153483,0.012892144196826433,0.4786885245901639,0.5885382288856663,-0.5145292209768823,268,0.2506198422506797,0.8021080393312543,174,-0.010125271503387073,-0.023713110009134734,0.2076719002039727,70,0.02262957338795838,0.018566917118466163,0.22223052494256815,61,0.06737428007318569,0.04948559755819663,-0.03452326484920099,,,,False,False
H,H2 · balance → breakout → akceptace (2. close),short,2,304,0.0675705712380529,-0.09360655075381434,-0.0468832706225525,0.42105263157894735,0.8794279197969951,-0.8220491017534575,250,-0.19293241559792115,0.8470118979619878,174,-0.0024862319532997766,-0.053587717925221254,0.2668801058443073,70,-0.24082355649231443,-0.26550208361419075,-1.6260214157724726,60,0.050628984084670196,-0.00911637761962856,0.5660506726088667,,,,False,False
H,H2 · balance → breakout → akceptace (2. close),short,3,304,0.0675705712380529,-0.2642177730713879,-0.18188680812192762,0.40789473684210525,1.0609765731063272,-1.1053815390193709,238,-1.3005422606381685,0.19341518178821948,174,-0.12062007865194364,-0.21145257983389795,-0.5482478497494166,70,-0.42081744298311907,-0.4632559927245839,-2.0255333064337715,60,-0.08080791624682436,-0.18502557719804635,0.2114576013215604,,,,False,False
H,H2 · balance → breakout → akceptace (2. close),short,5,304,0.0675705712380529,-0.5137489284535635,-0.3566310504096677,0.3618421052631579,1.3606363421494712,-1.4977305817107023,212,-1.6004526005728508,0.10949821408206395,174,-0.3544298678779245,-0.527636310463974,-1.1583852986570922,70,-0.5907300427313161,-0.6731192743588357,-1.9297571452285796,60,-0.08989898870979986,-0.28754345040055507,0.42820730644192867,-0.4150937755392381,0.03181538988397159,0.9535,False,False
H,H2 · balance → breakout → akceptace (2. close),short,7,304,0.0675705712380529,-0.6658858273363594,-0.43416717770126906,0.32894736842105265,1.541508702947054,-1.8164301913349157,201,-1.9873697118771687,0.046881441562151016,174,-0.3858265225487168,-0.6415296029598359,-1.362701024141308,70,-0.8455079264500348,-0.9671330900495878,-3.2613406941956082,60,-0.09445753743677673,-0.3850637381961776,1.4694811881068954,,,,False,False
H,H2 · balance → breakout → akceptace (2. close),short,10,304,0.0675705712380529,-0.7852500528123679,-0.4475223264161659,0.32894736842105265,1.8412546349949723,-2.1909019956626445,182,-2.456934815863531,0.014012810995023717,174,-0.42103854816778385,-0.7941848302457353,-1.257611755524223,70,-0.7121496191928737,-0.8901156048899683,-3.0523101751987465,60,-0.2155934417636483,-0.6369960541650687,0.08884974728863794,-0.8284172830022299,-0.11649715822768728,0.9965,False,False
H,H2 · balance → breakout → akceptace (2. close),short,20,303,0.06734829962213826,-1.1128429452215283,-0.4459487744475906,0.3102310231023102,2.5047727443769507,-3.0449077725498763,129,-1.220601998331219,0.222236749362001,174,-0.3896268164036237,-1.1234758469313197,-0.3096793574563115,70,-0.8276328937806436,-1.1397785235358107,-2.093344828439579,59,-0.15920525489397253,-1.0495274303146893,0.2071343929653096,,,,False,False
H,H3 · Bear stáří 3–10,short,1,139,0.03089575461213603,-0.02102039226857592,-0.019579783314127755,0.460431654676259,0.5566267479247665,-0.4964118735677454,80,-0.4161716247206592,0.6772844216866858,79,-0.012397411762045523,-0.011574935056742995,-1.2836854073326607,29,-0.18678449904340086,-0.1674122917943148,-0.45675315096621594,31,0.11853406841278911,0.09185618729631521,1.5471089503231767,,,,False,False
H,H3 · Bear stáří 3–10,short,2,139,0.03089575461213603,-0.1619618830494794,-0.15211093718947744,0.38848920863309355,0.7993518613153964,-0.7944442518794972,61,-0.25296920050107774,0.800292013694228,79,-0.06569497058896485,-0.07904532934322435,-0.37886189675957693,29,-0.5804850442585262,-0.5232821235781058,-0.2816182027992274,31,0.028404796473810376,-0.035256101354769316,0.36877540118633256,,,,False,False
H,H3 · Bear stáří 3–10,short,3,139,0.03089575461213603,-0.29306195806046725,-0.2730199911561879,0.381294964028777,0.965001556166511,-1.0453477779420293,52,-1.8366359275909225,0.06626365977523974,79,-0.17064348284343334,-0.2008503103376,-1.631935485503401,29,-0.8023826900820474,-0.7089546744126405,-1.0636431237959918,31,-0.038704697216112915,-0.1389920030892894,-0.05298568487293286,,,,False,False
H,H3 · Bear stáří 3–10,short,5,139,0.03089575461213603,-0.49914377787316166,-0.45337078506006734,0.35251798561151076,1.222563693144334,-1.4050872825513945,41,-0.765131969856643,0.44419296446827183,79,-0.2521180410127904,-0.3172921300648297,-0.5606698547504786,29,-1.139885262168965,-0.9841261866981402,-0.7009498436610438,31,-0.32401746065932013,-0.5088789495161892,0.14407296055872174,-0.7431442229046731,0.14523304250062083,0.9055,False,False
H,H3 · Bear stáří 3–10,short,7,139,0.03089575461213603,-0.7312960016192924,-0.6581908114532323,0.302158273381295,1.3334955090848033,-1.6775086433445,33,-2.2645037533288166,0.023543149171065814,79,-0.4406843234197166,-0.5422215428233225,-1.868956532955409,29,-1.067499458916329,-0.8506374392012832,-1.4562339321655327,31,-0.8295799010731656,-1.1014889227484503,0.018770078211355484,,,,False,False
H,H3 · Bear stáří 3–10,short,10,139,0.03089575461213603,-0.9524803059295524,-0.8454065092690356,0.3237410071942446,1.457812268865533,-2.0159733262160535,33,-1.406683417396776,0.15952128508187124,79,-0.7302149756370765,-0.8767093207356721,-0.9869162251063693,29,-0.8106356592658649,-0.5057857811532045,-0.41087753447709513,31,-1.171486696592155,-1.563449630085379,-1.0526581510221558,-1.1618124778399253,-0.07489830611615969,0.99,False,False
H,H3 · Bear stáří 3–10,short,20,139,0.03089575461213603,-1.4695780644097352,-1.2631196126672772,0.3381294964028777,2.002976321009124,-3.0971369476495636,30,-2.252644997394093,0.024281541537226392,79,-0.998694527702345,-1.2391450998799285,-2.299875211950729,29,-2.0394441124786535,-1.5198018618483544,-1.386509347085187,31,-1.210738039044688,-2.009826905446341,0.08262092625280541,,,,False,False
H,H4 · failed breakout + Transition,short,1,38,0.008446321404756613,-0.03219179738243776,-0.0168577220538181,0.47368421052631576,0.5041637888243139,-0.43753436310726973,38,-0.17773687483213518,0.8589296243671503,13,0.20222402487128893,0.1791007523254858,1.2215459597135516,16,-0.11502136677333459,-0.11449041359462024,-0.8148182146181748,9,-0.15879598811094342,-0.19108349591666954,-0.8307058787705319,,,,False,False
H,H4 · failed breakout + Transition,short,2,38,0.008446321404756613,-0.008231662883055307,0.036125844838796405,0.42105263157894735,0.8795626346862127,-0.7820746155851849,38,0.19745994637278383,0.8434676224882622,13,0.0917070075592686,0.019336125209130358,0.29921211120102487,16,-0.05258208053495467,-0.05882888892497032,-0.1863749640943157,9,0.11354492157367174,0.041898822836080964,0.2663641448390477,,,,False,False
H,H4 · failed breakout + Transition,short,3,38,0.008446321404756613,-0.12342543248105693,-0.0497233233855447,0.47368421052631576,1.0677097984670358,-1.0228165191009573,38,-0.2210497607987525,0.825053687651468,13,-0.015765324438146704,-0.14025876491986541,-0.04852481772194134,16,-0.05411233768411028,-0.0656715100449849,-0.14466081742990944,9,-0.09097107422322526,-0.2017842588446837,-0.16819319381869813,,,,False,False
H,H4 · failed breakout + Transition,short,5,38,0.008446321404756613,-0.1866482235100613,-0.04872917527814125,0.3157894736842105,1.3779350472090686,-1.4139372955276994,38,-0.16256919805085845,0.8708576407063373,13,0.026287579176757555,-0.20618372197059018,0.05810604536122909,16,-0.3381761029808269,-0.36505536994892823,-0.8538340123181125,9,0.3574856064251128,0.15873797904646597,0.41337092196495495,-0.6147133805710472,0.48261896414573147,0.5825,False,False
H,H4 · failed breakout + Transition,short,7,38,0.008446321404756613,0.08824559854477862,0.29013098185899805,0.47368421052631576,1.5529149457522586,-1.597593825528701,36,1.005438771930829,0.3146856182106037,13,0.3738174020933206,0.035045495545543245,0.8545142556001304,16,0.017598452123745556,-0.024854644920344893,0.1136248487895812,9,0.6537528721609812,0.36615729125944935,0.7465462995265593,,,,False,False
H,H4 · failed breakout + Transition,short,10,38,0.008446321404756613,-0.10978984467213032,0.18533308446221755,0.4473684210526316,1.9938101577008513,-1.9257217471521326,34,0.45959493671785795,0.6458069941401297,13,0.0811690208296617,-0.4159568898041286,-0.20807648468986112,16,-0.22123765593155242,-0.28695377614149664,-0.23146378840868054,9,1.058584714853723,0.6474095431307408,1.3545438015213342,-0.7071884857121434,1.2930373223915195,0.283,False,False
H,H4 · failed breakout + Transition,short,20,38,0.008446321404756613,-0.5179833143790166,0.0957536117515852,0.4473684210526316,2.8323375278190603,-2.502375581897679,32,0.27926117508361453,0.7800443992452573,13,0.3947094460030358,-0.6489102431156654,0.42884566745378266,16,-0.9900954169361198,-1.130801673072811,-1.573138773206894,9,1.5943267910554102,0.7605882203628874,2.006818087233812,,,,False,False
H,H5 · hodnota předbíhá cenu,short,1,199,0.044232051567014895,0.009837164800476292,0.024211337549515377,0.44221105527638194,0.5684900121071874,-0.45411612133732254,198,0.4573131446293894,0.6474459830941035,116,0.039468381856247216,0.022064092230691786,0.6563083680997498,46,0.10231731361120244,0.09569600935132631,0.8353923002377859,37,-0.1207262851104441,-0.13523933334125612,-1.0907188428625676,,,,False,False
H,H5 · hodnota předbíhá cenu,short,2,199,0.044232051567014895,-0.024646454740101936,0.029866983721713695,0.4020100502512563,0.8239671107674971,-0.7269522268801338,188,0.6089561246563211,0.5425535213224624,116,0.0724603401108085,0.011630692120853915,0.6541770219419109,46,-0.008877278288513552,-0.044402984816113204,0.17159259961575668,37,-0.05550040245840913,-0.113818039939409,0.09739622600615226,,,,False,False
H,H5 · hodnota předbíhá cenu,short,3,199,0.044232051567014895,-0.08230446053401799,0.013567850499334191,0.4321608040201005,1.0189997525111139,-0.9130361842897544,183,0.4226547949616894,0.6725471417912037,116,0.044533463911595635,-0.062124415688290024,0.3348645843743056,46,-0.06328759558569516,-0.12405878692734362,0.08869631714867246,37,0.012036481961199705,-0.09366084399378724,0.2646840463994855,,,,False,False
H,H5 · hodnota předbíhá cenu,short,5,199,0.044232051567014895,-0.25869956209512757,-0.0772733718332566,0.3869346733668342,1.380046893887972,-1.2899773292184749,167,-0.1485639319425369,0.8818977352413822,116,-0.12359135448522543,-0.32439540701873093,-0.5991865668330656,46,-0.1080840405967648,-0.2236129956765658,0.08841912064475146,37,0.10624491872754772,-0.09635534707123165,0.4319280935226682,-0.251537974781252,0.2640719821981386,0.49,False,False
H,H5 · hodnota předbíhá cenu,short,7,199,0.044232051567014895,-0.3009508121794706,-0.034876092274312806,0.3969849246231156,1.704874394563335,-1.6078601318666343,160,0.39816989118353635,0.6905049583867431,116,-0.16223482631136024,-0.4568397167495999,-0.49425148011814746,46,0.057366827857852715,-0.11145923532511987,0.869359907903093,37,0.2497303623802249,-0.04780215285960978,0.5569497861497477,,,,False,False
H,H5 · hodnota předbíhá cenu,short,10,199,0.044232051567014895,-0.5604936136471445,-0.17217122792953443,0.3417085427135678,2.065193445043801,-1.976214155200549,138,-0.35734425694429633,0.7208341019028257,116,-0.31696745549065974,-0.7484336685847848,-0.6847187811970875,46,0.009197754116504798,-0.23513479326539533,-0.2026675562740763,37,0.05629875106972895,-0.37577629918212224,0.37542979693641426,-0.4205759690260146,0.3230553789231204,0.6105,False,False
H,H5 · hodnota předbíhá cenu,short,20,199,0.044232051567014895,-1.022877064586071,-0.254407964944783,0.3015075376884422,2.6395586259736175,-2.9311347867521693,108,-0.27424051728447385,0.783899792922014,116,-0.5699395806005869,-1.4325951168297808,-0.4805540137321926,46,0.5230895973804441,0.11305674783862639,0.27734964324054134,37,-0.2317923014552477,-1.150597640566226,-0.16771716420900729,,,,False,False
REF,RSI(2) extrém (reverze),short,1,874,0.1942653923094021,-0.023116941481709993,-0.0033774789228670395,0.448512585812357,0.37599120723391605,-0.34704081276297866,550,-0.19605426983234217,0.8445676889511151,494,-0.005666579545269606,-0.028758268636905192,-0.03043248643967331,200,0.02565514362654984,0.008027211261289198,1.0103256837593222,180,-0.029353638936292104,-0.04223924667022892,-1.8146170996042077,,,,False,False
REF,RSI(2) extrém (reverze),short,2,874,0.1942653923094021,-0.05737302131872685,0.012489173617624687,0.4233409610983982,0.6066995768644134,-0.5652865381942106,441,0.6493658675331989,0.5161019205328639,494,0.01961558621153417,-0.05504527266958875,0.12628166259417292,200,0.02887306952223466,-0.04245704075488479,0.9244433670427615,180,-0.025273198617449043,-0.0803347099045192,0.19607590538253838,,,,False,False
REF,RSI(2) extrém (reverze),short,3,874,0.1942653923094021,-0.09155026309875616,0.028997808004168353,0.41418764302059496,0.7792266271107352,-0.7354224355706515,385,0.550447373751817,0.5820125631765134,494,0.04618602473601427,-0.08202223802308903,0.8205712406697439,200,0.05750264306821034,-0.06234235104760212,0.544025661112233,180,-0.04984633687549984,-0.15015263419659156,-0.8507533380895131,,,,False,False
REF,RSI(2) extrém (reverze),short,5,872,0.1938208490775728,-0.17078074675651975,0.05499705337288663,0.393348623853211,1.0579420093867349,-1.0277150544180187,316,0.8189768142944434,0.41279964208721776,494,0.054611096836576584,-0.18553630460910406,0.675278334815961,200,0.11008334082856429,-0.10745695983443503,1.0462900709469047,178,-0.005826513830474934,-0.20098025128034155,-0.38684258712669684,-0.08274219233418263,0.21184582451737105,0.1875,False,False
REF,RSI(2) extrém (reverze),short,7,872,0.1938208490775728,-0.27735777797613254,0.05234934589098987,0.356651376146789,1.267128605578084,-1.27427227417042,277,0.9826546943964632,0.32577741574955565,494,0.013279876780916798,-0.33778807484201984,0.17495012844443478,200,0.10803849473200104,-0.20548346462803074,0.7308060980919645,178,0.09820601989196659,-0.19040438481810984,1.1602874753887251,,,,False,False
REF,RSI(2) extrém (reverze),short,10,872,0.1938208490775728,-0.36431855171882904,0.11570340882088402,0.32454128440366975,1.568198594398376,-1.5768605269641274,233,1.3933416165851076,0.16351651156214775,494,0.11843757708628408,-0.394600571239103,1.462602217207604,200,0.18884787262747907,-0.2626686747941266,-0.23241150044606929,178,0.025930533065678076,-0.39449078622402645,0.6754247427217854,-0.05005780305610151,0.4250159353056025,0.0685,False,False
REF,RSI(2) extrém (reverze),short,20,872,0.1938208490775728,-0.695951084649439,0.25253745598495186,0.30045871559633025,2.48080897323961,-2.5558996255119473,161,1.3331126761988576,0.1824948300858389,494,0.26910756161432864,-0.7624344485488368,0.6056573040978125,200,0.39067120741921263,-0.400647893168787,1.12628508723022,178,0.05134429605369184,-0.8432424134686968,0.45062694443831314,,,,False,False
REF,každý den,short,1,4499,1.0,-0.015264687027064646,4.935421314181625e-19,0.4496554789953323,0.47789522221680525,-0.4308528257550961,2250,-0.4279749279737354,0.6686693742154506,2504,-3.1923345755994915e-18,-0.018370646341494084,0.18329341290680737,1033,3.4392194373673776e-18,-0.007882460665780413,-0.5542040336470215,962,8.309361514866037e-18,-0.01510722102693501,-0.6350069587317987,,,,False,False
REF,každý den,short,2,4498,0.9997777283840854,-0.05591845366816028,5.923822274567309e-19,0.43374833259226325,0.7472337680005425,-0.6934861726466128,1500,0.5513333407595626,0.5814051870518999,2504,-2.128223050399661e-18,-0.06240246944298833,0.44727173328886527,1033,-2.579414578025533e-18,-0.03918540577098619,-0.22840388214827426,961,-9.242231214361345e-18,-0.05701029859803688,0.7627333684938523,,,,False,False
REF,každý den,short,3,4497,0.9995554567681707,-0.09739822662090472,-3.1600744307765184e-18,0.41561040693795864,0.9510230632099793,-0.8912959781694135,1125,0.30185742487787154,0.7627607526695013,2504,-2.128223050399661e-18,-0.10848265516132811,0.11967283189535007,1033,6.878438874734755e-18,-0.06680289077889115,0.24347436812089954,960,-2.2204460492503132e-17,-0.1014081983496337,0.207514753401609,,,,False,False
REF,každý den,short,5,4495,0.9991109135363414,-0.18452222483319017,-1.1855551764629035e-18,0.39599555061179087,1.2690722655137094,-1.2079328858652276,750,0.3583742365325593,0.7200632692850846,2504,0.0,-0.2046838446378424,0.4777398335087496,1033,6.878438874734755e-18,-0.12561274597417932,0.22255365367344213,958,1.4833877573279752e-17,-0.19534560235981768,-0.26119145705277624,-0.09144212492009869,0.1312034865672833,0.3575,False,False
REF,každý den,short,7,4493,0.9986663703045121,-0.27097168054087994,-1.265155104847719e-17,0.38437569552637435,1.5236169981518177,-1.4695720730595747,562,0.6126390318114596,0.5401150437950859,2504,-4.256446100799322e-18,-0.30087463702712947,0.5471539036874995,1033,-4.470985268577591e-17,-0.18300799976152826,-0.1710841838225253,956,-1.4864910789960254e-17,-0.2876970771972623,0.6279253218531704,,,,False,False
REF,každý den,short,10,4490,0.9979995554567682,-0.3950639232787526,0.0,0.3599109131403118,1.8419443052832842,-1.805969848792241,409,0.12103032414601765,0.9036670165451255,2504,2.2701045870929717e-17,-0.44017136340811197,-0.09681417549058917,1033,1.375687774946951e-17,-0.264553711211182,0.07021306282373782,953,-7.455852421407138e-18,-0.4180104279816744,0.3412048840823312,-0.1870541626326104,0.20029813193602355,0.4455,False,False
REF,každý den,short,20,4480,0.9957768392976217,-0.7790538629499497,-4.123685520036296e-17,0.32276785714285716,2.66816594560725,-2.714794315608544,214,-0.02212475372820713,0.9823484406874006,2504,-3.9726830274127006e-17,-0.8730220322480122,-0.5832950575190028,1033,-4.6429462404459597e-17,-0.4523488213429547,0.5349728006281077,943,-3.013967065790457e-17,-0.8874207898403819,0.13247269245706736,,,,False,False
