name,hz,sl,rr,n_ALL,win_ALL,exp_ALL,loss_ALL,longest_ALL,mean_streak_ALL,ge5_per100_ALL,ge10_per100_ALL,p_ll_ALL,cluster_ALL,exp_longest_iid_ALL,n_DISC,win_DISC,exp_DISC,loss_DISC,longest_DISC,mean_streak_DISC,ge5_per100_DISC,ge10_per100_DISC,p_ll_DISC,cluster_DISC,exp_longest_iid_DISC,n_VAL,win_VAL,exp_VAL,loss_VAL,longest_VAL,mean_streak_VAL,ge5_per100_VAL,ge10_per100_VAL,p_ll_VAL,cluster_VAL,exp_longest_iid_VAL,n_TEST,win_TEST,exp_TEST,loss_TEST,longest_TEST,mean_streak_TEST,ge5_per100_TEST,ge10_per100_TEST,p_ll_TEST,cluster_TEST,exp_longest_iid_TEST
GRID long,EOD,5.0,1.0,27574,0.5011242474795097,-0.09607238703294088,0.4988757525204903,14,2.0250257618136316,1.5884528904040038,0.07978530499746138,0.506215921483097,1.0147134209781126,14.03976622985462,8228,0.5036460865337871,-0.08958434615562592,0.49635391346621294,14,2.0237859266600595,1.6285853184248906,0.07292173067574137,0.5058765915768854,1.0191852584462813,12.215272225841414,7716,0.4974079834110938,-0.10300673922711757,0.5025920165889062,11,2.0229525299947837,1.5292897874546396,0.07776049766718507,0.5056730273336771,1.0061302421110503,12.334604359291738,11630,0.5018056749785039,-0.0960619088566736,0.49819432502149613,12,2.027291812456263,1.599312123817713,0.08598452278589853,0.5068185741412049,1.0173110143704198,12.77420294910967
GRID long,EOD,5.0,2.0,21191,0.3568967958095418,-0.10713510460400509,0.6431032041904582,26,2.89280407556782,4.072483601528951,0.5757161058940116,0.6543626623614882,1.0175080113077706,21.038615583763804,5786,0.3978568959557553,-0.10523677872249693,0.6021431040442448,16,2.6433990895295905,3.508468717594193,0.41479433114414105,0.621699196326062,1.0324774827619387,15.899343865737853,5758,0.3490795415074679,-0.12156998949484517,0.6509204584925321,17,2.9628458498023718,4.168113928447378,0.6773185133726989,0.6626634641046171,1.0180406153453536,18.55846100002082,9647,0.3369959572924225,-0.09965792479165496,0.6630040427075775,26,3.005639097744361,4.35368508344563,0.6115890950554577,0.66729205753596,1.006467554573078,20.581416072999524
GRID long,EOD,5.0,3.0,18221,0.2984468470446188,-0.11681301815183859,0.7015531529553811,28,3.4831062670299726,5.136929916030953,1.1799571922506997,0.7128999452397716,1.0161738169611108,25.39404324658252,5032,0.367845786963434,-0.1124503185481118,0.6321542130365659,19,2.835115864527629,3.914944356120827,0.6955484896661367,0.6472807293303993,1.0239285224742438,17.16309283409098,4884,0.292997542997543,-0.13192055695306423,0.707002457002457,21,3.5597938144329895,5.098280098280098,1.3104013104013106,0.719084853750362,1.0170896106912157,22.121432394935905,8305,0.2596026490066225,-0.11057194469028644,0.7403973509933774,28,3.8967046894803548,5.900060204695967,1.3967489464178207,0.7433729061636039,1.00401886252866,26.958686057239834
GRID long,EOD,5.0,5.0,15558,0.26218022882118525,-0.1109107857515822,0.7378197711788148,41,4.063362831858407,5.302738141149248,1.6711659596349144,0.7538984232075965,1.021792113273263,28.74071884123923,4648,0.3577882960413081,-0.10793889910544677,0.6422117039586919,35,2.909356725146199,3.9371772805507743,0.7530120481927711,0.6562814070351759,1.021908200971356,17.55082582675265,4134,0.2556845670053217,-0.1457668120693129,0.7443154329946783,41,4.145748987854251,5.200774068698597,1.8626028059990325,0.7591027308192457,1.0198669773177647,25.035509727591208,6776,0.20056080283353012,-0.09168388438418378,0.7994391971664699,36,5.12476370510397,6.301652892561983,2.1841794569067297,0.8047249907715024,1.006611876955455,34.30851192741805
GRID long,EOD,5.0,8.0,14167,0.2519940707277476,-0.10233288635789052,0.7480059292722524,48,4.283346806790623,5.124585303875203,1.8352509352721111,0.7665376993488723,1.0247748972988084,29.662529922501594,4514,0.35799734160389896,-0.10744350989691316,0.642002658396101,35,2.9096385542168677,3.876827647319451,0.819672131147541,0.6563146997929606,1.022292807061913,17.472872766110978,3819,0.24823252160251374,-0.14600680769310478,0.7517674783974863,48,4.3622526636225265,4.818015187221786,1.937680020947892,0.7710801393728223,1.0256896733768053,25.545635577608685,5834,0.1724374357216318,-0.0697891667429145,0.8275625642783682,47,5.886723507917174,6.29070963318478,2.553993829276654,0.8299855042451854,1.0029278027685193,39.077930269320255
GRID long,EOD,5.0,10.0,13804,0.25057954216169226,-0.1023580123423194,0.7494204578383077,49,4.314011676396998,5.078238191828455,1.8255578093306288,0.7681971967133882,1.0250550124148488,29.750583155865716,4491,0.3587174348697395,-0.10861723526593224,0.6412825651302605,35,2.903225806451613,3.852148741928301,0.8016032064128256,0.6555555555555556,1.0222569444444445,17.42049831050868,3753,0.24726885158539835,-0.14108712979033458,0.7527311484146016,48,4.40625,4.84945377031708,1.9451105782041032,0.773371104815864,1.0274200907518363,25.58803358132885,5560,0.16546762589928057,-0.07116007206680962,0.8345323741007195,49,6.063968668407311,6.2230215827338125,2.5719424460431655,0.8349493643611291,1.0004996693637667,40.418954833694485
GRID long,EOD,5.0,12.0,13574,0.2512892294091646,-0.10120819211239511,0.7487107705908355,67,4.311837081035215,5.061146309120377,1.804921172830411,0.7680802912525829,1.0258704982251854,29.603264678602205,4488,0.3589572192513369,-0.10704099882375029,0.641042780748663,35,2.900201612903226,3.854723707664884,0.8021390374331552,0.6551963851233924,1.0220790324761158,17.405426147610758,3713,0.24777807702666307,-0.14346889187401074,0.7522219229733369,67,4.404423380726699,4.8478319418260165,1.8852679773767842,0.7732808022922636,1.0279955671003131,25.49561882919572,5373,0.16378187232458588,-0.06713195635304571,0.8362181276754141,49,6.144808743169399,6.216266517774056,2.5870091196724365,0.8371161548731643,1.0010739150085715,40.63208149288286
GRID long,EOD,5.0,15.0,13449,0.25213770540560637,-0.09864673963484001,0.7478622945943937,66,4.296454506621102,5.048702505762511,1.7919547921778571,0.7672499502883277,1.0259240983722129,29.465538431435824,4487,0.35903721863160243,-0.1048139074484042,0.6409627813683976,35,2.899193548387097,3.8555827947403607,0.8023178069979943,0.655076495132128,1.0220195527322178,17.400402000757722,3686,0.24877916440586,-0.13345089396275975,0.75122083559414,66,4.380348652931854,4.829083016820402,1.8990775908844275,0.7720375722543352,1.0277105421919392,25.363178636558267,5276,0.16357088703563305,-0.06908642977287366,0.836429112964367,49,6.153203342618385,6.21683093252464,2.558756633813495,0.8373357498867241,1.001083937548687,40.580962544486496
GRID long,EOD,5.0,20.0,13343,0.2524919433410777,-0.09919058689538716,0.7475080566589223,66,4.29728565273589,5.0438432136700895,1.7912013790002248,0.7672949669139764,1.0264704976472014,29.39438642994338,4487,0.35903721863160243,-0.10412302279768082,0.6409627813683976,35,2.899193548387097,3.8555827947403607,0.8023178069979943,0.655076495132128,1.0220195527322178,17.400402000757722,3672,0.24891067538126363,-0.13164487894349608,0.7510893246187363,66,4.38375796178344,4.847494553376906,1.906318082788671,0.7722161770039898,1.0281282820734774,25.335910481662395,5184,0.16280864197530864,-0.07193287078932634,0.8371913580246914,49,6.198288159771755,6.211419753086419,2.565586419753086,0.8385164708592491,1.0015828075885593,40.66626343302438
GRID long,EOD,8.0,1.0,19204,0.49937513018121227,-0.055323760674859404,0.4972401583003541,11,2.0495814552479072,1.7444282441158092,0.05727973338887732,0.5121491411813992,1.0299834649960824,13.45832302744252,4952,0.49535541195476573,-0.0615218598546042,0.49676898222940225,11,2.0882852292020373,1.7770597738287561,0.04038772213247173,0.5211382113821138,1.0490554564082226,11.503542806903779,5228,0.49387911247130833,-0.05932598508033665,0.5024866105585309,11,2.075039494470774,1.7980107115531754,0.07651109410864575,0.5182787509520183,1.0314279824808343,11.765358157682895,9024,0.5047650709219859,-0.04960383421985816,0.49445921985815605,10,2.0144469525959368,1.6954787234042552,0.05540780141843972,0.5035858359480054,1.0184577731050652,12.282672974595938
GRID long,EOD,8.0,2.0,14271,0.38196342232499475,-0.06160657977717048,0.6150234741784038,22,2.718179002787241,3.889005675846122,0.4414546983392895,0.6321066423607155,1.027776449029255,18.402919889545682,3790,0.44010554089709764,-0.06645778364116095,0.5527704485488126,11,2.4052812858783006,2.9287598944591027,0.29023746701846964,0.5842482100238664,1.0569454491601211,13.016311621550745,3774,0.37864334923158455,-0.06992746422893481,0.6189719130895601,16,2.7353629976580796,3.6565977742448332,0.47694753577106513,0.634417808219178,1.0249541131075248,15.860817370974871,6707,0.3509765916206948,-0.05418312956612494,0.6479797226777994,22,2.889627659574468,4.5623974951543165,0.5069330550171463,0.6539346525540727,1.009189994173991,18.73051361489968
GRID long,EOD,8.0,3.0,12349,0.3451291602558912,-0.05520942991335331,0.6513887764191433,22,3.0690576115986263,4.405214997165762,0.7773908818527816,0.6741670810542019,1.0349688319167503,20.367284013721992,3554,0.42993809791783905,-0.06400358750703433,0.5624648283624085,15,2.443765281173594,2.8981429375351717,0.4220596510973551,0.5907953976988495,1.0503686060138626,13.274875548544351,3267,0.34527089072543615,-0.06365740740740741,0.6516681971227426,20,3.0457796852646637,4.16284052647689,0.642791551882461,0.6719924812030075,1.031188086467931,17.281122130002196,5528,0.290520984081042,-0.04456290701881331,0.7083936324167872,22,3.5471014492753623,5.517366136034732,1.085383502170767,0.7178963492468726,1.0134144582831237,22.595887128660866
GRID long,EOD,8.0,5.0,10891,0.3257735745110642,-0.053125860802497475,0.6706454870994399,30,3.287128712871287,4.5909466531998895,1.0559177302359746,0.6957831325301205,1.0374827623748004,21.432292609707943,3422,0.42811221507890124,-0.06192467855055523,0.5642898889538281,15,2.4756410256410257,2.9807130333138514,0.4967855055523086,0.5960642154324184,1.0563085164214063,13.279411179178283,2905,0.3280550774526678,-0.0780012908777969,0.6688468158347677,26,3.2765598650927488,4.268502581755594,0.9638554216867471,0.6951596292481977,1.0393405676613559,18.01370059508766,4564,0.24758983347940403,-0.03069538781770377,0.7515337423312883,30,4.0400471142520615,6.00350569675723,1.5337423312883436,0.7522588166715244,1.0009647927955794,26.144477584731995
GRID long,EOD,8.0,8.0,10259,0.32361828638268836,-0.04937128375085291,0.6726776488936543,29,3.34027105517909,4.591090749585729,1.09172433960425,0.7006230981017244,1.0415435970765963,21.433269145074522,3399,0.4289496910856134,-0.06192078552515446,0.5634010002942041,15,2.4741602067183464,2.971462194763166,0.5001471020888497,0.595822454308094,1.0575459645917553,13.233349001939292,2790,0.3254480286738351,-0.07840501792114696,0.671326164874552,29,3.2975352112676055,4.193548387096775,1.0752688172043012,0.6971153846153846,1.0384153353320464,18.065380858512444,4070,0.2343980343980344,-0.018988022113022113,0.7648648648648648,28,4.2997237569060776,6.216216216216217,1.597051597051597,0.7671804752729608,1.0030274765052845,27.259126427333072
GRID long,EOD,8.0,10.0,10146,0.32406859846244823,-0.05404839345554899,0.6722846441947565,28,3.3321934538348805,4.49438202247191,1.113739404691504,0.6998973757513561,1.0410729767443572,21.376116226774332,3398,0.4290759270158917,-0.05952950264861683,0.5632725132430841,15,2.4728682170542635,2.972336668628605,0.5002942907592701,0.5956112852664577,1.0574123026830842,13.227891899629324,2768,0.3265895953757225,-0.07460260115606937,0.6701589595375722,26,3.2831858407079646,4.154624277456647,1.0476878612716762,0.6957928802588996,1.038250508116784,17.973739676672892,3980,0.2326633165829146,-0.035073806532663315,0.7668341708542713,28,4.3107344632768365,6.030150753768844,1.6834170854271358,0.7677694071405176,1.0012196069525754,27.4120852117912
GRID long,EOD,8.0,12.0,10074,0.3253920984713123,-0.0519127208655946,0.6709350804050029,28,3.3213759213759215,4.5066507841969425,1.10184633710542,0.6989199585737536,1.041710262268382,21.258419023790506,3398,0.4290759270158917,-0.059281194820482636,0.5632725132430841,15,2.4728682170542635,2.972336668628605,0.5002942907592701,0.5956112852664577,1.0574123026830842,13.227891899629324,2758,0.32741116751269034,-0.07239167875271936,0.6693255982596084,26,3.2788632326820606,4.169688179840464,1.0514865844815084,0.6953929539295393,1.0389457025664515,17.91375532943127,3918,0.23404798366513527,-0.031106431852986217,0.765441551812149,28,4.296561604584527,6.074527820316488,1.6590096988259317,0.767,1.0020360120040015,27.18581791786811
GRID long,EOD,8.0,15.0,10054,0.32524368410582855,-0.05051472050925005,0.6710761885816591,28,3.3171091445427727,4.505669385319276,1.0940919037199124,0.6985326811916407,1.040914121342931,21.263832948379573,3398,0.4290759270158917,-0.059345570924072985,0.5632725132430841,15,2.4728682170542635,2.972336668628605,0.5002942907592701,0.5956112852664577,1.0574123026830842,13.227891899629324,2748,0.32787481804949054,-0.06860671397379912,0.6688500727802038,26,3.2704626334519573,4.148471615720524,1.0553129548762736,0.6946107784431138,1.0385149179334476,17.875758426027698,3908,0.23311156601842375,-0.030114508700102353,0.7663766632548619,28,4.2908309455587395,6.09007164790174,1.6376663254861823,0.7666889185580774,1.000407443647735,27.288237092698562
GRID long,EOD,8.0,20.0,10035,0.3256601893373194,-0.04780455904334828,0.6706527154957648,28,3.313638601674052,4.5042351768809175,1.0861983059292475,0.6982169390787518,1.0411005919250038,21.227930782557664,3398,0.4290759270158917,-0.059345570924072985,0.5632725132430841,15,2.4728682170542635,2.972336668628605,0.5002942907592701,0.5956112852664577,1.0574123026830842,13.227891899629324,2745,0.32823315118397084,-0.06844262295081967,0.668488160291439,26,3.2651245551601424,4.1530054644808745,1.0200364298724955,0.6941112322791713,1.0383298815293325,17.851063001523404,3892,0.23355601233299075,-0.023172533401849948,0.7659301130524152,28,4.2892086330935255,6.089414182939363,1.644398766700925,0.7665995975855131,1.0008740804437495,27.219276714627956
GRID long,EOD,10.0,1.0,15801,0.5085121194861085,-0.0365609771810714,0.49148788051389153,12,2.028205797858449,1.49357635592684,0.031643566862856784,0.506953386556786,1.0314667088570404,12.97109647650952,4005,0.5126092384519351,-0.0415418228908887,0.48739076154806493,9,2.037578288100209,1.4981273408239701,0.0,0.5092213114754098,1.044790651874496,10.915586381232115,4194,0.508345255126371,-0.033905579344958574,0.491654744873629,11,2.0415841584158416,1.335240820219361,0.02384358607534573,0.5104318292091218,1.038191606063558,11.10882370523403,7602,0.5064456721915286,-0.03540186792783208,0.49355432780847147,12,2.016120365394949,1.5785319652722969,0.052617732175743226,0.5038635758060218,1.0208877673980217,12.0092040488319
GRID long,EOD,10.0,2.0,11685,0.40393667094565683,-0.04536157487583546,0.5960633290543432,17,2.6037383177570095,3.3204963628583655,0.29097133076593923,0.6159368269921034,1.0333412524627033,16.965438836980564,3234,0.47031539888682744,-0.046173469932611046,0.5296846011131725,11,2.224675324675325,2.442795299938157,0.06184291898577613,0.5504962054874489,1.0392905595717512,11.938477406485209,3058,0.408436886854153,-0.043615107942173874,0.591563113145847,17,2.584285714285714,3.106605624591236,0.22890778286461738,0.6133849557522124,1.0368884437204342,14.18093488441113,5393,0.3615798256999815,-0.0458650103049962,0.6384201743000185,17,2.857261410788382,3.968106805117745,0.4635638791025403,0.6498257839721254,1.017865365367898,17.667415778157892
GRID long,EOD,10.0,3.0,10246,0.37692758149521766,-0.03851015050293682,0.6230724185047823,18,2.8373333333333335,3.757563927386297,0.6343939098184658,0.6475563909774437,1.0392955485518307,18.177404501555174,3098,0.4648160103292447,-0.04636862568408214,0.5351839896707553,13,2.2743484224965704,2.420916720464816,0.12911555842479017,0.5603136308805791,1.0469551438287297,12.056450654354487,2699,0.3827343460540941,-0.05020377910390498,0.6172656539459059,18,2.7906197654941374,3.6680251945164875,0.6298629121896998,0.6420420420420421,1.0401389384582662,15.081577878010387,4449,0.3122049898853675,-0.02594403234036206,0.6877950101146325,16,3.311688311688312,4.742638795234884,0.9889862890537199,0.6978111728193401,1.0145627149912562,20.377055349403182
GRID long,EOD,10.0,5.0,9290,0.3635091496232508,-0.03538751363017172,0.6364908503767492,23,2.9609414121181774,3.9504843918191606,0.8288482238966631,0.6622695755115846,1.040501328683007,18.761238144211777,3041,0.4633344294639921,-0.04443439718682498,0.5366655705360079,13,2.276150627615063,2.4334100624794472,0.19730351857941467,0.5606617647058824,1.04471349661188,12.077257621111336,2483,0.37374144180426905,-0.045680627834306396,0.626258558195731,21,2.8796296296296298,3.7857430527587597,0.8054772452678213,0.6531531531531531,1.0429448741345848,15.334100480310255,3766,0.27615507169410514,-0.021295804797263375,0.7238449283058949,23,3.6837837837837837,5.284121083377589,1.3542219861922464,0.7282728272827282,1.0061171927904455,22.781825293538574
GRID long,EOD,10.0,8.0,8912,0.3649012567324955,-0.034487208490111644,0.6350987432675045,23,2.9587036069001567,3.848743267504488,0.8303411131059245,0.6620141342756184,1.0423798524141892,18.585256809432344,3034,0.4634146341463415,-0.04445451646073167,0.5365853658536586,13,2.2737430167597767,2.4060646011865523,0.23071852340145024,0.5601965601965602,1.0440026803663167,12.070814150203665,2410,0.375103734439834,-0.03910788309168941,0.624896265560166,22,2.879541108986616,3.775933609958506,0.7468879668049793,0.653156146179402,1.0452233149351653,15.205032983290764,3468,0.27162629757785467,-0.022556228624846023,0.7283737024221453,23,3.7477744807121662,5.161476355247982,1.4129181084198386,0.7328848436881678,1.0061934433533515,22.927718265672766
GRID long,EOD,10.0,10.0,8840,0.36628959276018097,-0.03482183274388085,0.633710407239819,23,2.951527924130664,3.8687782805429864,0.8144796380090499,0.6611924312745449,1.0433668497798958,18.48423883779652,3034,0.4634146341463415,-0.04439683692418001,0.5365853658536586,13,2.2737430167597767,2.4060646011865523,0.23071852340145024,0.5601965601965602,1.0440026803663167,12.070814150203665,2396,0.3768781302170284,-0.03506886391777455,0.6231218697829716,22,2.8656429942418424,3.7562604340567614,0.7512520868113522,0.6514745308310992,1.0455009885273367,15.108281441774272,3410,0.27243401759530794,-0.026129032340433837,0.7275659824046921,23,3.7534039334341904,5.249266862170088,1.378299120234604,0.7332796132151491,1.0078530758015551,22.8022954567493
GRID long,EOD,10.0,12.0,8823,0.3659752918508444,-0.03558030165855067,0.6340247081491556,23,2.95042194092827,3.876232573954437,0.8160489629377763,0.6610654272434752,1.0426493143670328,18.498788710708965,3034,0.4634146341463415,-0.04439683692418001,0.5365853658536586,13,2.2737430167597767,2.4060646011865523,0.23071852340145024,0.5601965601965602,1.0440026803663167,12.070814150203665,2387,0.3770423125261835,-0.035599077558341956,0.6229576874738165,22,2.8651252408477843,3.7704231252618348,0.754084625052367,0.6514131897711979,1.0456780658936444,15.092559441585161,3402,0.27131099353321575,-0.027704291644206888,0.7286890064667843,23,3.750378214826021,5.261610817166373,1.3815402704291593,0.7330645161290322,1.0060046324610599,22.89537578220612
GRID long,EOD,10.0,15.0,8812,0.3663186563776668,-0.0335933955818405,0.6336813436223332,23,2.9498151082937136,3.8810712664548346,0.8284157966409442,0.6609957020057307,1.043104248938843,18.475550295635177,3034,0.4634146341463415,-0.04439683692418001,0.5365853658536586,13,2.2737430167597767,2.4060646011865523,0.23071852340145024,0.5601965601965602,1.0440026803663167,12.070814150203665,2384,0.3775167785234899,-0.03579068713580632,0.62248322147651,22,2.864864864864865,3.7751677852348995,0.7550335570469799,0.6513823331085637,1.0464255270423288,15.067497444144289,3394,0.27165586328815555,-0.022392457427041653,0.7283441367118444,23,3.7511380880121394,5.274012964054213,1.4142604596346495,0.7331176708451274,1.0065539542266837,22.857016898956388
GRID long,EOD,10.0,20.0,8803,0.36657957514483697,-0.032937635190552546,0.633420424855163,23,2.9471458773784356,3.8850391911848234,0.8065432239009429,0.6606886657101865,1.0430491973182876,18.45775732258468,3034,0.4634146341463415,-0.04439683692418001,0.5365853658536586,13,2.2737430167597767,2.4060646011865523,0.23071852340145024,0.5601965601965602,1.0440026803663167,12.070814150203665,2384,0.3775167785234899,-0.03412332120398177,0.62248322147651,22,2.864864864864865,3.7751677852348995,0.7550335570469799,0.6513823331085637,1.0464255270423288,15.067497444144289,3385,0.272082717872969,-0.02183161051819936,0.727917282127031,23,3.74468085106383,5.288035450516987,1.3589364844903988,0.732657200811359,1.0065116171860593,22.81048242760448
GRID long,EOD,12.0,1.0,13326,0.5081794987242984,-0.03297907592242779,0.49182050127570165,11,2.0347718099968954,1.590874981239682,0.030016509079993998,0.5085444003661886,1.0340040706865776,12.742957495868282,3417,0.514779045946737,-0.03241756902111143,0.4852209540532631,9,2.012135922330097,1.5803336259877085,0.0,0.5033192516596259,1.0372990849945365,10.631425767372997,3489,0.5061622241329894,-0.03514020239219728,0.4938377758670106,11,2.056085918854415,1.4330753797649758,0.028661507595299514,0.5136390017411492,1.0400966204729365,10.91477269445837,6420,0.5057632398753894,-0.032103452687019696,0.4942367601246106,11,2.035279025016036,1.6822429906542056,0.04672897196261683,0.5085066162570888,1.0288725106746013,11.792021645132355
GRID long,EOD,12.0,2.0,10014,0.42091072498502097,-0.03206344458790414,0.579089275014979,17,2.4941935483870967,3.025763930497304,0.2995805871779509,0.5990688049663735,1.0345016404437428,15.8346647087319,2911,0.48746135348677433,-0.03256326606720152,0.5125386465132257,10,2.1283880171184024,1.9580900034352458,0.06870491240123669,0.5305164319248826,1.035075960679178,11.222250050712628,2633,0.4242309153057349,-0.040796303334017445,0.5757690846942651,14,2.461038961038961,2.924420812761109,0.22787694644891757,0.5936675461741425,1.0310861801296287,13.25893696920296,4470,0.3756152125279642,-0.0265939597098783,0.6243847874720357,17,2.7688492063492065,3.78076062639821,0.4921700223713647,0.6386103151862464,1.0227832708285638,16.492250208889665
GRID long,EOD,12.0,3.0,8890,0.3973003374578178,-0.03707349078634454,0.6026996625421822,18,2.710166919575114,3.498312710911136,0.5174353205849269,0.6310190369540873,1.0469875398510333,16.77472419970526,2823,0.4828196953595466,-0.03409493471430925,0.5171803046404534,10,2.156573116691285,2.089975203684024,0.07084661707403471,0.5366689513365319,1.037682499741801,11.32146252743763,2335,0.40342612419700213,-0.049054247122804956,0.5965738758029978,15,2.6634799235181643,3.2119914346895073,0.6852248394004282,0.624551328068916,1.0468968779906094,13.874549808187481,3732,0.3287781350482315,-0.03183056413728209,0.6712218649517685,18,3.223938223938224,4.742765273311897,0.7502679528403001,0.6895450917797287,1.027298316376027,18.78865025117975
GRID long,EOD,12.0,5.0,8225,0.39075987841945287,-0.03321935158520942,0.6092401215805471,22,2.7502744237102084,3.513677811550152,0.5957446808510638,0.6363999201756136,1.0445797931439678,16.96059378631204,2794,0.4824624194702935,-0.034217669094790175,0.5175375805297066,10,2.1614349775784754,2.1474588403722263,0.10737294201861132,0.5377162629757786,1.0389897916696578,11.317055916023874,2201,0.400726942298955,-0.044440027050179895,0.599273057701045,22,2.708418891170431,3.225806451612903,0.6815084052703316,0.6307808946171342,1.0525767619805249,13.87274788045999,3230,0.3046439628482972,-0.024709752260085417,0.6953560371517028,22,3.3723723723723724,4.891640866873065,0.9597523219814241,0.7031597685803294,1.0112226413688619,20.056517672177634
GRID long,EOD,12.0,8.0,7993,0.39334417615413486,-0.0322704240181783,0.6066558238458651,22,2.738001129305477,3.465532340798198,0.613036406855999,0.6347700556815838,1.0463429686663022,16.768028459100922,2789,0.4829688060236644,-0.03250119562364504,0.5170311939763356,11,2.158682634730539,2.1154535675869486,0.10756543564001435,0.5371269951422624,1.038867676457538,11.298394233759318,2152,0.4038104089219331,-0.035867797150512595,0.5961895910780669,22,2.6841004184100417,3.2527881040892193,0.6505576208178439,0.627435697583788,1.052409681372028,13.700680632156397,3052,0.3040629095674967,-0.029522989880433666,0.6959370904325033,22,3.3984,4.849279161205767,1.0484927916120577,0.7054117647058824,1.0136142683061926,19.942243576465945
GRID long,EOD,12.0,10.0,7970,0.3934755332496863,-0.030005750429256888,0.6065244667503137,22,2.7310734463276836,3.450439146800502,0.6148055207026348,0.6338436077782375,1.0450421088110369,16.75545438858759,2789,0.4829688060236644,-0.032553484434071384,0.5170311939763356,11,2.158682634730539,2.1154535675869486,0.10756543564001435,0.5371269951422624,1.038867676457538,11.298394233759318,2141,0.40495095749649695,-0.02915304298546604,0.595049042503503,22,2.6708595387840672,3.1760859411489957,0.6539000467071462,0.6255886970172685,1.0513229201836514,13.64385859148543,3040,0.30328947368421055,-0.02826891375088788,0.6967105263157894,22,3.3888,4.868421052631579,1.0526315789473684,0.7045776309579991,1.0112917838112925,19.987125165992932
GRID long,EOD,12.0,12.0,7961,0.3937947494033413,-0.02851400554505164,0.6062052505966588,22,2.729638009049774,3.4543399070468537,0.6155005652556211,0.6336510567757978,1.045274774760076,16.736668689532745,2789,0.4829688060236644,-0.032553484434071384,0.5170311939763356,11,2.158682634730539,2.1154535675869486,0.10756543564001435,0.5371269951422624,1.038867676457538,11.298394233759318,2137,0.4057089377632195,-0.027589299062196575,0.5942910622367805,22,2.668067226890756,3.1820308844174074,0.6551240056153487,0.6251968503937008,1.052004464008928,13.60921490271383,3035,0.30345963756177924,-0.025453047104330825,0.6965403624382207,22,3.3878205128205128,4.8764415156507415,1.0543657331136738,0.7044917257683215,1.011415509795107,19.97028596272314
GRID long,EOD,12.0,15.0,7947,0.3941109852774632,-0.027177446002304227,0.6058890147225368,22,2.728045325779037,3.460425317729961,0.604001510003775,0.6334371754932503,1.045467338244,16.71680772626741,2789,0.4829688060236644,-0.032553484434071384,0.5170311939763356,11,2.158682634730539,2.1154535675869486,0.10756543564001435,0.5371269951422624,1.038867676457538,11.298394233759318,2134,0.40581068416119964,-0.027413307686801808,0.5941893158388004,22,2.6694736842105264,3.1865042174320526,0.6560449859418931,0.6253943217665615,1.0525169421528724,13.602357132980345,3024,0.3039021164021164,-0.022052743614443662,0.6960978835978836,22,3.3842443729903535,4.894179894179894,1.0251322751322751,0.7041785375118709,1.0116085023448445,19.92837785177669
GRID long,EOD,12.0,20.0,7946,0.39416058394160586,-0.026677468373798585,0.6058394160583942,22,2.7274787535410763,3.460860810470677,0.6040775232821546,0.6333610303282093,1.0454272428308997,16.713995255851653,2789,0.4829688060236644,-0.032553484434071384,0.5170311939763356,11,2.158682634730539,2.1154535675869486,0.10756543564001435,0.5371269951422624,1.038867676457538,11.298394233759318,2134,0.40581068416119964,-0.02703256729317488,0.5941893158388004,22,2.6694736842105264,3.1865042174320526,0.6560449859418931,0.6253943217665615,1.0525169421528724,13.602357132980345,3023,0.3040026463777704,-0.021005622563006594,0.6959973536222296,22,3.382636655948553,4.895798875289447,1.0254713860403573,0.7040380047505939,1.0115527035936527,19.920236602931393
GRID long,EOD,15.0,1.0,10856,0.5077376565954311,-0.0275945712739077,0.4922623434045689,12,2.019652305366591,1.612011790714812,0.02763448784082535,0.504959760434213,1.0257940043551301,12.469266018517954,2919,0.5125042822884549,-0.029781888609890114,0.48749571771154504,12,2.0184397163120567,1.4388489208633095,0.0685166152792052,0.5049226441631505,1.0357478554548392,10.4784802974603,2833,0.507942110836569,-0.032621484752714584,0.492057889163431,10,2.0,1.3766325450052947,0.03529827038475115,0.5,1.0161406025824964,10.567905391441846,5104,0.504898119122257,-0.023553422138082546,0.49510188087774293,9,2.0313504823151125,1.841692789968652,0.0,0.5077166600712307,1.0254791582918725,11.493855687234358
GRID long,EOD,15.0,2.0,8417,0.44077462278721635,-0.02446437768886118,0.5592253772127836,14,2.3905535804977145,2.661280741356778,0.29701793988356895,0.5818104547386316,1.0403863602156496,14.634112483299711,2641,0.5001893222264294,-0.02632841067544888,0.49981067777357063,11,2.072213500784929,1.6660355925785686,0.1135933358576297,0.5178165276724791,1.036025340593195,10.694022229415634,2215,0.4455981941309255,-0.03763732168433734,0.5544018058690745,14,2.3570057581573898,2.528216704288939,0.27088036117381487,0.5757328990228013,1.0384758724230496,12.167072586812292,3561,0.39370963212580734,-0.014888140096176183,0.6062903678741927,12,2.662145499383477,3.4821679303566415,0.4493119910137602,0.6243631310792034,1.0298087585794549,15.133320642191334
GRID long,EOD,15.0,3.0,7694,0.4239667273199896,-0.026195737433270142,0.5760332726800104,18,2.477361654555618,3.0283337665713543,0.3769170782427866,0.5964793500338524,1.0354946117239308,15.21329803552332,2602,0.49615680245964644,-0.02615295916179038,0.5038431975403536,11,2.087579617834395,1.80630284396618,0.11529592621060722,0.5213740458015267,1.0347942541384991,10.79173352099512,2045,0.43471882640586795,-0.03721271534924624,0.565281173594132,17,2.433684210526316,2.689486552567237,0.3911980440097799,0.5891003460207612,1.0421368577962429,12.41529399992375,3047,0.3551033803741385,-0.018838201898062654,0.6448966196258615,18,2.8644314868804663,4.299310797505743,0.5907449950771251,0.6508905852417303,1.009294459659823,16.74268420776478
GRID long,EOD,15.0,5.0,7277,0.4236635976363886,-0.0209862129478719,0.5763364023636114,21,2.49346016646849,3.0369657826027208,0.46722550501580323,0.5989508822126848,1.0392383333003594,15.125884156412907,2589,0.4967168791039011,-0.02683790392177881,0.5032831208960988,11,2.0814696485623,1.7767477790652761,0.1544998068752414,0.5199692780337941,1.0331546130694498,10.767790318240284,1963,0.43402954661232807,-0.02719477142307982,0.5659704533876719,21,2.4579646017699117,2.8018339276617423,0.4075394803871625,0.5931593159315932,1.048039367393085,12.368260773835196,2725,0.3467889908256881,-0.010954129198047977,0.653211009174312,21,2.947019867549669,4.4036697247706424,0.8073394495412843,0.6603032004491859,1.0108574276539501,16.943458018352526
GRID long,EOD,15.0,8.0,7155,0.42473794549266247,-0.022541347054657664,0.5752620545073375,21,2.4915254237288136,3.0328441649196365,0.46121593291404617,0.5986394557823129,1.0406378294758138,15.047158028948683,2589,0.4967168791039011,-0.026451654404590817,0.5032831208960988,11,2.0814696485623,1.7767477790652761,0.1544998068752414,0.5199692780337941,1.0331546130694498,10.767790318240284,1930,0.43730569948186526,-0.024075994323713285,0.5626943005181347,21,2.4295302013422817,2.6424870466321244,0.41450777202072536,0.5883977900552486,1.0456793138182594,12.221936623915125,2636,0.34484066767830046,-0.017577138041665243,0.6551593323216995,21,2.98272884283247,4.552352048558421,0.7966616084977238,0.6643518518518519,1.014030967852624,16.974462512009833
GRID long,EOD,15.0,10.0,7147,0.4249335385476424,-0.020978499953059924,0.5750664614523576,21,2.49241964827168,3.0362389813907935,0.4617321953267105,0.5987834549878346,1.0412421782963635,15.036412152521182,2589,0.4967168791039011,-0.026451654404590817,0.5032831208960988,11,2.0814696485623,1.7767477790652761,0.1544998068752414,0.5199692780337941,1.0331546130694498,10.767790318240284,1928,0.43775933609958506,-0.022700554673413968,0.5622406639004149,21,2.430493273542601,2.645228215767635,0.4149377593360996,0.5885608856088561,1.0468130880570798,12.204118039540218,2630,0.34486692015209125,-0.014328264829163053,0.6551330798479087,21,2.9861351819757367,4.562737642585551,0.7984790874524715,0.6647331786542924,1.0146536621362676,16.967598595561608
GRID long,EOD,15.0,12.0,7135,0.42522775052557815,-0.021058164818806503,0.5747722494744218,21,2.4914945321992708,3.041345480028031,0.44849334267694463,0.5986344793952695,1.0415159742709699,15.020270434821894,2589,0.4967168791039011,-0.026451654404590817,0.5032831208960988,11,2.0814696485623,1.7767477790652761,0.1544998068752414,0.5199692780337941,1.0331546130694498,10.767790318240284,1925,0.43792207792207793,-0.022753248360184962,0.5620779220779221,21,2.4314606741573033,2.6493506493506493,0.4155844155844156,0.588724584103512,1.0474074162654905,12.1956764850351,2621,0.3452880579931324,-0.014485566438515932,0.6547119420068676,21,2.9843478260869567,4.5784051888592145,0.7630675314765357,0.6645311589982528,1.0149977667450003,16.935868074082087
GRID long,EOD,15.0,15.0,7134,0.42528735632183906,-0.020456033056370063,0.5747126436781609,21,2.490886998784933,3.041771797028315,0.448556209700028,0.5985365853658536,1.0414536585365854,15.017364440150175,2589,0.4967168791039011,-0.026451654404590817,0.5032831208960988,11,2.0814696485623,1.7767477790652761,0.1544998068752414,0.5199692780337941,1.0331546130694498,10.767790318240284,1925,0.43792207792207793,-0.022415586220688767,0.5620779220779221,21,2.4314606741573033,2.6493506493506493,0.4155844155844156,0.588724584103512,1.0474074162654905,12.1956764850351,2620,0.34541984732824427,-0.01309160423505354,0.6545801526717557,21,2.982608695652174,4.580152671755725,0.7633587786259541,0.6643356643356644,1.0149034638830559,16.92758491380576
GRID long,EOD,15.0,20.0,7134,0.42528735632183906,-0.020023830503042073,0.5747126436781609,21,2.490886998784933,3.041771797028315,0.448556209700028,0.5985365853658536,1.0414536585365854,15.017364440150175,2589,0.4967168791039011,-0.026451654404590817,0.5032831208960988,11,2.0814696485623,1.7767477790652761,0.1544998068752414,0.5199692780337941,1.0331546130694498,10.767790318240284,1925,0.43792207792207793,-0.022415586220688767,0.5620779220779221,21,2.4314606741573033,2.6493506493506493,0.4155844155844156,0.588724584103512,1.0474074162654905,12.1956764850351,2620,0.34541984732824427,-0.011914759572671149,0.6545801526717557,21,2.982608695652174,4.580152671755725,0.7633587786259541,0.6643356643356644,1.0149034638830559,16.92758491380576
GRID long,EOD,20.0,1.0,8506,0.5141076886903362,-0.014980602091347136,0.48589231130966376,11,2.001452784503632,1.3872560545497297,0.011756407241946862,0.5004840271055179,1.0300307608418908,11.914517279065617,2529,0.5211546065638593,-0.014343614632704036,0.47884539343614074,11,1.9595469255663431,1.146698299723211,0.039541320680110716,0.4900826446280992,1.0234673891531485,10.039527188448977,2235,0.5145413870246085,-0.02052572692433894,0.4854586129753915,9,1.954954954954955,1.1633109619686801,0.0,0.48847926267281105,1.0062222599757904,10.050887176452193,3742,0.5090860502405131,-0.01209914492436161,0.4909139497594869,9,2.059417040358744,1.6835916622127203,0.0,0.5144256940664126,1.0478938199218921,10.925990771634348
GRID long,EOD,20.0,2.0,6946,0.46587964295997697,-0.016691261277451772,0.534120357040023,12,2.2295673076923075,2.303484019579614,0.14396775122372588,0.5516311674305743,1.0327843905586978,13.307722440950894,2408,0.5103820598006644,-0.016767027230075143,0.4896179401993355,11,2.0119453924914676,1.4534883720930232,0.04152823920265781,0.5033955857385399,1.0281395847823616,10.2699678253445,1841,0.47474198804997286,-0.03126697409230186,0.5252580119500272,12,2.202733485193622,2.1184139054861486,0.21727322107550243,0.546018614270941,1.0395245800132393,10.915859763909667,2697,0.42009640341119764,-0.006674082298556885,0.5799035965888024,12,2.4475743348982784,3.188728216536893,0.18539117538005193,0.5914322250639387,1.0198802499983648,13.465711885324975
GRID long,EOD,20.0,3.0,6558,0.45882891125343095,-0.016232083153922643,0.541171088746569,18,2.2648372686662412,2.317779810917963,0.19823116803903632,0.5584671738517892,1.03196047509722,13.484179353975167,2400,0.51,-0.015536459079399203,0.49,11,2.01025641025641,1.4583333333333333,0.04166666666666667,0.5029787234042553,1.0264871906209292,10.276029538526704,1766,0.46715741789354476,-0.030881935927070916,0.5328425821064553,18,2.262019230769231,2.208380520951302,0.22650056625141565,0.5579171094580234,1.0470580396417315,11.084185300191532,2392,0.4013377926421405,-0.006114130721421027,0.5986622073578596,15,2.530035335689046,3.260869565217391,0.33444816053511706,0.6043265875785067,1.0094617300892372,14.009347202773634
GRID long,EOD,20.0,5.0,6355,0.45995279307631787,-0.015643194651513162,0.5400472069236821,18,2.271343481138319,2.3446105428796225,0.25177025963808025,0.5597319347319347,1.0364500131764118,13.389926152132524,2396,0.510016694490818,-0.015426753788333417,0.48998330550918195,11,2.01027397260274,1.4607679465776295,0.041736227045075125,0.5029838022165388,1.0265325299070076,10.273222532435204,1717,0.4711706464764123,-0.02493447812049448,0.5288293535235876,18,2.241975308641975,2.21316249271986,0.23296447291788003,0.5539647577092511,1.04753027421452,10.915977063136134,2242,0.39785905441570024,-0.008758921052904874,0.6021409455842998,15,2.586206896551724,3.389830508474576,0.4906333630686887,0.612879348630644,1.0178337034295584,14.03024465324743
GRID long,EOD,20.0,8.0,6318,0.46058879392212726,-0.01286008269689811,0.5394112060778727,18,2.2689747003994674,2.358341247230136,0.23741690408357075,0.5592723004694836,1.0368199513985321,13.356189467321393,2396,0.510016694490818,-0.015426753788333417,0.48998330550918195,11,2.01027397260274,1.4607679465776295,0.041736227045075125,0.5029838022165388,1.0265325299070076,10.273222532435204,1708,0.4724824355971897,-0.019196428000747272,0.5275175644028103,18,2.235732009925558,2.1662763466042154,0.234192037470726,0.5527192008879024,1.0477740234367783,10.867775595895715,2214,0.3979223125564589,-0.005194219230743998,0.6020776874435411,15,2.588349514563107,3.4778681120144532,0.45167118337850043,0.6131934032983508,1.018462261742347,14.002779292207599
GRID long,EOD,20.0,10.0,6310,0.4608557844690967,-0.013234944940470629,0.5391442155309033,18,2.2664890073284476,2.3613312202852614,0.22187004754358164,0.5587889476778366,1.0364368782619486,13.3439720657922,2396,0.510016694490818,-0.015426753788333417,0.48998330550918195,11,2.01027397260274,1.4607679465776295,0.041736227045075125,0.5029838022165388,1.0265325299070076,10.273222532435204,1705,0.4727272727272727,-0.01925219895367226,0.5272727272727272,18,2.236318407960199,2.1700879765395897,0.23460410557184752,0.5528364849833148,1.0484829887614593,10.857592932544842,2209,0.3983703033046627,-0.006213219231099965,0.6016296966953373,15,2.5805825242718448,3.485740153915799,0.4074241738343142,0.6120300751879699,1.0172870098496807,13.979298526544797
GRID long,EOD,20.0,12.0,6310,0.4608557844690967,-0.012947702468204361,0.5391442155309033,18,2.2664890073284476,2.3613312202852614,0.22187004754358164,0.5587889476778366,1.0364368782619486,13.3439720657922,2396,0.510016694490818,-0.015426753788333417,0.48998330550918195,11,2.01027397260274,1.4607679465776295,0.041736227045075125,0.5029838022165388,1.0265325299070076,10.273222532435204,1705,0.4727272727272727,-0.01925219895367226,0.5272727272727272,18,2.236318407960199,2.1700879765395897,0.23460410557184752,0.5528364849833148,1.0484829887614593,10.857592932544842,2209,0.3983703033046627,-0.005392712214350277,0.6016296966953373,15,2.5805825242718448,3.485740153915799,0.4074241738343142,0.6120300751879699,1.0172870098496807,13.979298526544797
GRID long,EOD,20.0,15.0,6310,0.4608557844690967,-0.012472266652039486,0.5391442155309033,18,2.2664890073284476,2.3613312202852614,0.22187004754358164,0.5587889476778366,1.0364368782619486,13.3439720657922,2396,0.510016694490818,-0.015426753788333417,0.48998330550918195,11,2.01027397260274,1.4607679465776295,0.041736227045075125,0.5029838022165388,1.0265325299070076,10.273222532435204,1705,0.4727272727272727,-0.01925219895367226,0.5272727272727272,18,2.236318407960199,2.1700879765395897,0.23460410557184752,0.5528364849833148,1.0484829887614593,10.857592932544842,2209,0.3983703033046627,-0.004034631634902519,0.6016296966953373,15,2.5805825242718448,3.485740153915799,0.4074241738343142,0.6120300751879699,1.0172870098496807,13.979298526544797
GRID long,EOD,20.0,20.0,6310,0.4608557844690967,-0.011679873625098026,0.5391442155309033,18,2.2664890073284476,2.3613312202852614,0.22187004754358164,0.5587889476778366,1.0364368782619486,13.3439720657922,2396,0.510016694490818,-0.015426753788333417,0.48998330550918195,11,2.01027397260274,1.4607679465776295,0.041736227045075125,0.5029838022165388,1.0265325299070076,10.273222532435204,1705,0.4727272727272727,-0.01925219895367226,0.5272727272727272,18,2.236318407960199,2.1700879765395897,0.23460410557184752,0.5528364849833148,1.0484829887614593,10.857592932544842,2209,0.3983703033046627,-0.0017711640024895628,0.6016296966953373,15,2.5805825242718448,3.485740153915799,0.4074241738343142,0.6120300751879699,1.0172870098496807,13.979298526544797
GRID long,EOD,25.0,1.0,7224,0.5149501661129569,-0.01124446299297353,0.4850498338870432,11,1.9965811965811966,1.3289036544850499,0.05537098560354374,0.4992863260062803,1.0293505762184272,11.661208905998814,2382,0.5151133501259446,-0.011591099927265733,0.48488664987405544,11,1.9777397260273972,1.2174643157010916,0.12594458438287154,0.4948006932409012,1.0204461050214948,10.123240075142629,1900,0.5210526315789473,-0.010510526524954414,0.4789473684210526,10,1.948608137044968,1.1052631578947367,0.05263157894736842,0.4868131868131868,1.016423137302258,9.653850500252277,2942,0.5108769544527533,-0.011437797497307004,0.4891230455472468,9,2.044034090909091,1.563562202583277,0.0,0.5107713690062543,1.0442594632497568,10.536168036390444
GRID long,EOD,25.0,2.0,6172,0.48088139987038236,-0.011535969111134569,0.5191186001296176,14,2.1517797179314977,1.814646791963707,0.12961762799740764,0.5352684144818977,1.0311100668483997,12.575875682580799,2319,0.5097024579560155,-0.010957309311611223,0.49029754204398446,11,2.005291005291005,1.29366106080207,0.129366106080207,0.5017605633802817,1.0233797242558254,10.236218914995543,1648,0.49150485436893204,-0.01635922379262753,0.508495145631068,10,2.110831234256927,1.7597087378640777,0.06067961165048543,0.5262529832935561,1.0349223346870886,10.255934411676979,2205,0.44263038548752837,-0.008539682653079729,0.5573696145124717,14,2.340952380952381,2.4036281179138324,0.18140589569160998,0.5723577235772358,1.0268907896564727,12.263596364704657
GRID long,EOD,25.0,3.0,5960,0.47818791946308725,-0.011392617549548279,0.5218120805369127,15,2.1507607192254494,1.8456375838926176,0.2181208053691275,0.535048231511254,1.0253657427032392,12.617539739616102,2313,0.5097276264591439,-0.011180285484474464,0.490272373540856,11,2.007079646017699,1.297016861219196,0.12970168612191957,0.502206531332745,1.024341893273932,10.2318804463371,1603,0.4878353087960075,-0.013992514614333882,0.5121646912039926,15,2.1324675324675324,1.8091079226450406,0.12476606363069245,0.5310596833130329,1.0368924145563845,10.318946201038546,2044,0.4349315068493151,-0.009593933142334995,0.565068493150685,14,2.3286290322580645,2.495107632093933,0.3913894324853229,0.5700692041522492,1.0088497431057983,12.40677950789826
GRID long,EOD,25.0,5.0,5857,0.47857264811336864,-0.012115417687455042,0.5214273518866314,15,2.156779661016949,1.8610210005122074,0.20488304592794948,0.5363457760314342,1.0286107433582548,12.5771460681809,2313,0.5097276264591439,-0.01102464340340468,0.490272373540856,11,2.007079646017699,1.297016861219196,0.12970168612191957,0.502206531332745,1.024341893273932,10.2318804463371,1581,0.48893105629348516,-0.013712840842142863,0.5110689437065149,15,2.1375661375661377,1.7077798861480076,0.1265022137887413,0.5321782178217822,1.0413041613567298,10.267181622805579,1963,0.4335201222618441,-0.012114110968881434,0.5664798777381559,14,2.350951374207188,2.6490066225165565,0.3565970453387672,0.5741239892183289,1.0134940565068162,12.386565778238927
GRID long,EOD,25.0,8.0,5839,0.47919164240452133,-0.009952046976342041,0.5208083575954787,15,2.1552090715804395,1.8667580065079636,0.1883884226751156,0.5360078921407432,1.0291845058236762,12.550598844879644,2313,0.5097276264591439,-0.01102464340340468,0.490272373540856,11,2.007079646017699,1.297016861219196,0.12970168612191957,0.502206531332745,1.024341893273932,10.2318804463371,1576,0.48984771573604063,-0.012252538877723386,0.5101522842639594,15,2.1382978723404253,1.7131979695431472,0.12690355329949238,0.5323383084577115,1.0434890225489468,10.236538864689381,1950,0.43435897435897436,-0.006820513246914988,0.5656410256410257,14,2.3468085106382977,2.666666666666667,0.3076923076923077,0.5733695652173914,1.0136633292601207,12.34478202308072
GRID long,EOD,25.0,10.0,5839,0.47919164240452133,-0.00929268751331193,0.5208083575954787,15,2.1552090715804395,1.8667580065079636,0.1883884226751156,0.5360078921407432,1.0291845058236762,12.550598844879644,2313,0.5097276264591439,-0.01102464340340468,0.490272373540856,11,2.007079646017699,1.297016861219196,0.12970168612191957,0.502206531332745,1.024341893273932,10.2318804463371,1576,0.48984771573604063,-0.012252538877723386,0.5101522842639594,15,2.1382978723404253,1.7131979695431472,0.12690355329949238,0.5323383084577115,1.0434890225489468,10.236538864689381,1950,0.43435897435897436,-0.0048461543214624,0.5656410256410257,14,2.3468085106382977,2.666666666666667,0.3076923076923077,0.5733695652173914,1.0136633292601207,12.34478202308072
GRID long,EOD,25.0,12.0,5837,0.479184512592085,-0.01048826492894099,0.5208154874079151,15,2.1560283687943262,1.8673976357718007,0.18845297241733766,0.5361842105263158,1.0295089594875346,12.550324759939807,2313,0.5097276264591439,-0.01102464340340468,0.490272373540856,11,2.007079646017699,1.297016861219196,0.12970168612191957,0.502206531332745,1.024341893273932,10.2318804463371,1576,0.48984771573604063,-0.012252538877723386,0.5101522842639594,15,2.1382978723404253,1.7131979695431472,0.12690355329949238,0.5323383084577115,1.0434890225489468,10.236538864689381,1948,0.4342915811088296,-0.008424025116453635,0.5657084188911704,14,2.349680170575693,2.6694045174537986,0.3080082135523614,0.5738893925657298,1.0144614670762628,12.345394588664302
GRID long,EOD,25.0,15.0,5837,0.479184512592085,-0.009974302276893708,0.5208154874079151,15,2.1560283687943262,1.8673976357718007,0.18845297241733766,0.5361842105263158,1.0295089594875346,12.550324759939807,2313,0.5097276264591439,-0.01102464340340468,0.490272373540856,11,2.007079646017699,1.297016861219196,0.12970168612191957,0.502206531332745,1.024341893273932,10.2318804463371,1576,0.48984771573604063,-0.012252538877723386,0.5101522842639594,15,2.1382978723404253,1.7131979695431472,0.12690355329949238,0.5323383084577115,1.0434890225489468,10.236538864689381,1948,0.4342915811088296,-0.006883984048691816,0.5657084188911704,14,2.349680170575693,2.6694045174537986,0.3080082135523614,0.5738893925657298,1.0144614670762628,12.345394588664302
GRID long,EOD,25.0,20.0,5836,0.47909527073337904,-0.01046093253853001,0.520904729266621,15,2.1560283687943262,1.8677176148046606,0.18848526387936942,0.5361842105263158,1.029332583102493,12.553204902682854,2313,0.5097276264591439,-0.01102464340340468,0.490272373540856,11,2.007079646017699,1.297016861219196,0.12970168612191957,0.502206531332745,1.024341893273932,10.2318804463371,1576,0.48984771573604063,-0.012252538877723386,0.5101522842639594,15,2.1382978723404253,1.7131979695431472,0.12690355329949238,0.5323383084577115,1.0434890225489468,10.236538864689381,1947,0.4340010272213662,-0.008341037920639059,0.5659989727786338,14,2.349680170575693,2.670775552131484,0.30816640986132515,0.5738893925657298,1.0139406963026099,12.354905231116291
GRID long,EOD,30.0,1.0,6487,0.5215045475566518,-0.012847489763576383,0.47849545244334823,11,1.963314358001265,1.3873901649452751,0.04624633883150917,0.49081533999355464,1.0257471361269939,11.307918806626033,2313,0.5261565067012538,-0.009028678220868341,0.4738434932987462,10,1.9194395796847636,1.1673151750972763,0.08646779074794639,0.4794520547945205,1.0118363163683632,9.78460081878738,1707,0.5219683655536028,-0.021060340057820072,0.4780316344463972,9,1.9757869249394673,1.5817223198594026,0.0,0.49387254901960786,1.0331377955594003,9.484772279852116,2467,0.5168220510741791,-0.010745169393091074,0.48317794892582083,11,1.996649916247906,1.4592622618565059,0.040535062829347386,0.49916107382550334,1.0330791687311383,10.124439557085909
GRID long,EOD,30.0,2.0,5757,0.4988709397255515,-0.011281917884974879,0.5011290602744485,12,2.0460992907801416,1.65016501650165,0.08685079034219212,0.511265164644714,1.0202265347866963,11.860786929955708,2281,0.5217010083296799,-0.009378196446660906,0.47829899167032003,10,1.9309734513274337,1.2275317843051292,0.08768084173608066,0.48256880733944957,1.0089270848224423,9.884689927489276,1548,0.5025839793281653,-0.019374462452930775,0.4974160206718346,9,2.047872340425532,1.8733850129198968,0.0,0.5116883116883116,1.0286928655759824,9.858915778251747,1928,0.46887966804979253,-0.007036653159664161,0.5311203319502075,12,2.183368869936034,1.970954356846473,0.15560165975103735,0.5414634146341464,1.0194740853658537,11.169434746615087
GRID long,EOD,30.0,3.0,5612,0.49750534568781185,-0.012505939823124753,0.5024946543121882,12,2.0644216691068813,1.7462580185317176,0.10691375623663579,0.5156028368794326,1.0260862129671546,11.868615362754163,2278,0.5215100965759438,-0.009445419739402664,0.4784899034240562,10,1.9326241134751774,1.273046532045654,0.08779631255487269,0.4830119375573921,1.0094506364731552,9.888030099020462,1513,0.5036351619299405,-0.017415730898128753,0.4963648380700595,9,2.0575342465753423,1.8506278916060808,0.0,0.5139813581890812,1.0354910718243406,9.797962316707052,1821,0.4623833058758924,-0.012255171483882697,0.5376166941241076,12,2.240274599542334,2.2515101592531575,0.21965952773201539,0.5530612244897959,1.0287277730295386,11.283546262638957
GRID long,EOD,30.0,5.0,5571,0.49847424160832887,-0.00971549130171023,0.5015257583916711,12,2.0635155096011815,1.759109675103213,0.08975049362771495,0.5153901216893343,1.0276443693383255,11.826217452059076,2278,0.5215100965759438,-0.009342990701111267,0.4784899034240562,10,1.9326241134751774,1.273046532045654,0.08779631255487269,0.4830119375573921,1.0094506364731552,9.888030099020462,1503,0.5049900199600799,-0.014570859047823742,0.49500998003992014,9,2.0552486187845305,1.8629407850964737,0.0,0.5134408602150538,1.037233350676379,9.752323580893785,1790,0.46368715083798884,-0.0061126637295082714,0.5363128491620112,12,2.2429906542056073,2.2905027932960893,0.16759776536312848,0.5535900104058272,1.032214706902532,11.214582767425108
GRID long,EOD,30.0,8.0,5559,0.4990106134196798,-0.008351322660132481,0.5009893865803202,12,2.061435973353072,1.7629069976614498,0.08994423457456377,0.5149012567324955,1.0277687921637138,11.805570465981342,2278,0.5215100965759438,-0.009342990701111267,0.4784899034240562,10,1.9326241134751774,1.273046532045654,0.08779631255487269,0.4830119375573921,1.0094506364731552,9.888030099020462,1500,0.5053333333333333,-0.013794445390502357,0.49466666666666664,9,2.0554016620498614,1.866666666666667,0.0,0.5134770889487871,1.0380264601390574,9.740345051610309,1781,0.4649073554183043,-0.0024985972851174205,0.5350926445816957,12,2.2370892018779345,2.3020774845592364,0.16844469399213924,0.5524109014675053,1.0323649690594197,11.168053260802152
GRID long,EOD,30.0,10.0,5557,0.4990102573330934,-0.009248095975228205,0.5009897426669067,12,2.062222222222222,1.7635414792154038,0.10797192729890229,0.5150862068965517,1.0281372312227506,11.805061460889558,2278,0.5215100965759438,-0.009342990701111267,0.4784899034240562,10,1.9326241134751774,1.273046532045654,0.08779631255487269,0.4830119375573921,1.0094506364731552,9.888030099020462,1500,0.5053333333333333,-0.013794445390502357,0.49466666666666664,9,2.0554016620498614,1.866666666666667,0.0,0.5134770889487871,1.0380264601390574,9.740345051610309,1779,0.46486790331646993,-0.00529323689233327,0.5351320966835301,12,2.24,2.304665542439573,0.22484541877459246,0.55299055613851,1.0333720581621946,11.167496337593354
GRID long,EOD,30.0,12.0,5557,0.4990102573330934,-0.008888189550898531,0.5009897426669067,12,2.062222222222222,1.7635414792154038,0.10797192729890229,0.5150862068965517,1.0281372312227506,11.805061460889558,2278,0.5215100965759438,-0.009342990701111267,0.4784899034240562,10,1.9326241134751774,1.273046532045654,0.08779631255487269,0.4830119375573921,1.0094506364731552,9.888030099020462,1500,0.5053333333333333,-0.013794445390502357,0.49466666666666664,9,2.0554016620498614,1.866666666666667,0.0,0.5134770889487871,1.0380264601390574,9.740345051610309,1779,0.46486790331646993,-0.004169009798460289,0.5351320966835301,12,2.24,2.304665542439573,0.22484541877459246,0.55299055613851,1.0333720581621946,11.167496337593354
GRID long,EOD,30.0,15.0,5558,0.49892047499100395,-0.008955559970852085,0.501079525008996,12,2.061435973353072,1.7632241813602016,0.10795250089960418,0.5149012567324955,1.0275839084090523,11.808252520530708,2278,0.5215100965759438,-0.009342990701111267,0.4784899034240562,10,1.9326241134751774,1.273046532045654,0.08779631255487269,0.4830119375573921,1.0094506364731552,9.888030099020462,1500,0.5053333333333333,-0.013794445390502357,0.49466666666666664,9,2.0554016620498614,1.866666666666667,0.0,0.5134770889487871,1.0380264601390574,9.740345051610309,1780,0.4646067415730337,-0.00438202326691776,0.5353932584269663,12,2.2370892018779345,2.303370786516854,0.22471910112359553,0.5524109014675053,1.0317853143884148,11.176608289406182
GRID long,EOD,30.0,20.0,5556,0.49892008639308855,-0.009176266510467983,0.5010799136069114,12,2.062222222222222,1.7638588912886968,0.10799136069114472,0.5150862068965517,1.027952214625446,11.807744350864958,2278,0.5215100965759438,-0.009342990701111267,0.4784899034240562,10,1.9326241134751774,1.273046532045654,0.08779631255487269,0.4830119375573921,1.0094506364731552,9.888030099020462,1500,0.5053333333333333,-0.013794445390502357,0.49466666666666664,9,2.0554016620498614,1.866666666666667,0.0,0.5134770889487871,1.0380264601390574,9.740345051610309,1778,0.4645669291338583,-0.00506655558452073,0.5354330708661418,12,2.24,2.305961754780652,0.22497187851518563,0.55299055613851,1.032791185729276,11.17606133973337
GRID long,EOD,40.0,1.0,5678,0.5230715040507221,-0.011164802876074053,0.47692849594927794,10,1.9301496792587314,1.3913349771046144,0.05283550545966889,0.48190546528803546,1.0104354622989162,11.07975155083917,2255,0.5259423503325943,-0.006435698885965656,0.47405764966740577,10,1.8920353982300886,1.197339246119734,0.08869179600886917,0.47191011235955055,0.9954698815442343,9.756258601761958,1510,0.5304635761589404,-0.020480132147064924,0.4695364238410596,8,1.8806366047745358,1.3245033112582782,0.0,0.4682651622002821,0.9972925175210521,9.107103979907382,1913,0.5138525875588081,-0.009386435023742718,0.48614741244119186,10,2.017353579175705,1.67276529012023,0.052273915316257184,0.5037593984962406,1.0362276659390413,9.854076436794049
GRID long,EOD,40.0,2.0,5287,0.514658596557594,-0.01208270317564016,0.4853414034424059,10,1.9647779479326186,1.4942311329676565,0.05674295441649329,0.49103663289166016,1.0117344809424034,11.238723079820442,2247,0.5255896751223854,-0.005599132719360955,0.4744103248776146,10,1.896797153024911,1.2016021361815754,0.08900756564307966,0.4732394366197183,0.9975319081468171,9.760821593540015,1422,0.5225035161744023,-0.01959388159449873,0.47749648382559773,8,1.9455587392550144,1.4767932489451476,0.0,0.48600883652430044,1.0178270479198164,9.223905300031412,1618,0.4925834363411619,-0.014485476416453489,0.507416563658838,10,2.078481012658228,1.9159456118665017,0.061804697156983925,0.5182481751824818,1.0213465864132225,10.198420904649803
GRID long,EOD,40.0,3.0,5224,0.5155053598774885,-0.011122942483231481,0.4844946401225115,10,1.9604957397366383,1.4739663093415007,0.05742725880551302,0.4899249308573686,1.0112081544049363,11.19616206005582,2247,0.5255896751223854,-0.005880062859032396,0.4744103248776146,10,1.896797153024911,1.2016021361815754,0.08900756564307966,0.4732394366197183,0.9975319081468171,9.760821593540015,1411,0.5237420269312544,-0.015388022444436891,0.47625797306874557,8,1.9310344827586208,1.48830616583983,0.0,0.48214285714285715,1.012356505102041,9.182583465374803,1566,0.49361430395913153,-0.014802842030044304,0.5063856960408685,10,2.0813648293963256,1.8518518518518516,0.06385696040868455,0.5188916876574308,1.024696573608495,10.121512768481466
GRID long,EOD,40.0,5.0,5212,0.5155410590943975,-0.009912222195081352,0.48445894090560243,10,1.961926961926962,1.4965464313123562,0.05755947812739831,0.4902970297029703,1.0120507401235173,11.191895145983699,2247,0.5255896751223854,-0.005880062859032396,0.4744103248776146,10,1.896797153024911,1.2016021361815754,0.08900756564307966,0.4732394366197183,0.9975319081468171,9.760821593540015,1406,0.5241820768136558,-0.015576102522003994,0.47581792318634425,8,1.9335260115606936,1.5647226173541962,0.0,0.4828101644245142,1.0146952035588443,9.166883581758478,1559,0.4932649134060295,-0.01061577978869482,0.5067350865939705,10,2.0844327176781,1.860166773572803,0.06414368184733803,0.5195954487989887,1.025378866680536,10.124657833146452
GRID long,EOD,40.0,8.0,5209,0.5156459973123441,-0.010027116891923428,0.484354002687656,10,1.9618973561430793,1.497408331733538,0.05759262814359763,0.4902893380895759,1.0122541268761795,11.187887807580738,2247,0.5255896751223854,-0.005880062859032396,0.4744103248776146,10,1.896797153024911,1.2016021361815754,0.08900756564307966,0.4732394366197183,0.9975319081468171,9.760821593540015,1406,0.5241820768136558,-0.015576102522003994,0.47581792318634425,8,1.9335260115606936,1.5647226173541962,0.0,0.4828101644245142,1.0146952035588443,9.166883581758478,1556,0.493573264781491,-0.011001767673419248,0.506426735218509,10,2.0846560846560847,1.8637532133676094,0.06426735218508997,0.5196451204055766,1.0261012783643113,10.113240062133036
GRID long,EOD,40.0,10.0,5209,0.5156459973123441,-0.009643166037632775,0.484354002687656,10,1.9618973561430793,1.497408331733538,0.05759262814359763,0.4902893380895759,1.0122541268761795,11.187887807580738,2247,0.5255896751223854,-0.005880062859032396,0.4744103248776146,10,1.896797153024911,1.2016021361815754,0.08900756564307966,0.4732394366197183,0.9975319081468171,9.760821593540015,1406,0.5241820768136558,-0.015576102522003994,0.47581792318634425,8,1.9335260115606936,1.5647226173541962,0.0,0.4828101644245142,1.0146952035588443,9.166883581758478,1556,0.493573264781491,-0.00971642062971747,0.506426735218509,10,2.0846560846560847,1.8637532133676094,0.06426735218508997,0.5196451204055766,1.0261012783643113,10.113240062133036
GRID long,EOD,40.0,12.0,5208,0.5155529953917051,-0.010200653204690692,0.48444700460829493,10,1.9618973561430793,1.497695852534562,0.0576036866359447,0.4902893380895759,1.0120597989577929,11.19047027002643,2247,0.5255896751223854,-0.005880062859032396,0.4744103248776146,10,1.896797153024911,1.2016021361815754,0.08900756564307966,0.4732394366197183,0.9975319081468171,9.760821593540015,1406,0.5241820768136558,-0.015576102522003994,0.47581792318634425,8,1.9335260115606936,1.5647226173541962,0.0,0.4828101644245142,1.0146952035588443,9.166883581758478,1555,0.4932475884244373,-0.011583601607614364,0.5067524115755627,10,2.0846560846560847,1.864951768488746,0.06430868167202572,0.5196451204055766,1.025441830241969,10.121361061807113
GRID long,EOD,40.0,15.0,5208,0.5155529953917051,-0.010066244639163592,0.48444700460829493,10,1.9618973561430793,1.497695852534562,0.0576036866359447,0.4902893380895759,1.0120597989577929,11.19047027002643,2247,0.5255896751223854,-0.005880062859032396,0.4744103248776146,10,1.896797153024911,1.2016021361815754,0.08900756564307966,0.4732394366197183,0.9975319081468171,9.760821593540015,1406,0.5241820768136558,-0.015576102522003994,0.47581792318634425,8,1.9335260115606936,1.5647226173541962,0.0,0.4828101644245142,1.0146952035588443,9.166883581758478,1555,0.4932475884244373,-0.011133440958569269,0.5067524115755627,10,2.0846560846560847,1.864951768488746,0.06430868167202572,0.5196451204055766,1.025441830241969,10.121361061807113
GRID long,EOD,40.0,20.0,5208,0.5155529953917051,-0.010066244639163592,0.48444700460829493,10,1.9618973561430793,1.497695852534562,0.0576036866359447,0.4902893380895759,1.0120597989577929,11.19047027002643,2247,0.5255896751223854,-0.005880062859032396,0.4744103248776146,10,1.896797153024911,1.2016021361815754,0.08900756564307966,0.4732394366197183,0.9975319081468171,9.760821593540015,1406,0.5241820768136558,-0.015576102522003994,0.47581792318634425,8,1.9335260115606936,1.5647226173541962,0.0,0.4828101644245142,1.0146952035588443,9.166883581758478,1555,0.4932475884244373,-0.011133440958569269,0.5067524115755627,10,2.0846560846560847,1.864951768488746,0.06430868167202572,0.5196451204055766,1.025441830241969,10.121361061807113
GRID long,EOD,50.0,1.0,5266,0.5195594379035321,-0.006562856144281967,0.4804405620964679,11,1.9342507645259939,1.2533232054690469,0.0759589821496392,0.48300395256916995,1.0053354996953554,11.083700853583528,2244,0.5164884135472371,-0.004797237100803258,0.48351158645276293,11,1.9375,1.2032085561497325,0.1336898395721925,0.4843173431734317,1.001666468277586,10.003265311173124,1407,0.5280739161336176,-0.01071428593197809,0.47192608386638235,10,1.9246376811594204,1.3503909026297085,0.07107320540156362,0.48042168674698793,1.0180019777906808,9.071955059643273,1615,0.5164086687306502,-0.00539938086395828,0.48359133126934983,9,1.9379652605459057,1.238390092879257,0.0,0.4833759590792839,0.9995546400935256,9.552693391968567
GRID long,EOD,50.0,2.0,5056,0.5152294303797469,-0.008539359370486515,0.48477056962025317,11,1.952988047808765,1.3251582278481011,0.07911392405063292,0.4879640962872297,1.0065877073962601,11.159475712837382,2241,0.5167336010709505,-0.004812583706238828,0.48326639892904955,11,1.9408602150537635,1.2048192771084338,0.13386880856760375,0.4852125693160813,1.0040271171166557,9.99475207604624,1363,0.5223771093176816,-0.011573734831335449,0.4776228906823184,10,1.9375,1.3939838591342628,0.07336757153338225,0.4838709677419355,1.0130816114166792,9.16971332622808,1452,0.506198347107438,-0.011442837683463306,0.493801652892562,9,1.9861495844875345,1.4462809917355373,0.0,0.4958217270194986,1.0040908614118715,9.671277343779414
GRID long,EOD,50.0,3.0,5041,0.5151755604046816,-0.0073417973822766215,0.4848244395953184,11,1.9520766773162939,1.3291013687760365,0.0793493354493156,0.4877250409165303,1.005982786931354,11.157016822500545,2241,0.5167336010709505,-0.004812583706238828,0.48326639892904955,11,1.9408602150537635,1.2048192771084338,0.13386880856760375,0.4852125693160813,1.0040271171166557,9.99475207604624,1357,0.5232129697862933,-0.009561533121860031,0.4767870302137067,10,1.9313432835820896,1.4738393515106853,0.07369196757553427,0.482225656877898,1.0114068259401972,9.143048592994525,1443,0.5051975051975052,-0.009182259232161882,0.49480249480249483,9,1.988857938718663,1.386001386001386,0.0,0.4965034965034965,1.0034377387318563,9.688897684183448
GRID long,EOD,50.0,5.0,5032,0.5155007949125596,-0.006540143286153701,0.4844992050874404,11,1.9519615692554044,1.3314785373608904,0.0794912559618442,0.48769483182936835,1.0065957316510998,11.144626742902764,2241,0.5167336010709505,-0.004812583706238828,0.48326639892904955,11,1.9408602150537635,1.2048192771084338,0.13386880856760375,0.4852125693160813,1.0040271171166557,9.99475207604624,1355,0.5232472324723247,-0.009273063070604558,0.47675276752767526,10,1.9341317365269461,1.4760147601476015,0.07380073800738007,0.48297213622291024,1.0130452702508412,9.140210371016511,1436,0.5062674094707521,-0.0066573819425993,0.4937325905292479,9,1.9859943977591037,1.392757660167131,0.0,0.49577464788732395,1.004135958203381,9.653754900701605
GRID long,EOD,50.0,8.0,5030,0.515506958250497,-0.006819085682414836,0.484493041749503,11,1.952724358974359,1.3320079522862822,0.07952286282306163,0.487894952810833,1.0070215891007346,11.143890234912105,2241,0.5167336010709505,-0.004812583706238828,0.48326639892904955,11,1.9408602150537635,1.2048192771084338,0.13386880856760375,0.4852125693160813,1.0040271171166557,9.99475207604624,1355,0.5232472324723247,-0.009273063070604558,0.47675276752767526,10,1.9341317365269461,1.4760147601476015,0.07380073800738007,0.48297213622291024,1.0130452702508412,9.140210371016511,1434,0.5062761506276151,-0.007635983567778241,0.49372384937238495,9,1.9887640449438202,1.394700139470014,0.0,0.49647390691114246,1.0055700317946021,9.651549920242571
GRID long,EOD,50.0,10.0,5029,0.5154106184132035,-0.0072012330353673935,0.4845893815867966,11,1.952724358974359,1.332272817657586,0.0795386756810499,0.487894952810833,1.0068213860015096,11.146553471544578,2241,0.5167336010709505,-0.004812583706238828,0.48326639892904955,11,1.9408602150537635,1.2048192771084338,0.13386880856760375,0.4852125693160813,1.0040271171166557,9.99475207604624,1355,0.5232472324723247,-0.009273063070604558,0.47675276752767526,10,1.9341317365269461,1.4760147601476015,0.07380073800738007,0.48297213622291024,1.0130452702508412,9.140210371016511,1433,0.5059316120027914,-0.008977669496517982,0.49406838799720865,9,1.9887640449438202,1.3956734124214933,0.0,0.49647390691114246,1.0048687974628068,9.659638765148037
GRID long,EOD,50.0,12.0,5029,0.5154106184132035,-0.007169417595436575,0.4845893815867966,11,1.952724358974359,1.332272817657586,0.0795386756810499,0.487894952810833,1.0068213860015096,11.146553471544578,2241,0.5167336010709505,-0.004812583706238828,0.48326639892904955,11,1.9408602150537635,1.2048192771084338,0.13386880856760375,0.4852125693160813,1.0040271171166557,9.99475207604624,1355,0.5232472324723247,-0.009273063070604558,0.47675276752767526,10,1.9341317365269461,1.4760147601476015,0.07380073800738007,0.48297213622291024,1.0130452702508412,9.140210371016511,1433,0.5059316120027914,-0.008866015730005696,0.49406838799720865,9,1.9887640449438202,1.3956734124214933,0.0,0.49647390691114246,1.0048687974628068,9.659638765148037
GRID long,EOD,50.0,15.0,5029,0.5154106184132035,-0.007169417595436575,0.4845893815867966,11,1.952724358974359,1.332272817657586,0.0795386756810499,0.487894952810833,1.0068213860015096,11.146553471544578,2241,0.5167336010709505,-0.004812583706238828,0.48326639892904955,11,1.9408602150537635,1.2048192771084338,0.13386880856760375,0.4852125693160813,1.0040271171166557,9.99475207604624,1355,0.5232472324723247,-0.009273063070604558,0.47675276752767526,10,1.9341317365269461,1.4760147601476015,0.07380073800738007,0.48297213622291024,1.0130452702508412,9.140210371016511,1433,0.5059316120027914,-0.008866015730005696,0.49406838799720865,9,1.9887640449438202,1.3956734124214933,0.0,0.49647390691114246,1.0048687974628068,9.659638765148037
GRID long,EOD,50.0,20.0,5029,0.5154106184132035,-0.007169417595436575,0.4845893815867966,11,1.952724358974359,1.332272817657586,0.0795386756810499,0.487894952810833,1.0068213860015096,11.146553471544578,2241,0.5167336010709505,-0.004812583706238828,0.48326639892904955,11,1.9408602150537635,1.2048192771084338,0.13386880856760375,0.4852125693160813,1.0040271171166557,9.99475207604624,1355,0.5232472324723247,-0.009273063070604558,0.47675276752767526,10,1.9341317365269461,1.4760147601476015,0.07380073800738007,0.48297213622291024,1.0130452702508412,9.140210371016511,1433,0.5059316120027914,-0.008866015730005696,0.49406838799720865,9,1.9887640449438202,1.3956734124214933,0.0,0.49647390691114246,1.0048687974628068,9.659638765148037
GRID long,5D,5.0,1.0,27445,0.5019129167425761,-0.09394971761914979,0.49808708325742396,12,2.015926854446247,1.5558389506285297,0.0655857168883221,0.5039871241495354,1.0118454003133868,14.002289219002087,8163,0.5045938993017273,-0.08526889623640219,0.4954061006982727,10,2.0,1.6170525542080119,0.049001592551757935,0.5,1.009272997032641,12.172055073111064,7670,0.5001303780964798,-0.09906127772051439,0.4998696219035202,11,2.013655462184874,1.4341590612777053,0.05215123859191656,0.5033907146583203,1.0070440222820336,12.233319789186451,11612,0.501205649328281,-0.09667585256330614,0.4987943506717189,12,2.028721541155867,1.5931794695142956,0.08611780916293489,0.5071662925228804,1.0167843557969072,12.79322711023755
GRID long,5D,5.0,2.0,20621,0.33145822220066923,-0.10483972649348931,0.6685417777993308,26,3.0731163620151585,4.466320740992193,0.649822995974977,0.6746463547334058,1.009131182428374,22.86238041463105,5368,0.33066318926974664,-0.10402384499663653,0.6693368107302533,18,3.105445116681072,4.48956780923994,0.6520119225037257,0.6779849707765099,1.0129204907120248,19.573225958461865,5628,0.3303127221037669,-0.10973702916067814,0.6696872778962332,17,3.1046128500823724,4.513148542999289,0.7107320540156361,0.6780785562632696,1.0125301445077424,19.714756667050843,9625,0.3325714285714286,-0.10243116882754917,0.6674285714285715,26,3.037352245862884,4.425974025974027,0.612987012987013,0.6707658779576587,1.0050002452276565,20.889880376492876
GRID long,5D,5.0,3.0,17118,0.24845192195349924,-0.10884741208795577,0.7515480780465008,28,4.080241040279099,6.017058067531254,1.5422362425517,0.7549164399533619,1.004481898105064,30.774339687330208,4203,0.24863192957411373,-0.10849393291199243,0.7513680704258863,24,4.07483870967742,5.924339757316202,1.522721865334285,0.7545915136162128,1.0042900987108747,25.83800336209437,4640,0.24935344827586206,-0.10675646554486976,0.750646551724138,21,4.102473498233215,5.883620689655173,1.5948275862068966,0.756244616709733,1.0074576576322598,26.10475473916383,8275,0.2478549848942598,-0.11019939576618001,0.7521450151057402,28,4.070634401569653,6.138972809667674,1.5226586102719033,0.7543380462724936,1.0029157025875457,28.301018472993583
GRID long,5D,5.0,5.0,13444,0.16974114846771793,-0.103696816386756,0.8302588515322821,51,6.017250673854448,6.4415352573638796,2.7521570961023505,0.8338111449561011,1.0042785372504768,44.17319487266228,3186,0.17357187696170748,-0.12186126790343255,0.8264281230382925,38,5.786813186813187,6.497175141242938,2.5109855618330195,0.8271933156095709,1.000925903354384,35.65439428546306,3578,0.16992733370598098,-0.09622694239887047,0.830072666294019,51,6.012195121951219,6.176634991615428,2.9346003353828953,0.8342876389356686,1.0050778357278862,37.017711747068915,6680,0.16781437125748502,-0.09903443114677725,0.832185628742515,36,6.13546255506608,6.55688622754491,2.769461077844311,0.8366906474820144,1.005413478175905,40.867374521884926
GRID long,5D,5.0,8.0,10785,0.12461752433936023,-0.06782568377799474,0.8753824756606398,57,8.340106007067138,6.12888270746407,3.4492350486787204,0.8800974473043109,1.0053861846390206,57.959312293980176,2439,0.14596145961459614,-0.07800328007464544,0.8540385403854038,53,7.182758620689655,6.232062320623206,3.198031980319803,0.8607777244359097,1.007890960105225,40.39348069840739,2867,0.11893965817928148,-0.08993721641249108,0.8810603418207186,57,8.79020979020979,5.755144750610394,3.5926055109870942,0.8867326732673267,1.0064380737361147,50.113005146795736,5479,0.11808724219748129,-0.05172476729126547,0.8819127578025187,55,8.712230215827338,6.278517977733163,3.486037598101843,0.8849575832816057,1.0034525245860757,55.59920527041178
GRID long,5D,5.0,10.0,9771,0.10766554088629618,-0.06988537517268543,0.8923344591137038,81,9.591859185918592,5.536792549380821,3.3875754784566574,0.8957449248767061,1.0038219590515307,65.65193064348978,2270,0.1343612334801762,-0.1318502206289811,0.8656387665198237,76,7.955465587044534,5.859030837004405,3.039647577092511,0.8743002544529263,1.0100058919125408,43.14555498971748,2545,0.10216110019646366,-0.08577603150912519,0.8978388998035364,58,10.0,5.304518664047151,3.575638506876228,0.9001751313485113,1.0026020609549064,56.45636758012226,4956,0.09826472962066182,-0.03334342207296227,0.9017352703793382,81,10.308755760368664,5.508474576271186,3.450363196125908,0.9029082774049217,1.001300833031728,64.90832709840993
GRID long,5D,5.0,12.0,9094,0.09643721134814164,-0.08737629200779061,0.9035627886518584,81,10.797634691195794,5.311194193974049,3.375852210248516,0.9073871242545941,1.0042325067507947,72.01484522509736,2188,0.13071297989031078,-0.12097806138867111,0.8692870201096892,76,8.163090128755364,5.804387568555758,2.8793418647166362,0.8774973711882229,1.0094449254257791,43.996761547781524,2414,0.09237779618889809,-0.09353769735155798,0.9076222038111019,67,11.21025641025641,4.929577464788732,3.5625517812758902,0.910958904109589,1.0036763096853254,61.240979703186966,4492,0.0819234194122885,-0.06769812996295992,0.9180765805877115,81,12.3993993993994,5.276046304541407,3.517364203027604,0.9192727272727272,1.0013028833436204,75.37391748000508
GRID long,5D,5.0,15.0,8391,0.09104993445358121,-0.05651293036471249,0.9089500655464188,87,11.626524390243903,4.826599928494816,3.205815754975569,0.9139897731742493,1.0055445373941427,75.08538460331276,2117,0.13273500236183278,-0.09775625694759102,0.8672649976381672,76,8.088105726872246,5.526688710439301,2.7869626830420406,0.8763616557734205,1.0104889026537751,43.145278559284435,2259,0.08764940239043825,-0.03769367037884034,0.9123505976095617,68,11.913294797687861,4.7366091190792385,3.4528552456839305,0.9160601649684619,1.0040659450091,63.44208228407521,4015,0.07098381070983811,-0.04535491938886669,0.9290161892901619,87,14.5703125,4.508094645080947,3.287671232876712,0.9313672922252011,1.0025307448483063,84.10904747561013
GRID long,5D,5.0,20.0,7640,0.08416230366492147,-0.04915575946618873,0.9158376963350785,83,12.791590493601463,4.541884816753926,3.06282722513089,0.921823638702301,1.0065360296820896,79.6143741484469,2060,0.13398058252427184,-0.09002427076829911,0.8660194174757282,76,8.0,5.582524271844661,2.766990291262136,0.875,1.0103699551569507,42.58438823183586,1999,0.08204102051025512,-0.021735869281703304,0.9179589794897449,72,13.107142857142858,4.452226113056528,3.2016008004002,0.9237057220708447,1.0062603479125987,65.81887526006305,3581,0.05668807595643675,-0.04095224849057742,0.9433119240435632,83,18.358695652173914,3.9932979614632784,3.1555431443730804,0.9455298993487271,1.002351263933627,100.43523528906437
GRID long,5D,8.0,1.0,18676,0.5028378667808953,-0.05138781055900621,0.4960376954379953,11,2.0369393139841687,1.70272006853716,0.04283572499464553,0.5091223145849076,1.026378275819056,13.373761497141711,4578,0.4938837920489297,-0.0568889252948886,0.5021843599825251,11,2.071171171171171,1.747487986020096,0.021843599825251202,0.5171813832100913,1.029863580833318,11.56277159557944,5095,0.5071638861629048,-0.046632728164867514,0.49244357212953876,11,2.029935275080906,1.6290480863591756,0.058881256133464184,0.5075757575757576,1.0307287703660761,11.407623511179832,9003,0.5049427968454959,-0.05128151727202044,0.49494612906808844,10,2.0236148955495006,1.721648339442408,0.04442963456625569,0.505834829443447,1.0219997687341458,12.295878953485847
GRID long,5D,8.0,2.0,13012,0.3366123578235475,-0.05050626344912389,0.6620043037196434,22,3.0309641097818436,4.5957577620657855,0.5610205963725792,0.6700719758532622,1.0121867366847745,21.236896662349903,2880,0.33194444444444443,-0.05475260416666667,0.6628472222222223,13,3.025356576862124,4.340277777777778,0.5555555555555556,0.6694604504976427,1.0099770023222687,17.630670171178117,3469,0.3421735370423753,-0.038069328336696455,0.657249927933122,16,2.96875,4.237532430095128,0.5188815220524646,0.6631578947368421,1.0089889196675899,17.746922771329388,6663,0.33573465405973285,-0.05514595527540147,0.6641152633948672,22,3.0665280665280665,4.8926909800390215,0.585321927059883,0.6738983050847458,1.0147309393852342,19.755428536761897
GRID long,5D,8.0,3.0,10479,0.25603588128638227,-0.047792012596621816,0.7425326844164519,22,3.99435318275154,5.878423513694055,1.4600629831090752,0.7496465749903611,1.0095805756745913,27.97765087785653,2261,0.2556390977443609,-0.0676968155683326,0.7386112339672711,20,3.9018691588785046,5.263157894736842,1.680672268907563,0.7437125748502994,1.0069066657104953,22.468295242418215,2785,0.2621184919210054,-0.023406642728904848,0.7375224416517056,22,3.8681732580037664,5.780969479353681,1.18491921005386,0.7414800389483934,1.005366070336551,23.055286816623482,5433,0.2530830112276827,-0.05200855880728879,0.7467329284005154,22,4.102123356926188,6.184428492545555,1.5092950487759986,0.7562238106975597,1.0127098751589454,26.22212951359772
GRID long,5D,8.0,5.0,7992,0.1843093093093093,-0.024950731981981982,0.8143143143143143,34,5.59106529209622,6.656656656656656,2.5525525525525525,0.8211432083589428,1.0083860665649464,37.86103628158932,1673,0.21338912133891214,-0.019164674237895994,0.7812313209802749,31,4.840740740740741,5.857740585774058,2.2713687985654514,0.7934200459066565,1.0156019409348405,25.74647067079463,2073,0.18330921369995176,-0.01959720212252774,0.8162083936324168,34,5.735593220338983,6.608779546550893,2.5084418716835506,0.8261383796570076,1.0121659935159437,31.60469016711303,4246,0.17333961375412152,-0.029844265190767782,0.8264248704663213,30,5.858096828046745,6.994818652849741,2.6848798869524257,0.8290598290598291,1.0031883824987273,37.16025958557657
GRID long,5D,8.0,8.0,6366,0.1423185673892554,-0.029693881558278352,0.8561105874960729,68,7.364864864864865,6.079170593779453,3.1416902293433866,0.8642201834862385,1.0094726033162191,47.11470228374853,1481,0.19783929777177583,-0.046315833896016206,0.7954085077650236,47,5.18942731277533,5.671843349088454,2.5658338960162053,0.8073005093378608,1.0149508101268012,26.983389776440998,1640,0.1378048780487805,-0.027572408536585366,0.8621951219512195,43,7.594594594594595,6.097560975609756,3.2926829268292686,0.8690728945506015,1.007977048842282,39.95043751084435,3245,0.11926040061633282,-0.023179892141756548,0.8807395993836672,68,8.740853658536585,6.2557781201849005,3.3281972265023114,0.8852745715285064,1.0051490498985316,50.964338698117295
GRID long,5D,8.0,10.0,5861,0.13308309162259,-0.014241383722914178,0.8648694761986009,68,7.995268138801261,5.801057839959052,3.2076437468008874,0.8749260209114224,1.0116278178263656,49.45128343969017,1431,0.20055904961565338,-0.03670946890286513,0.7924528301886793,47,5.25,5.590496156533892,2.515723270440252,0.8095238095238095,1.0215419501133787,26.45757142090683,1548,0.13049095607235142,0.013747577519379845,0.8688630490956072,43,8.152439024390244,5.8785529715762275,3.4237726098191215,0.8779761904761905,1.0104885820499203,41.40379133085494,2882,0.10097154753643303,-0.018118927827897292,0.8986814712005552,68,10.228346456692913,5.863983344899375,3.435114503816794,0.9019683519876496,1.0036574480418556,58.04302694434958
GRID long,5D,8.0,12.0,5499,0.1287506819421713,0.007830969267139479,0.8688852518639752,68,8.195540308747855,5.473722494999091,3.0732860520094563,0.8779824194223524,1.0104699297621424,50.42944922784568,1424,0.199438202247191,-0.033290905898876406,0.7935393258426966,47,5.136363636363637,5.547752808988764,2.528089887640449,0.8053097345132744,1.0148327981830998,26.573386984502168,1431,0.129979035639413,0.060556429070580016,0.8686233403214535,51,8.151315789473685,5.380852550663871,3.0747728860936405,0.8776167471819646,1.0103536325160027,40.77667693271492,2644,0.09001512859304085,0.0014419440242057489,0.909606656580938,68,11.417061611374407,5.484114977307111,3.3661119515885027,0.9123025768911056,1.0029638308940054,63.39561629065678
GRID long,5D,8.0,15.0,5093,0.12487728254466915,-0.002233457687021402,0.872962890241508,67,8.55,5.360298448851364,2.984488513646181,0.8830409356725146,1.0115446435852715,51.38746108482455,1387,0.20187454938716654,-0.035237923576063444,0.7909156452775775,47,5.055299539170507,5.62364816149964,2.3792357606344625,0.8021877848678214,1.014252012408084,26.1327398374662,1311,0.12814645308924486,0.05158276125095347,0.8710907704042715,48,8.360294117647058,5.491990846681922,2.822273073989321,0.880806310254163,1.0111533036280278,40.85306281791277,2395,0.07849686847599165,-0.012578288100208768,0.9215031315240083,67,13.245508982035927,5.135699373695198,3.4237995824634653,0.9243659420289855,1.0031066747437336,70.61566619873584
GRID long,5D,8.0,20.0,4733,0.12507923093175577,0.01417573420663427,0.872596661736742,69,8.622129436325679,5.197549123177689,2.8945700401436723,0.8840193704600484,1.0130904795126898,50.71090964419173,1379,0.20232052211747642,-0.03272298767222625,0.7904278462654097,36,5.046296296296297,5.583756345177665,2.4655547498187094,0.8018348623853211,1.0144314451645484,26.048187458592963,1256,0.1265923566878981,0.062276074840764334,0.8726114649681529,48,8.736,5.493630573248407,2.7070063694267517,0.8858447488584474,1.0151651501516514,40.98078239335773,2098,0.07340324118207817,0.016205910390848427,0.9265967588179218,69,14.115942028985508,4.7664442326024785,3.28884652049571,0.9290488431876607,1.0026463338517038,73.1409753894864
GRID long,5D,10.0,1.0,14911,0.508014217691637,-0.03073905170410272,0.49198578230836293,12,2.0254003313086693,1.5290724968144325,0.02682583327744618,0.5062704471101418,1.0290347105860584,12.90721192474836,3345,0.5058295964125561,-0.02874439459277133,0.49417040358744396,9,2.0508684863523574,1.8236173393124067,0.0,0.5124016938898972,1.036892719940536,10.864948343642164,3989,0.5134118826773627,-0.021596891467645905,0.48658811732263724,11,2.0176715176715176,1.328653797944347,0.0250689395838556,0.5046391752577319,1.0370972025260654,10.886081689965717,7577,0.5061369935330606,-0.036432625047187035,0.4938630064669394,12,2.0183387270765913,1.5045532532664643,0.039593506664906956,0.5044082286935613,1.0213525250697792,12.01475665153243
GRID long,5D,10.0,2.0,10066,0.339856944168488,-0.0378501887745103,0.660143055831512,17,3.0040687160940327,4.410888138287304,0.46691833896284524,0.6671181339352897,1.010566009961268,20.48462587351789,2087,0.34211787254432197,-0.05009583142930841,0.657882127455678,13,2.9275053304904053,4.408241494968855,0.33540967896502155,0.6584122359796067,1.0008057804001742,16.570884520889678,2671,0.34631224260576565,-0.017147135910430485,0.6536877573942343,17,2.9643463497453313,4.2306252339947585,0.44926993635342566,0.6626575028636884,1.0137217583899838,16.92307658159455,5308,0.3357196684250188,-0.043453278069786196,0.6642803315749811,17,3.0554592720970537,4.502637528259231,0.5275056518462697,0.6727169597277368,1.0127004033564455,19.21072303342358
GRID long,5D,10.0,3.0,7994,0.26682511883912935,-0.016481110714851033,0.7331748811608707,18,3.830718954248366,5.904428321240931,1.2509382036527394,0.7389523972018427,1.0078801336344532,26.056875845718924,1630,0.2901840490797546,-0.015122698914782825,0.7098159509202454,13,3.53822629969419,5.398773006134969,1.165644171779141,0.7173725151253241,1.010645807825651,19.153694839571454,2111,0.26527711984841307,-0.01193747031217812,0.7347228801515869,18,3.7921760391198043,5.873993368072004,1.0895310279488395,0.7367741935483871,1.0027919552421956,21.900228919255973,4253,0.25864095932283093,-0.019256995060992765,0.7413590406771691,17,3.9710327455919394,6.113331765812368,1.3637432400658358,0.7479391249207356,1.0088757051341226,24.829165932051033
GRID long,5D,10.0,5.0,6112,0.19829842931937172,-0.0021269633837579503,0.8017015706806283,30,5.2462526766595285,6.544502617801047,2.486910994764398,0.8093877551020409,1.009587338608913,34.23562223132582,1327,0.2509419743782969,-0.035418237189913354,0.7490580256217031,23,4.194092827004219,5.802562170308968,1.7332328560663148,0.761569416498994,1.016702832690307,21.599288424983552,1540,0.2012987012987013,0.037905844472736136,0.7987012987012987,29,5.247863247863248,6.688311688311687,2.207792207792208,0.8096013018714402,1.013647158440665,27.590143428139797,3245,0.175346687211094,-0.007511556221426287,0.824653312788906,30,5.784017278617711,6.779661016949152,2.9275808936825887,0.827045199850579,1.0029004759025146,35.399170977245504
GRID long,5D,10.0,8.0,4977,0.16475788627687363,0.007172995987702384,0.8352421137231264,43,6.5879556259904914,6.228651798272051,3.0339561985131605,0.8482078421938898,1.0155233174402187,39.97301579975852,1214,0.2487644151565074,-0.03436985166107935,0.7512355848434926,35,4.427184466019417,5.683690280065898,2.059308072487644,0.7741228070175439,1.030466104955371,21.481944311377546,1305,0.16245210727969348,0.05975095868053606,0.8375478927203065,33,6.5602409638554215,6.590038314176246,2.9118773946360155,0.847985347985348,1.0124619205131558,32.97186556628931,2458,0.12449145646867373,-0.00022375920697890092,0.8755085435313262,43,8.324324324324325,6.305939788445891,3.580146460537022,0.8797027403622851,1.0047905835550637,46.892009189016065
GRID long,5D,10.0,10.0,4598,0.15832970856894302,0.023086123924869993,0.841670291431057,48,6.985559566787003,5.828621139625924,2.849064810787299,0.8568475452196382,1.0180323030800766,41.08281111789775,1204,0.24750830564784054,-0.024626246802630244,0.7524916943521595,35,4.398058252427185,5.730897009966777,1.910299003322259,0.7726269315673289,1.026758085659011,21.564200692086054,1181,0.16172734970364097,0.0870660454747695,0.838272650296359,31,6.73469387755102,6.096528365791702,2.6248941574936495,0.8515151515151516,1.0157973676155494,32.544677360097964,2213,0.10799819249887031,0.014900587099512195,0.8920018075011297,48,9.82089552238806,5.738816086760054,3.4794396746497966,0.898176291793313,1.0069220535656545,52.468904535168086
GRID long,5D,10.0,12.0,4310,0.15498839907192574,0.014280741500589547,0.8450116009280743,48,7.211881188118812,5.823665893271461,2.877030162412993,0.8613399231191653,1.0193231929279523,41.55036322789751,1181,0.2506350550381033,-0.03149873135858787,0.7493649449618967,35,4.338235294117647,5.6731583403895005,1.7781541066892466,0.7694915254237288,1.026858182514603,21.22244639419533,1097,0.16134913400182316,0.09391522262663153,0.8386508659981768,30,6.902255639097745,6.381039197812215,2.8258887876025525,0.8552774755168662,1.019825424610872,32.19677139426041,2032,0.09596456692913385,-0.0021038393796161733,0.9040354330708661,48,10.946428571428571,5.610236220472441,3.543307086614173,0.9085963003264418,1.0050450093975667,57.487804109182186
GRID long,5D,10.0,15.0,4042,0.15561603166749133,0.038464868254038144,0.8443839683325086,57,7.2309322033898304,5.640771895101435,2.8451261751608117,0.8617052446527981,1.020513506852215,41.00999935766417,1172,0.25170648464163825,-0.02813566733443882,0.7482935153583617,29,4.320197044334975,5.631399317406143,1.7918088737201365,0.7685290763968073,1.027042277693339,21.10358613843434,1062,0.16101694915254236,0.13003766443194542,0.8389830508474576,38,7.0,6.214689265536723,2.7306967984934087,0.8573033707865169,1.0218363409374644,32.07409453742807,1808,0.09015486725663717,0.027848451311981992,0.9098451327433629,57,11.598591549295774,5.3097345132743365,3.5951327433628317,0.913730255164034,1.004270091997917,59.52220063676048
GRID long,5D,10.0,20.0,3800,0.16026315789473683,0.05343420986233181,0.8397368421052631,57,7.013186813186813,5.631578947368421,2.526315789473684,0.8574114697586963,1.0210478173246775,39.51345127605383,1172,0.25170648464163825,-0.023869455730343565,0.7482935153583617,29,4.320197044334975,5.631399317406143,1.7918088737201365,0.7685290763968073,1.027042277693339,21.10358613843434,1022,0.16144814090019569,0.145156555786845,0.8385518590998043,52,7.024590163934426,6.262230919765166,2.73972602739726,0.8576429404900817,1.022766727165535,31.776138809372416,1606,0.09277708592777086,0.051478829127442643,0.9072229140722291,57,11.207692307692307,5.230386052303861,2.926525529265255,0.9107755662319835,1.0039159638768467,56.820665562987216
GRID long,5D,12.0,1.0,12242,0.5050645319392256,-0.02833483091023766,0.4949354680607744,11,2.0435075885328837,1.560202581277569,0.024505799705930403,0.5106453210100677,1.0317412146897587,12.73246094638302,2613,0.5047837734404899,-0.0216944125412146,0.49521622655951014,8,2.015576323987539,1.6456180635285114,0.0,0.5038639876352395,1.0174625963608044,10.544766950699254,3251,0.5075361427253153,-0.02587024506502832,0.4924638572746847,11,2.055198973042362,1.3841894801599508,0.030759766225776686,0.5134291068082448,1.0425721587967545,10.773958654705167,6378,0.5039197240514268,-0.032311591929522335,0.49608027594857323,11,2.0492227979274613,1.6149263091878332,0.03135779241141424,0.5120101137800253,1.0321114114061318,11.842732265178654
GRID long,5D,12.0,2.0,8160,0.34558823529411764,-0.018275122543312445,0.6544117647058824,17,2.9799107142857144,4.424019607843137,0.5637254901960784,0.6644194756554307,1.0152926819004333,19.59745292314908,1660,0.35903614457831323,-0.017243975984776505,0.6409638554216868,13,2.891304347826087,4.216867469879518,0.48192771084337355,0.6541353383458647,1.0205494940358415,15.16483660478915,2157,0.3481687528975429,-0.006123473879863846,0.6518312471024571,15,2.9352818371607516,4.49698655540102,0.3708854891052387,0.6593172119487909,1.011484513636943,16.320367822344725,4343,0.33916647478701356,-0.024704505332685135,0.6608335252129864,17,3.037037037037037,4.466958323739351,0.690766751093714,0.6707317073170732,1.014978329225801,18.50348401458197
GRID long,5D,12.0,3.0,6431,0.2716529311149121,-0.012653552994899805,0.7283470688850878,28,3.8806959403479704,5.753382055667859,1.3683719483750583,0.7423142613151152,1.0191765615963932,24.87357615860939,1297,0.315343099460293,0.0031322286004964095,0.6846569005397071,17,3.4285714285714284,5.397070161912105,0.9252120277563608,0.7083333333333334,1.0345814564564564,16.897739603043018,1654,0.27448609431680776,0.012860237885039812,0.7255139056831923,28,3.8095238095238093,5.501813784764209,1.3301088270858523,0.7381150959132611,1.017368640533778,20.365746372971447,3480,0.2540229885057471,-0.030663314157158218,0.7459770114942529,20,4.101105845181674,6.005747126436781,1.5517241379310345,0.7558721601848286,1.0132646831445313,24.61992298392456
GRID long,5D,12.0,5.0,4945,0.2076845298281092,-0.012601112080647292,0.7923154701718907,34,5.141732283464567,6.228513650151668,2.1840242669362993,0.8055130168453293,1.0166569342266853,31.766914581270143,1115,0.28340807174887894,-0.0276905811749541,0.7165919282511211,34,3.897560975609756,5.201793721973094,1.2556053811659191,0.7434292866082604,1.0374513824383107,18.50364949365689,1234,0.21150729335494328,0.03309022088604058,0.7884927066450568,34,5.110526315789474,6.239870340356564,2.188006482982172,0.8045267489711934,1.0203350547075565,25.345497437014515,2596,0.17334360554699538,-0.02783930423809763,0.8266563944530047,28,5.852861035422343,6.664098613251156,2.5808936825885977,0.8290638099673964,1.0029122323743527,34.62414061019985
GRID long,5D,12.0,8.0,4071,0.18472119872267256,0.02119155850941353,0.8152788012773274,44,6.056569343065694,5.944485384426431,2.628346843527389,0.8348900271166014,1.0240546250050269,34.75489779252788,1055,0.2843601895734597,-0.011769350437449597,0.7156398104265402,34,3.813131313131313,5.402843601895735,1.4218009478672986,0.7377483443708609,1.0308933818692163,18.27283295819251,1032,0.1928294573643411,0.09154957946924072,0.8071705426356589,34,5.866197183098592,5.717054263565891,2.5193798449612403,0.82953181272509,1.0277032781900275,26.904054230821984,1984,0.1275201612903226,0.0021211357817914034,0.8724798387096774,44,8.322115384615385,6.350806451612903,3.326612903225806,0.879838243789717,1.0084338969837081,44.29387655067481
GRID long,5D,12.0,10.0,3794,0.17843964153927253,0.012964549568352126,0.8215603584607275,44,6.309716599190283,5.851344227727991,2.5566684238270954,0.8415142765479627,1.024287829715422,35.597053875676714,1032,0.2877906976744186,-0.011082846817538083,0.7122093023255814,34,3.769230769230769,5.329457364341085,1.2596899224806202,0.7346938775510204,1.031570179092045,17.977424863824936,966,0.1873706004140787,0.09271480208436268,0.8126293995859213,34,6.069767441860465,5.693581780538302,2.587991718426501,0.8354591836734694,1.0280937215650592,27.33735198650417,1796,0.11080178173719377,-0.016112193672309812,0.8891982182628062,44,9.405882352941177,6.23608017817372,3.285077951002227,0.8936170212765957,1.0049694240530782,49.48935405491848
GRID long,5D,12.0,12.0,3599,0.1783828841344818,0.022378901449944637,0.8216171158655182,49,6.414316702819956,5.58488469019172,2.5006946373992776,0.8440987487318228,1.0273626637422488,35.339576821986185,1032,0.2868217054263566,-0.008155682696346539,0.7131782945736435,34,3.7938144329896906,5.329457364341085,1.2596899224806202,0.7364130434782609,1.03257915879017,18.04176820655697,932,0.18776824034334763,0.11900929721386684,0.8122317596566524,36,6.19672131147541,5.472103004291846,2.467811158798283,0.8386243386243386,1.0324939017145094,27.1097422116132,1635,0.10458715596330276,-0.013430173787366106,0.8954128440366973,49,10.10344827586207,5.81039755351682,3.302752293577982,0.9010238907849829,1.0062664354053599,51.268293912078335
GRID long,5D,12.0,15.0,3387,0.18511957484499558,0.059855083583277194,0.8148804251550045,49,6.106194690265487,5.491585473870682,2.421021552996752,0.836231884057971,1.0262019533711404,33.782707440361655,1025,0.288780487804878,-0.0060162581679049825,0.7112195121951219,27,3.7577319587628866,5.365853658536586,1.2682926829268293,0.7338820301783264,1.0318643085497732,17.892120641852003,892,0.18946188340807174,0.14125560534288278,0.8105381165919282,36,6.11864406779661,5.381165919282512,2.57847533632287,0.8365650969529086,1.0321107420221225,26.669297613099943,1470,0.11020408163265306,0.05639172296109331,0.889795918367347,49,9.35,5.646258503401361,3.1292517006802725,0.893048128342246,1.0036550066231664,48.01527595922366
GRID long,5D,12.0,20.0,3248,0.18688423645320196,0.028960130288883244,0.813115763546798,60,6.043478260869565,5.295566502463054,2.185960591133005,0.8345323741007195,1.0263389439905857,33.26676519161883,1017,0.29006882989183874,-0.007968696698750895,0.7099311701081613,27,3.7409326424870466,5.3097345132743365,1.27826941986234,0.7326869806094183,1.0320535447088341,17.784904722805386,879,0.18771331058020477,0.11134812229686875,0.8122866894197952,60,6.137931034482759,5.005688282138794,2.2753128555176336,0.8373071528751753,1.0308025033295225,26.83570259677267,1352,0.10872781065088757,0.0031743108150703823,0.8912721893491125,49,9.4296875,5.473372781065089,2.8106508875739644,0.8938640132669984,1.0029080049269559,47.86985988735473
GRID long,5D,15.0,1.0,9431,0.5053546813699502,-0.018439189918650775,0.49464531863004985,10,2.040682414698163,1.622309405153218,0.010603329445445871,0.5100771869639794,1.0311978457143172,12.351653449055148,1892,0.5026427061310782,-0.013143058511977645,0.4973572938689218,8,2.0590809628008753,1.9027484143763214,0.0,0.5143464399574921,1.0341588357062432,10.14464191796121,2507,0.5105704028719585,-0.0118401808509919,0.48942959712804146,8,2.0081833060556464,1.2764260071798963,0.0,0.5020374898125509,1.0257603805705502,10.32107318528639,5032,0.5037758346581876,-0.023718203502524418,0.4962241653418124,10,2.0500821018062396,1.6891891891891893,0.01987281399046105,0.5124198717948718,1.0326378834088086,11.509160220977542
GRID long,5D,15.0,2.0,6216,0.35263835263835264,-0.0047216859885267455,0.6473616473616474,15,2.9201741654571842,4.198841698841699,0.4343629343629344,0.6577181208053692,1.0159979719001428,18.51751459082518,1227,0.38386308068459657,-0.0003259982591907566,0.6161369193154034,11,2.6808510638297873,3.830480847595762,0.08149959250203749,0.626984126984127,1.017605190224238,13.400994745588525,1632,0.35723039215686275,0.016891339736962874,0.6427696078431373,15,2.8351351351351353,4.227941176470589,0.49019607843137253,0.6479007633587787,1.0079828844628471,15.214650420080018,3357,0.33899314864462315,-0.01683546818331109,0.6610068513553768,14,3.056473829201102,4.3193327375633,0.5361930294906166,0.6728255971158179,1.0178799141585402,17.892250683679546
GRID long,5D,15.0,3.0,4952,0.2845315024232633,0.003402665321347931,0.7154684975767367,24,3.6525773195876288,5.4321486268174475,1.0096930533117932,0.7264257481648786,1.0153147911127516,22.87939508520231,1020,0.346078431372549,-0.008545752112551883,0.653921568627451,17,3.0318181818181817,4.803921568627452,0.39215686274509803,0.6701649175412294,1.024839903886138,14.669857840542113,1261,0.2854877081681205,0.012291831207273677,0.7145122918318795,24,3.7698744769874475,5.154639175257731,1.26883425852498,0.7355555555555555,1.0294512270316931,18.727149751978782,2671,0.2605765630849869,0.0037688755798374793,0.7394234369150131,21,3.8649706457925634,5.803070011231749,1.1231748408835642,0.7412658227848101,1.0024916519788496,23.09362211799133
GRID long,5D,15.0,5.0,3808,0.23345588235294118,0.015673144226529333,0.7665441176470589,32,4.611374407582939,6.013655462184874,2.0220588235294117,0.7834132967786155,1.0220067948382896,27.210875680928083,925,0.3372972972972973,-0.014666666812724329,0.6627027027027027,26,3.2263157894736842,4.648648648648648,0.8648648648648649,0.6900489396411092,1.0412647131615433,14.86159637729863,989,0.23356926188068755,0.06311088638850387,0.7664307381193124,25,4.660493827160494,6.167846309403438,1.7189079878665317,0.7859973579920739,1.0255295343722444,22.12921057002922,1894,0.18268215417106654,0.005719816989525679,0.8173178458289335,32,5.519572953736655,6.599788806758183,2.7455121436114043,0.8191214470284238,1.0022067317001515,31.343192940998208
GRID long,5D,15.0,8.0,3192,0.21804511278195488,0.027882205049407385,0.7819548872180451,37,5.1570247933884295,5.827067669172932,2.318295739348371,0.8060897435897436,1.030864768244576,28.458371049283784,892,0.3374439461883408,-0.014181614712420446,0.6625560538116592,26,3.1774193548387095,4.708520179372197,0.7847533632286996,0.6852791878172588,1.034296168414543,14.76614479894879,835,0.2251497005988024,0.08578842233740057,0.7748502994011977,25,5.119047619047619,6.107784431137724,2.3952095808383236,0.804953560371517,1.0388504218086811,22.2909604827455,1465,0.14129692832764504,0.020489191938196635,0.8587030716723549,37,7.325581395348837,6.348122866894198,3.2081911262798632,0.8633836378077839,1.0054507387825147,38.29628395199885
GRID long,5D,15.0,10.0,2995,0.21836393989983305,0.044835837487843144,0.781636060100167,37,5.21380846325167,5.609348914858097,2.2036727879799667,0.8082016232379325,1.0339871258426347,28.15779416596278,886,0.33860045146726864,-0.012001504924111749,0.6613995485327314,21,3.1675675675675676,4.740406320541761,0.7900677200902935,0.6843003412969283,1.0346247481042294,14.693579121434132,793,0.2257250945775536,0.11757040606117185,0.7742749054224464,34,5.194915254237288,6.0529634300126105,2.269861286254729,0.8075040783034257,1.0429165050400921,22.033026848798425,1316,0.13297872340425532,0.03927305063247953,0.8670212765957447,37,7.821917808219178,5.927051671732523,3.115501519756839,0.87215411558669,1.0059200842349554,39.74048685438802
GRID long,5D,15.0,12.0,2862,0.2236198462613557,0.05762287390195193,0.7763801537386443,41,5.073059360730594,5.345911949685535,2.131376659678547,0.8028802880288028,1.0341329362459197,27.30840358555599,886,0.33860045146726864,-0.009744168580996838,0.6613995485327314,21,3.1675675675675676,4.740406320541761,0.7900677200902935,0.6843003412969283,1.0346247481042294,14.693579121434132,770,0.22597402597402597,0.12482683776567399,0.7740259740259741,34,5.173913043478261,5.584415584415584,2.207792207792208,0.8067226890756303,1.042242400315831,21.89413901228607,1206,0.13764510779436154,0.0642067441049583,0.8623548922056384,41,7.543478260869565,5.638474295190713,3.067993366500829,0.8674351585014409,1.0058911549545555,37.91751520572073
GRID long,5D,15.0,15.0,2747,0.22642883145249362,0.05251183044420846,0.7735711685475064,50,5.04750593824228,5.096468875136512,2.038587550054605,0.8018823529411765,1.036598034602076,26.804687600894916,881,0.33938706015891035,-0.013488460071539716,0.6606129398410897,21,3.1630434782608696,4.6538024971623155,0.9080590238365494,0.6838487972508591,1.0351731793436545,14.641914423341152,754,0.22413793103448276,0.09416445368336018,0.7758620689655172,50,5.214285714285714,5.305039787798409,2.122015915119363,0.8082191780821918,1.0417047184170471,21.98832454701367,1112,0.13848920863309352,0.07655875312591055,0.8615107913669064,39,7.672,5.305755395683454,2.877697841726619,0.8696558915537018,1.0094544377951111,37.161765234436054
GRID long,5D,15.0,20.0,2726,0.2252384446074835,0.04634996292678587,0.7747615553925165,42,5.0647482014388485,5.172413793103448,2.054292002934703,0.8025568181818182,1.0358758931646006,26.918478923033174,881,0.33938706015891035,-0.013488460071539716,0.6606129398410897,21,3.1630434782608696,4.6538024971623155,0.9080590238365494,0.6838487972508591,1.0351731793436545,14.641914423341152,744,0.2271505376344086,0.11908601764038793,0.7728494623655914,42,5.153153153153153,5.510752688172043,2.1505376344086025,0.8066202090592335,1.043696409634904,21.64878215640929,1101,0.13260672116257946,0.04508023173205765,0.8673932788374206,39,7.852459016393443,5.358764759309718,2.9064486830154403,0.8723849372384938,1.0057547810466823,38.58827021964999
GRID long,5D,20.0,1.0,6624,0.5110205314009661,-0.0019304800889135398,0.4889794685990338,9,2.0319949811794227,1.570048309178744,0.0,0.5080296479308215,1.0389590577010688,11.666460824197344,1252,0.5207667731629393,0.016583466342094167,0.4792332268370607,8,2.0134228187919465,1.5974440894568689,0.0,0.5033333333333333,1.0502888888888888,9.09428027792526,1773,0.514946418499718,0.0023970671269143836,0.485053581500282,7,1.9815668202764978,1.1844331641285957,0.0,0.49534883720930234,1.021224986479178,9.719734083677649,3599,0.5056960266740761,-0.010502917472987637,0.49430397332592385,9,2.0638051044083525,1.750486246179494,0.0,0.515748031496063,1.0433823301598262,10.972805522237884
GRID long,5D,20.0,2.0,4325,0.36786127167630056,0.013205202151025748,0.6321387283236994,15,2.8449531737773155,4.23121387283237,0.39306358381502887,0.6487376509330406,1.0262583541643746,16.832127739912114,852,0.43309859154929575,0.012338614615747819,0.5669014084507042,10,2.415,3.051643192488263,0.11737089201877934,0.5859213250517599,1.0335506603397502,10.93118574586524,1109,0.37060414788097384,0.03276600505505037,0.6293958521190262,15,2.8724279835390947,4.2380522993688015,0.5410279531109108,0.6518624641833811,1.0356955197412172,13.745931076248574,2364,0.3430626057529611,0.004341159071285377,0.6569373942470389,14,2.998069498069498,4.653130287648055,0.4230118443316413,0.666881443298969,1.0151369812999116,16.815676274096067
GRID long,5D,20.0,3.0,3439,0.311718522826403,0.01245638242158838,0.688281477173597,20,3.5170876671619613,5.088688572259378,1.1631288165164293,0.7156738487536967,1.0397982111803814,19.723080370139243,774,0.42248062015503873,0.007816536534453201,0.5775193798449613,19,2.6607142857142856,2.9715762273901807,0.516795865633075,0.6241610738255033,1.0807621278320796,11.097461144785456,873,0.3161512027491409,0.05325028616615008,0.6838487972508591,18,3.5476190476190474,5.2691867124856815,0.9163802978235969,0.7181208053691275,1.0501163535799805,15.80868445702213,1792,0.26171875,-0.005412946402273384,0.73828125,20,3.9287833827893177,5.915178571428571,1.5625,0.7454682779456193,1.00973481033904,21.6724722247142
GRID long,5D,20.0,5.0,2768,0.27673410404624277,0.039347000926868554,0.7232658959537572,28,4.085714285714285,5.057803468208093,1.8786127167630058,0.7552447552447552,1.044214526732009,21.7804456434925,745,0.4147651006711409,0.02115771751975876,0.5852348993288591,19,2.7080745341614905,2.8187919463087248,0.6711409395973155,0.6307339449541285,1.0777449288780405,11.279068228764768,729,0.2880658436213992,0.09802811982286508,0.7119341563786008,19,3.9022556390977443,5.075445816186557,1.7832647462277091,0.74373795761079,1.0446723913261386,16.936236767021004,1294,0.19088098918083463,0.016760046107024425,0.8091190108191654,28,5.341836734693878,6.3369397217928904,2.627511591962906,0.8127984718242598,1.0045474904876717,28.23617620029701
GRID long,5D,20.0,8.0,2368,0.2766047297297297,0.06336043084502557,0.7233952702702703,31,4.2611940298507465,4.898648648648648,1.9847972972972971,0.7653239929947461,1.0579610130832215,21.309284097837295,730,0.4178082191780822,0.01282534138746079,0.5821917808219178,17,2.639751552795031,2.8767123287671232,0.684931506849315,0.6211764705882353,1.0669619377162631,11.14146282950598,621,0.286634460547504,0.15772946847395736,0.7133655394524959,27,4.055045871559633,4.99194847020934,1.7713365539452495,0.753393665158371,1.0561116615425472,16.5504535232143,1017,0.16912487708947885,0.04201081721322832,0.8308751229105211,31,6.409090909090909,6.293018682399214,3.048180924287119,0.8439716312056738,1.0157623064333376,30.398236273676336
GRID long,5D,20.0,10.0,2267,0.282311424790472,0.07887626886252541,0.717688575209528,37,4.171794871794872,4.543449492721659,1.9408910454344948,0.7602950215119852,1.0593662039137497,20.71873226574504,730,0.4178082191780822,0.015565067414857966,0.5821917808219178,17,2.639751552795031,2.8767123287671232,0.684931506849315,0.6211764705882353,1.0669619377162631,11.14146282950598,605,0.2859504132231405,0.1553719021364552,0.7140495867768595,37,4.037383177570093,4.462809917355372,1.8181818181818181,0.7523148148148148,1.0535890346364882,16.514378761458936,932,0.17381974248927037,0.07880901449136012,0.8261802575107297,31,6.311475409836065,5.901287553648069,3.004291845493562,0.8415584415584415,1.0186135941980097,29.16758198703293
GRID long,5D,20.0,12.0,2184,0.288003663003663,0.06629464284230116,0.711996336996337,42,4.060052219321149,4.258241758241758,1.9688644688644688,0.7536977491961415,1.0585697004786965,20.170275929608852,723,0.42047026279391425,0.01517980527364636,0.5795297372060858,17,2.61875,2.7662517289073305,0.6915629322268326,0.6181384248210023,1.0666207187245458,11.037645799755607,595,0.28739495798319326,0.14436974984225864,0.7126050420168067,42,3.990566037735849,4.201680672268908,1.8487394957983194,0.7494089834515366,1.0516470404567553,16.378370132122775,866,0.17782909930715934,0.05532621200762187,0.8221709006928406,31,6.094017094017094,5.542725173210162,3.117782909930716,0.8359046283309958,1.0167042249082057,28.17186915746261
GRID long,5D,20.0,15.0,2189,0.28414801279122887,0.06403608939581741,0.7158519872087711,35,4.1128608923884515,4.3855641845591595,1.9186843307446324,0.7568602425015954,1.0572859418225862,20.47074664504412,723,0.42047026279391425,0.01517980527364636,0.5795297372060858,17,2.61875,2.7662517289073305,0.6915629322268326,0.6181384248210023,1.0666207187245458,11.037645799755607,592,0.28716216216216217,0.1422297321760247,0.7128378378378378,35,4.028846153846154,4.5608108108108105,1.8581081081081081,0.7529691211401425,1.0562979140165032,16.37732982175192,874,0.16933638443935928,0.05148741307367965,0.8306636155606407,31,6.230769230769231,5.606407322654462,2.9748283752860414,0.8390646492434664,1.0101136411002611,29.545822413128857
GRID long,5D,20.0,20.0,2170,0.2857142857142857,0.06636520715232751,0.7142857142857143,35,4.078947368421052,4.285714285714286,1.889400921658986,0.7548387096774194,1.0567741935483872,20.324658665455512,723,0.42047026279391425,0.01517980527364636,0.5795297372060858,17,2.61875,2.7662517289073305,0.6915629322268326,0.6181384248210023,1.0666207187245458,11.037645799755607,590,0.288135593220339,0.1546610194037398,0.711864406779661,35,4.009615384615385,4.406779661016949,1.864406779661017,0.7517899761336515,1.0560859188544152,16.30947123073173,857,0.17036172695449242,0.04876020870420419,0.8296382730455076,31,6.155172413793103,5.484247374562427,2.9171528588098017,0.8370786516853933,1.008968220104616,29.274272846659557
GRID long,5D,25.0,1.0,4995,0.5103103103103103,0.003571571636873721,0.4896896896896897,13,2.016488046166529,1.5015015015015014,0.06006006006006006,0.5042944785276073,1.02982457900466,11.29391103653609,947,0.5163674762407603,0.016842661389516865,0.4836325237592397,13,2.0,1.2671594508975714,0.31678986272439286,0.5,1.0338427947598252,8.818947919041289,1327,0.5237377543330821,0.02614167294823662,0.4762622456669179,8,1.9268292682926829,1.1303692539562924,0.0,0.4810126582278481,1.0099743630828393,9.09994621065896,2721,0.5016538037486218,-0.012054391772141087,0.49834619625137816,9,2.067073170731707,1.7640573318632855,0.0,0.5166051660516605,1.0366391274532214,10.69390443399197
GRID long,5D,25.0,2.0,3258,0.3839779005524862,0.026992019621543233,0.6160220994475138,14,2.756868131868132,3.83670963781461,0.3990178023327195,0.6372695565520677,1.0344913877661368,15.411944350536581,699,0.463519313304721,0.03838340503538065,0.5364806866952789,13,2.388535031847134,2.575107296137339,0.5722460658082975,0.5813333333333334,1.0836053333333335,9.709878217043585,825,0.40969696969696967,0.08077575737102391,0.5903030303030303,13,2.627027027027027,3.878787878787879,0.12121212121212122,0.6193415637860082,1.0491925875224986,11.641931326881041,1734,0.33967704728950404,-0.003189158029897522,0.660322952710496,14,2.9689119170984455,4.325259515570934,0.461361014994233,0.6631762652705061,1.0043210864445917,16.259485282160227
GRID long,5D,25.0,3.0,2655,0.3431261770244821,0.04434651584611859,0.6568738229755179,18,3.1941391941391943,4.632768361581921,1.0169491525423728,0.6869266055045872,1.0457512256964903,17.088360400621955,655,0.46106870229007635,0.024366411517822456,0.5389312977099237,14,2.43448275862069,2.595419847328244,0.7633587786259541,0.5892351274787535,1.0933399674180837,9.67140222581504,702,0.36182336182336183,0.10759259230114977,0.6381766381766382,16,3.089655172413793,4.843304843304843,0.4273504273504274,0.6763392857142857,1.059799505739796,13.113866346198707,1298,0.27349768875192604,0.02022342082577942,0.726502311248074,18,3.68359375,5.546995377503852,1.4637904468412943,0.7285259809119831,1.0027854965257201,19.684798062305195
GRID long,5D,25.0,5.0,2178,0.31910009182736454,0.048842974671867524,0.6808999081726355,22,3.7355163727959697,4.820936639118457,1.5610651974288337,0.73229939312205,1.0754875780309001,18.02815882183998,642,0.46417445482866043,0.02753894061488467,0.5358255451713395,14,2.4748201438848922,2.4922118380062304,0.778816199376947,0.5959302325581395,1.1121721200649,9.55581730993407,561,0.34581105169340465,0.14504456274503597,0.6541889483065954,17,3.4761904761904763,4.81283422459893,0.8912655971479502,0.7131147540983607,1.0900745968642516,13.27385036609559,975,0.2082051282051282,0.0075179479595940315,0.7917948717948718,22,5.0588235294117645,6.3589743589743595,2.4615384615384617,0.8020698576972833,1.0129768280503253,24.731665358863744
GRID long,5D,25.0,8.0,1945,0.33213367609254496,0.08109511563855998,0.667866323907455,28,3.679886685552408,4.42159383033419,1.6452442159383032,0.7282525019245574,1.0904165636976628,16.95992445305633,639,0.46635367762128327,0.03215962394104257,0.5336463223787168,13,2.4532374100719423,2.503912363067293,0.7824726134585289,0.592375366568915,1.110052373130606,9.49056357157723,520,0.34423076923076923,0.15540384688987777,0.6557692307692308,28,3.5789473684210527,4.423076923076923,0.9615384615384616,0.7205882352941176,1.098844229774021,13.16189331995021,786,0.21501272264631044,0.07171755704317849,0.7849872773536896,23,5.19327731092437,5.979643765903308,2.7989821882951653,0.8074433656957929,1.0286069456027442,23.07450254394641
GRID long,5D,25.0,10.0,1884,0.3370488322717622,0.07964968112837129,0.6629511677282378,32,3.5787965616045847,4.246284501061571,1.5392781316348196,0.7205764611689351,1.0869223801779613,16.604385164602057,633,0.46919431279620855,0.03187993631720293,0.5308056872037915,13,2.4347826086956523,2.3696682464454977,0.7898894154818324,0.5892857142857143,1.110172193877551,9.401066445620064,512,0.345703125,0.14552734430661074,0.654296875,32,3.5319148936170213,4.1015625,0.9765625,0.718562874251497,1.0982214675127357,13.063012367702532,739,0.2178619756427605,0.07492557411647915,0.7821380243572396,23,4.965811965811966,5.953991880920163,2.571041948579161,0.7979274611398963,1.020187532495473,22.528288490996815
GRID long,5D,25.0,12.0,1885,0.33421750663129973,0.07508222648849179,0.6657824933687002,28,3.63768115942029,4.297082228116711,1.5384615384615385,0.7250996015936255,1.0890938239075572,16.764143671504257,633,0.46919431279620855,0.03187993631720293,0.5308056872037915,13,2.4347826086956523,2.3696682464454977,0.7898894154818324,0.5892857142857143,1.110172193877551,9.401066445620064,511,0.34442270058708413,0.13522504795102094,0.6555772994129159,28,3.608695652173913,4.305283757338552,0.9784735812133072,0.7245508982035929,1.1052104745732416,13.112392982091164,741,0.21187584345479082,0.07051281746160118,0.7881241565452092,23,5.104347826086957,5.937921727395412,2.564102564102564,0.8034188034188035,1.019406392694064,23.160034710504647
GRID long,5D,25.0,15.0,1871,0.3351149118118653,0.07230892460361155,0.6648850881881346,28,3.616279069767442,4.275788348476751,1.4965259219668627,0.7234726688102894,1.0881168515627424,16.695394801569762,633,0.46919431279620855,0.03187993631720293,0.5308056872037915,13,2.4347826086956523,2.3696682464454977,0.7898894154818324,0.5892857142857143,1.110172193877551,9.401066445620064,511,0.34442270058708413,0.14109588943830084,0.6555772994129159,28,3.608695652173913,4.305283757338552,0.9784735812133072,0.7245508982035929,1.1052104745732416,13.112392982091164,727,0.21182943603851445,0.05916093361980265,0.7881705639614855,23,5.052631578947368,5.914718019257221,2.4759284731774414,0.8013937282229965,1.0167770338885138,23.08483724847307
GRID long,5D,25.0,20.0,1868,0.3356531049250535,0.07548715084623628,0.6643468950749465,28,3.6075581395348837,4.229122055674519,1.4989293361884368,0.7228041901692184,1.0879921250895246,16.661345482838506,633,0.46919431279620855,0.03187993631720293,0.5308056872037915,13,2.4347826086956523,2.3696682464454977,0.7898894154818324,0.5892857142857143,1.110172193877551,9.401066445620064,508,0.3464566929133858,0.14425196730025755,0.6535433070866141,28,3.5760869565217392,4.133858267716536,0.984251968503937,0.7220543806646526,1.1048301969206131,13.012945994330464,727,0.21182943603851445,0.06540577538301187,0.7881705639614855,23,5.052631578947368,5.914718019257221,2.4759284731774414,0.8013937282229965,1.0167770338885138,23.08483724847307
GRID long,5D,30.0,1.0,3944,0.5154665314401623,0.009345419218489238,0.48453346855983775,11,1.9823651452282158,1.2423935091277891,0.02535496957403651,0.49581151832460735,1.023276100613423,10.809441058113634,770,0.525974025974026,0.007532467787029395,0.474025974025974,9,1.9109947643979057,1.0389610389610389,0.0,0.4767123287671233,1.0056671045224244,8.316004497552523,1018,0.5284872298624754,0.034070071940979496,0.4715127701375246,7,1.9047619047619047,1.37524557956778,0.0,0.4759916492693111,1.0094989561586638,8.631385377188574,2156,0.5055658627087198,-0.0016813543757933345,0.49443413729128016,11,2.0460652591170825,1.2523191094619666,0.0463821892393321,0.5112570356472795,1.0340245486449668,10.249238588927948
GRID long,5D,30.0,2.0,2617,0.4035154757355751,0.021892115585326437,0.5964845242644249,15,2.7006920415224913,3.1715705005731754,0.4967520061138708,0.6301282051282051,1.0564032753494637,14.091473860557999,609,0.5008210180623974,0.0071428572957840655,0.49917898193760263,13,2.218978102189781,1.8062397372742198,0.16420361247947454,0.5493421052631579,1.1004912569252077,8.563899370583751,663,0.4358974358974359,0.094029662974438,0.5641025641025641,12,2.5972222222222223,3.469079939668175,0.301659125188537,0.6149732620320856,1.0901798736023336,10.405532542742536,1345,0.34349442379182155,-0.006988847701402475,0.6565055762081784,15,2.973063973063973,3.6431226765799254,0.7434944237918215,0.6643990929705216,1.0120235334601944,15.451474803259371
GRID long,5D,30.0,3.0,2171,0.3707968678028558,0.04097190236908191,0.6292031321971442,17,3.02212389380531,4.099493321050208,0.9212344541685858,0.6691068814055637,1.0634195018532056,15.187512528576768,591,0.4906937394247039,0.016990975748791944,0.5093062605752962,13,2.213235294117647,2.3688663282571913,0.1692047377326565,0.5481727574750831,1.076312623480977,8.758970889720999,571,0.4080560420315236,0.1270431988820946,0.5919439579684763,13,2.864406779661017,3.852889667250438,0.3502626970227671,0.650887573964497,1.0995763453660587,10.99673942743716,1009,0.2794846382556987,0.00630987791284897,0.7205153617443013,17,3.6717171717171717,5.2527254707631315,1.6848364717542121,0.7276478679504814,1.0098991729876694,18.47292387779258
GRID long,5D,30.0,5.0,1853,0.36103615758229896,0.06314535000818695,0.638963842417701,21,3.2349726775956285,3.9935240151106313,1.2951969778737182,0.6908783783783784,1.0812480026479183,15.313500488466156,576,0.4982638888888889,0.020703124987711867,0.5017361111111112,11,2.2061068702290076,2.083333333333333,0.1736111111111111,0.5467128027681661,1.0896421259324003,8.542850917573944,471,0.40976645435244163,0.16689667237483655,0.5902335456475584,13,3.010869565217391,4.45859872611465,0.8492569002123143,0.6678700361010831,1.1315352050489573,10.576404741747075,806,0.23449131513647642,0.03284739563734673,0.7655086848635235,21,4.321678321678322,5.086848635235732,2.357320099255583,0.7686084142394822,1.004049241291771,21.27629677556477
GRID long,5D,30.0,8.0,1676,0.3788782816229117,0.07598945877678463,0.6211217183770883,23,3.203076923076923,3.639618138424821,1.3126491646778042,0.6878001921229587,1.1073517022075685,14.26356254296789,572,0.5,0.022115384495333113,0.5,11,2.2,2.097902097902098,0.17482517482517482,0.5454545454545454,1.0909090909090908,8.492594914379499,448,0.41294642857142855,0.16328124871846209,0.5870535714285714,23,3.107142857142857,3.7946428571428568,0.8928571428571428,0.6793893129770993,1.157286738455287,10.384583452544005,656,0.25,0.06335111822056606,0.75,21,4.45045045045045,4.878048780487805,2.591463414634146,0.7748478701825557,1.033130493576741,19.23382067030175
GRID long,5D,30.0,10.0,1669,0.37567405632115036,0.07055622208882116,0.6243259436788496,21,3.2360248447204967,3.7147992810065906,1.318154583582984,0.690978886756238,1.106759848364838,14.397907566002218,572,0.5,0.022115384495333113,0.5,11,2.2,2.097902097902098,0.17482517482517482,0.5454545454545454,1.0909090909090908,8.492594914379499,447,0.4116331096196868,0.15357941762904734,0.5883668903803132,20,3.144578313253012,4.026845637583892,0.8948545861297539,0.683206106870229,1.1611906074942675,10.420222350670329,650,0.24153846153846154,0.056089746238043615,0.7584615384615384,21,4.541284403669724,4.923076923076923,2.6153846153846154,0.7793522267206477,1.0275435037899008,19.876838699007102
GRID long,5D,30.0,12.0,1655,0.3776435045317221,0.06914400957967476,0.622356495468278,21,3.208722741433022,3.625377643504532,1.2688821752265862,0.6883495145631068,1.1060373267980017,14.2919176157139,572,0.5,0.022115384495333113,0.5,11,2.2,2.097902097902098,0.17482517482517482,0.5454545454545454,1.0909090909090908,8.492594914379499,447,0.4116331096196868,0.15805369055969612,0.5883668903803132,20,3.144578313253012,4.026845637583892,0.8948545861297539,0.683206106870229,1.1611906074942675,10.420222350670329,636,0.24371069182389937,0.04895178654535781,0.7562893081761006,21,4.472222222222222,4.716981132075472,2.515723270440252,0.7759336099585062,1.0259745861405614,19.62171658906652
GRID long,5D,30.0,15.0,1657,0.3771876885938443,0.06935727343388888,0.6228123114061557,21,3.2149532710280373,3.621001810500905,1.2673506336753169,0.688953488372093,1.1061976068144943,14.314788689113,572,0.5,0.022115384495333113,0.5,11,2.2,2.097902097902098,0.17482517482517482,0.5454545454545454,1.0909090909090908,8.492594914379499,445,0.4134831460674157,0.16093632901220026,0.5865168539325842,20,3.1204819277108435,3.8202247191011236,0.8988764044943821,0.6807692307692308,1.1606984969053935,10.355765520037512,640,0.2421875,0.047903649590929555,0.7578125,21,4.5092592592592595,4.84375,2.5,0.7777777777777778,1.0263459335624283,19.76770373536457
GRID long,5D,30.0,20.0,1653,0.37749546279491836,0.06857229392464012,0.6225045372050817,21,3.215625,3.6297640653357535,1.2704174228675136,0.6890184645286687,1.1068489036597564,14.295961663665352,572,0.5,0.022115384495333113,0.5,11,2.2,2.097902097902098,0.17482517482517482,0.5454545454545454,1.0909090909090908,8.492594914379499,445,0.4134831460674157,0.16093632901220026,0.5865168539325842,20,3.1204819277108435,3.8202247191011236,0.8988764044943821,0.6807692307692308,1.1606984969053935,10.355765520037512,636,0.24213836477987422,0.0457285149617467,0.7578616352201258,21,4.5233644859813085,4.8742138364779874,2.515723270440252,0.7784679089026915,1.0271900208757505,19.749098316727363
GRID long,5D,40.0,1.0,2811,0.5193881181074351,0.008326662947930606,0.48061188189256493,10,1.969387755102041,1.4229811454998222,0.03557452863749555,0.49222797927461137,1.0241693928504312,10.232145319250826,610,0.5409836065573771,0.016075819234562572,0.45901639344262296,7,1.8300653594771241,0.819672131147541,0.0,0.45357142857142857,0.9881377551020408,7.688703744049011,734,0.5354223433242506,0.02559604874167512,0.4645776566757493,9,1.9157303370786516,1.226158038147139,0.0,0.4780058651026393,1.028904120191605,8.04524227017125,1467,0.5023858214042263,-0.003536128127361886,0.49761417859577367,10,2.056338028169014,1.772324471710975,0.0681663258350375,0.5136986301369864,1.032323137549259,9.787257149130983
GRID long,5D,40.0,2.0,1961,0.4288628250892402,0.01717873501934693,0.5711371749107598,13,2.528216704288939,3.263640999490056,0.1529831718510964,0.6044642857142857,1.058352200255102,12.553836927073124,541,0.5397412199630314,0.02242375172316614,0.4602587800369686,9,1.9606299212598426,1.1090573012939002,0.0,0.4899598393574297,1.0645312172384316,7.559567971323982,515,0.44660194174757284,0.04356796104207792,0.5533980582524272,10,2.5495495495495497,3.8834951456310676,0.1941747572815534,0.6091549295774648,1.1007536446750679,9.666479320712913,905,0.3524861878453039,-0.0009737571778585272,0.6475138121546962,13,2.868292682926829,4.198895027624309,0.22099447513812157,0.6507666098807495,1.0050235186724885,14.093120011160845
GRID long,5D,40.0,3.0,1675,0.41253731343283584,0.03236193987999522,0.5874626865671642,16,2.7409470752089136,3.8208955223880596,0.417910447761194,0.6351626016260162,1.081196501751603,12.87614345971834,533,0.5403377110694184,0.02718104988853794,0.4596622889305816,8,1.991869918699187,1.3133208255159476,0.0,0.49795918367346936,1.0833152852977925,7.5283749066989225,442,0.4321266968325792,0.07589083669445917,0.5678733031674208,10,2.648936170212766,3.8461538461538463,0.4524886877828055,0.624,1.0988366533864542,9.80202686512556,700,0.3028571428571429,0.00882142841350324,0.6971428571428572,16,3.4507042253521125,5.714285714285714,0.7142857142857143,0.7096114519427403,1.017885279426062,15.947791330466876
GRID long,5D,40.0,5.0,1512,0.41865079365079366,0.05497685187889134,0.5813492063492064,17,2.729813664596273,3.571428571428571,0.5952380952380952,0.6336746302616609,1.0900068725320038,12.456532104516317,533,0.5403377110694184,0.02897513974353167,0.4596622889305816,8,1.991869918699187,1.3133208255159476,0.0,0.49795918367346936,1.0833152852977925,7.5283749066989225,408,0.4215686274509804,0.08077512257047668,0.5784313725490197,17,2.5934065934065935,3.9215686274509802,0.7352941176470588,0.614406779661017,1.0621947716173512,9.957297421816431,571,0.30297723292469353,0.060814361731747944,0.6970227670753065,16,3.685185185185185,5.42907180385289,1.0507880910683012,0.7286432160804021,1.0453650160349486,15.37669967266227
GRID long,5D,40.0,8.0,1453,0.4211975223675155,0.044752236058984964,0.5788024776324845,17,2.72168284789644,3.4411562284927735,0.6194081211286993,0.6325802615933412,1.0929121523128713,12.29079916110919,529,0.5425330812854442,0.02875708787013681,0.45746691871455575,8,1.9836065573770492,1.3232514177693762,0.0,0.49586776859504134,1.0839423536643673,7.474779857994517,399,0.42105263157894735,0.06480263198275404,0.5789473684210527,17,2.602272727272727,3.7593984962406015,0.7518796992481203,0.6173913043478261,1.0664031620553358,9.931304784916522,525,0.29904761904761906,0.04563095114149513,0.700952380952381,16,3.7373737373737375,5.333333333333334,1.1428571428571428,0.7317073170731707,1.0438759278897136,15.354778609679688
GRID long,5D,40.0,10.0,1452,0.42079889807162535,0.04733987543443223,0.5792011019283747,17,2.72168284789644,3.3746556473829203,0.6198347107438017,0.6325802615933412,1.0921599760208458,12.303929837296053,529,0.5425330812854442,0.02875708787013681,0.45746691871455575,8,1.9836065573770492,1.3232514177693762,0.0,0.49586776859504134,1.0839423536643673,7.474779857994517,398,0.4221105527638191,0.07253454814351475,0.5778894472361809,17,2.590909090909091,3.7688442211055273,0.7537688442211055,0.6157205240174672,1.065464211125878,9.896513205769818,525,0.29714285714285715,0.046964284735953425,0.7028571428571428,16,3.7474747474747474,5.142857142857142,1.1428571428571428,0.7324324324324324,1.0420786640298836,15.458678891980478
GRID long,5D,40.0,12.0,1450,0.4206896551724138,0.0472370688922311,0.5793103448275863,17,2.7184466019417477,3.379310344827586,0.6206896551724138,0.6321428571428571,1.0911989795918366,12.305352607961336,529,0.5425330812854442,0.02875708787013681,0.45746691871455575,8,1.9836065573770492,1.3232514177693762,0.0,0.49586776859504134,1.0839423536643673,7.474779857994517,397,0.42317380352644834,0.07090680189383812,0.5768261964735516,17,2.5795454545454546,3.7783375314861463,0.7556675062972292,0.6140350877192983,1.0645062437753774,9.861715819354611,524,0.2958015267175573,0.04796040087515295,0.7041984732824428,16,3.7474747474747474,5.152671755725191,1.1450381679389312,0.7324324324324324,1.040093752288874,15.527101815935023
GRID long,5D,40.0,15.0,1446,0.4211618257261411,0.046550829769053524,0.578838174273859,17,2.7175324675324677,3.38865836791148,0.6224066390041494,0.6320191158900836,1.091875318491112,12.283253990509444,529,0.5425330812854442,0.02875708787013681,0.45746691871455575,8,1.9836065573770492,1.3232514177693762,0.0,0.49586776859504134,1.0839423536643673,7.474779857994517,397,0.42317380352644834,0.07090680189383812,0.5768261964735516,17,2.5795454545454546,3.7783375314861463,0.7556675062972292,0.6140350877192983,1.0645062437753774,9.861715819354611,520,0.29615384615384616,0.046057692328647024,0.7038461538461539,16,3.7551020408163267,5.1923076923076925,1.153846153846154,0.7329700272479565,1.0413781807894462,15.485833962333619
GRID long,5D,40.0,20.0,1446,0.4211618257261411,0.046550829769053524,0.578838174273859,17,2.7175324675324677,3.38865836791148,0.6224066390041494,0.6320191158900836,1.091875318491112,12.283253990509444,529,0.5425330812854442,0.02875708787013681,0.45746691871455575,8,1.9836065573770492,1.3232514177693762,0.0,0.49586776859504134,1.0839423536643673,7.474779857994517,397,0.42317380352644834,0.07090680189383812,0.5768261964735516,17,2.5795454545454546,3.7783375314861463,0.7556675062972292,0.6140350877192983,1.0645062437753774,9.861715819354611,520,0.29615384615384616,0.046057692328647024,0.7038461538461539,16,3.7551020408163267,5.1923076923076925,1.153846153846154,0.7329700272479565,1.0413781807894462,15.485833962333619
GRID long,5D,50.0,1.0,2162,0.5226641998149861,0.014468085118186251,0.47733580018501387,12,1.9770114942528736,1.2950971322849214,0.13876040703052728,0.4941860465116279,1.0353006129439337,9.786426437140367,552,0.5289855072463768,0.01778985511437347,0.47101449275362317,12,1.8840579710144927,1.0869565217391304,0.36231884057971014,0.47104247104247104,1.0000594000594,7.806857200019311,555,0.5675675675675675,0.06078378365819762,0.43243243243243246,8,1.8527131782945736,0.9009009009009009,0.0,0.4583333333333333,1.0598958333333333,7.05046193222963,1055,0.4957345971563981,-0.011635071021721198,0.5042654028436019,12,2.0901960784313727,1.6113744075829384,0.09478672985781991,0.5215759849906192,1.0343283160998182,9.485767815329371
GRID long,5D,50.0,2.0,1564,0.460997442455243,0.029424552592923075,0.539002557544757,14,2.361344537815126,2.749360613810742,0.2557544757033248,0.5765124555160143,1.069591317232558,11.081608751295516,510,0.5352941176470588,0.01885294131313779,0.4647058823529412,11,1.9586776859504131,1.3725490196078431,0.39215686274509803,0.48945147679324896,1.053250013352561,7.572900209959935,408,0.5,0.08170343168308107,0.5,9,2.217391304347826,1.9607843137254901,0.0,0.5490196078431373,1.0980392156862746,8.005148919572605,646,0.37770897832817335,0.004752322072653067,0.6222910216718266,14,2.7916666666666665,4.3343653250774,0.30959752321981426,0.6417910447761194,1.0313358580233163,12.305736958002456
GRID long,5D,50.0,3.0,1432,0.454608938547486,0.04556913413297296,0.5453910614525139,14,2.403076923076923,3.0027932960893855,0.34916201117318435,0.5838668373879642,1.0705471333413121,11.13824175681137,508,0.5433070866141733,0.016614173383298167,0.4566929133858268,11,1.949579831932773,1.3779527559055118,0.39370078740157477,0.4870689655172414,1.066513079667063,7.40768448042683,373,0.47989276139410186,0.08800268108170005,0.5201072386058981,9,2.244186046511628,2.949061662198391,0.0,0.5544041450777202,1.065941990278297,8.318123214847196,551,0.35571687840290384,0.043539019884260954,0.6442831215970962,14,2.966666666666667,4.537205081669692,0.5444646098003629,0.6629213483146067,1.0289286279474599,12.819126414909853
GRID long,5D,50.0,5.0,1330,0.46842105263157896,0.04860150468612745,0.531578947368421,16,2.3966101694915256,3.007518796992481,0.4511278195488722,0.5827439886845828,1.0962510678224824,10.5962289415277,504,0.5456349206349206,0.01828373034329482,0.45436507936507936,11,1.9406779661016949,1.3888888888888888,0.3968253968253968,0.4847161572052402,1.0667988787399172,7.351857277412332,356,0.49719101123595505,0.1070786524955392,0.5028089887640449,16,2.2531645569620253,2.528089887640449,0.2808988764044944,0.5561797752808989,1.106145251396648,7.867961893514779,470,0.3638297872340426,0.03681915074705715,0.6361702127659574,15,3.061224489795918,5.106382978723404,0.6382978723404255,0.6733333333333333,1.058416945373467,12.144265110545787
GRID long,5D,50.0,8.0,1317,0.46848899012908124,0.049476082400618855,0.5315110098709187,15,2.3890784982935154,2.885345482156416,0.45558086560364464,0.5814285714285714,1.0939163265306122,10.578673295071379,504,0.5456349206349206,0.01828373034329482,0.45436507936507936,11,1.9406779661016949,1.3888888888888888,0.3968253968253968,0.4847161572052402,1.0667988787399172,7.351857277412332,355,0.49295774647887325,0.10291549273464878,0.5070422535211268,13,2.2658227848101267,2.535211267605634,0.28169014084507044,0.5586592178770949,1.1018001241464928,7.954529181087676,458,0.3646288209606987,0.04237991377247614,0.6353711790393013,15,3.0416666666666665,4.8034934497816595,0.6550218340611353,0.6712328767123288,1.0564421221108131,12.057039099387083
GRID long,5D,50.0,10.0,1317,0.46848899012908124,0.04991647717943887,0.5315110098709187,15,2.3890784982935154,2.885345482156416,0.45558086560364464,0.5814285714285714,1.0939163265306122,10.578673295071379,504,0.5456349206349206,0.01828373034329482,0.45436507936507936,11,1.9406779661016949,1.3888888888888888,0.3968253968253968,0.4847161572052402,1.0667988787399172,7.351857277412332,354,0.4943502824858757,0.10199152503836113,0.5056497175141242,13,2.2531645569620253,2.5423728813559325,0.2824858757062147,0.5561797752808989,1.0999309522314984,7.920431801906641,459,0.3638344226579521,0.044488018493944584,0.6361655773420479,15,3.0520833333333335,4.793028322440087,0.6535947712418301,0.6723549488054608,1.0568867174715977,12.091729039405767
GRID long,5D,50.0,12.0,1314,0.4687975646879756,0.04869482541697802,0.5312024353120244,15,2.3904109589041096,2.89193302891933,0.45662100456621,0.5816618911174785,1.0949910099260267,10.56593915082347,504,0.5456349206349206,0.01828373034329482,0.45436507936507936,11,1.9406779661016949,1.3888888888888888,0.3968253968253968,0.4847161572052402,1.0667988787399172,7.351857277412332,354,0.4943502824858757,0.10199152503836113,0.5056497175141242,13,2.2531645569620253,2.5423728813559325,0.2824858757062147,0.5561797752808989,1.0999309522314984,7.920431801906641,456,0.36403508771929827,0.040932018950237896,0.6359649122807017,15,3.0631578947368423,4.824561403508771,0.6578947368421052,0.6735395189003437,1.0590828297191612,12.069682674321133
GRID long,5D,50.0,15.0,1314,0.4687975646879756,0.04869482541697802,0.5312024353120244,15,2.3904109589041096,2.89193302891933,0.45662100456621,0.5816618911174785,1.0949910099260267,10.56593915082347,504,0.5456349206349206,0.01828373034329482,0.45436507936507936,11,1.9406779661016949,1.3888888888888888,0.3968253968253968,0.4847161572052402,1.0667988787399172,7.351857277412332,354,0.4943502824858757,0.10199152503836113,0.5056497175141242,13,2.2531645569620253,2.5423728813559325,0.2824858757062147,0.5561797752808989,1.0999309522314984,7.920431801906641,456,0.36403508771929827,0.040932018950237896,0.6359649122807017,15,3.0631578947368423,4.824561403508771,0.6578947368421052,0.6735395189003437,1.0590828297191612,12.069682674321133
GRID long,5D,50.0,20.0,1314,0.4687975646879756,0.04869482541697802,0.5312024353120244,15,2.3904109589041096,2.89193302891933,0.45662100456621,0.5816618911174785,1.0949910099260267,10.56593915082347,504,0.5456349206349206,0.01828373034329482,0.45436507936507936,11,1.9406779661016949,1.3888888888888888,0.3968253968253968,0.4847161572052402,1.0667988787399172,7.351857277412332,354,0.4943502824858757,0.10199152503836113,0.5056497175141242,13,2.2531645569620253,2.5423728813559325,0.2824858757062147,0.5561797752808989,1.0999309522314984,7.920431801906641,456,0.36403508771929827,0.040932018950237896,0.6359649122807017,15,3.0631578947368423,4.824561403508771,0.6578947368421052,0.6735395189003437,1.0590828297191612,12.069682674321133
GRID short,EOD,5.0,1.0,27574,0.48850366287082037,-0.11052803365310644,0.5114963371291796,15,2.087625814091178,1.8205555958511639,0.08341190977007326,0.520986954055587,1.0185546136648296,14.543551316611953,8228,0.4793388429752066,-0.11065872627998793,0.5206611570247934,15,2.1468671679197997,1.956733106465727,0.09722897423432182,0.534204996497782,1.0260127710512954,13.070936556589036,7716,0.4941679626749611,-0.10165889063294183,0.5058320373250389,15,2.0434782608695654,1.762571280456195,0.06480041472265423,0.5108890596976685,1.0099974339295952,12.446025535362976,11630,0.49122957867583833,-0.11631986242449577,0.5087704213241616,14,2.0757363253856944,1.76268271711092,0.08598452278589853,0.5180804325785738,1.0182990418943407,13.15532344103713
GRID short,EOD,5.0,2.0,21593,0.33839670263511323,-0.1304589451018918,0.6616032973648868,20,3.0120177103099306,4.260640022229426,0.5603667855323484,0.6679966400671986,1.0096634081598082,22.43400356945456,5833,0.3619063946511229,-0.12007543292302036,0.638093605348877,18,2.8296577946768062,3.9259386250642896,0.39430824618549626,0.6466003762429454,1.0133315407375338,17.823306123953564,5917,0.33733310799391586,-0.13146864980767825,0.6626668920060842,20,3.009984639016897,4.275815447017069,0.4901132330572926,0.6679418515684774,1.0079601978400103,19.369845481853357,9843,0.325104134918216,-0.13600528298630996,0.674895865081784,20,3.126058325493885,4.449862846693081,0.7010057909174032,0.6800120409391932,1.0075806892916572,21.494340905111756
GRID short,EOD,5.0,3.0,18564,0.2815126050420168,-0.1304433311592342,0.7184873949579832,26,3.5970873786407767,5.300581771170006,1.1096746390864038,0.7220514358551399,1.0049604779738204,27.141877538329577,4965,0.3293051359516616,-0.13286001982931933,0.6706948640483383,20,3.0719557195571956,4.431017119838873,0.6646525679758308,0.6744744744744745,1.0056353650948247,19.46940277296759,5007,0.28280407429598564,-0.12252846047140423,0.7171959257040144,20,3.514201762977473,5.2925903734771325,0.9986019572598361,0.7155988857938719,0.9977732167000604,23.06391321117306,8592,0.25314245810055863,-0.13365921783148732,0.7468575418994413,26,4.004990642545228,5.8077281191806325,1.431564245810056,0.7503506311360448,1.0046770488890286,27.806018778081132
GRID short,EOD,5.0,5.0,15720,0.23791348600508905,-0.13729325679930118,0.7620865139949109,34,4.2739921512665004,5.8842239185750635,1.7111959287531806,0.7660906586526421,1.0052541864790931,31.904109732767495,4414,0.3130946986859991,-0.13832124992379025,0.686905301314001,25,3.19831223628692,4.666968735840507,0.7702763932940644,0.6873350923482849,1.0006256918289345,20.291647463806598,4167,0.23902087832973362,-0.13664506882794783,0.7609791216702664,33,4.168421052631579,5.951523878089753,1.5838732901367891,0.7602523659305994,0.9990449728264925,26.887753509369134,7139,0.19078302283232945,-0.13703599914780532,0.8092169771676705,34,5.2785388127853885,6.5975626838492785,2.367278330298361,0.8106283538168599,1.0017441263456055,36.31787514789069
GRID short,EOD,5.0,8.0,13916,0.2275079045702788,-0.12243820031698553,0.7724920954297212,72,4.4960267670430785,5.8350100603621735,1.832423110089106,0.7776537352311843,1.0066818027420614,32.96107401619659,4252,0.31161806208842896,-0.1426152389056854,0.688381937911571,25,3.2059145673603506,4.774223894637817,0.7996237064910631,0.6880765288691493,0.999556337803766,20.298418690186615,3685,0.23066485753052918,-0.12309362377613281,0.7693351424694709,72,4.310502283105023,5.834464043419267,1.7367706919945727,0.7681721947776994,0.99848837310611,27.42386746404301,5979,0.16574678039805987,-0.10768523100346271,0.8342532196019401,47,6.079171741778319,6.589730724201372,2.6258571667502926,0.8356054530874097,1.0016208909401811,40.75363966267258
GRID short,EOD,5.0,10.0,13430,0.2257632166790767,-0.1263737894982839,0.7742367833209233,72,4.54259501965924,5.740878629932985,1.89873417721519,0.7799365201500433,1.007361748953172,33.08707475211273,4237,0.31177720084965777,-0.1410903926217026,0.6882227991503422,25,3.207920792079208,4.720320981826765,0.8260561718196837,0.6882716049382716,1.0000709156801977,20.277457147177213,3555,0.2317862165963432,-0.10984529003334,0.7682137834036569,72,4.302839116719243,5.738396624472574,1.7440225035161745,0.7677655677655678,0.9994165482997412,27.151588532784096,5638,0.15732529265697057,-0.12573607544441665,0.8426747073430294,47,6.372654155495979,6.50940049663001,2.8024122029088328,0.8431909071774363,1.0006125730722766,42.52658899231617
GRID short,EOD,5.0,12.0,13171,0.22648242350618783,-0.11590236035350394,0.7735175764938121,72,4.519964507542148,5.755067952319489,1.8601472932958774,0.7788357710807893,1.0068753377409771,32.90208248101654,4218,0.31247036510194404,-0.1421882391765629,0.687529634898056,19,3.197353914002205,4.74158368895211,0.8060692271218587,0.6872413793103448,0.999580737217598,20.215503982075496,3494,0.2318259874069834,-0.10087292662235456,0.7681740125930167,72,4.2896,5.752718946765884,1.7744705208929592,0.7670518076779724,0.9985391266866004,27.081186141223924,5459,0.15662209195823412,-0.10521157533449545,0.8433779080417659,47,6.380886426592798,6.5396592782560905,2.7294376259388167,0.8433970460469157,1.0000226920873398,42.52157915152216
GRID short,EOD,5.0,15.0,12891,0.2276006516174075,-0.1143937620875142,0.7723993483825925,70,4.501356238698011,5.709409665658211,1.8617640214102862,0.777922860586581,1.0071511093523768,32.65083656182285,4214,0.3125296630280019,-0.14310631046473188,0.6874703369719981,19,3.19757174392936,4.746084480303749,0.8068343616516375,0.6872626855367622,0.9996979485163672,20.208710524301374,3441,0.23190932868352224,-0.09491427154912588,0.7680906713164778,70,4.2926829268292686,5.696018599244406,1.7436791630340016,0.767221801665405,0.9988687928606351,27.0132750537866,5236,0.15641711229946523,-0.10408708677834666,0.8435828877005348,47,6.396526772793053,6.493506493506493,2.7883880825057297,0.8437853746887027,1.000240032119096,42.33014479873049
GRID short,EOD,5.0,20.0,12738,0.22782226409169415,-0.11844088455421259,0.7721777359083059,66,4.499542543458372,5.730883969225938,1.8291725545611557,0.7778342653787493,1.0073254241962697,32.571625222451026,4214,0.3125296630280019,-0.1424181280793012,0.6874703369719981,19,3.19757174392936,4.746084480303749,0.8068343616516375,0.6872626855367622,0.9996979485163672,20.208710524301374,3397,0.23255813953488372,-0.108831323858951,0.7674418604651163,66,4.282894736842105,5.710921401236385,1.6779511333529586,0.7666922486569455,0.9990232330984441,26.88737010048981,5127,0.155061439438268,-0.10510044637737369,0.844938560561732,47,6.450892857142857,6.553540081919252,2.7696508679539695,0.8451061865189289,1.0001983883385384,42.56180421908116
GRID short,EOD,8.0,1.0,19204,0.48094147052697356,-0.07196742866069569,0.5155696729847948,17,2.1375215889464596,1.916267444282441,0.0989377213080608,0.5321684678315322,1.0321950566848543,14.164972116108668,4952,0.4590064620355412,-0.06388201736672051,0.5327140549273021,11,2.263519313304721,2.1607431340872374,0.12116316639741519,0.5582100872203262,1.0478606337812948,12.717407226493094,5228,0.4868018362662586,-0.0664391258607498,0.5097551644988524,12,2.1175536139793487,1.970160673297628,0.0956388676358072,0.5277569392348087,1.035314550964195,12.004933774873171,9024,0.4895833333333333,-0.07960715868794327,0.5095301418439716,17,2.0824275362318843,1.750886524822695,0.08865248226950355,0.5197912135711179,1.0201383017106933,12.80698559443939
GRID short,EOD,8.0,2.0,14406,0.35533805358878245,-0.07988208038317368,0.6402193530473413,22,2.8492431263515603,3.901152297653755,0.5206164098292377,0.6490295999132604,1.0137612941939098,19.974164185905305,3706,0.38397193739881275,-0.07989577711818673,0.6060442525634107,13,2.581609195402299,3.264975715056665,0.2968159740960604,0.6126447016918967,1.0108910349377422,15.201589552326372,3839,0.35946861161760874,-0.07202396457410784,0.6363636363636364,22,2.801605504587156,3.6988799166449593,0.5470174524615785,0.643061809250921,1.0105257002514474,16.79828233852888,6861,0.3375601224311325,-0.08427160763737064,0.6608366127386678,20,3.0327759197324413,4.357965311179129,0.6267307972598747,0.6702690780767534,1.0142735211037948,19.607573387769218
GRID short,EOD,8.0,3.0,12423,0.3104725106657007,-0.08623873058037511,0.6846977380664896,26,3.221969696969697,4.580214118972873,0.8371568864203492,0.6896308488126028,1.0072048007052627,22.86536464855873,3363,0.36931311329170385,-0.08325899494498959,0.6199821587867975,13,2.656050955414013,3.3600951531370797,0.4162949747249479,0.6235011990407674,1.0056760347117988,15.669890007837582,3277,0.31278608483368936,-0.0868362831858407,0.6829417149832163,26,3.152112676056338,4.272200183094293,0.7934086054317974,0.6827524575513851,0.999722879086635,19.228065140971506,5783,0.2749438007954349,-0.08763293273387515,0.7233269929102542,21,3.6532751091703055,5.46429189002248,1.1066920283589834,0.7262730098015778,1.004072870112963,24.06038608472574
GRID short,EOD,8.0,5.0,10694,0.28885356274546475,-0.07952181129605386,0.705722835234711,37,3.454004576659039,4.759678324293996,1.0473162521039836,0.710480985822181,1.0067422369660002,24.26497848617033,3206,0.3658764815970056,-0.08443153462258265,0.6232064878353087,13,2.6569148936170213,3.399875233936369,0.37429819089207733,0.6236236236236237,1.0006693380066756,15.728142434084116,2835,0.29347442680776015,-0.08128306878306878,0.7015873015873015,37,3.3039867109634553,4.303350970017637,0.9876543209876543,0.6973353443941679,0.9939395180278864,20.14761336883517,4653,0.2329679776488287,-0.07506581775198796,0.7650977863743821,28,4.2839951865222625,5.974640017193209,1.5473887814313347,0.7665730337078651,1.0019281814164878,27.786967085096194
GRID short,EOD,8.0,8.0,9915,0.28623298033282907,-0.07455559757942512,0.708018154311649,36,3.4804164600892413,4.69994957135653,1.109430156328795,0.7126780626780627,1.0065816227141013,24.256149048742177,3178,0.36658275645059785,-0.08296294839521712,0.6224040276903713,13,2.65503355704698,3.4298300818124607,0.34612964128382634,0.6233569261880687,1.0015309966762802,15.670032236014327,2647,0.29127313940309785,-0.06549867774839441,0.7030600680015111,36,3.347122302158273,4.38231960710238,1.095579901775595,0.7012358946802795,0.9974053805581407,20.06171049974811,4090,0.22053789731051346,-0.07388447432762836,0.7777506112469438,29,4.442737430167598,5.89242053789731,1.7114914425427872,0.7749135491983653,0.9963522213836259,28.899498665592958
GRID short,EOD,8.0,10.0,9703,0.2865093270122642,-0.07589147686282594,0.7076162011748943,49,3.4746963562753037,4.6686591775739466,1.0718334535710605,0.7122050684532479,1.0064849663853577,24.156984481931513,3176,0.36681360201511337,-0.08297583438287154,0.6221662468513854,12,2.6523489932885904,3.4319899244332492,0.34634760705289674,0.6229757085020243,1.0013010375518365,15.657012019041396,2592,0.2916666666666667,-0.06960117669753087,0.7025462962962963,49,3.3474264705882355,4.320987654320987,1.0030864197530864,0.7012630422844591,0.9981734242731016,19.964556341450606,3935,0.21829733163913595,-0.07431702668360864,0.7799237611181703,28,4.467248908296943,5.895806861499365,1.7026683608640407,0.7761485826001955,0.9951595544254705,29.034564312913513
GRID short,EOD,8.0,12.0,9600,0.28708333333333336,-0.07495768229166666,0.7069791666666667,49,3.469836400817996,4.645833333333333,1.0416666666666665,0.7118019743627523,1.0068217111952882,24.06843994455735,3176,0.36681360201511337,-0.08287744017632241,0.6221662468513854,12,2.6523489932885904,3.4319899244332492,0.34634760705289674,0.6229757085020243,1.0013010375518365,15.657012019041396,2569,0.2919423900350331,-0.07288828337874659,0.7022187621642663,49,3.33456561922366,4.35967302452316,0.9342156481121059,0.700110864745011,0.9969982325553954,19.915461460499536,3855,0.21815823605706874,-0.06981193255512322,0.7800259403372244,30,4.488059701492538,5.836575875486381,1.6861219195849546,0.7771865646824078,0.9963598958598876,28.965590032419314
GRID short,EOD,8.0,15.0,9548,0.2868663594470046,-0.07492406786761625,0.7071638039379975,50,3.4696813977389516,4.639715123586091,1.0578131545873481,0.7117890995260664,1.006540628299005,24.06946115148896,3175,0.3669291338582677,-0.0848523622047244,0.6220472440944882,12,2.6545698924731185,3.4330708661417324,0.3464566929133858,0.6232911392405063,1.0019996795385353,15.650501763484426,2556,0.29225352112676056,-0.07144953051643192,0.7018779342723005,50,3.3345724907063197,4.342723004694836,0.9780907668231612,0.7001114827201784,0.9974832496280802,19.876363528382093,3817,0.21666230023578728,-0.06899233691380666,0.7815037987948651,30,4.492469879518072,5.842284516636101,1.7029080429656798,0.7774052966811934,0.9947556209963511,29.124294547305503
GRID short,EOD,8.0,20.0,9515,0.28733578560168155,-0.07673738833420915,0.7066736731476616,49,3.464193714580113,4.624277456647398,1.0299527062532843,0.7113325401546698,1.0065926709654496,24.015240366106426,3175,0.3669291338582677,-0.0848523622047244,0.6220472440944882,12,2.6545698924731185,3.4330708661417324,0.3464566929133858,0.6232911392405063,1.0019996795385353,15.650501763484426,2548,0.2923861852433281,-0.07274087519623233,0.7017268445839875,49,3.3358208955223883,4.3171114599686025,0.902668759811617,0.7002237136465325,0.9978579543464008,19.85655920446609,3792,0.21729957805907174,-0.07262823048523206,0.7808544303797469,30,4.4795763993948565,5.8280590717299585,1.6877637130801686,0.7767646065518405,0.9947623735375141,29.010175201304797
GRID short,EOD,10.0,1.0,15801,0.4796531865071831,-0.06470476549342723,0.5203468134928169,17,2.156307369525308,1.917600151889121,0.08227327384342764,0.5363094514049386,1.030676920657922,14.058277437567652,4005,0.4589263420724095,-0.05845817710911702,0.5410736579275905,11,2.2834562697576395,2.1722846441947565,0.09987515605493133,0.5623268698060941,1.0392797016951578,12.677523892169877,4194,0.4816404387219838,-0.06609442065504494,0.5183595612780162,17,2.1696606786427144,1.9790176442536958,0.07153075822603719,0.5388505747126436,1.0395305015385592,11.961155767618576,7602,0.48947645356485137,-0.0672290186809673,0.5105235464351486,16,2.0843179377013965,1.7495395948434622,0.07892659826361484,0.5203608247422681,1.0192690001779752,12.587468945764053
GRID short,EOD,10.0,2.0,11758,0.3688552474910699,-0.07111753688160612,0.6311447525089301,20,2.7577108881456707,3.6230651471338664,0.39972784487157675,0.6373804069532408,1.0098799117310613,18.95186507857811,3117,0.4048764837985242,-0.06862367593949754,0.5951235162014757,11,2.5067567567567566,3.079884504331088,0.192492781520693,0.601078167115903,1.0100057395688786,14.370629480634678,3091,0.37140084115173083,-0.06748625071317611,0.6285991588482692,18,2.7099023709902372,3.2675509543836947,0.3235198964736331,0.6309830159547092,1.0037923326381915,15.919575381212212,5550,0.3472072072072072,-0.07454054050383147,0.6527927927927928,20,2.9359805510534844,4.126126126126127,0.5585585585585586,0.659398288711013,1.0101188248264208,18.58793730756434
GRID short,EOD,10.0,3.0,10234,0.3342778972053938,-0.07428424819732997,0.6657221027946062,28,3.0565275908479137,4.230994723470784,0.7328512800469025,0.6728313518273888,1.0106790040512987,20.91866106938614,2937,0.39564181137214843,-0.06840313111207261,0.6043581886278515,11,2.5393419170243203,3.1324480762683007,0.2383384405856316,0.6061971830985915,1.0030428883158102,14.661390781889457,2693,0.3408837727441515,-0.07018195371058358,0.6591162272558485,19,2.968227424749164,4.010397326401782,0.5198663200891199,0.6630985915492957,1.0060419757984527,17.250513852317127,4604,0.2912684622067767,-0.0804354905805499,0.7087315377932233,28,3.5010729613733904,5.060816681146829,1.1728931364031276,0.7143732761262642,1.0079603319905976,22.093253681790106
GRID short,EOD,10.0,5.0,9029,0.31919370915937534,-0.07078303194952688,0.6808062908406246,31,3.157164869029276,4.264038099457304,0.8085059253516448,0.6832601268911664,1.0036043087197564,21.720911846014978,2865,0.3933682373472949,-0.0687958100566862,0.606631762652705,11,2.5335276967930027,3.176265270506108,0.20942408376963353,0.6052934407364787,0.9977938479344141,14.71410069956055,2388,0.3228643216080402,-0.08411851023204037,0.6771356783919598,31,3.074144486692015,3.8525963149078724,0.7118927973199329,0.6747062461348176,0.9964121928076342,18.030884850753953,3776,0.2605932203389831,-0.06385725562123609,0.739406779661017,27,3.798639455782313,5.349576271186441,1.3241525423728813,0.7367478510028653,0.9964039704107519,24.23882463483179
GRID short,EOD,10.0,8.0,8523,0.3199577613516367,-0.06447260266017708,0.6800422386483632,44,3.1517128874388254,4.212131878446557,0.7978411357503226,0.682712215320911,1.0039261924051284,21.512835327634942,2849,0.3941733941733942,-0.06919971752902836,0.6058266058266059,11,2.530791788856305,3.123903123903124,0.2106002106002106,0.6048667439165701,0.9984156161172122,14.666686822734942,2272,0.3248239436619718,-0.06954225485268888,0.6751760563380281,44,3.0741482965931866,3.7411971830985915,0.6602112676056338,0.6747066492829205,0.9993047634750948,17.78278159207293,3402,0.25455614344503236,-0.057128158203169445,0.7454438565549677,27,3.8541033434650456,5.437977660199882,1.3815402704291593,0.7405362776025236,0.9934165679825652,24.48876173512226
GRID short,EOD,10.0,10.0,8409,0.3208467118563444,-0.06324473696093648,0.6791532881436556,44,3.1482910694597575,4.197883220359139,0.7967653704364372,0.6823673612327088,1.00473247077672,21.41078191365063,2849,0.3941733941733942,-0.06897156726740405,0.6058266058266059,11,2.530791788856305,3.123903123903124,0.2106002106002106,0.6048667439165701,0.9984156161172122,14.666686822734942,2245,0.3256124721603563,-0.07403118212547777,0.6743875278396436,44,3.064777327935223,3.78619153674833,0.6681514476614699,0.6737120211360634,0.9989983404560518,17.704357897441106,3315,0.25460030165912517,-0.051018097764094265,0.7453996983408748,27,3.873040752351097,5.399698340874812,1.38763197586727,0.7418049372723594,0.995177404717876,24.39614936037949
GRID short,EOD,10.0,12.0,8366,0.3205833134114272,-0.06280181603686957,0.6794166865885728,45,3.142067440574903,4.195553430552235,0.8008606263447287,0.6817382125263899,1.003416939830362,21.4173743592345,2848,0.394311797752809,-0.07080407134568789,0.605688202247191,11,2.5330396475770924,3.125,0.21067415730337077,0.6052173913043478,0.9992226843100189,14.659775459899361,2238,0.3257372654155496,-0.06899017182272893,0.6742627345844504,45,3.0608519269776875,3.798033958891868,0.6702412868632708,0.6732935719019219,0.9985626334768065,17.688858916125916,3280,0.2530487804878049,-0.05163109549775772,0.7469512195121951,27,3.858267716535433,5.396341463414634,1.402439024390244,0.7408163265306122,0.9917867555185339,24.516249073163106
GRID short,EOD,10.0,15.0,8347,0.32107343955912304,-0.06291781401513537,0.678926560440877,44,3.136137244050913,4.193123277824369,0.778722894453097,0.6811364037409564,1.0032549077158572,21.374603395565718,2848,0.394311797752809,-0.07080407134568789,0.605688202247191,11,2.5330396475770924,3.125,0.21067415730337077,0.6052173913043478,0.9992226843100189,14.659775459899361,2233,0.32601880877742945,-0.06512539392504871,0.6739811912225705,44,3.0589430894308944,3.80653828929691,0.6269592476489028,0.6730897009966778,0.9986772772927451,17.666126456939573,3266,0.25382731169626455,-0.05453153513691573,0.7461726883037355,29,3.8438485804416405,5.388854868340478,1.3778322106552359,0.7398440705785803,0.9915185615550443,24.423034564547205
GRID short,EOD,10.0,20.0,8337,0.3213386110111551,-0.06072627974142253,0.6786613889888449,44,3.132890365448505,4.198152812762385,0.7796569509415857,0.6808059384941676,1.003159969817228,21.35159571166575,2848,0.394311797752809,-0.07080407134568789,0.605688202247191,11,2.5330396475770924,3.125,0.21067415730337077,0.6052173913043478,0.9992226843100189,14.659775459899361,2231,0.32631107126848946,-0.06896011001580363,0.6736889287315105,44,3.0548780487804876,3.809950694755715,0.6275212909009412,0.6726546906187625,0.9984648135531997,17.646178462876716,3258,0.2541436464088398,-0.046278389676621026,0.7458563535911602,29,3.838862559241706,5.402087170042972,1.3812154696132597,0.7395061728395061,0.9914860539551897,24.382876671301393
GRID short,EOD,12.0,1.0,13326,0.4789134023713042,-0.05155491777411143,0.5210865976286958,17,2.167967530440212,2.131172144679574,0.07504127269998499,0.5388160737433386,1.0340240493524957,13.826292657978808,3417,0.4559555165349722,-0.050915764312224304,0.5440444834650278,12,2.278186274509804,2.253438688908399,0.11706175007316359,0.5610543302850995,1.0312655441550216,12.524547714268547,3489,0.4815133276010318,-0.0481931309411373,0.5184866723989682,15,2.1874244256348248,2.1209515620521637,0.11464603038119806,0.542841348811498,1.0469726180228396,11.685216225978118,6420,0.4897196261682243,-0.05372209248432266,0.5102803738317757,17,2.1,2.0716510903426792,0.03115264797507788,0.5239694656488549,1.0268266085059978,12.327758489566847
GRID short,EOD,12.0,2.0,9990,0.37947947947947946,-0.06028111446369254,0.6205205205205205,18,2.6835497835497835,3.4834834834834836,0.3703703703703704,0.6273592514921762,1.0110209586073302,17.977887400498865,2810,0.4170818505338078,-0.057169335699847466,0.5829181494661921,11,2.4375,2.8469750889679712,0.1423487544483986,0.5897435897435898,1.0117090886321656,13.662584060968294,2592,0.38425925925925924,-0.057179141128550916,0.6157407407407407,17,2.633663366336634,3.3179012345679015,0.3472222222222222,0.6203007518796992,1.007405732376053,14.926883000090065,4588,0.3537489102005231,-0.06393944341118347,0.6462510897994769,18,2.873062015503876,3.966870095902354,0.5231037489102005,0.6519392917369309,1.0088018450215983,17.754308095613563
GRID short,EOD,12.0,3.0,8803,0.3543110303305691,-0.058268488128515004,0.6456889696694309,20,2.856281407035176,3.8509599000340797,0.5679881858457344,0.6498944405348346,1.0065131527143119,19.211319747305716,2697,0.41119762699295515,-0.05914750990682723,0.5888023730070449,11,2.450617283950617,2.92918057100482,0.14831294030404152,0.5919395465994962,1.0053280586768523,13.826826490030893,2298,0.36118363794604,-0.05658906311270198,0.63881636205396,16,2.801526717557252,3.829416884247171,0.5221932114882507,0.6430517711171662,1.0066300885744195,15.786549325486563,3808,0.30987394957983194,-0.058659401193164054,0.6901260504201681,20,3.2127139364303177,4.516806722689076,0.8928571428571428,0.6887366818873668,0.9979867901929577,20.12782774282528
GRID short,EOD,12.0,5.0,7967,0.34617798418476214,-0.053590854290096954,0.6538220158152379,28,2.918207282913165,3.8533952554286435,0.6150370277394251,0.6573238625455942,1.0053559633136395,19.502491822864503,2661,0.4107478391582112,-0.061262996712604545,0.5892521608417888,11,2.457680250783699,2.9688087185268697,0.1503194287861706,0.5931122448979592,1.0065508186693046,13.820034344442307,2108,0.35056925996204935,-0.054148877982952086,0.6494307400379506,28,2.8760504201680672,3.795066413662239,0.5692599620493358,0.6523009495982469,1.0044195776136629,16.139283594330678,3198,0.28955597248280174,-0.04683917044679799,0.7104440275171983,24,3.3859910581222055,4.627892432770482,1.0318949343339587,0.7046654929577465,0.9918663056685182,21.169582361467775
GRID short,EOD,12.0,8.0,7639,0.34624950909804947,-0.05264923459561281,0.6537504909019505,41,2.91365227537923,3.8617620107343895,0.5759916219400445,0.6567881457749299,1.004646504920843,19.398915467146434,2658,0.4108352144469526,-0.061371332383452756,0.5891647855530474,11,2.4545454545454546,2.972159518434913,0.15048908954100826,0.5925925925925926,1.0058180786150135,13.814290291051524,2034,0.3500491642084562,-0.058577105986283996,0.6499508357915438,41,2.8927789934354484,3.687315634218289,0.5899705014749262,0.6543116490166414,1.0067094509076011,16.083813431680028,2947,0.28537495758398373,-0.04069109875281173,0.7146250424160163,24,3.4022617124394183,4.784526637258229,0.9501187648456058,0.7060778727445394,0.9880396443391061,21.26146021600461
GRID short,EOD,12.0,10.0,7587,0.3457229471464347,-0.05445169382552967,0.6542770528535653,42,2.9131455399061035,3.848688546197443,0.5799393699749572,0.6567284448025785,1.0037467185167532,19.416992513121304,2657,0.4109898381633421,-0.06282147838254049,0.5890101618366579,11,2.456828885400314,2.9732781332329696,0.1505457282649605,0.5929712460063897,1.0067249844338515,13.80719198809403,2017,0.3505205751115518,-0.05728391978881876,0.6494794248884482,42,2.8854625550660793,3.7183936539414972,0.5949429846306395,0.6534351145038167,1.0060905541635101,16.039604461821185,2913,0.2828698935805012,-0.044856390929558114,0.7171301064194988,25,3.407830342577488,4.737384140061792,0.9612083762444216,0.7065581617999043,0.9852579824428536,21.42906613188731
GRID short,EOD,12.0,12.0,7571,0.3463214898956545,-0.05115462507586709,0.6536785101043455,41,2.9060481503229596,3.856822084268921,0.5811649716021662,0.6558900788037988,1.003383266644486,19.373218595093007,2657,0.4109898381633421,-0.06282147838254049,0.5890101618366579,11,2.456828885400314,2.9732781332329696,0.1505457282649605,0.5929712460063897,1.0067249844338515,13.80719198809403,2012,0.3508946322067594,-0.05412317702060552,0.6491053677932406,41,2.883002207505519,3.7276341948310137,0.5964214711729622,0.6531393568147014,1.0062146905904894,16.014280779128185,2902,0.2839421088904204,-0.03841459897363783,0.7160578911095796,22,3.3898858075040783,4.755341144038594,0.9648518263266712,0.705004812319538,0.9845639871757937,21.33082574815002
GRID short,EOD,12.0,15.0,7558,0.34665255358560465,-0.05236449236239853,0.6533474464143953,41,2.9029982363315696,3.850224927229426,0.5689335803122519,0.6555285540704738,1.0033383579717783,19.347773382684448,2657,0.4109898381633421,-0.06282147838254049,0.5890101618366579,11,2.456828885400314,2.9732781332329696,0.1505457282649605,0.5929712460063897,1.0067249844338515,13.80719198809403,2010,0.35124378109452736,-0.056757876541078056,0.6487562189054726,41,2.878587196467991,3.731343283582089,0.5970149253731344,0.6526073619631901,1.005936194437126,15.993746152657614,2891,0.2843306814251124,-0.03969935432895201,0.7156693185748876,26,3.386252045826514,4.73884469041854,0.9339328951919751,0.7046882551957467,0.984656232852056,21.288140010566625
GRID short,EOD,12.0,20.0,7548,0.34684684684684686,-0.05283684412557901,0.6531531531531531,41,2.9017068864037667,3.842077371489136,0.5696873343932167,0.6553752535496957,1.0034021123312582,19.33212135141564,2657,0.4109898381633421,-0.06282147838254049,0.5890101618366579,11,2.456828885400314,2.9732781332329696,0.1505457282649605,0.5929712460063897,1.0067249844338515,13.80719198809403,2010,0.35124378109452736,-0.056757876541078056,0.6487562189054726,41,2.878587196467991,3.731343283582089,0.5970149253731344,0.6526073619631901,1.005936194437126,15.993746152657614,2881,0.2846233946546338,-0.04089291896906026,0.7153766053453662,26,3.3842364532019706,4.720583130857341,0.9371745921555016,0.7045123726346434,0.9848132681030605,21.254255867754974
GRID short,EOD,15.0,1.0,10856,0.4772476050110538,-0.03944055523064814,0.5227523949889462,14,2.1577946768060836,2.11864406779661,0.09211495946941783,0.5365638766519824,1.026420695142541,13.57537275503024,2919,0.45460774237752655,-0.036884778056774155,0.5453922576224735,11,2.284074605451937,2.50085645769099,0.1370332305584104,0.5621859296482412,1.0307919149768945,12.312991302791144,2833,0.47582068478644546,-0.03404518191395041,0.5241793152135545,12,2.149059334298119,2.0825979527003176,0.0705965407695023,0.5346801346801346,1.0200328764638529,11.550346537366819,5104,0.490987460815047,-0.04389694358814229,0.5090125391849529,14,2.0917874396135265,1.9200626959247649,0.07836990595611285,0.5219399538106235,1.0253970455155592,11.944631017545735
GRID short,EOD,15.0,2.0,8295,0.39650391802290536,-0.04090215010662244,0.6034960819770946,14,2.575102880658436,3.1826401446654615,0.3013863773357444,0.6116660007990411,1.0135376501454347,16.678749729870606,2540,0.4263779527559055,-0.046154855964875646,0.5736220472440945,11,2.380718954248366,2.637795275590551,0.15748031496062992,0.579958819492107,1.0110469468153411,13.110832102193752,2181,0.4030261348005502,-0.027556167109597973,0.5969738651994498,13,2.4990403071017275,2.9344337459880787,0.22925263640531865,0.5998463901689708,1.0048118102600039,13.759047038421691,3574,0.37129266927811977,-0.04531337451526647,0.6287073307218802,14,2.7706535141800246,3.721320649132624,0.44767767207610526,0.639074321317312,1.0164893744495207,16.23788636504529
GRID short,EOD,15.0,3.0,7491,0.3787211320250968,-0.03617007115712023,0.6212788679749032,22,2.6594285714285713,3.4574823121078633,0.3470831664664264,0.6239793725827245,1.0043466867247937,17.416273381900623,2490,0.42289156626506025,-0.04821285164604497,0.5771084337349398,10,2.375206611570248,2.610441767068273,0.1606425702811245,0.5789839944328462,1.003249927722886,13.209758688112869,1968,0.3785569105691057,-0.0399136184205533,0.6214430894308943,22,2.6076759061833688,3.201219512195122,0.3048780487804878,0.616516762060507,0.9920727618438901,14.615448447079906,3033,0.3425651170458292,-0.023854270157490597,0.6574348829541707,15,2.9497041420118344,4.319155951203428,0.5275304978569073,0.6609829488465396,1.0053968324230467,17.437631278409988
GRID short,EOD,15.0,5.0,6919,0.3749096690273161,-0.03577588300301466,0.625090330972684,30,2.664818237831177,3.43980343980344,0.37577684636508163,0.6247398843930636,0.9994393665007183,17.45890764465732,2471,0.42290570619182516,-0.049986510478943,0.5770942938081748,10,2.3766666666666665,2.5900445163901256,0.16187778227438285,0.5792426367461431,1.0037226896211218,13.1952752593649,1834,0.37350054525627047,-0.03616866605096957,0.6264994547437296,30,2.6597222222222223,3.326063249727372,0.43620501635768816,0.6240208877284595,0.996043784241945,14.697833093957955,2614,0.33052792654934965,-0.02206707481519059,0.6694720734506503,15,2.961082910321489,4.322876817138485,0.5355776587605203,0.6622857142857143,0.9892656326530612,17.78905496088521
GRID short,EOD,15.0,8.0,6748,0.3744813278008299,-0.03590693555864568,0.6255186721991701,29,2.6580604534005037,3.3935981031416715,0.38529934795494963,0.6237858327410566,0.9972297558248401,17.429353187522874,2470,0.4230769230769231,-0.05081646451889838,0.5769230769230769,10,2.378964941569282,2.591093117408907,0.16194331983805668,0.5796491228070175,1.0047251461988305,13.187887108870807,1786,0.3751399776035834,-0.03423852173770688,0.6248600223964166,29,2.6382978723404253,3.3594624860022395,0.3919372900335946,0.6209677419354839,0.9937709561799052,14.566060422092173,2492,0.3258426966292135,-0.022324772858957172,0.6741573033707865,15,2.9681978798586575,4.213483146067416,0.6019261637239166,0.6630952380952381,0.9835912698412699,17.955114211259396
GRID short,EOD,15.0,10.0,6729,0.3752414920493387,-0.03421756589262172,0.6247585079506613,28,2.652365930599369,3.388319215336603,0.3863872789418933,0.6229781160799239,0.997150271908137,17.38132126764042,2470,0.4230769230769231,-0.05081646451889838,0.5769230769230769,10,2.378964941569282,2.591093117408907,0.16194331983805668,0.5796491228070175,1.0047251461988305,13.187887108870807,1781,0.3756316676024705,-0.030226464648145875,0.6243683323975294,28,2.6350710900473935,3.3688938798427848,0.39303761931499154,0.6205035971223022,0.9938101676931838,14.537709924659417,2478,0.32728006456820014,-0.020540758672894,0.6727199354317999,15,2.9556737588652484,4.196933010492333,0.6053268765133172,0.6616676664667066,0.9835707723482296,17.852642765480848
GRID short,EOD,15.0,12.0,6721,0.37539056687992856,-0.0346352229876902,0.6246094331200714,28,2.650252525252525,3.3774735902395476,0.3868471953578337,0.6226774654597428,0.996906918855391,17.370570545571656,2470,0.4230769230769231,-0.05081646451889838,0.5769230769230769,10,2.378964941569282,2.591093117408907,0.16194331983805668,0.5796491228070175,1.0047251461988305,13.187887108870807,1779,0.3760539629005059,-0.033042907839019656,0.6239460370994941,28,2.6303317535545023,3.316469926925239,0.39347948285553686,0.6198198198198198,0.9933869004139274,14.516140128574698,2472,0.3272653721682848,-0.019612998904925377,0.6727346278317152,15,2.9538188277087034,4.207119741100324,0.6067961165048543,0.6614552014431749,0.9832334684110213,17.847425077002214
GRID short,EOD,15.0,15.0,6712,0.375595947556615,-0.03514849033921072,0.6244040524433849,28,2.6491782553729455,3.367103694874851,0.3873659117997616,0.6225244571701265,0.9969897772669744,17.356407717434266,2470,0.4230769230769231,-0.05081646451889838,0.5769230769230769,10,2.378964941569282,2.591093117408907,0.16194331983805668,0.5796491228070175,1.0047251461988305,13.187887108870807,1779,0.3760539629005059,-0.033042907839019656,0.6239460370994941,28,2.6303317535545023,3.316469926925239,0.39347948285553686,0.6198198198198198,0.9933869004139274,14.516140128574698,2463,0.3276492082825822,-0.02095682775050418,0.6723507917174177,15,2.9518716577540105,4.1818920016240355,0.6090133982947624,0.6612318840579711,0.9834626391514389,17.81481204414787
GRID short,EOD,15.0,20.0,6712,0.375595947556615,-0.034393623443637104,0.6244040524433849,28,2.6491782553729455,3.367103694874851,0.3873659117997616,0.6225244571701265,0.9969897772669744,17.356407717434266,2470,0.4230769230769231,-0.05081646451889838,0.5769230769230769,10,2.378964941569282,2.591093117408907,0.16194331983805668,0.5796491228070175,1.0047251461988305,13.187887108870807,1779,0.3760539629005059,-0.033042907839019656,0.6239460370994941,28,2.6303317535545023,3.316469926925239,0.39347948285553686,0.6198198198198198,0.9933869004139274,14.516140128574698,2463,0.3276492082825822,-0.018899715853188566,0.6723507917174177,15,2.9518716577540105,4.1818920016240355,0.6090133982947624,0.6612318840579711,0.9834626391514389,17.81481204414787
GRID short,EOD,20.0,1.0,8506,0.4686103926640019,-0.035019397908655686,0.5313896073359982,12,2.212432697014195,2.2102045614860097,0.11756407241946862,0.5480088495575222,1.0312750606938679,13.525474115030585,2529,0.4460260972716489,-0.03565638536729555,0.5539739027283511,10,2.2854812398042412,2.4515618821668643,0.11862396204033215,0.5624553890078515,1.015310263241154,12.376593261436982,2235,0.4684563758389262,-0.029474273075659377,0.5315436241610738,11,2.1718464351005484,1.9686800894854588,0.1789709172259508,0.5395622895622896,1.0150856205149135,11.416521553181925,3742,0.4839657936932122,-0.0379008550756407,0.5160342063067879,12,2.186862967157418,2.191341528594335,0.08017103153393908,0.5427239772138788,1.0517209335755227,11.71138380061954
GRID short,EOD,20.0,2.0,6858,0.410323709536308,-0.029773621728088655,0.5896762904636921,13,2.444981862152358,2.857976086322543,0.27704870224555267,0.5909990108803165,1.0022431297273022,15.62998824207242,2353,0.4300892477688058,-0.03781874124958185,0.5699107522311943,10,2.3001715265866207,2.4649383765405863,0.1274968125796855,0.5652498135719612,0.9918216341050147,12.833114776011906,1793,0.4121583937534858,-0.024288901533438555,0.5878416062465143,12,2.3685393258426966,2.4539877300613497,0.2230897936419409,0.5777988614800759,0.9829159000320454,13.018781126495993,2712,0.3919616519174041,-0.02641961622473729,0.6080383480825958,13,2.634185303514377,3.466076696165192,0.4424778761061947,0.6203759854457247,1.0202908869186207,14.667412221434507
GRID short,EOD,20.0,3.0,6350,0.40204724409448817,-0.032100393066376916,0.5979527559055118,13,2.473615635179153,3.0236220472440944,0.26771653543307083,0.5957334737951014,0.9962885326834064,15.877890821761316,2334,0.4305912596401028,-0.03565231263980683,0.5694087403598972,10,2.3032928942807627,2.442159383033419,0.12853470437017994,0.5658389766741911,0.9937307536174282,12.799925403577568,1677,0.40250447227191416,-0.032103458683899334,0.5974955277280859,12,2.420289855072464,2.7429934406678593,0.17889087656529518,0.5868263473053892,0.9821434974362651,13.270477504401276,2339,0.37323642582300126,-0.028553868344276114,0.6267635741769987,13,2.6948529411764706,3.8050448909790506,0.470286447199658,0.6289222373806276,1.0034441427239345,15.23064556393006
GRID short,EOD,20.0,5.0,6072,0.4005270092226614,-0.03147439006428003,0.5994729907773386,16,2.4711473183978274,2.9808959156785244,0.2964426877470355,0.5953296703296703,0.9930883951213622,15.864271878663974,2332,0.4305317324185249,-0.03598306071273584,0.5694682675814752,10,2.3015597920277298,2.444253859348199,0.1286449399656947,0.5655120481927711,0.993052783422848,12.800626599751318,1604,0.40461346633416456,-0.025646821078623126,0.5953865336658354,12,2.4177215189873418,2.5561097256857854,0.18703241895261846,0.5863874345549738,0.9848852827499246,13.100825820513291,2136,0.3647003745318352,-0.03092813571070918,0.6352996254681648,16,2.708582834331337,3.885767790262172,0.5617977528089888,0.6308032424465734,0.9929224214192195,15.448583359545914
GRID short,EOD,20.0,8.0,6018,0.4002991026919242,-0.030934280079652786,0.5997008973080757,14,2.4685362517099865,3.007643735460286,0.2824858757062147,0.5949016348018842,0.9919972397444553,15.857853086271806,2331,0.43071643071643073,-0.0368886733616227,0.5692835692835693,10,2.3038194444444446,2.445302445302445,0.1287001287001287,0.5659382064807837,0.994123556372801,12.792968216513675,1592,0.40326633165829145,-0.023194096733384812,0.5967336683417085,12,2.423469387755102,2.5753768844221105,0.18844221105527637,0.5873684210526315,0.9843058171745153,13.139359530896986,2095,0.364200477326969,-0.030190929791807746,0.6357995226730311,14,2.6963562753036436,3.9618138424821003,0.5250596658711217,0.6291291291291291,0.989508652796941,15.430457899553284
GRID short,EOD,20.0,10.0,6015,0.400332502078138,-0.03098295885212113,0.599667497921862,14,2.4654818865345183,2.9925187032418954,0.2826267664172901,0.594399778209038,0.9912155990926985,15.855259621013996,2331,0.43071643071643073,-0.0368886733616227,0.5692835692835693,10,2.3038194444444446,2.445302445302445,0.1287001287001287,0.5659382064807837,0.994123556372801,12.792968216513675,1590,0.4037735849056604,-0.025990567550226534,0.5962264150943396,12,2.4183673469387754,2.515723270440252,0.18867924528301888,0.5864978902953587,0.983683170432089,13.116930052982871,2094,0.3638968481375358,-0.028199616754863006,0.6361031518624641,14,2.690909090909091,3.9637058261700093,0.5253104106972302,0.6283783783783784,0.9878560993425859,15.44437136757364
GRID short,EOD,20.0,12.0,6006,0.4005994005994006,-0.031680818818900155,0.5994005994005994,14,2.4640657084188913,2.9803529803529805,0.28305028305028307,0.5941666666666666,0.9912680555555554,15.839410675189542,2331,0.43071643071643073,-0.0368886733616227,0.5692835692835693,10,2.3038194444444446,2.445302445302445,0.1287001287001287,0.5659382064807837,0.994123556372801,12.792968216513675,1590,0.4037735849056604,-0.025990567550226534,0.5962264150943396,12,2.4183673469387754,2.515723270440252,0.18867924528301888,0.5864978902953587,0.983683170432089,13.116930052982871,2085,0.3645083932853717,-0.030197840678891873,0.6354916067146283,14,2.68762677484787,3.9328537170263784,0.5275779376498801,0.6279245283018868,0.9880925596297615,15.40474624352991
GRID short,EOD,20.0,15.0,6006,0.4005994005994006,-0.031181318319399652,0.5994005994005994,14,2.4640657084188913,2.9803529803529805,0.28305028305028307,0.5941666666666666,0.9912680555555554,15.839410675189542,2331,0.43071643071643073,-0.0368886733616227,0.5692835692835693,10,2.3038194444444446,2.445302445302445,0.1287001287001287,0.5659382064807837,0.994123556372801,12.792968216513675,1590,0.4037735849056604,-0.025990567550226534,0.5962264150943396,12,2.4183673469387754,2.515723270440252,0.18867924528301888,0.5864978902953587,0.983683170432089,13.116930052982871,2085,0.3645083932853717,-0.028758991758028235,0.6354916067146283,14,2.68762677484787,3.9328537170263784,0.5275779376498801,0.6279245283018868,0.9880925596297615,15.40474624352991
GRID short,EOD,20.0,20.0,6006,0.4005994005994006,-0.03142482474939137,0.5994005994005994,14,2.4640657084188913,2.9803529803529805,0.28305028305028307,0.5941666666666666,0.9912680555555554,15.839410675189542,2331,0.43071643071643073,-0.0368886733616227,0.5692835692835693,10,2.3038194444444446,2.445302445302445,0.1287001287001287,0.5659382064807837,0.994123556372801,12.792968216513675,1590,0.4037735849056604,-0.025990567550226534,0.5962264150943396,12,2.4183673469387754,2.515723270440252,0.18867924528301888,0.5864978902953587,0.983683170432089,13.116930052982871,2085,0.3645083932853717,-0.029460430423990117,0.6354916067146283,14,2.68762677484787,3.9328537170263784,0.5275779376498801,0.6279245283018868,0.9880925596297615,15.40474624352991
GRID short,EOD,25.0,1.0,7224,0.45348837209302323,-0.02875553700702884,0.5465116279069767,16,2.278130409694172,2.2978959025470655,0.08305647840531562,0.5610435663627154,1.0265903554722027,13.852172838361755,2382,0.42947103274559195,-0.02840890007273474,0.570528967254408,16,2.3350515463917527,2.518891687657431,0.12594458438287154,0.5717439293598234,1.002129536228918,12.87813734370893,1900,0.4468421052631579,-0.029489473475045845,0.5531578947368421,11,2.314977973568282,2.473684210526316,0.10526315789473684,0.5680304471931494,1.0268866314624014,11.8646569061233,2942,0.4772263766145479,-0.028562202502692577,0.5227736233854521,10,2.206599713055954,2.0054384772263765,0.03399048266485384,0.546814044213264,1.0459862926368158,11.56321175560841
GRID short,EOD,25.0,2.0,6060,0.4136963696369637,-0.02500165014081999,0.5863036303630363,16,2.426912568306011,2.838283828382838,0.16501650165016502,0.5881193693693694,1.0030969260845422,15.240338844629962,2295,0.42178649237472765,-0.030300653654279183,0.5782135076252723,16,2.3403880070546736,2.6143790849673203,0.130718954248366,0.5727204220045214,0.9904999009045793,13.10399350126566,1612,0.4063275434243176,-0.02476426785700877,0.5936724565756824,11,2.4728682170542635,3.0397022332506203,0.18610421836228289,0.5956112852664577,1.0032658222043154,13.043272664911967,2153,0.41058987459359036,-0.01953088710232556,0.5894101254064097,11,2.488235294117647,2.9261495587552253,0.18578727357176034,0.5985804416403786,1.01555846402816,13.42583635478099
GRID short,EOD,25.0,3.0,5751,0.40897235263432447,-0.022201356271313186,0.5910276473656755,16,2.443565780014378,2.903842809946096,0.19127108328986264,0.5909358446144791,0.9998446726619211,15.359175771101418,2285,0.42144420131291027,-0.030647702488551736,0.5785557986870897,16,2.3481349911190055,2.62582056892779,0.13129102844638948,0.5741301059001512,0.9923504477926214,13.109242281927873,1531,0.403004572175049,-0.024839973614242856,0.596995427824951,11,2.4904632152588557,3.0045721750489878,0.1959503592423253,0.5984682713347921,1.002467093450292,13.073956975839797,1935,0.39896640826873386,-0.01013953494913949,0.6010335917312661,11,2.522776572668113,3.1524547803617566,0.2583979328165375,0.6041308089500861,1.005153151606549,13.693913465538575
GRID short,EOD,25.0,5.0,5609,0.40720270993046886,-0.024082724221885364,0.5927972900695311,16,2.4358974358974357,2.8703868782314137,0.1961133891959351,0.5896510228640193,0.99469250744189,15.393745349185593,2284,0.4216287215411559,-0.031260945758507415,0.5783712784588442,16,2.3505338078291813,2.626970227670753,0.13134851138353765,0.5745647236941711,0.9934184927460157,13.101313861477777,1496,0.40240641711229946,-0.02451203145056905,0.5975935828877005,11,2.4833333333333334,2.807486631016043,0.2005347593582888,0.5973154362416108,0.9995345555005031,13.05255621079115,1829,0.39311098961180974,-0.014767633131809387,0.6068890103881903,12,2.505643340857788,3.225806451612903,0.2733734281027884,0.6014427412082958,0.9910259222252008,13.827047139190379
GRID short,EOD,25.0,8.0,5600,0.40714285714285714,-0.024253571359107308,0.5928571428571429,16,2.4358033749082906,2.892857142857143,0.2142857142857143,0.5896354323591443,0.9945657895214481,15.393461894207901,2284,0.4216287215411559,-0.031260945758507415,0.5783712784588442,16,2.3505338078291813,2.626970227670753,0.13134851138353765,0.5745647236941711,0.9934184927460157,13.101313861477777,1492,0.40281501340482573,-0.02386058932904358,0.5971849865951743,11,2.481894150417827,2.8150134048257374,0.20107238605898123,0.5970819304152637,0.999827430055638,13.031350681253254,1824,0.3925438596491228,-0.0158004387169095,0.6074561403508771,12,2.506787330316742,3.289473684210526,0.3289473684210526,0.6016260162601627,0.9904023949986794,13.845505422700915
GRID short,EOD,25.0,10.0,5592,0.4073676680972818,-0.02458512160605883,0.5926323319027181,16,2.434974283614989,2.879113018597997,0.2145922746781116,0.5894959251433746,0.9947076684978126,15.38026281432543,2284,0.4216287215411559,-0.031260945758507415,0.5783712784588442,16,2.3505338078291813,2.626970227670753,0.13134851138353765,0.5745647236941711,0.9934184927460157,13.101313861477777,1492,0.40281501340482573,-0.02386058932904358,0.5971849865951743,11,2.481894150417827,2.8150134048257374,0.20107238605898123,0.5970819304152637,0.999827430055638,13.031350681253254,1816,0.3931718061674009,-0.016784141315926787,0.6068281938325991,12,2.5045454545454544,3.248898678414097,0.3303964757709251,0.6012715712988193,0.9908431701258219,13.810202245441253
GRID short,EOD,25.0,12.0,5592,0.4073676680972818,-0.02422746781492856,0.5926323319027181,16,2.434974283614989,2.879113018597997,0.2145922746781116,0.5894959251433746,0.9947076684978126,15.38026281432543,2284,0.4216287215411559,-0.031260945758507415,0.5783712784588442,16,2.3505338078291813,2.626970227670753,0.13134851138353765,0.5745647236941711,0.9934184927460157,13.101313861477777,1492,0.40281501340482573,-0.02386058932904358,0.5971849865951743,11,2.481894150417827,2.8150134048257374,0.20107238605898123,0.5970819304152637,0.999827430055638,13.031350681253254,1816,0.3931718061674009,-0.01568281973002356,0.6068281938325991,12,2.5045454545454544,3.248898678414097,0.3303964757709251,0.6012715712988193,0.9908431701258219,13.810202245441253
GRID short,EOD,25.0,15.0,5592,0.4073676680972818,-0.02443669529638319,0.5926323319027181,16,2.434974283614989,2.879113018597997,0.2145922746781116,0.5894959251433746,0.9947076684978126,15.38026281432543,2284,0.4216287215411559,-0.031260945758507415,0.5783712784588442,16,2.3505338078291813,2.626970227670753,0.13134851138353765,0.5745647236941711,0.9934184927460157,13.101313861477777,1492,0.40281501340482573,-0.02386058932904358,0.5971849865951743,11,2.481894150417827,2.8150134048257374,0.20107238605898123,0.5970819304152637,0.999827430055638,13.031350681253254,1816,0.3931718061674009,-0.016327092899789012,0.6068281938325991,12,2.5045454545454544,3.248898678414097,0.3303964757709251,0.6012715712988193,0.9908431701258219,13.810202245441253
GRID short,EOD,25.0,20.0,5592,0.4073676680972818,-0.02443669529638319,0.5926323319027181,16,2.434974283614989,2.879113018597997,0.2145922746781116,0.5894959251433746,0.9947076684978126,15.38026281432543,2284,0.4216287215411559,-0.031260945758507415,0.5783712784588442,16,2.3505338078291813,2.626970227670753,0.13134851138353765,0.5745647236941711,0.9934184927460157,13.101313861477777,1492,0.40281501340482573,-0.02386058932904358,0.5971849865951743,11,2.481894150417827,2.8150134048257374,0.20107238605898123,0.5970819304152637,0.999827430055638,13.031350681253254,1816,0.3931718061674009,-0.016327092899789012,0.6068281938325991,12,2.5045454545454544,3.248898678414097,0.3303964757709251,0.6012715712988193,0.9908431701258219,13.810202245441253
GRID short,EOD,30.0,1.0,6487,0.4576845999691691,-0.02048584356975712,0.5423154000308309,11,2.2450542437779197,2.1427470325265916,0.09249267766301834,0.5545764638999432,1.0226087326091335,13.510581801417104,2313,0.4396887159533074,-0.02430465511246424,0.5603112840466926,10,2.2736842105263158,2.248162559446606,0.12970168612191957,0.5601851851851852,0.9997749485596709,12.45062031632927,1707,0.45635618043350906,-0.012272993275512858,0.5436438195664909,11,2.291358024691358,2.1675454012888107,0.05858230814294083,0.5635775862068966,1.0366669608353152,11.371491636852634,2467,0.47547628698824485,-0.022588163940241615,0.5245237130117552,10,2.185810810810811,2.026753141467369,0.08107012565869477,0.5425038639876353,1.0342790049903372,11.34710792653363
GRID short,EOD,30.0,2.0,5620,0.42758007117437724,-0.01855427068271426,0.5724199288256228,11,2.331159420289855,2.491103202846975,0.12455516014234876,0.5712064676616916,0.9978801206896819,14.488235874065763,2265,0.434878587196468,-0.026181015679016043,0.565121412803532,10,2.265486725663717,2.295805739514349,0.13245033112582782,0.55859375,0.9884490966796875,12.588574536120355,1487,0.4203093476798924,-0.020006724831900004,0.5796906523201076,11,2.37465564738292,2.488231338264963,0.20174848688634836,0.5788863109048724,0.9986124644031847,12.365317381433504,1868,0.42451820128479656,-0.008150428746707756,0.5754817987152034,10,2.3783185840707963,2.7301927194860816,0.05353319057815846,0.5800744878957169,1.0079805985015806,12.626511082098519
GRID short,EOD,30.0,3.0,5421,0.4231691569821066,-0.02003627873533082,0.5768308430178933,11,2.3528969149736643,2.4903154399557277,0.12912746725696364,0.5751759436980166,0.997131049180348,14.61297395083652,2263,0.4348210340256297,-0.025578141353978946,0.5651789659743703,10,2.267730496453901,2.2978347326557667,0.13256738842244808,0.5590304925723222,0.9891211920962979,12.589130353217824,1439,0.41904100069492706,-0.015022005727231986,0.580958999305073,11,2.4022988505747125,2.501737317581654,0.20847810979847115,0.583732057416268,1.0047732423708249,12.351108946754877,1719,0.41128563118091915,-0.016938142465787988,0.5887143688190809,10,2.4268585131894485,2.734147760325771,0.058173356602675974,0.5885262116716122,0.9996803931457523,12.973084083007498
GRID short,EOD,30.0,5.0,5352,0.4228325859491779,-0.019419531679818657,0.5771674140508222,11,2.3508371385083713,2.485052316890882,0.11210762331838565,0.5748056994818653,0.9959080944082043,14.604258776998726,2262,0.4350132625994695,-0.026189950153488004,0.5649867374005305,10,2.269982238010657,2.2988505747126435,0.1326259946949602,0.5594679186228482,0.9902319498629754,12.581331760552274,1418,0.41748942172073344,-0.015391395888700688,0.5825105782792666,11,2.4011627906976742,2.3977433004231314,0.21156558533145275,0.5835351089588378,1.0017588190116609,12.380467148005463,1672,0.41088516746411485,-0.013676236203961956,0.5891148325358851,9,2.42014742014742,2.811004784688995,0.0,0.5873983739837398,0.9970863769551401,12.936165968499004
GRID short,EOD,30.0,8.0,5338,0.422817534657175,-0.02105501446376446,0.577182465342825,11,2.351908396946565,2.4915698763581866,0.13113525665043088,0.575,0.9962187601428107,14.600144875587318,2262,0.4350132625994695,-0.026189950153488004,0.5649867374005305,10,2.269982238010657,2.2988505747126435,0.1326259946949602,0.5594679186228482,0.9902319498629754,12.581331760552274,1416,0.4180790960451977,-0.016543078477268082,0.5819209039548022,11,2.395348837209302,2.401129943502825,0.211864406779661,0.5825242718446602,1.001036855500047,12.356372253182318,1660,0.4102409638554217,-0.01790662700998523,0.5897590361445784,11,2.4292803970223327,2.8313253012048194,0.06024096385542169,0.588957055214724,0.998640154909542,12.947363168104724
GRID short,EOD,30.0,10.0,5338,0.422817534657175,-0.020680342301906088,0.577182465342825,11,2.351908396946565,2.4915698763581866,0.13113525665043088,0.575,0.9962187601428107,14.600144875587318,2262,0.4350132625994695,-0.026189950153488004,0.5649867374005305,10,2.269982238010657,2.2988505747126435,0.1326259946949602,0.5594679186228482,0.9902319498629754,12.581331760552274,1416,0.4180790960451977,-0.016543078477268082,0.5819209039548022,11,2.395348837209302,2.401129943502825,0.211864406779661,0.5825242718446602,1.001036855500047,12.356372253182318,1660,0.4102409638554217,-0.016701807732876803,0.5897590361445784,11,2.4292803970223327,2.8313253012048194,0.06024096385542169,0.588957055214724,0.998640154909542,12.947363168104724
GRID short,EOD,30.0,12.0,5338,0.422817534657175,-0.020912951292880844,0.577182465342825,11,2.351908396946565,2.4915698763581866,0.13113525665043088,0.575,0.9962187601428107,14.600144875587318,2262,0.4350132625994695,-0.026189950153488004,0.5649867374005305,10,2.269982238010657,2.2988505747126435,0.1326259946949602,0.5594679186228482,0.9902319498629754,12.581331760552274,1416,0.4180790960451977,-0.016543078477268082,0.5819209039548022,11,2.395348837209302,2.401129943502825,0.211864406779661,0.5825242718446602,1.001036855500047,12.356372253182318,1660,0.4102409638554217,-0.017449799777348632,0.5897590361445784,11,2.4292803970223327,2.8313253012048194,0.06024096385542169,0.588957055214724,0.998640154909542,12.947363168104724
GRID short,EOD,30.0,15.0,5338,0.422817534657175,-0.020912951292880844,0.577182465342825,11,2.351908396946565,2.4915698763581866,0.13113525665043088,0.575,0.9962187601428107,14.600144875587318,2262,0.4350132625994695,-0.026189950153488004,0.5649867374005305,10,2.269982238010657,2.2988505747126435,0.1326259946949602,0.5594679186228482,0.9902319498629754,12.581331760552274,1416,0.4180790960451977,-0.016543078477268082,0.5819209039548022,11,2.395348837209302,2.401129943502825,0.211864406779661,0.5825242718446602,1.001036855500047,12.356372253182318,1660,0.4102409638554217,-0.017449799777348632,0.5897590361445784,11,2.4292803970223327,2.8313253012048194,0.06024096385542169,0.588957055214724,0.998640154909542,12.947363168104724
GRID short,EOD,30.0,20.0,5338,0.422817534657175,-0.020912951292880844,0.577182465342825,11,2.351908396946565,2.4915698763581866,0.13113525665043088,0.575,0.9962187601428107,14.600144875587318,2262,0.4350132625994695,-0.026189950153488004,0.5649867374005305,10,2.269982238010657,2.2988505747126435,0.1326259946949602,0.5594679186228482,0.9902319498629754,12.581331760552274,1416,0.4180790960451977,-0.016543078477268082,0.5819209039548022,11,2.395348837209302,2.401129943502825,0.211864406779661,0.5825242718446602,1.001036855500047,12.356372253182318,1660,0.4102409638554217,-0.017449799777348632,0.5897590361445784,11,2.4292803970223327,2.8313253012048194,0.06024096385542169,0.588957055214724,0.998640154909542,12.947363168104724
GRID short,EOD,40.0,1.0,5678,0.4529764001408947,-0.013835197123928588,0.5470235998591053,11,2.2329259525521206,2.219091229306094,0.08805917576611483,0.5523349436392915,1.0097095331564383,13.473398712807496,2255,0.43902439024390244,-0.018564301114033753,0.5609756097560976,10,2.2389380530973453,2.2172949002217295,0.13303769401330376,0.5533596837944664,0.9864237841553531,12.43061986911514,1510,0.44503311258278144,-0.0045198678529346815,0.5549668874172186,11,2.264864864864865,2.384105960264901,0.13245033112582782,0.5584725536992841,1.0063168927039605,11.53616626181863,1913,0.47569262937794043,-0.015613564976256754,0.5243073706220596,9,2.199561403508772,2.0909566126502876,0.0,0.5459081836327345,1.0411987590123841,10.946346272590217
GRID short,EOD,40.0,2.0,5178,0.4362688296639629,-0.016876689596596033,0.563731170336037,11,2.276911076443058,2.414059482425647,0.11587485515643105,0.5610006854009596,0.995156405963059,13.980459063714873,2240,0.43794642857142857,-0.018261718234446337,0.5620535714285714,10,2.2442067736185383,2.232142857142857,0.13392857142857142,0.5544082605242255,0.9863975405673275,12.457853616150054,1384,0.42846820809248554,-0.012766438105474454,0.5715317919075145,11,2.3402366863905324,2.601156069364162,0.1445086705202312,0.572692793931732,1.0020313866011594,11.945399917896468,1554,0.4407979407979408,-0.01854086200001842,0.5592020592020592,10,2.268929503916449,2.5096525096525095,0.06435006435006435,0.5599078341013825,1.001262110694532,11.7265586886222
GRID short,EOD,40.0,3.0,5090,0.4351669941060904,-0.016442779832738914,0.5648330058939096,11,2.2709320695102684,2.4165029469548136,0.11787819253438114,0.5598469032707029,0.9911724304862183,13.99552350936805,2239,0.43814202769093347,-0.018763956597283665,0.5618579723090665,10,2.2464285714285714,2.2331397945511386,0.13398838767306834,0.5548489666136724,0.9875253070333964,12.450030246221303,1359,0.4275202354672553,-0.012591979963700631,0.5724797645327446,11,2.3363363363363363,2.57542310522443,0.14716703458425312,0.5719794344473008,0.9991260300949638,11.945725945126703,1492,0.43766756032171583,-0.016466990453515275,0.5623324396782842,10,2.2493297587131367,2.546916890080429,0.06702412868632708,0.5560859188544153,0.9888917651141688,11.762015242019825
GRID short,EOD,40.0,5.0,5072,0.43513406940063093,-0.0165282431434656,0.5648659305993691,11,2.2702060221870046,2.425078864353312,0.11829652996845426,0.5597067039106145,0.9908664580225608,13.990667937706586,2239,0.43814202769093347,-0.018763956597283665,0.5618579723090665,10,2.2464285714285714,2.2331397945511386,0.13398838767306834,0.5548489666136724,0.9875253070333964,12.450030246221303,1355,0.4265682656826568,-0.013962177932605877,0.5734317343173432,11,2.3333333333333335,2.5830258302583027,0.14760147601476015,0.5714285714285714,0.996506710792425,11.973600996833127,1478,0.43843031123139375,-0.015493910218978012,0.5615696887686062,10,2.2493224932249323,2.571041948579161,0.06765899864682003,0.5560916767189384,0.9902451785428807,11.719850298940539
GRID short,EOD,40.0,8.0,5066,0.435254638768259,-0.016370163709985733,0.564745361231741,11,2.2706349206349206,2.4279510461902882,0.11843663639952626,0.5597902097902098,0.9912258660598402,13.983667435815878,2239,0.43814202769093347,-0.018763956597283665,0.5618579723090665,10,2.2464285714285714,2.2331397945511386,0.13398838767306834,0.5548489666136724,0.9875253070333964,12.450030246221303,1355,0.4265682656826568,-0.013962177932605877,0.5734317343173432,11,2.3333333333333335,2.5830258302583027,0.14760147601476015,0.5714285714285714,0.996506710792425,11.973600996833127,1472,0.4388586956521739,-0.01494565178993188,0.561141304347826,10,2.250681198910082,2.5815217391304346,0.06793478260869565,0.5563636363636364,0.9914858023332601,11.698360437460737
GRID short,EOD,40.0,10.0,5066,0.435254638768259,-0.0166526844552221,0.564745361231741,11,2.2706349206349206,2.4279510461902882,0.11843663639952626,0.5597902097902098,0.9912258660598402,13.983667435815878,2239,0.43814202769093347,-0.018763956597283665,0.5618579723090665,10,2.2464285714285714,2.2331397945511386,0.13398838767306834,0.5548489666136724,0.9875253070333964,12.450030246221303,1355,0.4265682656826568,-0.013962177932605877,0.5734317343173432,11,2.3333333333333335,2.5830258302583027,0.14760147601476015,0.5714285714285714,0.996506710792425,11.973600996833127,1472,0.4388586956521739,-0.015917968430806496,0.561141304347826,10,2.250681198910082,2.5815217391304346,0.06793478260869565,0.5563636363636364,0.9914858023332601,11.698360437460737
GRID short,EOD,40.0,12.0,5066,0.435254638768259,-0.0166526844552221,0.564745361231741,11,2.2706349206349206,2.4279510461902882,0.11843663639952626,0.5597902097902098,0.9912258660598402,13.983667435815878,2239,0.43814202769093347,-0.018763956597283665,0.5618579723090665,10,2.2464285714285714,2.2331397945511386,0.13398838767306834,0.5548489666136724,0.9875253070333964,12.450030246221303,1355,0.4265682656826568,-0.013962177932605877,0.5734317343173432,11,2.3333333333333335,2.5830258302583027,0.14760147601476015,0.5714285714285714,0.996506710792425,11.973600996833127,1472,0.4388586956521739,-0.015917968430806496,0.561141304347826,10,2.250681198910082,2.5815217391304346,0.06793478260869565,0.5563636363636364,0.9914858023332601,11.698360437460737
GRID short,EOD,40.0,15.0,5066,0.435254638768259,-0.0166526844552221,0.564745361231741,11,2.2706349206349206,2.4279510461902882,0.11843663639952626,0.5597902097902098,0.9912258660598402,13.983667435815878,2239,0.43814202769093347,-0.018763956597283665,0.5618579723090665,10,2.2464285714285714,2.2331397945511386,0.13398838767306834,0.5548489666136724,0.9875253070333964,12.450030246221303,1355,0.4265682656826568,-0.013962177932605877,0.5734317343173432,11,2.3333333333333335,2.5830258302583027,0.14760147601476015,0.5714285714285714,0.996506710792425,11.973600996833127,1472,0.4388586956521739,-0.015917968430806496,0.561141304347826,10,2.250681198910082,2.5815217391304346,0.06793478260869565,0.5563636363636364,0.9914858023332601,11.698360437460737
GRID short,EOD,40.0,20.0,5066,0.435254638768259,-0.0166526844552221,0.564745361231741,11,2.2706349206349206,2.4279510461902882,0.11843663639952626,0.5597902097902098,0.9912258660598402,13.983667435815878,2239,0.43814202769093347,-0.018763956597283665,0.5618579723090665,10,2.2464285714285714,2.2331397945511386,0.13398838767306834,0.5548489666136724,0.9875253070333964,12.450030246221303,1355,0.4265682656826568,-0.013962177932605877,0.5734317343173432,11,2.3333333333333335,2.5830258302583027,0.14760147601476015,0.5714285714285714,0.996506710792425,11.973600996833127,1472,0.4388586956521739,-0.015917968430806496,0.561141304347826,10,2.250681198910082,2.5815217391304346,0.06793478260869565,0.5563636363636364,0.9914858023332601,11.698360437460737
GRID short,EOD,50.0,1.0,5266,0.43961260919103684,-0.013437143855717619,0.5603873908089632,16,2.2770061728395063,2.4116976832510444,0.094948727687049,0.5610169491525424,1.0011234341705484,13.873989587743582,2244,0.4269162210338681,-0.01520276289919693,0.5730837789661319,16,2.300536672629696,2.406417112299465,0.1336898395721925,0.5653188180404355,0.9864505658497179,12.867586647176736,1407,0.42857142857142855,-0.009285714068021596,0.5714285714285714,11,2.392857142857143,2.771855010660981,0.07107320540156362,0.582089552238806,1.0186567164179106,11.971265727643386,1615,0.46687306501547987,-0.01460061913604187,0.5331269349845201,10,2.14713216957606,2.1052631578947367,0.061919504643962855,0.5348837209302325,1.0032952488993327,10.950939983224453
GRID short,EOD,50.0,2.0,4961,0.43035678290667206,-0.014742995393363635,0.569643217093328,16,2.2994304312449145,2.479338842975207,0.10078613182826043,0.5653097345132744,0.9923926372683489,14.148590759674487,2237,0.4264640143048726,-0.01476084039394633,0.5735359856951274,16,2.3075539568345325,2.413947250782298,0.13410818059901655,0.5666406858924395,0.9879775637890781,12.879026441715492,1330,0.42105263157894735,-0.010575187670669112,0.5789473684210527,11,2.413793103448276,2.857142857142857,0.07518796992481204,0.5857142857142857,1.0116883116883117,12.13418955021125,1394,0.445480631276901,-0.018690818208918172,0.554519368723099,10,2.1836158192090394,2.223816355810617,0.07173601147776185,0.5427461139896373,0.9787685419166292,11.385845795903984
GRID short,EOD,50.0,3.0,4924,0.429731925264013,-0.014262794430119912,0.570268074735987,16,2.2997542997542997,2.497969130787977,0.10154346060113728,0.5653722835767724,0.9914149303176736,14.161268633051906,2236,0.426654740608229,-0.01522137744508871,0.5733452593917711,16,2.30990990990991,2.415026833631485,0.13416815742397137,0.5670826833073322,0.9890771293878274,12.871026935096644,1321,0.41937925813777444,-0.012104465877193132,0.5806207418622256,11,2.411949685534591,2.8766086298258897,0.0757002271006813,0.5853976531942634,1.00822724885218,12.181448608244043,1367,0.44476956839795173,-0.014780541611501738,0.5552304316020483,10,2.1810344827586206,2.267739575713241,0.0731528895391368,0.5422163588390502,0.9765609519538624,11.375776171191564
GRID short,EOD,50.0,5.0,4913,0.42967636881742316,-0.014144107461325573,0.5703236311825768,16,2.298605414273995,2.503561978424588,0.10177081213108082,0.5651553016779721,0.9909379004796136,14.159599168530768,2236,0.426654740608229,-0.01522137744508871,0.5733452593917711,16,2.30990990990991,2.415026833631485,0.13416815742397137,0.5670826833073322,0.9890771293878274,12.871026935096644,1321,0.41937925813777444,-0.011869795216497015,0.5806207418622256,11,2.411949685534591,2.8766086298258897,0.0757002271006813,0.5853976531942634,1.00822724885218,12.181448608244043,1356,0.4446902654867257,-0.014583333708912011,0.5553097345132744,10,2.1763005780346822,2.286135693215339,0.07374631268436578,0.5412234042553191,0.9746333813681444,11.364621330991035
GRID short,EOD,50.0,8.0,4913,0.42967636881742316,-0.01409220432384522,0.5703236311825768,16,2.298605414273995,2.503561978424588,0.10177081213108082,0.5651553016779721,0.9909379004796136,14.159599168530768,2236,0.426654740608229,-0.01522137744508871,0.5733452593917711,16,2.30990990990991,2.415026833631485,0.13416815742397137,0.5670826833073322,0.9890771293878274,12.871026935096644,1321,0.41937925813777444,-0.011869795216497015,0.5806207418622256,11,2.411949685534591,2.8766086298258897,0.0757002271006813,0.5853976531942634,1.00822724885218,12.181448608244043,1356,0.4446902654867257,-0.014395280527170916,0.5553097345132744,10,2.1763005780346822,2.286135693215339,0.07374631268436578,0.5412234042553191,0.9746333813681444,11.364621330991035
GRID short,EOD,50.0,10.0,4913,0.42967636881742316,-0.01409220432384522,0.5703236311825768,16,2.298605414273995,2.503561978424588,0.10177081213108082,0.5651553016779721,0.9909379004796136,14.159599168530768,2236,0.426654740608229,-0.01522137744508871,0.5733452593917711,16,2.30990990990991,2.415026833631485,0.13416815742397137,0.5670826833073322,0.9890771293878274,12.871026935096644,1321,0.41937925813777444,-0.011869795216497015,0.5806207418622256,11,2.411949685534591,2.8766086298258897,0.0757002271006813,0.5853976531942634,1.00822724885218,12.181448608244043,1356,0.4446902654867257,-0.014395280527170916,0.5553097345132744,10,2.1763005780346822,2.286135693215339,0.07374631268436578,0.5412234042553191,0.9746333813681444,11.364621330991035
GRID short,EOD,50.0,12.0,4913,0.42967636881742316,-0.01409220432384522,0.5703236311825768,16,2.298605414273995,2.503561978424588,0.10177081213108082,0.5651553016779721,0.9909379004796136,14.159599168530768,2236,0.426654740608229,-0.01522137744508871,0.5733452593917711,16,2.30990990990991,2.415026833631485,0.13416815742397137,0.5670826833073322,0.9890771293878274,12.871026935096644,1321,0.41937925813777444,-0.011869795216497015,0.5806207418622256,11,2.411949685534591,2.8766086298258897,0.0757002271006813,0.5853976531942634,1.00822724885218,12.181448608244043,1356,0.4446902654867257,-0.014395280527170916,0.5553097345132744,10,2.1763005780346822,2.286135693215339,0.07374631268436578,0.5412234042553191,0.9746333813681444,11.364621330991035
GRID short,EOD,50.0,15.0,4913,0.42967636881742316,-0.01409220432384522,0.5703236311825768,16,2.298605414273995,2.503561978424588,0.10177081213108082,0.5651553016779721,0.9909379004796136,14.159599168530768,2236,0.426654740608229,-0.01522137744508871,0.5733452593917711,16,2.30990990990991,2.415026833631485,0.13416815742397137,0.5670826833073322,0.9890771293878274,12.871026935096644,1321,0.41937925813777444,-0.011869795216497015,0.5806207418622256,11,2.411949685534591,2.8766086298258897,0.0757002271006813,0.5853976531942634,1.00822724885218,12.181448608244043,1356,0.4446902654867257,-0.014395280527170916,0.5553097345132744,10,2.1763005780346822,2.286135693215339,0.07374631268436578,0.5412234042553191,0.9746333813681444,11.364621330991035
GRID short,EOD,50.0,20.0,4913,0.42967636881742316,-0.01409220432384522,0.5703236311825768,16,2.298605414273995,2.503561978424588,0.10177081213108082,0.5651553016779721,0.9909379004796136,14.159599168530768,2236,0.426654740608229,-0.01522137744508871,0.5733452593917711,16,2.30990990990991,2.415026833631485,0.13416815742397137,0.5670826833073322,0.9890771293878274,12.871026935096644,1321,0.41937925813777444,-0.011869795216497015,0.5806207418622256,11,2.411949685534591,2.8766086298258897,0.0757002271006813,0.5853976531942634,1.00822724885218,12.181448608244043,1356,0.4446902654867257,-0.014395280527170916,0.5553097345132744,10,2.1763005780346822,2.286135693215339,0.07374631268436578,0.5412234042553191,0.9746333813681444,11.364621330991035
GRID short,5D,5.0,1.0,27445,0.49240298779376934,-0.11275460010710778,0.5075970122062307,20,2.060189293108548,1.7015849881581346,0.08016032064128256,0.5146077094250233,1.013811541538279,14.378581433793329,8163,0.4885458777410266,-0.114976111726385,0.5114541222589735,20,2.0755842864246645,1.5558005635183143,0.11025358324145534,0.5182079540009583,1.0132051565292988,12.726367859360138,7670,0.4971316818774446,-0.10563233375278652,0.5028683181225554,10,2.022560335781742,1.7470664928292048,0.05215123859191656,0.5058335493907182,1.0058966356823462,12.335359069916924,11612,0.4919910437478471,-0.11589734757448239,0.5080089562521529,14,2.0745166959578207,1.7740268687564589,0.0775060282466414,0.5177966101694915,1.0192666955904621,13.125123761395065
GRID short,5D,5.0,2.0,21103,0.3217078140548737,-0.13349997630377503,0.6782921859451263,20,3.1745398092703483,4.58702554139222,0.7013220869070749,0.6849937124493503,1.0098799995681598,23.71641611488413,5484,0.3211159737417943,-0.12719730124378617,0.6788840262582057,20,3.1866438356164384,4.613420860685631,0.7476294675419402,0.6861902203116604,1.0107620650521478,20.28681607111003,5796,0.32091097308488614,-0.13885438231260366,0.6790890269151139,20,3.17258064516129,4.7273982056590755,0.6211180124223602,0.6849593495934959,1.0086444080904224,20.444361719647898,9823,0.322508398656215,-0.13385930978671617,0.6774916013437849,20,3.1689671584959545,4.489463504021175,0.7227934439580576,0.6843449519230769,1.0101157720120788,21.685374456303457
GRID short,5D,5.0,3.0,17684,0.24112191811807285,-0.1370052024425414,0.7588780818819272,29,4.205578188655594,5.960190002261932,1.6229359873331826,0.7622773679111707,1.0044793572385353,31.883852537220896,4311,0.23614010670378102,-0.1483298538660245,0.763859893296219,29,4.297650130548303,5.984690327070286,1.716539086058919,0.767314702308627,1.0045228307477956,27.35302870357422,4811,0.24069839950114322,-0.14311993347400345,0.7593016004988568,27,4.1207674943566595,6.048638536686759,1.6004988567865308,0.7574596222283055,0.9975741151219212,27.215552600797068,8562,0.24386825508058865,-0.12786732072355353,0.7561317449194114,26,4.208576998050682,5.89815463676711,1.5884139219808455,0.7624343527957986,1.0083353303425437,28.909645049463638
GRID short,5D,5.0,5.0,13976,0.16041785918717802,-0.15304092730769212,0.839582140812822,50,6.366793271839392,6.661419576416715,2.9550658271322265,0.843006903605216,1.0040791277302283,46.92509559697211,3133,0.15831471433131183,-0.1766996489264132,0.8416852856686882,35,6.508641975308642,6.447494414299395,3.096074050430897,0.8463581183611533,1.0055517576130046,38.86066823504707,3785,0.16142668428005283,-0.15136063406380154,0.8385733157199472,33,6.356713426853707,6.948480845442536,2.9590488771466315,0.8427851291745432,1.0050225941794726,39.21694002779784,7058,0.16081042788325306,-0.14344006801290657,0.8391895721167469,50,6.310969116080937,6.602436950977614,2.8903372060073673,0.8416343069390512,1.0029132092479864,42.91573482661185
GRID short,5D,5.0,8.0,11177,0.11362619665384271,-0.14542363780825793,0.8863738033461573,72,8.990018148820326,6.057081506665474,3.462467567325758,0.88885523924894,1.0027995365989102,63.53743322344483,2432,0.12006578947368421,-0.20581825649378774,0.8799342105263158,47,8.226923076923077,6.167763157894736,3.453947368421053,0.8784478728377747,0.9983108536175084,48.39410512347675,2998,0.11074049366244162,-0.17129753167288997,0.8892595063375583,72,9.347368421052632,5.803869246164109,3.4356237491661106,0.8930982745686422,1.0043168143873928,53.87967804536825,5747,0.11240647294240473,-0.10636854011398644,0.8875935270575953,56,9.163375224416518,6.1423351313728904,3.480076561684357,0.8910017643599294,1.0038398627281933,58.60699347169539
GRID short,5D,5.0,10.0,10190,0.0958783120706575,-0.1616781158089155,0.9041216879293424,72,10.663194444444445,5.682041216879293,3.5917566241413152,0.9063178462874512,1.0024290517387526,73.53104618683957,2285,0.11028446389496718,-0.2028008753706961,0.8897155361050328,47,8.758620689655173,6.12691466083151,3.588621444201313,0.8858267716535433,0.9956292047360287,51.75885083270732,2725,0.09064220183486238,-0.2187522934828423,0.9093577981651376,72,11.63849765258216,5.5045871559633035,3.5596330275229358,0.9140782573618395,1.0051909811586006,63.55812731553382,5180,0.09227799227799227,-0.1135135135386928,0.9077220077220077,58,11.221957040572793,5.579150579150579,3.61003861003861,0.9110827483514146,1.003702389719338,69.18614329159628
GRID short,5D,5.0,12.0,9443,0.08598962194217939,-0.165646510823702,0.9140103780578206,72,11.807113543091655,5.379646298845706,3.558191252779837,0.9154113557358053,1.0015327809307393,80.43014100640175,2116,0.10680529300567108,-0.21729678696476373,0.8931947069943289,47,9.08173076923077,6.190926275992439,3.260869565217391,0.8898888300688195,0.9962988171564138,52.60047480704756,2539,0.08231587239070501,-0.20594722334561888,0.917684127609295,72,12.668478260869565,5.080740448995667,3.623473808586058,0.9210639210639211,1.003682959476951,68.41029114708974,4788,0.07873851294903926,-0.12144945706276461,0.9212614870509608,67,13.011799410029498,5.179615705931495,3.654970760233918,0.9233560090702948,1.0022735369368785,78.87247554166598
GRID short,5D,5.0,15.0,8662,0.07815746940660355,-0.14753521146413842,0.9218425305933965,76,12.920711974110032,5.010390210113138,3.4634033710459478,0.9227204408817635,1.000952343007869,86.68107887768117,1998,0.10710710710710711,-0.209184184563804,0.8928928928928929,50,9.005050505050505,5.955955955955956,3.3533533533533535,0.8889512058328659,0.995585487250037,51.96047350081305,2342,0.07258753202391119,-0.20839026507840386,0.9274124679760888,76,14.11038961038961,4.6968403074295475,3.5012809564474807,0.9291302346985734,1.001852214394134,75.31258297838295,4322,0.06779268857010644,-0.08605969461601115,0.9322073114298935,67,15.146616541353383,4.743174456270245,3.493752892179546,0.9342105263157895,1.0021488942012515,88.63629608302804
GRID short,5D,5.0,20.0,7831,0.06933980334567744,-0.1840633383372417,0.9306601966543225,80,14.753036437246964,4.660962839994892,3.179670540160899,0.9323452724029093,1.0018106240652007,95.1611232932642,1851,0.11021069692058347,-0.22887628427603984,0.8897893030794165,38,8.849462365591398,6.374932468935711,3.1874662344678555,0.8869987849331713,0.9968638439048574,49.9863457292594,2148,0.06517690875232775,-0.20872905068030764,0.9348230912476723,80,15.818897637795276,4.515828677839851,3.1191806331471135,0.9367844698855152,1.0020981281444654,81.38439545228263,3832,0.051931106471816285,-0.1485908140560636,0.9480688935281837,67,20.07182320441989,3.914405010438413,3.209812108559499,0.9504405286343612,1.0025015430021669,109.58275315463342
GRID short,5D,8.0,1.0,18676,0.4907367744699079,-0.0760752436281859,0.5086206896551724,20,2.097372488408037,1.7402013279074746,0.11779824373527523,0.5232129697862933,1.028689906698475,13.850441844946255,4578,0.48820445609436436,-0.06898481869812145,0.5102664919178681,20,2.126593806921676,1.507208387942333,0.19659239842726078,0.5297644539614561,1.0382113314364494,11.824688660633408,5095,0.4910696761530913,-0.07915235525024533,0.5085377821393523,12,2.1004862236628847,1.9430814524043178,0.09813542688910697,0.5239197530864198,1.0302474496238165,11.926277478229203,9003,0.49183605464845054,-0.07793929801177385,0.5078307230923026,17,2.0810195721438327,1.743863156725536,0.08885926913251138,0.5194663167104112,1.0229123467506194,12.743043718765518
GRID short,5D,8.0,2.0,13324,0.3243020114079856,-0.08589997373161212,0.6747223056139298,22,3.163265306122449,4.593215250675472,0.848093665565896,0.6838709677419355,1.0135591517456672,22.250930343800388,2915,0.316295025728988,-0.09323542024013722,0.6813036020583191,20,3.170926517571885,4.356775300171527,0.9948542024013722,0.6846347607052897,1.0048893894541386,18.812994837345837,3592,0.3237750556792873,-0.09241891703786191,0.6753897550111359,22,3.151948051948052,4.760579064587973,0.8351893095768375,0.6827358879274825,1.0108768794045826,18.96295275018312,6817,0.32800352061023913,-0.07932833357782015,0.6715564031098724,20,3.1659751037344397,4.60613172949978,0.7921373037993251,0.6841415465268676,1.0187402627072208,20.323391216473787
GRID short,5D,8.0,3.0,10825,0.240554272517321,-0.10622979214780601,0.7585219399538107,26,4.23902942694889,6.07852193995381,1.7090069284064664,0.7640969431250761,1.0073498245437764,30.05839154119248,2211,0.23518769787426505,-0.12526854364540932,0.7630031659882406,20,4.323076923076923,6.015377657168702,1.6734509271822704,0.7686832740213523,1.007444409520575,24.78231487979097,2912,0.23901098901098902,-0.11873282967032966,0.7599587912087912,26,4.20532319391635,6.146978021978022,1.6826923076923077,0.7623136014460009,1.0030986025353614,25.46387110627523,5702,0.24342336022448263,-0.09246207471062785,0.756050508593476,21,4.224289911851127,6.06804629954402,1.7362329007365835,0.7632189239332097,1.009481397417574,27.445858688770095
GRID short,5D,8.0,5.0,8252,0.1685651963160446,-0.10599324406204556,0.8301017935046049,39,5.9825327510917035,6.543868153174988,2.82355792535143,0.8328467153284671,1.0033067291810964,41.511618601840674,1637,0.18509468540012217,-0.12484728161270617,0.8118509468540013,28,5.228346456692913,6.536346976175931,2.1991447770311545,0.8087349397590361,0.9961618482961189,29.759761120859608,2219,0.16358720144209105,-0.13550585849481747,0.8350608382154123,37,6.092105263157895,6.399278954484002,2.974312753492564,0.8359417161359957,1.0010548667597272,35.44900576768894,4396,0.16492265696087352,-0.08407501137397634,0.8343949044585988,39,6.252129471890971,6.619654231119199,2.9799818016378525,0.8400109021531752,1.0067306231912099,39.08884914799193
GRID short,5D,8.0,8.0,6633,0.12618724559023067,-0.12201304085632445,0.872003618272275,46,7.955983493810179,6.452585557063169,3.3016734509271823,0.8743084370677732,1.0026431298531362,52.95478978660711,1393,0.16798277099784636,-0.13688980617372576,0.8277099784637473,29,5.674876847290641,6.81981335247667,2.3689877961234744,0.8237847222222222,0.9952576912884263,31.53638649174176,1799,0.11895497498610338,-0.17620900500277933,0.8793774319066148,46,8.650273224043715,6.170094496942746,3.6131183991106166,0.8843967150979154,1.00570776893878,45.843916613674594,3441,0.11304853240337111,-0.08765620459168846,0.8860796280151119,40,8.941348973607038,6.451612903225806,3.5164196454519034,0.8881600524762218,1.002347897858537,53.64258192507831
GRID short,5D,8.0,10.0,6033,0.1148682247637991,-0.1202656224100779,0.8831427150671308,49,8.677524429967427,6.000331510028179,3.3979777888281117,0.8847597597597597,1.0018310117549982,56.919215186491755,1301,0.17140661029976942,-0.1242553804765565,0.8239815526518063,30,5.578125,6.3028439661798625,2.382782475019216,0.8207282913165266,0.9960517789205234,30.54700632614231,1623,0.10536044362292052,-0.19864833641404805,0.8927911275415896,49,9.477124183006536,5.8533579790511405,3.4504004929143557,0.8944827586206896,1.001894766902263,50.08309090645851,3109,0.09617240270183339,-0.07767770987455773,0.9028626568028305,42,10.434944237918216,5.950466387906079,3.7954326149887425,0.9041681510509441,1.0014459499883808,61.03190047778473
GRID short,5D,8.0,12.0,5561,0.10807408739435354,-0.13277175867649704,0.8897680273332135,49,9.300751879699249,5.790325481028592,3.3087574177306243,0.8924818108326596,1.003049989903076,59.39635911596499,1254,0.1722488038277512,-0.15585127591706538,0.8229665071770335,24,5.543010752688172,6.4593301435406705,2.472089314194577,0.8195926285160039,0.9959003451153768,30.1912558137932,1524,0.10039370078740158,-0.1842396653543307,0.8976377952755905,49,9.778571428571428,5.905511811023622,3.2808398950131235,0.8977355734112491,1.0001089282739355,51.60785234562951,2783,0.08336327703916636,-0.09418792669780812,0.9155587495508444,46,12.368932038834952,5.425799496945742,3.7010420409629896,0.9191522762951334,1.003924954838837,67.92818574604424
GRID short,5D,8.0,15.0,5199,0.10059626851317562,-0.17488339103673783,0.8970955953067897,55,10.073434125269978,5.404885554914406,3.2890940565493363,0.9007289879931389,1.0040501733654223,62.66683579603664,1245,0.17028112449799196,-0.17231425702811246,0.8248995983935743,29,5.637362637362638,6.265060240963856,2.4096385542168677,0.8226120857699805,0.9972269199451078,30.470874328711982,1439,0.09381514940931203,-0.2367529534398888,0.9041000694927033,50,10.85,5.628908964558722,3.4746351633078527,0.9078341013824884,1.0041301090617993,54.09942683152909,2515,0.06998011928429423,-0.14075546719681908,0.9288270377733598,55,14.509316770186336,4.850894632206759,3.618290258449304,0.9310787671232876,1.0024242719670668,77.57628318090767
GRID short,5D,8.0,20.0,4770,0.10083857442348008,-0.1656970649895178,0.8966457023060797,84,9.969696969696969,5.471698113207547,3.1446540880503147,0.8996960486322189,1.0034019527649483,61.6269696134457,1223,0.1733442354865086,-0.14613143908421913,0.821749795584628,24,5.516483516483516,6.377759607522486,2.5347506132461164,0.8187250996015937,0.9963192008087055,29.867338317668548,1326,0.09502262443438914,-0.24321266968325791,0.9027149321266968,49,10.601769911504425,5.806938159879336,3.092006033182504,0.9056761268781303,1.003280321002841,52.622559233139555,2221,0.06438541197658712,-0.13019191805493022,0.9342638451148132,84,15.485074626865671,4.7726249437190456,3.5119315623592975,0.935421686746988,1.0012393090434026,81.28090809156456
GRID short,5D,10.0,1.0,14911,0.48755951981758433,-0.07060223995975608,0.5124404801824156,20,2.1154485049833887,1.7906243712695324,0.08047749983233854,0.5273560209424084,1.029106874528498,13.66261797823508,3345,0.4804185351270553,-0.07125560540723012,0.5195814648729447,20,2.1779448621553885,1.7040358744394617,0.1195814648729447,0.5411629245826137,1.0415362386241904,11.656620444837605,3989,0.485585359739283,-0.07840310853235644,0.5144146402607169,17,2.1375,1.905239408373026,0.0501378791677112,0.5319045299561617,1.0339995955141954,11.754823801590183,7577,0.49175135277814436,-0.06620694206382058,0.5082486472218556,16,2.077130528586839,1.7685099643658437,0.07918701332981391,0.5187012987012987,1.0205660192832355,12.50309139125413
GRID short,5D,10.0,2.0,10302,0.3223645894001165,-0.08477722773743712,0.6776354105998835,20,3.1993583868010997,4.73694428266356,0.747427683944865,0.6874373298954305,1.0144648864894321,21.818677156627807,2066,0.31510164569215876,-0.09386495653222698,0.6848983543078412,20,3.2731481481481484,5.033881897386254,0.7260406582768635,0.6944837340876945,1.0139953318905843,18.14198748257261,2761,0.3198116624411445,-0.10037124227896073,0.6801883375588554,18,3.192176870748299,4.708438971387179,0.7243752263672582,0.6869009584664537,1.00986876801165,18.59912076182588,5475,0.32639269406392696,-0.07348401826913345,0.6736073059360731,19,3.1755593803786577,4.639269406392694,0.7671232876712328,0.6850094876660342,1.0169270458165773,19.913391091533004
GRID short,5D,10.0,3.0,8276,0.24202513291445144,-0.10511720643011443,0.7579748670855486,27,4.232793522267206,6.065732237796037,1.6674722087965201,0.7637494021999044,1.0076183728051025,29.01805213573544,1597,0.2536005009392611,-0.09774577366555486,0.7463994990607389,26,4.051020408163265,6.136505948653726,1.127113337507827,0.7531486146095718,1.0090422294727233,21.999881378331025,2221,0.23728050427735253,-0.1279040971798601,0.7627194957226474,19,4.286075949367088,6.2134173795587575,1.7109410175596578,0.7668240850059032,1.0053815187710218,24.768683090354354,4458,0.24024226110363392,-0.09640533872485918,0.7597577388963661,27,4.273644388398487,5.966801256168686,1.8393898609241812,0.7659386068476978,1.0081353142388652,26.991874196279525
GRID short,5D,10.0,5.0,6340,0.17602523659305994,-0.10245662465872794,0.8239747634069401,34,5.759647188533627,6.561514195583597,2.634069400630915,0.8263782542113323,1.0029169471094652,38.72573858136582,1261,0.21728786677240286,-0.09072164961422544,0.7827121332275971,23,4.401785714285714,6.4234734337827115,1.506740681998414,0.7728194726166329,0.9873610486013922,24.76764608243864,1699,0.1612713360800471,-0.18840494413760264,0.8387286639199529,31,6.337777777777778,6.4155385520894646,3.29605650382578,0.8422159887798036,1.0041578701311482,34.698712026691645,3380,0.1680473372781065,-0.06363165682931496,0.8319526627218935,34,6.139737991266376,6.686390532544379,2.72189349112426,0.837126600284495,1.0062190287914627,37.109149715143424
GRID short,5D,10.0,8.0,5122,0.14174150722374074,-0.10426103095293014,0.8582584927762593,47,7.124797406807131,6.501366653650918,3.2018742678641154,0.8596451319381255,1.0016156428087075,46.37440170500531,1111,0.21332133213321333,-0.09581458263709312,0.7866786678667866,26,4.570680628272251,6.5706570657065715,1.8001800180018002,0.7812142038946163,0.9930537534632937,24.69536420553522,1375,0.12872727272727272,-0.1914363632161549,0.8712727272727273,47,7.8881578947368425,6.472727272727273,3.490909090909091,0.8732276897414513,1.0022438008301298,41.251379319661176,2636,0.11836115326251896,-0.062348254859218216,0.881638846737481,35,8.481751824817518,6.487101669195751,3.6418816388467374,0.8820998278829604,1.0005228684593301,49.67118226399276
GRID short,5D,10.0,10.0,4672,0.13227739726027396,-0.11673266292926265,0.867722602739726,48,7.8111753371868975,6.228595890410959,3.296232876712329,0.8721934369602763,1.0051523772763717,48.86235284413671,1057,0.21759697256385999,-0.12197256595629259,0.78240302743614,21,4.5136612021857925,6.622516556291391,1.7975402081362346,0.7784503631961259,0.9949480458262456,24.013609956698257,1294,0.1213292117465224,-0.1640649147300067,0.8786707882534776,48,8.42962962962963,6.2596599690881,3.4775888717156103,0.8813708260105448,1.0030728661896615,43.05364814528969,2321,0.0995260663507109,-0.08795777653127128,0.9004739336492891,43,10.398009950248756,6.031882809133994,3.877638948728996,0.9042604116802297,1.0042049834975184,56.92043792809882
GRID short,5D,10.0,12.0,4329,0.12612612612612611,-0.15041580073488664,0.8738738738738738,49,8.241830065359476,6.0753060753060755,3.234003234003234,0.878900052882073,1.0057516069062897,50.529955761531895,1050,0.21714285714285714,-0.1280238115432705,0.7828571428571428,21,4.510989010989011,6.571428571428571,1.7142857142857144,0.7783191230207065,0.9942032593330193,24.036036636850593,1201,0.11656952539550375,-0.22766444624047574,0.8834304746044963,49,9.076923076923077,6.244796003330558,3.4970857618651126,0.8898305084745762,1.007244524672918,44.027375624582284,2078,0.08565928777670838,-0.11708373403565922,0.9143407122232916,43,11.875,5.726660250240616,3.849855630413859,0.9162717219589257,1.0021119148582356,63.80881646402456
GRID short,5D,10.0,15.0,4039,0.12552612032681357,-0.15872740802839075,0.8744738796731865,66,8.271662763466042,5.966823471156227,3.119584055459272,0.8793542905692439,1.0055809681792685,50.23858349224101,1035,0.21932367149758455,-0.1339372006231449,0.7806763285024154,21,4.458563535911602,6.473429951690821,1.7391304347826086,0.7757125154894672,0.9936416504103943,23.74184079051307,1138,0.11687170474516696,-0.2251318099893825,0.883128295254833,49,8.982142857142858,6.32688927943761,3.163444639718805,0.8886679920477137,1.0062728108958192,43.492100270342604,1866,0.07877813504823152,-0.13198017074695986,0.9212218649517685,66,12.828358208955224,5.466237942122187,3.858520900321544,0.9225844004656577,1.001479052512459,67.35296356553138
GRID short,5D,10.0,20.0,3763,0.13021525378687218,-0.14222694677247916,0.8697847462131278,65,8.061576354679802,5.926122774382142,2.8700504916290193,0.8762224938875306,1.0074015412461892,48.03866303017388,1024,0.2216796875,-0.13129883070796375,0.7783203125,21,4.397790055248619,6.4453125,1.7578125,0.7726130653266332,0.9926672257145199,23.449480603734056,1047,0.12129894937917861,-0.22796083922749844,0.8787010506208214,49,8.607476635514018,6.4947468958930274,3.151862464183381,0.8838219326818675,1.0058277864325167,41.42532992103693,1692,0.08037825059101655,-0.09578900673089909,0.9196217494089834,65,13.186440677966102,5.260047281323877,3.368794326241135,0.9247588424437299,1.0055860934542358,65.01699626472606
GRID short,5D,12.0,1.0,12242,0.4900343081195883,-0.05630547840741209,0.5099656918804117,20,2.112690355329949,1.9441267766704788,0.0735173991177912,0.5267542454341557,1.0329209470775162,13.275445729760216,2613,0.47876004592422505,-0.061638920792117906,0.521239954075775,20,2.16031746031746,1.951779563719862,0.15308075009567548,0.5371050698016164,1.0304372594652158,11.331724788790419,3251,0.4915410642879114,-0.05746308826830467,0.5084589357120886,15,2.1246786632390746,1.8763457397723777,0.09227929867733005,0.529340592861464,1.041068522318584,11.259389763634468,6378,0.49388523047977423,-0.05353036479672669,0.5061147695202258,17,2.0872656755009698,1.975540921919097,0.03135779241141424,0.5210656753407683,1.029540544400068,12.176154839698674
GRID short,5D,12.0,2.0,8293,0.32159652719160736,-0.0792761967943474,0.6784034728083926,20,3.1911514463981847,4.763053177378512,0.8199686482575667,0.6866334873800213,1.012131445226185,21.318619167470036,1634,0.31701346389228885,-0.08340983272057993,0.6829865361077111,20,3.1766381766381766,4.834761321909425,0.8567931456548347,0.6852017937219731,1.0032434865069033,17.40592968449785,2181,0.32003668042182487,-0.08861569616839209,0.6799633195781751,17,3.162046908315565,4.630903255387437,0.7794589637780834,0.6837491571139582,1.0055677084730565,17.973206371906226,4478,0.32402858418937025,-0.07321907101537332,0.6759714158106297,17,3.211028632025451,4.8012505582849485,0.8262617239839214,0.6885733157199472,1.0186426520627432,19.564142498121143
GRID short,5D,12.0,3.0,6564,0.24862888482632542,-0.0837681545611498,0.7513711151736746,30,4.072667217175888,5.880560633759903,1.5234613040828764,0.7544606650446066,1.0041118826749387,27.39786826764976,1234,0.2633711507293355,-0.10210696909765957,0.7366288492706645,20,3.736625514403292,5.429497568881685,1.1345218800648298,0.7323788546255506,0.9942304803167541,20.31003067754581,1750,0.24342857142857144,-0.10594047619011968,0.7565714285714286,24,4.176656151419558,6.057142857142858,1.542857142857143,0.7605740181268882,1.0052904318142404,23.272867210204314,3580,0.24608938547486034,-0.06660847300004363,0.7539106145251396,30,4.147465437788019,5.949720670391061,1.6480446927374302,0.7588888888888888,1.0066032687003417,25.54863858969982
GRID short,5D,12.0,5.0,5052,0.18527315914489312,-0.09243451460668989,0.8147268408551069,34,5.437252311756935,6.571654790182106,2.4742676167854314,0.8160835762876579,1.0016652641898074,35.7065840354783,1033,0.24104549854791868,-0.10279525771782946,0.7589545014520813,19,4.015384615384615,6.098741529525654,1.452081316553727,0.7509578544061303,0.9894636015325671,21.597011308408028,1376,0.17223837209302326,-0.1519349562121513,0.8277616279069767,34,5.846153846153846,6.686046511627906,2.616279069767442,0.8289473684210527,1.0014324661522112,31.480417821179895,2643,0.170261066969353,-0.05740793296348877,0.8297389330306469,31,5.975476839237057,6.696935300794552,2.7998486568293606,0.8326493388052896,1.0035076162619154,35.32457314035001
GRID short,5D,12.0,8.0,4089,0.15627292736610418,-0.09778266948916811,0.8437270726338958,42,6.571428571428571,6.480802152115432,2.8368794326241136,0.8478260869565217,1.004858223062382,40.91270755305388,918,0.24727668845315903,-0.11006717764709609,0.7527233115468409,19,4.0588235294117645,6.318082788671024,1.3071895424836601,0.7536231884057971,1.0011954948719564,20.630047982813675,1125,0.1448888888888889,-0.15381481533249167,0.8551111111111112,42,6.878571428571429,6.577777777777778,2.8444444444444446,0.8546209761163032,0.9994268171838264,35.73057888343293,2046,0.1217008797653959,-0.061461387689197226,0.8782991202346041,38,8.35813953488372,6.500488758553274,3.519061583577713,0.8803561491374513,1.0023420596189345,46.465739560557395
GRID short,5D,12.0,10.0,3761,0.14357883541611274,-0.1608614736764665,0.8564211645838873,43,7.270880361173815,6.168572188247806,3.1906407870247273,0.8624650729587084,1.0070571683941951,43.816638393620764,907,0.24586549062844543,-0.1303748649314679,0.7541345093715546,19,4.041420118343195,6.174200661521499,1.4332965821389196,0.7525622254758418,0.9979151147757143,20.707299062776762,1049,0.13536701620591038,-0.22940498938612672,0.8646329837940896,43,7.760683760683761,6.3870352716873215,3.241182078169685,0.8711453744493393,1.0075319711106472,37.54070839789472,1805,0.09695290858725762,-0.1363457984145674,0.9030470914127424,38,10.382165605095542,6.038781163434903,4.044321329639889,0.903680981595092,1.0007019458767736,55.80470178481256
GRID short,5D,12.0,12.0,3504,0.14526255707762556,-0.15570895204673724,0.8547374429223744,51,7.097156398104265,6.078767123287672,2.968036529680365,0.8590984974958263,1.0051022154341822,42.884347412687006,891,0.24915824915824916,-0.12897493697151116,0.7508417508417509,19,3.9761904761904763,6.0606060606060606,1.4590347923681257,0.7485029940119761,0.9968851534598964,20.36777539171487,993,0.14098690835850958,-0.18810842542234596,0.8590130916414904,43,7.362068965517241,6.445115810674723,2.8197381671701915,0.8641686182669789,1.006001685743388,35.81507452053683,1620,0.09074074074074075,-0.1505529831393522,0.9092592592592592,51,10.673913043478262,5.864197530864197,3.888888888888889,0.9063136456211812,0.9967604249194254,58.02963887776919
GRID short,5D,12.0,15.0,3335,0.14632683658170914,-0.1362506251355927,0.8536731634182908,52,7.171284634760705,5.997001499250374,2.7586206896551726,0.8605549701440113,1.0080614068950748,42.27636843463425,883,0.25141562853907135,-0.12445734458648293,0.7485843714609286,19,3.9285714285714284,6.0022650056625135,1.3590033975084939,0.7454545454545455,0.9958190070141659,20.15079007239262,931,0.14070891514500536,-0.20430540629437974,0.8592910848549946,43,7.348623853211009,6.44468313641246,2.685284640171858,0.8639200998751561,1.005387016229713,35.45440438869139,1521,0.08875739644970414,-0.10144093773651552,0.9112426035502958,52,11.55,5.719921104536489,3.616042077580539,0.9134199134199135,1.0023893855062687,58.48552000097211
GRID short,5D,12.0,20.0,3121,0.15475809035565524,-0.12711604219159403,0.8452419096443448,52,6.781491002570694,5.959628324255046,2.6594040371675747,0.8525398028809704,1.0086340882454543,39.68985211776167,881,0.25198637911464244,-0.11856791708509964,0.7480136208853575,19,3.9166666666666665,5.902383654937571,1.362088535754824,0.7446808510638298,0.9955445065056663,20.09653880928551,869,0.14614499424626007,-0.21358362006721465,0.85385500575374,52,7.076190476190476,6.444188722669736,2.8768699654775602,0.8586810228802153,1.0056520335349153,33.813905161817786,1371,0.09773887673231219,-0.07780209109377437,0.9022611232676878,50,10.663793103448276,5.689277899343545,3.3552151714077314,0.9062247372675829,1.0043929788147585,52.73257380589839
GRID short,5D,15.0,1.0,9431,0.4883893542572368,-0.04865160992584226,0.5116106457427633,20,2.120879120879121,2.046442582971053,0.09542996500901282,0.5284974093264249,1.0330070605922306,12.94737498872026,1892,0.47198731501057084,-0.053523608154687013,0.5280126849894292,20,2.2376681614349776,2.3255813953488373,0.21141649048625794,0.5531062124248497,1.0475244783862017,11.043036188195956,2507,0.4882329477463103,-0.05482648581567425,0.5117670522536897,12,2.10327868852459,2.114080574391703,0.03988831272437176,0.524551831644583,1.0249816382953776,10.975209992037806,5032,0.4946343402225755,-0.04374337572375773,0.5053656597774245,14,2.0869565217391304,1.9077901430842605,0.0794912559618442,0.5208333333333334,1.030606894743741,11.803542992712522
GRID short,5D,15.0,2.0,6241,0.32606954013779843,-0.06814345998307213,0.6739304598622016,19,3.12481426448737,4.646691235378945,0.753084441595898,0.6799809795530195,1.0089779584855907,20.267517400785987,1176,0.3239795918367347,-0.09625850365794873,0.6760204081632653,19,3.176,4.506802721088436,0.7653061224489796,0.6851385390428212,1.0134879520935318,16.152531964823176,1666,0.32533013205282113,-0.07175870357135597,0.6746698679471789,14,3.046070460704607,4.321728691476591,0.8403361344537815,0.6717081850533808,0.9956101746431784,16.963559835260902,3399,0.32715504560164754,-0.056644111004018054,0.6728449543983525,16,3.1471801925722147,4.854368932038835,0.706090026478376,0.6822552447552448,1.013985822878477,18.657855493822368
GRID short,5D,15.0,3.0,5058,0.2593910636615263,-0.05979636218038864,0.7406089363384737,25,3.9102296450939455,5.970739422696718,1.3048635824436536,0.7442605445808863,1.0049305484490452,25.330698848979658,1010,0.28415841584158413,-0.10602310255120613,0.7158415841584158,20,3.4879227053140096,5.445544554455446,0.9900990099009901,0.7132963988919667,0.9964444853124294,18.156145999980495,1321,0.24299772899318697,-0.11775170303298253,0.757002271006813,22,4.223628691983122,5.677517032551098,1.6654049962149888,0.7632367632367633,1.0082357642357642,22.304925987333956,2727,0.25815914924825817,-0.014600904519642332,0.7418408507517419,25,3.9357976653696496,6.307297396406307,1.2467913458012467,0.7459218981710332,1.0055012438519066,23.389777376049338
GRID short,5D,15.0,5.0,3924,0.19648318042813456,-0.0878270472323113,0.8035168195718655,30,5.0772946859903385,6.600407747196738,2.293577981651376,0.8030447193149381,0.9994124575299135,32.526979943907676,872,0.2626146788990826,-0.12584097864596103,0.7373853211009175,20,3.754385964912281,5.5045871559633035,1.146788990825688,0.7336448598130841,0.9949273993110564,19.23092592793707,1047,0.17956064947468958,-0.1617319324115191,0.8204393505253104,30,5.477707006369426,6.4947468958930274,2.387774594078319,0.8174418604651162,0.99634648184747,28.874395457494746,2005,0.1765586034912718,-0.03270157941416458,0.8234413965087282,25,5.63481228668942,7.132169576059851,2.7431421446384037,0.8225317989097517,0.9988953705718063,32.684396257991516
GRID short,5D,15.0,8.0,3198,0.16948092557848654,-0.14118198845187452,0.8305190744215134,34,6.009049773755656,6.378986866791744,2.8142589118198873,0.8335843373493976,1.0036907796850052,36.50755953041183,823,0.26366950182260024,-0.16480356383753303,0.7363304981773997,20,3.7577639751552794,5.467800729040097,1.2150668286755772,0.7338842975206612,0.9966778496031422,18.962790864604205,865,0.15722543352601157,-0.22716763006569807,0.8427745664739884,29,6.517857142857143,6.473988439306358,3.005780346820809,0.8465753424657534,1.0045098370821355,31.593946481492278,1510,0.1251655629139073,-0.07905077220127715,0.8748344370860928,34,7.816568047337278,6.821192052980132,3.576158940397351,0.8720666161998486,0.9968361774880934,43.01570300083552
GRID short,5D,15.0,10.0,2975,0.16941176470588235,-0.13959103623881072,0.8305882352941176,41,6.0268292682926825,6.2521008403361344,2.4873949579831933,0.8340752731687576,1.0041982750615355,36.13255863048952,821,0.26431181485992694,-0.15793747472971117,0.7356881851400731,20,3.7453416149068324,5.481120584652863,1.2180267965895248,0.7330016583747927,0.9963482806716967,18.907455540687366,810,0.1617283950617284,-0.20423868318996613,0.8382716049382716,28,6.355140186915888,6.419753086419753,2.7160493827160495,0.8426470588235294,1.0052196136186433,30.406983108000926,1344,0.11607142857142858,-0.08942212252489497,0.8839285714285714,41,8.366197183098592,6.622023809523809,3.125,0.8804713804713805,0.9960888344726729,45.107883368836774
GRID short,5D,15.0,12.0,2870,0.16933797909407666,-0.1395993027799409,0.8306620209059233,42,6.081632653061225,6.132404181184669,2.543554006968641,0.8355704697986577,1.0059090806720417,35.954080137316424,813,0.26691266912669126,-0.15834358373764482,0.7330873308733087,20,3.71875,5.412054120541206,1.2300123001230012,0.7310924369747899,0.9972787772827252,18.686089291225013,778,0.16323907455012854,-0.1927592104853099,0.8367609254498715,28,6.150943396226415,6.426735218508997,2.6992287917737787,0.8374233128834356,1.0007916089451812,29.920165735907094,1279,0.11102423768569195,-0.09534792778899337,0.8889757623143081,42,9.023809523809524,6.411258795934324,3.2838154808444098,0.8891820580474934,1.0002320600200034,46.51544449094275
GRID short,5D,15.0,15.0,2738,0.17421475529583638,-0.14076576545093655,0.8257852447041636,37,5.888020833333333,6.1723886048210375,2.3739956172388608,0.8301636444051305,1.0053021045472124,34.73507308795026,813,0.26691266912669126,-0.15465354683727586,0.7330873308733087,20,3.71875,5.412054120541206,1.2300123001230012,0.7310924369747899,0.9972787772827252,18.686089291225013,735,0.16870748299319727,-0.21782312849599827,0.8312925170068027,36,5.941747572815534,6.666666666666667,2.312925170068027,0.8316993464052288,1.000489393793524,28.71133385440535,1190,0.11428571428571428,-0.08368347292551966,0.8857142857142857,37,8.710743801652892,6.386554621848739,3.1932773109243695,0.8851992409867173,0.9994184978882292,44.7357953070734
GRID short,5D,15.0,20.0,2670,0.17715355805243446,-0.15192883864171897,0.8228464419475655,41,5.781578947368421,6.217228464419476,2.359550561797753,0.8270368684569868,1.0050925984434023,34.047641768898,811,0.2675709001233046,-0.15780928916785078,0.7324290998766955,20,3.70625,5.30209617755857,1.2330456226880395,0.730185497470489,0.9969367650649269,18.63074138109136,719,0.16968011126564672,-0.22941585382499238,0.8303198887343533,36,5.98,6.536856745479833,2.5034770514603615,0.8327759197324415,1.0029579334801095,28.43997103361843,1140,0.11754385964912281,-0.09887426908601717,0.8824561403508772,41,8.383333333333333,6.666666666666667,3.070175438596491,0.8807157057654076,0.9980277381437025,43.28413902925431
GRID short,5D,20.0,1.0,6624,0.4820350241545894,-0.04806951991108459,0.5179649758454107,20,2.1742712294043094,2.143719806763285,0.1358695652173913,0.5400757796560769,1.042687835745221,12.642733200568083,1252,0.4496805111821086,-0.06658346634209374,0.5503194888178914,20,2.431095406360424,3.035143769968051,0.3194888178913738,0.5886627906976745,1.0696746211226247,11.070375820344275,1773,0.48336153412295546,-0.052397067126914054,0.5166384658770445,10,2.115473441108545,2.086858432036097,0.05640157924421885,0.527292576419214,1.0206219847066227,10.600098982245504,3599,0.4926368435676577,-0.0394970825270147,0.5073631564323423,12,2.1194895591647334,1.8616282300639067,0.11114198388441232,0.5281882868089764,1.0410458073524131,11.375155297661957
GRID short,5D,20.0,2.0,4416,0.33469202898550726,-0.04990942030314598,0.6653079710144928,20,3.0351239669421486,4.619565217391304,0.5434782608695652,0.6705241660993874,1.0078402714414207,18.82648834438212,838,0.34725536992840095,-0.07613365170423549,0.652744630071599,20,2.873684210526316,3.341288782816229,0.8353221957040573,0.652014652014652,0.9988816789548052,14.153007836233957,1176,0.3231292517006803,-0.08307823121078911,0.6768707482993197,14,3.0733590733590734,5.1020408163265305,0.5102040816326531,0.6746231155778895,0.9966793767834146,16.199435554496397,2402,0.335970024979184,-0.024521232317501848,0.664029975020816,17,3.0751445086705202,4.8293089092422985,0.4579517069109076,0.674812030075188,1.0162373017182456,17.2577593414351
GRID short,5D,20.0,3.0,3483,0.268733850129199,-0.07867140406050066,0.7312661498708011,20,3.7511045655375552,5.7421762848119435,1.2919896640826873,0.7334118570867687,1.002934235662825,23.203967456588934,734,0.33242506811989103,-0.08588215304914101,0.667574931880109,20,3.0246913580246915,3.8147138964577656,0.9536784741144414,0.6693877551020408,1.0027155351936694,14.53170885252237,937,0.24546424759871932,-0.15085378865430252,0.7545357524012807,19,3.9277777777777776,6.403415154749199,1.3874066168623265,0.7454031117397454,0.9878963446960982,20.857086566603343,1812,0.25496688741721857,-0.03842439295561682,0.7450331125827815,18,4.005934718100891,6.181015452538632,1.379690949227373,0.7503703703703704,1.0071637860082303,22.307196308747898
GRID short,5D,20.0,5.0,2744,0.22521865889212828,-0.09904792291226322,0.7747813411078717,26,4.641921397379913,6.41399416909621,2.077259475218659,0.7845719661335842,1.0126366298544474,26.94667033839529,669,0.3333333333333333,-0.10543722095739129,0.6666666666666666,20,3.1188811188811187,4.0358744394618835,0.8968609865470852,0.679372197309417,1.0190582959641257,14.259276820099872,748,0.20454545454545456,-0.1628008018516734,0.7954545454545454,17,4.68503937007874,6.951871657754011,2.0053475935828877,0.7865546218487395,0.988811524609844,24.00445459657899,1327,0.18236623963828183,-0.05989073087091503,0.8176337603617182,26,5.7712765957446805,7.309721175584024,2.7128862094951014,0.8267281105990784,1.0111227675253243,29.62871052215926
GRID short,5D,20.0,8.0,2353,0.2129196770080748,-0.1246493836904399,0.7870803229919252,31,4.886543535620053,6.03484912877178,2.337441563960901,0.7953563714902808,1.0105148715532564,27.875511548222974,657,0.3363774733637747,-0.11308980351583242,0.6636225266362252,20,3.0704225352112675,4.10958904109589,0.91324200913242,0.6743119266055045,1.0161076508711389,14.072570561967886,659,0.20182094081942337,-0.17725720641589138,0.7981790591805766,22,4.781818181818182,6.525037936267071,2.12443095599393,0.7908745247148289,0.9908485014963351,23.754692638320538,1037,0.14175506268081003,-0.0985414656563505,0.8582449373191899,31,7.0078740157480315,6.943105110896817,3.3751205400192865,0.8573033707865169,0.9989029162984472,35.921714808940145
GRID short,5D,20.0,10.0,2222,0.21827182718271826,-0.11621287122920669,0.7817281728172817,31,4.851955307262569,5.8505850585058505,2.295229522952295,0.7938975244674726,1.0155672420073254,26.957454642299766,651,0.33947772657450076,-0.1062019986184895,0.6605222734254992,20,3.049645390070922,3.9938556067588324,0.9216589861751152,0.672093023255814,1.017517577068686,13.90803149886211,606,0.2079207920792079,-0.2049711201542832,0.7920792079207921,28,4.705882352941177,6.6006600660066,1.8151815181518154,0.7875,0.9942187499999999,22.724470143168396,965,0.14300518134715026,-0.0672279792302162,0.8569948186528498,31,7.191304347826087,6.632124352331606,3.5233160621761654,0.8609431680773881,1.004607203379298,35.16830085328196
GRID short,5D,20.0,12.0,2163,0.22376329172445678,-0.10513176230237896,0.7762367082755433,31,4.729577464788733,5.871474803513639,2.12667591308368,0.7885646217986897,1.015881642019396,26.185134009366077,649,0.3405238828967643,-0.10643297579564182,0.6594761171032357,20,3.0354609929078014,4.006163328197227,0.9244992295839755,0.6705607476635514,1.0168082365272078,13.853173296179445,601,0.2079866888519135,-0.19477953326620354,0.7920133111480865,28,4.712871287128713,6.655574043261231,1.6638935108153077,0.7878151260504201,0.9946993503283666,22.682011414929356,913,0.1511500547645126,-0.0451944151978936,0.8488499452354874,31,6.8584070796460175,6.681270536692223,3.285870755750274,0.8541935483870968,1.0062951092611863,33.08978405179022
GRID short,5D,20.0,15.0,2106,0.2264957264957265,-0.11966999054312671,0.7735042735042735,31,4.654285714285714,6.030389363722697,1.9943019943019942,0.7851442602823818,1.0150483806965598,25.762009323376002,649,0.3405238828967643,-0.10643297579564182,0.6594761171032357,20,3.0354609929078014,4.006163328197227,0.9244992295839755,0.6705607476635514,1.0168082365272078,13.853173296179445,581,0.2117039586919105,-0.20826161507831356,0.7882960413080895,28,4.673469387755102,6.712564543889846,1.549053356282272,0.7860262008733624,0.9971205735969947,22.155745433945082,876,0.15182648401826485,-0.07071917857528219,0.8481735159817352,31,6.693693693693693,7.077625570776255,3.0821917808219177,0.8506056527590848,1.0028674990806976,32.70305819895437
GRID short,5D,20.0,20.0,2076,0.22639691714836224,-0.1277878134162413,0.7736030828516378,30,4.655072463768116,6.069364161849711,2.023121387283237,0.7851805728518058,1.0149656720051985,25.717484979806986,649,0.3405238828967643,-0.10643297579564182,0.6594761171032357,20,3.0354609929078014,4.006163328197227,0.9244992295839755,0.6705607476635514,1.0168082365272078,13.853173296179445,575,0.21217391304347827,-0.22419564932260932,0.7878260869565218,28,4.670103092783505,6.608695652173912,1.565217391304348,0.7858719646799117,0.9975196019667752,22.06486114297315,852,0.14906103286384975,-0.07899061150262926,0.8509389671361502,30,6.775700934579439,7.276995305164319,3.169014084507042,0.8524137931034482,1.0017331747919143,33.08666410434794
GRID short,5D,25.0,1.0,4995,0.47807807807807806,-0.043571571636878845,0.5219219219219219,20,2.1652823920265782,2.1021021021021022,0.06006006006006006,0.5381664748753356,1.0311244886851945,12.34978848205271,947,0.440337909186906,-0.05684266138951709,0.5596620908130939,20,2.3828828828828827,2.956705385427666,0.31678986272439286,0.5803402646502835,1.036947604950601,10.888757206098138,1327,0.47098718914845517,-0.06614167294823659,0.5290128108515448,9,2.149847094801223,2.0346646571213265,0.0,0.5356125356125356,1.0124755480880838,10.516934183220702,2721,0.49467107680999634,-0.02794560822785912,0.5053289231900037,9,2.099236641221374,1.8375597206909222,0.0,0.5232558139534884,1.0354756871035942,10.901569423378255
GRID short,5D,25.0,2.0,3272,0.3416870415647922,-0.0422035453496596,0.6583129584352079,20,2.9669421487603307,4.553789731051345,0.4278728606356968,0.6632605666511844,1.0075155868536096,17.67018372500126,697,0.3586800573888092,-0.0823385943846526,0.6413199426111909,20,2.7195121951219514,3.7302725968436152,0.5738880918220948,0.6322869955156951,0.9859150690703344,13.228709515466853,872,0.31995412844036697,-0.10760321102267366,0.680045871559633,14,3.1099476439790577,5.045871559633028,0.45871559633027525,0.6784511784511784,0.9976550212637901,15.60086069769767,1703,0.3458602466236054,0.007709923613503204,0.6541397533763946,13,3.0026954177897576,4.638872577803876,0.35231943628890194,0.6675651392632524,1.0205237272579164,15.88799417553184
GRID short,5D,25.0,3.0,2649,0.2865232163080408,-0.05909022308374478,0.7134767836919592,15,3.467889908256881,5.247263118157795,0.9060022650056626,0.7120169401799894,0.9979539018713185,20.853930293937825,608,0.36348684210526316,-0.083042764469222,0.6365131578947368,11,2.6805555555555554,4.111842105263158,0.3289473684210526,0.6269430051813472,0.9849647213184989,12.727139352362713,706,0.26062322946175637,-0.1437818699293149,0.7393767705382436,15,3.762589928057554,6.090651558073654,1.13314447592068,0.734225621414914,0.9930331201512056,18.682582692988724,1335,0.2651685393258427,-0.003393258413070129,0.7348314606741573,14,3.7442748091603053,5.318352059925094,1.0486891385767791,0.7336734693877551,0.9984241402983213,20.42243320691637
GRID short,5D,25.0,5.0,2100,0.25476190476190474,-0.10686666678371633,0.7452380952380953,21,3.952020202020202,5.809523809523809,1.5714285714285716,0.7474424552429667,1.0029579271630864,22.82743163408102,586,0.3651877133105802,-0.10764505229966696,0.6348122866894198,10,2.6690647482014387,4.266211604095563,0.3412969283276451,0.6253369272237197,0.985073761701881,12.578426104900377,578,0.23875432525951557,-0.1761937716122466,0.7612456747404844,14,4.083333333333333,6.055363321799308,1.7301038062283738,0.7551020408163265,0.9919294990723562,19.677679627740257,936,0.1955128205128205,-0.06356837564776915,0.8044871794871795,21,5.053691275167785,6.623931623931624,2.2435897435897436,0.8031914893617021,0.9983894210392472,26.099308380540705
GRID short,5D,25.0,8.0,1879,0.25545502927088876,-0.11011176197198677,0.7445449707291112,26,4.031700288184438,5.5880787653006925,1.8626929217668973,0.7519656897784132,1.009966784198455,22.386093176930338,577,0.36915077989601386,-0.10530329383483653,0.6308492201039861,10,2.6496350364963503,4.15944540727903,0.34662045060658575,0.6225895316804407,0.9869070323615777,12.390474733590308,512,0.244140625,-0.18349609398093847,0.755859375,23,4.041666666666667,6.0546875,1.7578125,0.7525773195876289,0.9956578491701963,18.812308147021877,790,0.17974683544303796,-0.06606329124609557,0.8202531645569621,26,5.684210526315789,6.329113924050633,3.0379746835443036,0.8240740740740741,1.0046582075903063,27.424519291003335
GRID short,5D,25.0,10.0,1845,0.25853658536585367,-0.10917073196552715,0.7414634146341463,26,4.023529411764706,5.582655826558266,1.788617886178862,0.7514619883040936,1.013484918436442,22.04781768869253,577,0.36915077989601386,-0.10091854559745142,0.6308492201039861,10,2.6496350364963503,4.15944540727903,0.34662045060658575,0.6225895316804407,0.9869070323615777,12.390474733590308,509,0.24361493123772102,-0.1827111985715932,0.756385068762279,23,4.1063829787234045,6.090373280943026,1.768172888015717,0.7564766839378239,1.0001211224009152,18.831629834652528,759,0.1844532279314888,-0.06612648167815587,0.8155467720685112,26,5.678899082568807,6.324110671936759,2.898550724637681,0.8239095315024233,1.0102541751378664,26.566880967041175
GRID short,5D,25.0,12.0,1804,0.26053215077605324,-0.11670177506213135,0.7394678492239468,26,3.9584569732937687,5.65410199556541,1.662971175166297,0.7473763118440779,1.0106948025237754,21.79750491150155,575,0.37043478260869567,-0.10055652334638326,0.6295652173913043,10,2.6350364963503647,4.173913043478262,0.34782608695652173,0.6204986149584487,0.9855986287323426,12.333716628500909,496,0.2439516129032258,-0.19883064577941756,0.7560483870967742,23,4.086956521739131,6.25,1.8145161290322582,0.7553191489361702,0.9990354609929077,18.713275352860858,733,0.1855388813096862,-0.0737926343537742,0.8144611186903138,26,5.527777777777778,6.412005457025921,2.592087312414734,0.8190954773869347,1.0056900920010436,26.24995197316396
GRID short,5D,25.0,15.0,1782,0.26038159371492703,-0.11398989935691207,0.7396184062850729,25,3.946107784431138,5.555555555555555,1.6835016835016834,0.7465857359635811,1.0094201680478767,21.769957780849637,575,0.37043478260869567,-0.10055652334638326,0.6295652173913043,10,2.6350364963503647,4.173913043478262,0.34782608695652173,0.6204986149584487,0.9855986287323426,12.333716628500909,490,0.24693877551020407,-0.17040816389100258,0.753061224489796,23,4.021739130434782,6.122448979591836,1.8367346938775513,0.7513513513513513,0.997729436753827,18.445080506919304,717,0.18131101813110181,-0.08620641481624935,0.8186889818688982,25,5.59047619047619,6.2761506276150625,2.6499302649930265,0.8211243611584327,1.0029747307505898,26.716729159677495
GRID short,5D,25.0,20.0,1757,0.26294820717131473,-0.12329538969854577,0.7370517928286853,25,3.9006024096385543,5.634604439385315,1.593625498007968,0.7436293436293436,1.008924136491704,21.502059612748518,575,0.37043478260869567,-0.10055652334638326,0.6295652173913043,10,2.6350364963503647,4.173913043478262,0.34782608695652173,0.6204986149584487,0.9855986287323426,12.333716628500909,487,0.2464065708418891,-0.20786447693725693,0.7535934291581109,23,4.043956043956044,6.365503080082135,1.642710472279261,0.7527173913043478,0.9988375192512735,18.463056208193134,695,0.1856115107913669,-0.08284891871614884,0.814388489208633,25,5.4423076923076925,6.330935251798561,2.5899280575539567,0.8162544169611308,1.0022912010388443,25.980963991712954
GRID short,5D,30.0,1.0,3944,0.47794117647058826,-0.04267875255182605,0.5220588235294118,12,2.138110072689512,1.9523326572008115,0.07606490872210953,0.5322972316658572,1.0196115986838954,11.991069643102506,770,0.45064935064935063,-0.04086580112036212,0.5493506493506494,12,2.2146596858638743,2.4675324675324677,0.2597402597402597,0.5497630331753555,1.0007506750473374,10.22842748853179,1018,0.46954813359528486,-0.0674034052743121,0.5304518664047151,9,2.151394422310757,2.161100196463654,0.0,0.5341959334565619,1.0070582597384816,10.14121995007522,2156,0.49165120593692024,-0.03165197895753926,0.5083487940630798,10,2.103646833013436,1.6697588126159555,0.0463821892393321,0.5246350364963503,1.032037535297565,10.64892690547742
GRID short,5D,30.0,2.0,2614,0.3477429227237949,-0.049183881762601335,0.6522570772762051,17,2.851170568561873,3.940321346595256,0.34429992348890587,0.6496478873239436,0.9959997521787616,16.79290822361842,585,0.3811965811965812,-0.06301994380246587,0.6188034188034188,17,2.6043165467625897,3.076923076923077,0.3418803418803419,0.6160220994475138,0.9955053264552365,11.968281879874944,689,0.3309143686502177,-0.10573294615101708,0.6690856313497823,11,2.845679012345679,4.934687953555878,0.29027576197387517,0.648590021691974,0.9693677330710848,14.447485014479783,1340,0.3417910447761194,-0.01406716410816562,0.6582089552238806,13,2.9696969696969697,3.805970149253731,0.3731343283582089,0.6640181611804767,1.008825777757187,15.529514165348424
GRID short,5D,30.0,3.0,2178,0.3011937557392103,-0.06115319872329821,0.6988062442607897,17,3.2731182795698923,4.958677685950414,0.642791551882461,0.6949375410913873,0.9944638400111967,19.209040686094433,551,0.3811252268602541,-0.0770719909694558,0.6188747731397459,17,2.56390977443609,2.722323049001815,0.3629764065335753,0.6099706744868035,0.9856124388335153,11.846105535504408,579,0.28324697754749567,-0.11655152566499291,0.7167530224525043,11,3.2421875,5.872193436960276,0.5181347150259068,0.691566265060241,0.9648599216141676,16.54702110061426,1048,0.26908396946564883,-0.022177162628949566,0.7309160305343512,17,3.7549019607843137,5.629770992366412,0.8587786259541985,0.734640522875817,1.005095650096418,19.340402732991866
GRID short,5D,30.0,5.0,1804,0.27827050997782704,-0.09298780495562754,0.7217294900221729,17,3.5284552845528454,5.432372505543237,1.0532150776053215,0.716589861751152,0.9928787331790156,20.339308397996835,545,0.3798165137614679,-0.08284403754438063,0.6201834862385321,17,2.62015503875969,3.1192660550458715,0.3669724770642202,0.6183431952662722,0.9970326669234271,11.870578223435924,492,0.2682926829268293,-0.14678184278233583,0.7317073170731707,17,3.4615384615384617,6.097560975609756,1.0162601626016259,0.7111111111111111,0.9718518518518519,16.979015374916145,767,0.21251629726205998,-0.06568883054673932,0.78748370273794,17,4.4411764705882355,6.6492829204693615,1.564537157757497,0.7748344370860927,0.983937108021578,23.23650497852605
GRID short,5D,30.0,8.0,1650,0.2872727272727273,-0.08929797981103864,0.7127272727272728,21,3.4896142433234423,5.333333333333334,1.1515151515151514,0.7134353741496599,1.0009935096487574,19.39747294577847,538,0.3828996282527881,-0.08454151360509601,0.6171003717472119,17,2.59375,2.973977695167286,0.37174721189591076,0.6144578313253012,0.9957178110030483,11.732831118852276,449,0.27616926503340755,-0.1527097250679925,0.7238307349665924,21,3.4210526315789473,6.23608017817372,0.6681514476614699,0.7076923076923077,0.9777041420118343,16.200247171358793,663,0.2171945701357466,-0.05021367392630486,0.7828054298642534,15,4.552631578947368,6.636500754147813,2.1116138763197587,0.7803468208092486,0.996859233519329,22.152788101797306
GRID short,5D,30.0,10.0,1623,0.29081947011706716,-0.0950092433282156,0.7091805298829328,21,3.466867469879518,5.237215033887862,1.1090573012939002,0.7115551694178974,1.0033484274241942,19.096315598462134,538,0.3828996282527881,-0.08454151360509601,0.6171003717472119,17,2.59375,2.973977695167286,0.37174721189591076,0.6144578313253012,0.9957178110030483,11.732831118852276,443,0.27765237020316025,-0.14667042835599414,0.7223476297968398,21,3.404255319148936,6.094808126410835,0.6772009029345373,0.70625,0.9777148437500001,16.070037405298006,642,0.22274143302180685,-0.06813343900380553,0.7772585669781932,18,4.536363636363636,6.5420560747663545,2.0249221183800623,0.779559118236473,1.0029598274705724,21.485856364959314
GRID short,5D,30.0,12.0,1611,0.28988206083178153,-0.08984585206985812,0.7101179391682185,21,3.466666666666667,5.152079453755432,1.1173184357541899,0.7115384615384616,1.0020004034427112,19.140823047159476,538,0.3828996282527881,-0.08454151360509601,0.6171003717472119,17,2.59375,2.973977695167286,0.37174721189591076,0.6144578313253012,0.9957178110030483,11.732831118852276,441,0.2789115646258503,-0.12911942500764642,0.7210884353741497,21,3.382978723404255,5.895691609977324,0.6802721088435374,0.7044025157232704,0.9768600925596297,15.981625708882994,632,0.21835443037974683,-0.0669567514820025,0.7816455696202531,18,4.574074074074074,6.487341772151899,2.0569620253164556,0.7813765182186235,0.9996557884902229,21.84368605481597
GRID short,5D,30.0,15.0,1588,0.29219143576826195,-0.10527917768291827,0.707808564231738,21,3.437308868501529,5.163727959697733,1.0075566750629723,0.7090747330960854,1.001788857790555,18.93704274634085,538,0.3828996282527881,-0.08454151360509601,0.6171003717472119,17,2.59375,2.973977695167286,0.37174721189591076,0.6144578313253012,0.9957178110030483,11.732831118852276,432,0.2824074074074074,-0.15912422740193796,0.7175925925925926,21,3.3333333333333335,6.018518518518518,0.4629629629629629,0.7,0.9754838709677419,15.715662747624403,618,0.22006472491909385,-0.08569309644545671,0.7799352750809061,18,4.547169811320755,6.472491909385113,1.9417475728155338,0.7800829875518672,1.0001893906785353,21.58802988826917
GRID short,5D,30.0,20.0,1581,0.2934851359898798,-0.10083807785038186,0.7065148640101202,21,3.4159021406727827,5.186590765338393,1.0120177103099304,0.7072515666965085,1.0010427277951475,18.83468950262356,538,0.3828996282527881,-0.08454151360509601,0.6171003717472119,17,2.59375,2.973977695167286,0.37174721189591076,0.6144578313253012,0.9957178110030483,11.732831118852276,432,0.2824074074074074,-0.15912422740193796,0.7175925925925926,21,3.3333333333333335,6.018518518518518,0.4629629629629629,0.7,0.9754838709677419,15.715662747624403,611,0.2225859247135843,-0.07397708760109999,0.7774140752864157,18,4.481132075471698,6.546644844517186,1.9639934533551555,0.7768421052631579,0.9992642659279778,21.30398719182424
GRID short,5D,40.0,1.0,2811,0.4699395233013163,-0.0340381535206821,0.5300604766986837,20,2.1911764705882355,2.0277481323372464,0.10672358591248667,0.5439892545332438,1.0262777144247974,11.73028117744111,610,0.4278688524590164,-0.04107581923456183,0.5721311475409836,20,2.3835616438356166,2.7868852459016393,0.32786885245901637,0.5804597701149425,1.014557191318381,10.499038342121306,734,0.4591280653950954,-0.05059604874167482,0.5408719346049047,11,2.223463687150838,2.588555858310627,0.13623978201634876,0.5516372795969773,1.0199036857032275,9.909317614436198,1467,0.49284253578732107,-0.022827198389338936,0.5071574642126789,9,2.095774647887324,1.4314928425357873,0.0,0.5228494623655914,1.0309410770031218,10.046845392084755
GRID short,5D,40.0,2.0,1919,0.34757686294945284,-0.0696521625957454,0.6524231370505471,11,2.769911504424779,4.168837936425222,0.1563314226159458,0.6394884092725819,0.9801743269920804,16.078367938474173,506,0.40118577075098816,-0.04114377463803307,0.5988142292490118,11,2.3053435114503817,2.766798418972332,0.1976284584980237,0.5662251655629139,0.9455773391908727,10.986664580964858,501,0.31137724550898205,-0.12982784440525372,0.688622754491018,11,3.008695652173913,4.990019960079841,0.39920159680638717,0.6676300578034682,0.969514953505906,14.58344664643313,912,0.33771929824561403,-0.05241228070982229,0.6622807017543859,9,2.9320388349514563,4.495614035087719,0.0,0.6600331674958541,0.9966063721129452,14.806535760284754
GRID short,5D,40.0,3.0,1613,0.3174209547427154,-0.08107950999837578,0.6825790452572845,13,3.066852367688022,5.331680099194049,0.3719776813391197,0.6739327883742052,0.9873329588079864,17.347436925644065,490,0.3836734693877551,-0.06325255081114535,0.6163265306122448,11,2.5294117647058822,3.877551020408163,0.20408163265306123,0.6046511627906976,0.9810565224087479,11.512193681355711,432,0.2824074074074074,-0.15536747698228073,0.7175925925925926,11,3.49438202247191,6.712962962962964,0.6944444444444444,0.7138263665594855,0.9947515817861218,15.715662747624403,691,0.29232995658465993,-0.04727749590965435,0.7076700434153401,13,3.23841059602649,5.499276410998553,0.2894356005788712,0.6912065439672802,0.9767356275693059,16.520975968359743
GRID short,5D,40.0,5.0,1441,0.30742539902845245,-0.09530707857559366,0.6925746009715475,17,3.2297734627831716,5.343511450381679,0.6245662734212353,0.6903807615230461,0.9968323420387869,17.659694354826776,485,0.3835051546391753,-0.06702319602433982,0.6164948453608248,11,2.5689655172413794,3.917525773195876,0.2061855670103093,0.610738255033557,0.9906623869273417,11.496863510089044,390,0.27692307692307694,-0.16051282090946906,0.7230769230769231,17,3.5375,5.897435897435897,0.7692307692307693,0.7173144876325088,0.9920306743853846,15.720505210096754,566,0.26325088339222613,-0.07461351590270554,0.7367491166077739,15,3.690265486725664,6.18374558303887,0.88339222614841,0.7290167865707434,0.9895047990384671,17.768421544479196
GRID short,5D,40.0,8.0,1385,0.3133574007220217,-0.09193592066759078,0.6866425992779783,17,3.1912751677852347,5.270758122743683,0.5776173285198556,0.68664563617245,1.0000044228168699,17.18957957569089,485,0.3835051546391753,-0.0663402059403504,0.6164948453608248,11,2.5689655172413794,3.917525773195876,0.2061855670103093,0.610738255033557,0.9906623869273417,11.496863510089044,373,0.28150134048257375,-0.14624664871291798,0.7184986595174263,17,3.5866666666666664,5.630026809651475,0.8042895442359249,0.7211895910780669,1.003745214448205,15.323641301412017,527,0.2713472485768501,-0.07705170829909389,0.7286527514231499,15,3.588785046728972,6.261859582542694,0.7590132827324478,0.7213541666666666,0.9899834526909722,17.000883569756134
GRID short,5D,40.0,10.0,1371,0.31582786287381476,-0.08784646217926778,0.6841721371261853,17,3.1582491582491583,5.25164113785558,0.5105762217359592,0.6833688699360341,0.9988259282327321,17.015511815301664,485,0.3835051546391753,-0.0663402059403504,0.6164948453608248,11,2.5689655172413794,3.917525773195876,0.2061855670103093,0.610738255033557,0.9906623869273417,11.496863510089044,367,0.28610354223433243,-0.1361376013182999,0.7138964577656676,17,3.506666666666667,5.449591280653951,0.8174386920980926,0.714828897338403,1.001306127187763,15.02193214602703,519,0.27360308285163776,-0.07379576123870446,0.7263969171483622,15,3.556603773584906,6.358381502890173,0.5780346820809248,0.7188328912466844,0.9895869245544542,16.809171099429623
GRID short,5D,40.0,12.0,1360,0.31691176470588234,-0.09653952186995812,0.6830882352941177,21,3.1491525423728812,5.220588235294118,0.5147058823529411,0.682454251883746,0.999071886503654,16.930500033435706,485,0.3835051546391753,-0.0663402059403504,0.6164948453608248,11,2.5689655172413794,3.917525773195876,0.2061855670103093,0.610738255033557,0.9906623869273417,11.496863510089044,366,0.28415300546448086,-0.16372950707226439,0.7158469945355191,21,3.554054054054054,5.46448087431694,0.819672131147541,0.7186311787072244,1.0038893565146723,15.11999814579615,509,0.2770137524557957,-0.07700147401497544,0.7229862475442044,13,3.5047619047619047,6.286836935166994,0.5893909626719057,0.7146739130434783,0.9885027764650283,16.536235583527525
GRID short,5D,40.0,15.0,1360,0.31691176470588234,-0.09433363951701716,0.6830882352941177,21,3.1491525423728812,5.220588235294118,0.5147058823529411,0.682454251883746,0.999071886503654,16.930500033435706,485,0.3835051546391753,-0.0663402059403504,0.6164948453608248,11,2.5689655172413794,3.917525773195876,0.2061855670103093,0.610738255033557,0.9906623869273417,11.496863510089044,366,0.28415300546448086,-0.16372950707226439,0.7158469945355191,21,3.554054054054054,5.46448087431694,0.819672131147541,0.7186311787072244,1.0038893565146723,15.11999814579615,509,0.2770137524557957,-0.07110756438825634,0.7229862475442044,13,3.5047619047619047,6.286836935166994,0.5893909626719057,0.7146739130434783,0.9885027764650283,16.536235583527525
GRID short,5D,40.0,20.0,1352,0.3187869822485207,-0.09963480009705764,0.6812130177514792,21,3.1220338983050846,5.177514792899409,0.4437869822485207,0.6796959826275787,0.9977730385586172,16.80567957913603,485,0.3835051546391753,-0.0663402059403504,0.6164948453608248,11,2.5689655172413794,3.917525773195876,0.2061855670103093,0.610738255033557,0.9906623869273417,11.496863510089044,366,0.28415300546448086,-0.16372950707226439,0.7158469945355191,21,3.554054054054054,5.46448087431694,0.819672131147541,0.7186311787072244,1.0038893565146723,15.11999814579615,501,0.281437125748503,-0.08504241569201915,0.718562874251497,13,3.4285714285714284,6.187624750499002,0.39920159680638717,0.7083333333333334,0.9857638888888889,16.21989496612168
GRID short,5D,50.0,1.0,2162,0.45467160037002774,-0.03446808511818704,0.5453283996299723,20,2.2804642166344293,1.9888991674375578,0.13876040703052728,0.5619694397283531,1.030515630782612,11.815656883336594,552,0.4057971014492754,-0.03778985511437331,0.5942028985507246,20,2.484848484848485,2.536231884057971,0.5434782608695652,0.5975609756097561,1.0056513979773944,11.00518700760131,555,0.42702702702702705,-0.08078378365819784,0.572972972972973,9,2.4461538461538463,3.2432432432432434,0.0,0.5911949685534591,1.0318025394565087,10.354872559936435,1055,0.4947867298578199,-0.008364928978279127,0.5052132701421801,8,2.0901960784313727,1.042654028436019,0.0,0.5225563909774437,1.0343283160998182,9.510430045600145
GRID short,5D,50.0,2.0,1534,0.3617992177314211,-0.06612125202365138,0.6382007822685789,11,2.667574931880109,3.9765319426336374,0.1303780964797914,0.6257668711656442,0.980517242459753,14.855449101001154,473,0.4186046511627907,-0.045507400427604296,0.5813953488372093,11,2.2916666666666665,2.748414376321353,0.42283298097251587,0.5636363636363636,0.9694545454545453,10.315423778580707,413,0.32929782082324455,-0.12244552061142094,0.6707021791767555,8,2.797979797979798,5.084745762711865,0.0,0.6425992779783394,0.9580992844947803,13.244219745886213,648,0.3410493827160494,-0.04527006202084195,0.6589506172839507,8,2.885135135135135,4.166666666666666,0.0,0.6549295774647887,0.9938978131081571,13.82574193433955
GRID short,5D,50.0,3.0,1396,0.3517191977077364,-0.07591690554721367,0.6482808022922636,11,2.81055900621118,4.226361031518625,0.14326647564469913,0.6441988950276243,0.9937034889044901,15.127951900515004,480,0.4354166666666667,-0.03716666698300573,0.5645833333333333,11,2.336206896551724,2.9166666666666665,0.4166666666666667,0.5719557195571956,1.0130581010607154,9.854859247270522,384,0.3203125,-0.139791666118156,0.6796875,9,3.0,5.46875,0.0,0.6666666666666666,0.9808429118773946,13.457718875909475,532,0.29887218045112784,-0.06477443647122723,0.7011278195488722,9,3.134453781512605,4.511278195488721,0.0,0.6809651474530831,0.9712425159384457,15.401604196169556
GRID short,5D,50.0,5.0,1309,0.3552330022918258,-0.06851795237206959,0.6447669977081741,11,2.8039867109634553,4.354469060351414,0.2291825821237586,0.6433649289099526,0.9978254643875923,14.810443852224752,475,0.4378947368421053,-0.03835789516568167,0.5621052631578948,11,2.3421052631578947,2.9473684210526314,0.42105263157894735,0.5730337078651685,1.0194419896477716,9.767463423297901,365,0.3232876712328767,-0.10702739670158247,0.6767123287671233,9,2.9058823529411764,5.7534246575342465,0.0,0.6558704453441295,0.969201265387074,13.194650807739416,469,0.29637526652452023,-0.06909381589608037,0.7036247334754797,10,3.235294117647059,4.690831556503198,0.21321961620469082,0.6909090909090909,0.9819283746556474,15.179986759510644
GRID short,5D,50.0,8.0,1259,0.3613979348689436,-0.06617950795435865,0.6386020651310564,11,2.782006920415225,4.289118347895156,0.23828435266084197,0.6405472636815921,1.0030460260884633,14.433978180332023,475,0.4378947368421053,-0.03835789516568167,0.5621052631578948,11,2.3421052631578947,2.9473684210526314,0.42105263157894735,0.5730337078651685,1.0194419896477716,9.767463423297901,348,0.3333333333333333,-0.0979166661440557,0.6666666666666666,9,2.9743589743589745,5.459770114942529,0.0,0.6637931034482759,0.9956896551724139,12.647346305527947,436,0.30045871559633025,-0.07115825801079581,0.6995412844036697,10,3.1443298969072164,4.81651376146789,0.22935779816513763,0.6819672131147541,0.9748777210427304,14.758697006498618
GRID short,5D,50.0,10.0,1250,0.3624,-0.07383600045740665,0.6376,12,2.7770034843205575,4.32,0.24,0.6398996235884568,1.0036066869329623,14.372078890668224,475,0.4378947368421053,-0.03835789516568167,0.5621052631578948,11,2.3421052631578947,2.9473684210526314,0.42105263157894735,0.5730337078651685,1.0194419896477716,9.767463423297901,346,0.33236994219653176,-0.11859826542544734,0.6676300578034682,12,3.0,5.491329479768786,0.2890173410404624,0.6666666666666666,0.9985569985569985,12.672907542522296,429,0.30303030303030304,-0.0770163182537386,0.696969696969697,8,3.1145833333333335,4.895104895104895,0.0,0.6789297658862876,0.974116620619456,14.581809350708813
GRID short,5D,50.0,12.0,1250,0.3624,-0.07223600045740664,0.6376,12,2.7770034843205575,4.32,0.24,0.6398996235884568,1.0036066869329623,14.372078890668224,475,0.4378947368421053,-0.03835789516568167,0.5621052631578948,11,2.3421052631578947,2.9473684210526314,0.42105263157894735,0.5730337078651685,1.0194419896477716,9.767463423297901,346,0.33236994219653176,-0.11859826542544734,0.6676300578034682,12,3.0,5.491329479768786,0.2890173410404624,0.6666666666666666,0.9985569985569985,12.672907542522296,429,0.30303030303030304,-0.07235431359173407,0.696969696969697,8,3.1145833333333335,4.895104895104895,0.0,0.6789297658862876,0.974116620619456,14.581809350708813
GRID short,5D,50.0,15.0,1244,0.3641479099678457,-0.07704582040680341,0.6358520900321544,12,2.7560975609756095,4.260450160771704,0.2411575562700965,0.6371681415929203,1.0020697448060591,14.28191300836242,475,0.4378947368421053,-0.03835789516568167,0.5621052631578948,11,2.3421052631578947,2.9473684210526314,0.42105263157894735,0.5730337078651685,1.0194419896477716,9.767463423297901,346,0.33236994219653176,-0.11859826542544734,0.6676300578034682,12,3.0,5.491329479768786,0.2890173410404624,0.6666666666666666,0.9985569985569985,12.672907542522296,423,0.3073286052009456,-0.08650118332188857,0.6926713947990544,8,3.0520833333333335,4.7281323877068555,0.0,0.6723549488054608,0.970669431210614,14.327725560850888
GRID short,5D,50.0,20.0,1244,0.3641479099678457,-0.07704582040680341,0.6358520900321544,12,2.7560975609756095,4.260450160771704,0.2411575562700965,0.6371681415929203,1.0020697448060591,14.28191300836242,475,0.4378947368421053,-0.03835789516568167,0.5621052631578948,11,2.3421052631578947,2.9473684210526314,0.42105263157894735,0.5730337078651685,1.0194419896477716,9.767463423297901,346,0.33236994219653176,-0.11859826542544734,0.6676300578034682,12,3.0,5.491329479768786,0.2890173410404624,0.6666666666666666,0.9985569985569985,12.672907542522296,423,0.3073286052009456,-0.08650118332188857,0.6926713947990544,8,3.0520833333333335,4.7281323877068555,0.0,0.6723549488054608,0.970669431210614,14.327725560850888
